key,input,cytotoxicity_hepg2,cytotoxicity_hskmc,cytotoxicity_imr90
59b9ee8f37b1c5e3d0b6c6f571d8198f,COc1cc([C@@H]2C(C#N)=C(N)Oc3cc(C)nc(O)c32)ccc1OCc1ccc(Cl)cc1,0.3471519093621861,0.32207483459602704,0.30650157955559815
8df9f783964c2727239387992132b44c,COc1ccc(S(=O)(=O)N/N=C2/C[C@H](c3ccc(O)cc3)Oc3cc(O)cc(O)c32)cc1,0.10202829912304878,0.09522195046090266,0.03380041630853983
7d81fee4ccf619089c62a860bba0d023,COc1ccc(S(=O)(=O)N(C)[C@H]2CC[C@]3(CC2)CNC(=O)c2cc(C)ccc2O3)cc1,0.0707305854355747,0.07184674840589816,0.011550111057162709
aaa466b06a84768d18835af663b83694,C=C(C)[C@@H]1Cc2c(cc(O)c3c2O[C@H]2[C@@H](O)Oc4cc(OC)c(OC)cc4[C@@]2(O)C3=O)O1,0.12685041468251834,0.13487218286503444,0.05591021355410868
bef20d739f8aaa6ecbaa40dec22948e8,COc1ccc([C@@H]2C(C#N)=C(N)Oc3cc(C)oc(=O)c32)cc1OCc1ccccc1,0.17036199840632352,0.17815308950164102,0.10842811587181958
84ccf293db636876c0b54c1732947ee9,COc1cccc(C2=C[C@@H](c3ccc(OCc4ccccc4)cc3)N3N=NNC3=N2)c1,0.18760158527981152,0.17813721400770274,0.13440062867646868
a7164e024b7f6c96e147cdb8ba9120c9,COc1ccc([C@@H](O)CN2CCC3(CC2)C[C@@H](O)c2ccccc2O3)cc1OC,0.10458986274898052,0.08029426586687226,0.020996965184663582
f48826162080cf797841a702df40f021,O=S(=O)(c1ccc(NC(=S)Nc2ccc(F)cc2F)cc1)N1CCc2ccccc21,0.34047037904912775,0.3383551090955734,0.44993919269605115
0e4ed8e2bdfc6d54cf2e84942ffc9adc,Cc1nc2ccccc2c(=O)n1-c1cccc(NC(=O)c2ccc(F)c(F)c2)c1,0.27061496675014496,0.32630599628795276,0.297322767702016
0c75f9023a83304447567ba155cd65e4,CCOc1cc([C@@H]2C(C#N)=C(N)Oc3cc(C)[nH]c(=O)c32)ccc1OCc1ccc(Cl)cc1,0.3337159820578315,0.3253777223554524,0.25802109322764655
dcc98bbb9d1c052120a2f60edc696630,COc1c(C)cc(S(=O)(=O)Nc2cccc(-c3ccc(S(C)(=O)=O)nn3)c2)c(C)c1C,0.0740375066684051,0.09217025779865005,0.13556653261184692
f646e0a70d9bf4ae520e09fffaac20dc,CCOc1ccc([C@@H]2C(C(=O)c3ccc(OC)c(C)c3)=C(O)C(=O)N2CCOC)cc1OC,0.1056018935685808,0.09732389632104473,0.02014745484947608
0be369dbb7e269aadebe010b3acd8285,COC(=O)C1=C(CS(=O)(=O)c2ccc(OC)c(OC)c2)NC(=O)N[C@@H]1c1ccc(O)c(OC)c1,0.13283197649500586,0.11042181904089045,0.042193820319053804
8d9726d52c302809cf9cfda93f134ce8,COc1ccc(S(=O)(=O)Nc2cc(C)c(O)c(S(=O)(=O)c3ccc(OC)cc3)c2)cc1,0.19705321910706433,0.16363299536434087,0.10408078117126768
c8ca4123dd20d67447fa25e994046714,COc1ccc(S(=O)(=O)Nc2ccc3c(c2)C(=O)Nc2cc(C)ccc2O3)cc1C,0.2367142059586265,0.1725130392746492,0.15139880844137885
2f493614a55312e55d53a884503880eb,COc1cc(/C=N\c2cc(N)cc(-c3nc4ccccc4o3)c2)ccc1O,0.2652647170153531,0.27026094563982705,0.11541878880763595
71d097cfc5183da07bf262a11f9b795c,CCOc1cc(/C=C2/C(=O)NC(=O)N(c3ccc(OCc4ccc(C)cc4)cc3)C2=O)ccc1OC,0.17130609737201172,0.2250142442909154,0.23624120449477976
dd0a67a1c5f6d6d02f720704e32ae6d3,CCOc1cc(/C=C2/C(=O)NC(=O)N(c3ccc(OCc4ccccc4)cc3)C2=O)cc(Cl)c1O,0.19620436497709967,0.23043646595694803,0.2958572506904602
af1e1d4b84b43127cf6dfcdd5b04fa73,COc1ccc(S(=O)(=O)Nc2cncc(C(=O)Nc3cccc(F)c3C)c2)cc1OC,0.1471338705583052,0.11228678510947661,0.07474946907975456
2caccbab5c571f92c802eb30c0391db6,COc1cc([C@H]2NC(=O)C(O)=C2C(=O)c2ccc(OC)c(OC)c2)ccc1O,0.12959306822581726,0.10892292330126194,0.0346769809151407
ad8defeeea1eb8eec4fd6281ca572b6c,N#CC1=C(N)Oc2c(c(=O)oc3ccccc23)[C@@H]1c1cccc(OCc2ccccc2)c1,0.2378459789536216,0.24313923784277655,0.1965603455901146
458c052c2ea56fec6b33f36e719006fd,COc1ccc(O)c(C2=NN3[C@H](C2)c2cccc(OC)c2O[C@@H]3c2ccc(OC)c(O)c2)c1,0.11731140552596613,0.09733097001232884,0.06710340371567079
33f79763fce5145e5cc1691bfe7ff3d1,COc1cc(C(=O)Nc2cccc(-c3cn4cccc(C)c4n3)c2)cc(OC)c1OC,0.29356303946538403,0.27262195673855866,0.24673182314092462
ed5cfa81488646d8bbabf86a43c56114,COc1cc([C@H]2CC(c3c(C)cc4oc(=O)c5c(c4c3O)CCC5)=NN2)cc(OC)c1OC,0.1452209526164965,0.1548824841156602,0.11216042732650583
959ddb8dccdbd08448a93fa8a07e5ed0,Nc1cc(OCc2ccccc2)cc(-c2cnn(C3CC3)c2)c1,0.2941037131981416,0.30292238542196254,0.06221238227391785
2063d924999afa0e9d89758fd95bc89c,O=C1NC2(CCN(S(=O)(=O)c3ccc(F)c(F)c3)CC2)N=C1c1cccc(F)c1,0.16666664521802554,0.1313812698830258,0.0608786855485629
75269f6a969aa63d49b2cd19e4e07be9,COc1ccc(/C=C2/C(=O)NC(=O)N(c3ccc(OCc4ccc(C)cc4)cc3)C2=O)c(OC)c1,0.1555202156305313,0.21828703379089182,0.2508246580308134
2ce2e4e4d8c7c9ca676df90c86ee0cd6,COC(=O)c1ccc(COc2cc(O)c3c(=O)c(-c4ccc(OC)cc4)coc3c2)o1,0.16021543605761093,0.16687852635302328,0.07112322341312062
b5bccecdf80b7484d148b9c7f366d592,COc1ccc(C(=O)N2C[C@H]3CN(c4ccc(C#N)c(C(F)(F)F)c4)CC[C@@]3(CO)C2)c(OC)n1,0.12251743843609636,0.12911682982336392,0.06915450316261161
804e07366485e19979e521db52ab8a35,COc1cc(/C=C2/C(=O)NC(=O)N(c3ccc(OCc4ccccc4)cc3)C2=O)ccc1O,0.14190055971795862,0.15081407502293587,0.1633170802484859
1cfabd210a32f60f9b0d716a791abb2d,Cc1cc(C)c(S(=O)(=O)Nc2cccc(-n3c(C)nc4ccccc4c3=O)c2)cc1C,0.19393906471404163,0.17725479806011374,0.3612613881176168
e8f9f1efb2d46353e9de2f6ce0bff820,COc1ccc([C@H]2[C@H](CO)OCCN2C(=O)c2cnc3c(c2)ncn3C(C)C)cc1OC,0.07078282628208399,0.06459190628745339,0.03654358993199738
142c88fafd425cabcc7988998b0788b6,CC(=O)c1cccc(NC(=S)Nc2ccc(S(=O)(=O)N3CCc4ccccc43)cc2)c1,0.20370109717954288,0.19928936253894458,0.23840518261898647
c0c1e0c56c1977fcc72aa550817ecb76,CC1(C)CC(=O)C2=C(C1)Nc1[nH]nc(O)c1[C@H]2c1cccc(OCc2ccccc2)c1,0.25669384409080853,0.28531205586411734,0.1514241790229624
2839a491549b3f4f518c948b827ed332,O[C@@H]1CC2(CCN(C[C@H](O)c3ccc4c(c3)OCCCO4)CC2)Oc2ccc(F)cc21,0.2693435265259309,0.1779518402604894,0.061317154941868714
9cc8f1b7a2ad698abb77764f1f774b32,COC(=O)c1cc(COc2cc(O)c3c(=O)c(-c4ccc(OC)cc4)coc3c2)cs1,0.1657869043675336,0.19829282503236423,0.07410647008906711
82ac83349f8de9ca16f7c793337fbb70,Cc1cncc(-c2cc(N)cc(OCc3ccccc3)c2)c1,0.26541033387184143,0.23219251463888213,0.03911458896684714
4d3ef35e312de7a05c911c99a3d7f833,C[C@@]1(c2ccc3noc(-c4ccc(F)cc4)c3c2)NC(=O)N(c2cccc(F)c2)N1,0.2202628254890442,0.2165028038011356,0.10725699890066277
fa863113c26ab3a6cba01cbd222f88cd,CCNC(=O)N1C[C@H](C(=O)NCc2cccnc2)CC[C@@H]1c1ccc(F)c(C)c1,0.0520882106132128,0.042456798376158324,0.00791396460243215
9f7176348e05a50d87c53f2f0b9e93ea,Cc1cccc(NC(=S)Nc2ccc(S(=O)(=O)N3CCCc4ccccc43)cc2)c1,0.2645642493258823,0.2448355812918056,0.3428388644348491
6262b59f25a40ee2bdec25d317ae4250,COc1cc(C(=O)Nc2ccc(Cl)c(-c3nc4ncccc4o3)c2)cc(OC)c1OC,0.3968912430784919,0.3564800809730183,0.3624053218147971
0b9d4fe8dee8bf09dffbf111adcb82ea,C=CCOc1ccc(CN2CCO[C@H](CO)[C@H]2c2ccc(OC)c(OC)c2)cc1CC=C,0.12102147157896649,0.1066610673442483,0.03469138098245656
1e7d1fa0066d924ba82e16ad8bd12e5b,COc1cc(CN2CCC(CO)(CCOc3ccccc3)CC2)cc(OC)c1OC,0.33403903245925903,0.30513992660086264,0.06525710491802204
e9fc2b0974b080cc7bb98ff1baf2cc41,O=S(=O)(c1ccc(F)c(Cl)c1)N1CCC(CO)(CCCc2ccccc2)CC1,0.20594001832333478,0.19050976092165167,0.3483709076588804
f1ca3e6f342a9a723d17bb751f5cd70b,COc1ccc(C(=O)N2C[C@H]3CN(c4ccc(C#N)c(C(F)(F)F)c4)CC[C@@]3(CO)C2)cc1F,0.17450712621212006,0.17385300248861313,0.12985621731389652
837a065ded16d6aeddb23ddce9f36496,CCCCCOc1c(OC)ccc2cc(C(=O)NCc3ccc4c(c3)OCO4)c(O)nc12,0.14540849964727054,0.1319120963188735,0.08367355387996543
6010b791f4df7cc64e9441327c67b7b0,COc1ccc(CCNC(=O)[C@@H]2CCCN(S(=O)(=O)c3ccc4c(ccn4C)c3)C2)cc1OC,0.08517502214420926,0.06256690079515631,0.013964578742161393
e2d5a34abf95e42fad1415605dededf7,O=C(c1c[nH]nc1-c1cccc(F)c1)N1C[C@H]2C[C@@H](Oc3cccc(F)c3)[C@H](O)C[C@H]2C1,0.10349324751983989,0.08832362328063358,0.07248625497926366
646cf62e4e6136fea0a6b302dec1bc4d,COc1cc(/C=C2\C(=O)N(c3ccccc3)N=C2O)ccc1OCc1ccccc1,0.18959198688918893,0.15557110715996136,0.16341010582717982
414531cbf610b0273c07b4975c0dd664,COc1ccc(S(=O)(=O)c2cc(NS(=O)(=O)c3ccc(Cl)cc3)c(C)c(C)c2O)cc1,0.27813930267637427,0.21742890639738602,0.27398864095183934
b1e53bfac0306b2b3970f709c2fbdbae,COc1ccc(C(=O)Nc2cccc(-c3nc4ncccc4o3)c2)cc1Cl,0.34017678553407843,0.3816440864042802,0.3912901986729015
12cd2abed314424d4714af709de18d58,Cc1c(-c2cccc(NC(=O)c3ccc(F)c(F)c3)c2)nc2ncccn12,0.31691859527067706,0.39492670514366846,0.30160658874294977
c10fa00abbb10a4b96edaeb34820e853,CCOc1cc([C@@H]2NC(=O)N[C@@](O)(c3ccc(C)cc3)[C@@H]2C(=O)C(F)(F)F)ccc1O,0.10436236367306927,0.12817241398922555,0.040522231714083486
0b942dd490c017b99c9a62fddc6fe48e,Cc1cnccc1-c1c[nH]nc1-c1cccc(CNS(=O)(=O)c2ccc(F)c(F)c2)c1,0.2611108273267746,0.2264659282836047,0.22506418891928412
0a331a4e5ba64730967314a8a8d8cd22,COc1ccc(CC(=O)Nc2ccc3c(c2)C(=O)N(C)c2cc(C)ccc2O3)cc1OC,0.2026232575828379,0.14925730363889175,0.06855380238795822
8acc148964132238c3bed921936bba04,O[C@@H]1C[C@H]2CN(Cc3ccc4c(c3)OCO4)C[C@H]2C[C@H]1n1cc(-c2ccncc2)nn1,0.0814920305274427,0.07924006701531736,0.03480776748619974
88cbbccdbdd581fa7eb2422d5c1228d8,COc1c(C)cc(S(=O)(=O)Nc2cccc(-c3ccc(N4CCCC4)nn3)c2)c(C)c1C,0.12374459274790504,0.14678013731132855,0.23994563858617435
6150f6ed3723927e7730c5d13f24852f,COc1cc([C@@H]2NC(=O)N[C@@](O)(c3ccc(Cl)cc3)[C@@H]2C(=O)C(F)(F)F)ccc1O,0.1439892485399138,0.1682719868843957,0.04673947336811001
06424780ff55b0fb4a14ebbd5d6564b5,NC(=O)C[C@]1(COc2ccc(Cl)cc2)CCCN(S(=O)(=O)c2ccc(F)c(F)c2)C1,0.1697635372931307,0.1031916540285403,0.06380776243961671
e54a3c60af4fbc16771fea27d2456b62,COc1ccc(CN2C(=O)[C@@H](CCC(=O)/N=c3/[nH]c(C)c(C)s3)N=C2O)cc1OC,0.06223843043500727,0.04754540264945139,0.016697380829348483
7fe5ec73aab32ae46d9765678ee93eda,COc1ccc(-c2n[nH]cc2/C=C(\C#N)C(=O)NCc2ccncc2)cc1OC,0.15480371463027867,0.1649712012572722,0.10852199301800945
bb7526efe48e3f55e3e5f1675be8c47f,OCCOc1ccc(CN2C[C@H]3C[C@@H](Oc4ccc(F)cc4)[C@H](O)C[C@H]3C2)cc1,0.2646761678836562,0.20476541854441166,0.09984890473159877
7b594daeffa6af44bbfb1ecf0274baaa,COc1cccc(-c2cc(N)cc(OCc3ccccc3)c2)c1F,0.399900729005987,0.3966799059205435,0.08460287986831232
b6fe46a971b0ab65625528b2478f9dab,CCCCNC(=O)[C@H]1CN(S(=O)(=O)c2ccc(OC)cc2)C[C@@H]1c1ccc(F)cc1,0.07956261018460448,0.045937805547675285,0.006816150518716313
dc4883cb9c52e0da60d121ccb1c1eea9,COc1cc(CNC(=O)CCC(=O)N2C[C@H]3CCCN3c3ccccc32)cc(OC)c1OC,0.1421067084778439,0.07364092415346848,0.06137980808588592
a42a176401cd37b3cc21bea1ad1cd6eb,Nc1[nH]n(-c2ccccc2)c(=O)c1[C@H](O)c1cccc(OCc2ccccc2)c1,0.32668413899161597,0.33547130752016197,0.154927903955633
cc54152438db7013dee3dee5bfe01d2e,CN1C(=O)C(C)(C)c2cc(S(=O)(=O)NCc3ccc(C(=O)N4CCc5ccccc54)cc3)ccc21,0.11018899150870064,0.09486740455031395,0.0475318922068585
4306194f7219fa5f60dce1d1590c26fe,Cc1cnc(C)c(-c2cc(O)c3c(c2)CN(Cc2ccc(O)cc2)CCO3)n1,0.18395971710031683,0.21791425719857216,0.1053429560905153
f36f544b94684f95ad408fd65abc684f,COc1ccc([C@H]2[C@H](CO)OCCN2C(=O)CCc2cnccn2)cc1OC,0.033571790395812554,0.036020466503528456,0.005594528916183414
8549474c4375f7c15a81edf28ebfc297,COc1cc([C@@H](O)[C@@H]2CO[C@H](c3ccc(O)c(OC)c3)[C@@H]2CO)ccc1O,0.1547249047593637,0.11565599878403274,0.06978324195370078
f8d7af0840c1014e2ebef5468da277ee,COc1ccc(CN2C(=O)CO[C@H](c3ccc(NC(=O)c4ccnc(Cl)c4)cc3)[C@H]2CO)cc1,0.08472968502478166,0.07370817864483054,0.05832788686860691
94939c8c23e1cbac6bc6736995da0752,CN(C)CCCN1C(=O)C(O)=C(C(=O)c2cccs2)[C@@H]1c1ccc(OCc2ccccc2)cc1,0.14438853548331695,0.12540081010559911,0.030840029195215637
74002076fcd38f9275e8f035c256a7a2,Cc1ccc(S(=O)(=O)Nc2cc(-n3c(C)nc4ccccc4c3=O)ccc2F)cc1C,0.20189229128035632,0.17163545231927524,0.37861778790300543
74f9f0e99c0c10d41ccadafb07af08ac,Cc1cccc(C2=NC3(CCN(S(=O)(=O)c4cccc(Cl)c4)CC3)NC2=O)c1,0.13252383402802728,0.10441473871469498,0.060076232787898996
cc02c2e7c04b68e1cfaf6744ff2a5560,COc1ccc([C@H]2[C@H](CO)OCCN2C(=O)c2cccc3nccnc23)cc1OC,0.04830540267919952,0.048093202714384956,0.012012862949632108
87208b5124e8e93957a326abcfb4cfdf,COc1ccc([C@H]2CC(=O)c3cc(C(=O)Nc4ccc(C)c(Cl)c4)c(=O)[nH]c3C2)cc1OC,0.21580973199822687,0.2636365328322757,0.19846948913552545
70f9f4f53d1b4b99eb49cadc4614a253,COc1cc(CN2C[C@H]3C[C@@H](n4cc(C5CC5)nn4)[C@H](O)C[C@H]3C2)cc2c1OCO2,0.051822690166194334,0.0571128714364022,0.01573669565021357
52a004f5c698c05eceee378e8ab7e2d2,COc1ncc2cc(C(=O)Nc3cc(C(=O)NCc4cccc(Cl)c4)ccc3Cl)c(O)nc2n1,0.265987519513477,0.2364738258448514,0.3087372143160213
e4bf39b5e57b0526b530c48cfb295e49,COc1cc(-c2cc(-c3cc(Br)c(O)c(OC)c3)nn2CCO)ccc1O,0.29549511996182526,0.22428177161650223,0.12673429670658978
15a146a6b30cb52846ed3fe03591c83c,O=S(=O)(Nc1cccc(-c2ccc3nncn3n2)c1)c1ccc(F)c(C(F)(F)F)c1,0.22149730338291687,0.32676452804695477,0.4959709508852525
c5b5fbcc63bcff728901690933e9bc79,Cc1ccc(N2C(=O)NC(=O)/C(=C/c3c[nH]n4c(=O)c5ccccc5nc34)C2=O)cc1C,0.14245107499035922,0.1865660399198532,0.35104524276473303
d31256cbda4a4799a2e9d003d2c1140c,COc1ccc([C@@H]2[C@@H](CO)OCCN2C(=O)c2ccc(=O)n(C)c2)cc1OC,0.029201834758912974,0.03331342701858375,0.00542933250587587
f37632e8569c87cfad6577ff98627a97,O=C(C[C@@]1(O)C(=O)N(Cc2cccc(F)c2)c2ccccc21)c1ccc2c(c1)OCCO2,0.20988537506623703,0.18443620069460434,0.1912187183783813
3c1f35832c6ffdcff3de8ed095c08530,Cc1cccc(C)c1NC(=O)COc1cc(O)c2c(=O)cc(-c3ccccc3)oc2c1,0.15020822225646538,0.13137868786527013,0.08054036875149574
0db744328ecf01854652aa0f5c87fb3a,C[C@@H](c1ccco1)N(C)Cc1ccc(C(=O)NCc2ccc3c(c2)OCO3)c(O)n1,0.05915887941691009,0.05457858813249252,0.016873541901904075
6f4578825f0a023d7c76cced4a9bec4c,COc1ccc(COC[C@@H](O)CS(=O)(=O)c2ccc(OC)c(OC)c2)cc1,0.08516647446561944,0.08568805477327922,0.026983629298311742
2c37a8d9adb43350300f37b5ca418705,O[C@@H]1C[C@H]2CN(Cc3cccc4[nH]ccc34)C[C@H]2C[C@H]1n1cc(-c2ccncc2)nn1,0.12779654333875937,0.11834831417284229,0.11434051292863759
0195c5033c2cfbcbc826ed0fe5502765,N#Cc1ccc(N2C[C@@H](C(N)=O)C3(CCN(C(=O)c4ccc(F)cc4F)CC3)C2)cc1C(F)(F)F,0.20654317059300162,0.26010086319663306,0.27245935662226245
cbf33a2e10c4df6a7182081637c3fde7,Cc1cc(OCC2(CC(N)=O)CCN(S(=O)(=O)c3ccc(F)cc3F)CC2)ccc1Cl,0.1787737472490831,0.13956800509582867,0.1998293779113076
1666395cc650d12d719e673d82072d6e,COc1ccc(S(=O)(=O)Nc2ccc(N(C)CCc3c(C)noc3C)c(C(=O)O)c2)cc1Cl,0.04821345472539013,0.050716164098544556,0.02636623673606664
ddd95536a8fb8022e89f694b554a677c,COc1cc(-c2cc(-c3cc(OC)c(O)cc3Cl)nn2CCO)ccc1O,0.2993288703940131,0.24664809487082742,0.14649003439328886
68bc6b42a5a9605f245fd9d35b60f257,CCCOc1ccc(C(=O)[C@H]2[C@H](c3ccc(C(=O)OC)cc3)NC(=O)N[C@]2(O)C(F)(F)F)cc1,0.13592575723305345,0.13677352956570263,0.043201591634318574
0337386499a4cea2e7da285afd21f585,CCOc1ccc(-c2cc(N)n(S(=O)(=O)c3ccc(F)c(C)c3)n2)cc1,0.21717355061661114,0.22266613692045212,0.1145152495327321
aab15d8f66c9dc88cec67f0573e549e4,NC(=O)C[C@@]1(COc2cccc(Cl)c2)CCCN(S(=O)(=O)c2ccc(F)cc2)C1,0.14007860760797153,0.08383873367512767,0.03150832763111049
0f665e8d9763061c3bb82c095d0c1fca,COc1ccc([C@H]2Nc3c(C(N)=O)cnn3[C@@](C)(O)[C@@H]2C(=O)Nc2ccc(C)cc2C)cc1OC,0.0992691723460501,0.12410100803456524,0.05051270821555094
aa72c2e41f02b7db2b9ba1e80aa0742b,CCOC(=O)c1cnn2c(O)cc([C@@H]3CC(=O)N(c4ccc(F)cc4)C3)nc12,0.10547202385284683,0.0970807366750457,0.04057209807532755
8ae0b836910d3040b126d2e09dd87e4a,Nc1c2c(nc3c1ncn3-c1ccccc1)C[C@H](c1cc(F)cc(F)c1)CC2=O,0.33699087595397775,0.38895024941302836,0.23341807892376726
9cd1cf3ca1d45ea1474bfdda7b3b053d,COc1ccc(CNCc2cc3c(C)nn(-c4ccccc4)c3[nH]c2=O)cc1OC,0.3747132881121202,0.3211084455251694,0.16028728065165607
736ea8d586a4ff6ffef73e49d838fac4,NC(=O)c1c2c(cn(-c3ccc(F)cc3)c1=O)CN(C(=O)Cc1ccsc1)CC2,0.12941039624539288,0.13172363726930184,0.044312547257339414
47ba5d82e4e0754e288db560d08765eb,COc1c(C)cc(S(=O)(=O)NCc2ccc(C(=O)c3ccsc3)s2)cc1C,0.1087880205701698,0.10283001931384206,0.018497403801037846
71d3cfd7ef912027c707610e8e5cacc4,COc1ccc(CCOc2cc([C@H](CC(N)=O)c3c(O)n[nH]c3C)ccc2OC)cc1,0.14776521176099777,0.1506610976701433,0.03781127701090141
190c3f96ca39ed0c697a6bd7ad400aca,COc1ccc(/C=N/n2c(S)nnc2-c2cc(C)[nH]n2)cc1OCc1ccccc1,0.1961380656469952,0.14718497527593916,0.10065524229271845
66d7071186b35e9c828cb13e459b0fde,COc1cc(C(=O)Nc2cccc(-c3cn4ccsc4n3)c2)cc(OC)c1OC,0.27855333414944733,0.26202353022315283,0.22026763450015674
7a79cb8db82a0a2c11313af9f04d3ef1,CCN(c1cccc(C)c1)S(=O)(=O)c1ccc2[nH]cc(C(=O)NCCCOC)c(=O)c2c1,0.08406623520634392,0.07300390506332571,0.030807944120500575
559a5596c965f647ad624a846be460ca,COc1cccc(CNC(=O)CCC(=O)N2CCOc3ccc(Cl)cc32)c1OC,0.216590361838991,0.16157913984815506,0.0825807677412575
9f989ec29e81e56607d204846cf8a5d4,COc1cccc(-c2cc(C3CCN(S(=O)(=O)c4cccc(F)c4)CC3)[nH]n2)c1,0.1445674401792613,0.12608603201806545,0.050431190989911556
08cbe679701059a9c82751f50c43730e,CCOc1ccc(C(=O)C2=C(O)C(=O)N[C@@H]2c2ccc(O)c(OCC)c2)cc1,0.1334537663920359,0.11595212259139358,0.039965717756951395
5649b3b242074fe3f47384ee674297d7,COc1ccc(CN2C(=O)[C@@](O)(CC(=O)c3cccc4ccccc34)c3ccccc32)cc1OC,0.27124326540665195,0.26003228602084244,0.1891163797541098
d18e90281faf02d85ff48fa9d34f4ff5,COc1cc(-c2cc(-c3ccc(S(C)(=O)=O)cc3)nn2CCO)ccc1O,0.1324963779612021,0.1291570175777782,0.052368918010457
a5bcedcbfa7a4924422e48ff1676f375,COc1ccc(S(=O)(=O)n2nc(OC(=O)c3ccccc3)cc2N)cc1,0.16690619154409927,0.1339822072874416,0.036426211717877195
f0f9529a8f60e48ead9f4cf874128ec4,COc1ccc(-c2n[nH]cc2CNCCCOc2cccnc2)cc1F,0.4253330257805911,0.43199004232883453,0.1649104297499765
9e2e6830194b7358efcbc9b972f18e3b,N#Cc1c(SCC(=O)c2ccc(F)cc2)sc(C(=O)c2ccccc2)c1N,0.1840818998488513,0.23883651027625258,0.07037909517847848
9e1504a62a207f611ea3ef8c300da744,CCc1ccc2oc(-c3cc(NC(=O)c4ccc5c(c4)OCO5)ccc3O)nc2c1,0.27036621082912793,0.2569701556455005,0.23548812486908652
f733bc9e1dbcb4a990e7809762dba3b7,COc1cccc(C(=O)NCc2ccc([C@H](O)c3cccs3)s2)c1OC,0.0974119296297431,0.10720271481709047,0.032882572670297865
bd4e3ff01f4e635726719d0157a2cb4d,COc1cc(C(=O)Nc2ccc3nc(-c4ccccc4)cc(OCC(N)=O)c3c2)cc(OC)c1OC,0.2801751900802959,0.2904979254711758,0.17972717908295718
718a3b72876d07646382422617d9dcf6,CC1=C(C(=O)OCc2ccccc2)[C@@H](c2ccc(OCc3ccccc3)cc2)NC(=O)N1,0.21956267885186456,0.15917957247107883,0.05508221541954712
b690463c0c44008fed5631d6b22384ff,CCc1nnc2sc(-c3ccc(CNC(=O)c4ccc(OC)c(Cl)c4)cc3)nn12,0.1607498557052829,0.1916821456768296,0.2877522747625004
82ad36c6d56cbade3ff6635719ee467e,COc1cc(/C=C2\C(=O)N=C(O)N(c3ccc(F)cc3)C2=O)cc(OC)c1OC,0.14324647052721542,0.13658548146486282,0.15605528449470346
f2f8b3b8e394458b8f0253c98bde2eba,C=CCOc1ccc([C@@H]2C(C(=O)c3ccc(OCC)c(C)c3)=C(O)C(=O)N2CC=C)cc1,0.09524231302467259,0.08605913669717583,0.03696288161022081
526a0e3b418eef10c6e2be5b790f4b19,COc1ccc(C(=O)N2CCC3(CC2)CN(c2ccc(C#N)c(C(F)(F)F)c2)C[C@@H]3C(N)=O)cc1,0.20664248276840558,0.2505583810535344,0.21767188303849913
d4727ffe0612792a4c9f62ec8a144fdb,CN(C(=O)CC(C)(C)CC(=O)O)[C@H]1CC[C@@](O)(Cn2cnc3c(N)ncnc32)[C@H](O)C1,0.09735153649340976,0.08948447482279417,0.038401413465511396
2342e34baf295d9f5e1947310fb5bfe3,O=c1/c(=C\c2c[nH]c3ccc(OCc4ccccc4)cc23)sc2nc3ccccc3n12,0.4331506409428336,0.34478759494694794,0.37544803050431336
3479097664d92dda42bc3c9eca791b98,OCCN(Cc1ccc(OCc2ccccc2)cc1)Cc1cccnc1,0.24816041575236755,0.2396701099827293,0.03986013791820204
5918c5eeddb7f84dea9a4e1ba4114a14,COc1ccc(CCNC(=O)CCC(=O)N2C[C@@H](C)Oc3ccc(Cl)cc32)cc1OC,0.19487797062505374,0.11159939250104468,0.10186604647473856
c53b80a5dae8515b2a4c8768a967dc14,Cc1cccc(C2=NC3(CCN(S(=O)(=O)c4ccccc4F)CC3)NC2=O)c1,0.09693132747303355,0.07442006807435643,0.025080858798570593
26ac6f73107743b25cd303be71cf734f,Cc1cc(/C=C2\C(=O)NC(=O)N(c3cccc(Cl)c3Cl)C2=O)c(C)n1-c1ccccn1,0.26526741548018024,0.2931827428666028,0.5040336034514687
46ede54f1c7e48a5295d2016befe3135,CN(C(=O)c1ccc(F)cc1F)[C@H]1CC[C@@]2(CCO)C[C@H](c3ccccc3)C[C@](C)(O2)[C@@H]1O,0.1312843994660811,0.09748464755036614,0.18931555341590534
b39019b739f22c1c25e9cb8a6d213b82,CCCCS(=O)(=O)Nc1ccc([C@H]2OCC(=O)N(Cc3ccc(F)cc3)[C@@H]2CO)cc1,0.046216990375383335,0.039776694431731645,0.01098656027302654
9d83ea8a8a3b5e6752a8720325f92d1d,COc1ccccc1/C=C/C(=O)Nc1ccc(OCc2ccccc2)cc1,0.38953294266353955,0.3357807846570557,0.12705706432461739
f6e2d005f9c03002659edf49e85dc932,CCOC(=O)c1ccc(S(=O)(=O)N2CCC3(CC2)N=C(c2cccc(C)c2)C(=O)N3)cc1,0.07894839210943742,0.05945011126724156,0.02074321476340463
f5ef1a4d6e3325a57eab9291110871cc,CS(=O)(=O)c1ccc(-c2ccc(OCc3ccccc3)cc2C(N)=O)cc1,0.18938760323957962,0.15774364155632528,0.05405694555321878
baef11119bec7e208233b5e59bd74c93,COc1ccc(CN2CCO[C@H](CO)[C@H]2c2ccc(OC)c(OC)c2)cc1Cl,0.1998029493472793,0.12776385654102673,0.06228841703639112
5a0a0be7edef0fc43af4b8590326d95d,O=C(C[C@@]1(O)C(=O)N(Cc2ccc(Cl)cc2)c2ccccc21)c1ccc2c(c1)OCO2,0.2695687711238861,0.22761234099214728,0.2868370061570948
acd30875fddcb4ff6c2e05d1f4cd0435,COc1cc(C[C@]2(c3cccc(Cl)c3)NC(N)=NC2=O)cc(OC)c1OC,0.2483936446634206,0.318093925121833,0.13767641274766487
0a6c365631382c7edde333c75086e8e0,O=S(=O)(NCc1ccnc(-c2cccnc2)c1)c1ccc(F)c(Cl)c1,0.17155234109271655,0.18441661311821503,0.12475739859721878
e401a3675c646d7cd27d3afb84d6c1dc,CC(/C=C1\Sc2ccc(C)cc2N1CCO)=C\c1sc2ccc(C)cc2[n+]1CCO,0.15053857558152892,0.13175136528231882,0.20805799622427334
003811e5641287269eb3bf3e29a9b458,Cc1cccn2c(=O)c3cc(C(=O)NCc4ccco4)c(=N)n(CCc4ccccc4)c3nc12,0.1965598538517952,0.13717641071839767,0.13257862271910364
aa2a4e4c5d4bc05344585a775b98eebd,CCCCN(C)c1ccc(NS(=O)(=O)c2ccc(OC)c(Cl)c2)cc1C(=O)O,0.08346451277082617,0.09893307428468358,0.035162758600728754
31e3e15dda950b3f9d6648e09901dda7,COc1ccc(CNC(=O)c2c(C)cc([C@H]3CCCNC3)oc2=O)cc1F,0.09480918503620407,0.07773561945015733,0.035508959511802954
32a0ae6d2108ea0f83b2ad8d4bcf3c05,COc1cc([C@H]2N=C(S)N3[C@@H](c4cc(OC)c(O)c(OC)c4)N=C(S)N23)cc(OC)c1O,0.12892026996070688,0.15507197289050303,0.0319566805165695
5eb43b96daa509e8473123b932c63627,COc1ccc(CNC(=O)CCc2nc(-c3cccc(F)c3)no2)cc1OC,0.15446965802799573,0.1489900987256657,0.041412609798664395
087f50c16c5b068774d9b968d8bd5b45,CCOc1cc([C@H]2CC(=O)NC3=C2C(=O)C[C@@H](c2ccc(OC)c(OC)c2)C3)cc([N+](=O)[O-])c1O,0.1011962400410663,0.16451331247017978,0.027114916557448767
4a39e0d07372050ac91a2227cfcacbea,COc1ccc([C@@H]2C[C@](O)(c3ccc(OC)c(OC)c3)SCCSC2=N)cc1OC,0.18758670003576713,0.22412447529760274,0.0952220931649208
8ed8a510d2af05b1399c8c19748ce48d,O=C(C[C@@]1(O)C(=O)N(Cc2ccc(F)cc2)c2ccccc21)c1cccnc1,0.16254426674409347,0.1435999223454432,0.13984527438879013
50334a6016bf7d6a5255eadefeb8c9a1,Cn1nc(CC(=O)Nc2ccc(Oc3ccccc3)cc2)c2ccccc2c1=O,0.22384498674761166,0.17169933698394083,0.11402701620351184
46d2bbbe92d60be76e68a3429bfbd188,NC(=O)c1ccccc1OCC#CCNS(=O)(=O)c1ccc(F)c(Cl)c1,0.1467504934831099,0.180575033263515,0.038708178399205775
a369fb8a42126f63c33d44ee0c10854f,COc1ccc([C@@H]2CC(=O)Nc3c2cnn3-c2cccc(Cl)c2C)cc1OC,0.20717298036271875,0.19144141936505382,0.07702521285550161
97a2cde551bf7b0c620cc6b66ee02696,Nc1c2c(nc3c1cnn3-c1ccccc1)C[C@H](c1cccc(Cl)c1)CC2=O,0.35224335911599075,0.3481308078308674,0.2248101749203422
2b1c6135785c844b8646661b085944b2,COc1ccc(-c2c(C)n[nH]c2-c2ccc(OCCN3C[C@@H](C)O[C@@H](C)C3)cc2O)cc1OC,0.30517539381980896,0.22127468409863385,0.1398379071192308
8b8f94fbd7db1a88c98116213d074c7a,Cc1ccc2c(c1)N(C)C(=O)c1cc(NS(=O)(=O)c3ccc(C)c(C)c3)ccc1O2,0.19506657326763327,0.15067503465847534,0.1877411719072949
2381d79756f02bd0505263e64644b2d5,COc1cc(/C=C2\S/C(=N\c3cccc(C(F)(F)F)c3)NC2=O)cc(OC)c1OC,0.19415878944776274,0.2294747051809364,0.15375930832868273
329d8bdd7debd6531156e303517b212e,COc1cc(CCNc2nc(Nc3cc(OC)c(OC)c(OC)c3)ncc2Cl)ccc1O,0.6005946072665128,0.5205771218646656,0.42115909403020685
3cd616a7050eb38cbe3ad6553fb6d05b,COc1cc(/C=C2\C(=O)N(c3cccc(F)c3)N=C2O)cc(Br)c1OCC(C)C,0.28949006172743713,0.2526264786720276,0.2861070958050815
10d28b4c3a621435990a61afc06d9dd4,COc1ccc([C@@H]2[C@@H](CO)OCCN2C(=O)COc2ccc(F)cc2F)cc1OC,0.06347296928817575,0.06392389303693138,0.014925657430673957
b3d3f9287d059f2b6ea8d9c61973e706,COc1ccc([C@H]2[C@H](CO)OCCN2C(=O)CCCn2cncn2)cc1OC,0.027168709065087816,0.029377275918456937,0.005419550061643266
fb6671840604834a5b95a39c51097193,COc1ccc(S(=O)(=O)NCc2cccc(Oc3ccccn3)c2)cc1Cl,0.21565935015678406,0.197146860035983,0.16199970787221735
489a59bc448c9b811cd836c64846e0cf,COc1cccc(S(=O)(=O)N2CCC(COc3ccc(Cl)c(C)c3)(CC(N)=O)CC2)c1,0.1438962553035129,0.10845767537301237,0.10530731251293962
41999a0b21b1a0bab3b92d0d637f16d5,Cc1ccc(N2NC(=O)/C(=C/c3ccc(OCc4ccccc4)cc3)C2=O)cc1C,0.23064281723716043,0.18560326971452346,0.18047633868726817
51b558e9167d0984d72e0af55dc1e013,Cc1ccc(-c2ccc(OCc3ccccc3)cc2C(N)=O)cn1,0.24169288440184158,0.2110252091158393,0.0406230465688912
f4f1501952c068fee42f4ffd81454a23,c1cncc(CNc2cc(-c3cnc4ccccc4n3)c3cc[nH]c3n2)c1,0.40306669202717865,0.39064583453265106,0.35745258222926746
5c9578586c428362065469ec9ffdb8e0,CCOc1cc(CNC(=O)c2ccc(C)c(-n3nnc4cccnc43)c2)cc(OCC)c1OCC,0.12149526585232127,0.12785495749928735,0.07950378886678001
1d810994e338d8bfcf04f8cec741f5a2,Cc1ccc(-c2cc(OCc3ccccc3)ccc2CO)cn1,0.24427343092181467,0.1925033672490496,0.03801846216348084
8bb2ee4509910238e6c4f02d369ff33a,O=c1[nH]c(CN2C[C@H]3C[C@@H](Oc4ccc(F)cc4)[C@H](O)C[C@H]3C2)nc2ccsc12,0.14338283105330032,0.1549725981259888,0.1197771667079492
f80c61b3e542d330fedeed635092dbf6,COc1ccc(C(=O)N2CCC3(CC2)CNC(=O)c2ccc(OC)cc2O3)cc1,0.06734508902511814,0.07131413505835967,0.014702061480916613
cfab234071cb06ab60982d35aba69dc5,CCc1nn2c(=O)cc(COc3cccc(NC(=O)c4cc(OC)c(OC)c(OC)c4)c3)nc2s1,0.28112445636229083,0.2435010251673785,0.23587627031586386
4d4bb86f7615fb2aa46c598e18144d43,CCc1ccc2[nH]c(=O)c(CN(CCO)S(=O)(=O)c3ccc(F)cc3)cc2c1,0.14959761229428378,0.10783194300760938,0.026951251572675326
925b0ead2ff8e1d33971bf3d5d05fecd,C=CCOc1ccc([C@@H]2CC(=O)Nc3c2cnn3-c2cccc(Cl)c2C)cc1,0.212265245616436,0.18721377379684287,0.1027502588589083
affb0c3e5f0c87b5f8421561ceb7961d,COc1ccc(CCN2C(=O)NC(=O)/C(=C/c3cnn(-c4ccccc4)c3)C2=O)cc1OC,0.11488309908996928,0.12885244630954482,0.18565285070375961
94bf5fbe2784f2fcbafe28394f4c0c00,O=C1CO[C@H](c2ccc(NS(=O)(=O)c3cccc(F)c3)cc2)[C@@H](CO)N1Cc1ccncc1,0.03665544695898213,0.03330593263010748,0.012186446322382173
e5c3096689311c5885ad4f63cf9fc659,COC(C)(C)C(=O)N1CCOc2c(O)cc(-c3nc4ccccc4s3)cc2C1,0.2009678455916318,0.18787808580832047,0.0762921462512829
421bbb07c8b351df6fee9827dead724a,Cn1c(=O)oc2cc(S(=O)(=O)Nc3ccc4oc5c(c4c3)C[C@@H](C(C)(C)C)CC5)ccc21,0.12291866879571568,0.09669022025032477,0.20730257440697064
0b40ce8de76b816434253e19a5e55a20,COc1cccc(CC(=O)N2C[C@@H](CO)C3(CCN(c4ccc(C#N)c(C(F)(F)F)c4)CC3)C2)c1,0.1935554796999151,0.23595570705153726,0.14955469068478455
c65edb8a5114ddb792174e4a7d55722c,COc1ccc(CNC(=O)[C@H](C#N)CCCOc2cc(C)c(Cl)c(C)c2)cc1OC,0.17077737098390405,0.1445118933916092,0.14442286911335858
6458bf2137f726004d0b87e37eb03947,O=S(=O)(c1cccnc1)N1CC[C@H](c2ccc3ccccc3c2)[C@@H](O)C1,0.10922219434922392,0.062480201944708824,0.01948540744011883
5138cc61cb864c71e1f93b0e165b3d4e,Cc1cc(O[C@@H]2C[C@@H]3CN(C(=O)c4cnc5ccccn5c4=O)C[C@@H]3C[C@H]2O)ccc1F,0.1154927641830661,0.07709129222414711,0.14199264652349733
f637b542d24b5dd14b204c44f2fe02fe,CCOc1cccc(/C=C2/C(=O)NC(=O)N(c3ccc(OCc4ccccc4)cc3)C2=O)c1,0.15192171931266785,0.16983906653794376,0.21156812662428076
4025f91c2bdac6816e2a33f96bf0b935,COc1cc(F)c(CN2C[C@H]3C[C@@H](Oc4cccc(Cl)c4)[C@H](O)C[C@H]3C2)cc1OC,0.34682978283275256,0.26651589233766904,0.16348884999752045
6dfa92c9a53c4331d5e2291f0ba4ca64,CCOc1ccc(NC(=O)c2cncc(NS(=O)(=O)c3ccc(OC)c(OC)c3)c2)cc1,0.13916158269752155,0.1255588436245241,0.03421555446799506
bd685337dbea0b1da88290a33cea065a,CCOc1ccc(-c2cccc(NC(=O)c3ccc(F)c(F)c3)c2)nn1,0.21493139727549118,0.2727991058067842,0.16701588779687881
80576084b794be18e48df98992b415fe,CSc1c(C)cccc1O[C@@H]1C[C@@H]2CN(Cc3ccc4c(c3)CCO4)C[C@@H]2C[C@H]1O,0.20715989104726099,0.17021141709251839,0.16885923526503824
39375bb1e53c0417956920258da9d69e,CS(=O)(=O)c1ccc(OC[C@@]2(CNS(=O)(=O)c3ccc(F)cc3)C[C@@H](O)[C@@H](O)C2)cc1,0.10629186178134246,0.06803267745205878,0.013046842508959922
63eb386d918256529508e6d09ae2d026,COc1cccc(/C=N\c2ccc(O)c(-c3nc4cc(C)ccc4o3)c2)c1O,0.25066408853639255,0.1955643966794014,0.1284407123245976
45faa974db080f036c5e9de05a3a17f0,COc1ccc(C(=O)C[C@@]2(O)C(=O)N(Cc3cccc(C(F)(F)F)c3)c3ccccc32)cc1,0.28525291925126856,0.3328700756484812,0.35613350434736774
ba87da86db00ca3252953a5fa9dfdad7,Cc1ccc(S(=O)(=O)Nc2cc(S(=O)(=O)c3ccc(C)cc3)c(O)c(C)c2C)cc1,0.188475179401311,0.15705306760289453,0.2144155316054821
556be46e327d79c0d1b257dea957ebaf,CCOc1cc(-c2cc(-c3ccc(O)c(OC)c3)nn2CCO)ccc1O,0.22241256589239294,0.18418118831786243,0.06605676544660871
357c4d023e450a9e9b05a66992ec5799,Cc1ccc(S(=O)(=O)Nc2cc(C)c(O)c(S(=O)(=O)c3ccc(Cl)cc3)c2)cc1,0.28828356753696094,0.289747262542898,0.3909163163466887
7f70f6cdee0c90fda2911345777b491e,Cc1ccc(C(=O)N2CCc3ccc(CNS(=O)(=O)c4cc(C)ccc4C)cc32)cc1,0.09697932479056445,0.08003667064688423,0.07469781500880014
889e299b69ba2c0ff14694a74f593812,COc1ccc([C@@H]2[C@@H](CO)OCCN2Cc2cnn(-c3ccccc3C)c2)cc1OC,0.14890801161527634,0.10159137811173093,0.05730915691872889
4e791213069c5ab7ea38b60fe1f91b60,NC(=O)COc1ccc([C@@H]2CC(O)=Nc3c2ncn3-c2ccc(F)cc2)cc1,0.12166097963398154,0.13306524308229034,0.05246077033437111
bd947c080a179fef8c7227b8345514cf,O=C1NC(=O)N(c2ccc(OCc3ccccc3Cl)cc2)C(=O)/C1=C\c1cccc(O)c1,0.1787011813033711,0.19930509308522398,0.23301126672462982
a2a02fc67f95f5db6aeb5a0f5474ec99,COc1ccc2nc(-c3ccc(OC)c(NS(=O)(=O)c4ccc(F)c(C)c4)c3)cn2n1,0.14536029235883194,0.12135007537224075,0.16464528373696588
a61b1df8d99cc3b985067c199f305671,CCOc1ccc([C@H]2[C@H](C(=O)Nc3ccc(Cl)cc3)[C@H](C)Nc3ncnn32)cc1OC,0.15531571615826,0.13681792467832565,0.03872565169480036
92ced6002e00fecd50758a1fcfaa9e29,Cc1[nH]ncc1CNC(=O)CC[C@H]1NC(=O)N(c2cccc3ccccc23)C1=O,0.09124037775803696,0.052038528194481674,0.032827230551364744
11ff5b41633c98058feba9ddf7bb19c3,O=C(c1ccc(O)cc1F)N1C[C@H](Cc2ccc3ccccc3n2)[C@H](O)C1,0.08672525107183239,0.06981450954282825,0.03475942843678323
8c096b4b201584c5fd636f9cff23b750,COc1cc([C@@H]2CC3=Nc4ccccc4N=CC3=C(O)C2)cc(OC)c1OC,0.2070461128923026,0.2135800292691618,0.04360313855365596
9d3b9157e818255fe5b7234b317a5791,COc1cc(CNC(=O)c2sc3nc(-c4cccs4)ccc3c2N)cc(OC)c1,0.33557590029456397,0.359197120774876,0.17807955768975345
29f39d4a51705c34a77d30edf82a8365,COc1ccc(/C=C2/C(=O)NC(=O)N(c3ccc(OCc4ccc(Cl)cc4)cc3)C2=O)cc1,0.2145806076851758,0.27835149521177466,0.307171106338501
36a79429601b3d3ff339f6ce40265e8f,CCN(C)CC(=O)N1CCOc2c(O)cc(-c3nc4ccccc4s3)cc2C1,0.21329782564531674,0.20628773353316568,0.0622777930799533
ad9f860b095fd4ef35d061d0e1687e7d,Cc1cccc(N2C[C@@H](c3cc(O)n4ncc(-c5ccc(F)cc5)c4n3)CC2=O)c1C,0.15172025459733876,0.14727515490217644,0.13244644891132007
75992f0c66af83e479caf742e357efa9,O=C1Nc2cc(C(=O)NCc3ccccc3F)ccc2O/C1=C\c1ccccc1,0.12695702639493076,0.11179525777697563,0.09910436584190889
c0aef28bba545acdeb65e3dfae695fa4,CN(C(=O)c1cccc2c1OCCO2)[C@H]1CC[C@@]2(CCO)C[C@H](c3ccccc3)C[C@](C)(O2)[C@@H]1O,0.08498542959039862,0.07292632504620335,0.0795230877331712
1dc0cefab085da816f788a0ee7da23f9,O=C(c1ccc2[nH]ncc2c1)N1C[C@H]2C[C@@H](Oc3cccc(Cl)c3)[C@H](O)C[C@H]2C1,0.09854142435572365,0.08749819005077536,0.06878236901353706
b269f4afd63e81dc1cafb5a39a0c4a49,Cc1cc(OC[C@@]2(CC(N)=O)CCCN(S(=O)(=O)c3ccccc3F)C2)ccc1Cl,0.11221557754007253,0.07062015479261224,0.04008413507306779
d3c89b2bd6cadf7201cf1485eed5b294,COc1cc2c(cc1OC)[C@H](NC(=O)CCCc1nc(O)c3ccccc3n1)CC2,0.13248885355212472,0.09477520022879947,0.03817116392945701
ec2a78ab023af9dc3fd424ef8c1aa85e,COc1ccc2[nH]c(=O)c(CN(CCO)S(=O)(=O)c3ccc(Cl)c(C(F)(F)F)c3)cc2c1,0.26775333420796826,0.23886172896759075,0.08770146415653554
31a9be128387282a20ca92fb86d17700,COc1cc([C@H]2CC(O)=Nc3c2ncn3-c2cccnc2)ccc1OCC(C)C,0.1576151272112673,0.15058128620413216,0.044430903836407444
1077fca9aae2acb32fc191ab8aec1c23,COc1cc(OC)c([C@H]2CC(c3c(C)cc4oc(=O)c(C)c(C)c4c3O)=NN2)cc1OC,0.14749892089854588,0.15370939468795602,0.1390028612857515
ed588f84fb0787acbb766f7af2e8197d,CC(C)c1noc([C@H](C)NC(=O)Nc2ccc(OCc3ccccn3)cc2)n1,0.10748955539681694,0.08806200490851718,0.030474086858289826
7c6cd9409fd7ccf844f95cf71b06c3ee,CCN(CC)S(=O)(=O)c1ccc(C(=O)C2=C(O)C(=O)N(CCOC)[C@H]2c2ccc(F)cc2)cc1,0.06982254939661785,0.05414990547102538,0.012997359362833033
58bf63a16d514c2eec336a0fa8ca5ee2,O=C(c1ccc2c(c1)OCO2)N1CCC[C@@H](c2[nH]ncc2-c2ccc(F)c(F)c2)C1,0.14093398268927226,0.13808219202540137,0.10495569523085248
8690a7bc10684685a4c78b56628cd21f,COc1cc(-c2cc(N)cc(OCc3ccccc3)c2)c(F)cn1,0.3784426667473533,0.37605098571459,0.08681028200821443
640b9b9c5aa7cd36e7d354beba67cc91,CNC(=O)[C@H]1CN(c2ccc(C#N)c(C(F)(F)F)c2)CCN1S(=O)(=O)c1ccc(F)c(C)c1,0.14515736157243903,0.17990444879978895,0.054910244536586106
949beaf96abcc68bc97757c216916232,COc1ccc(C(=O)N2CCc3[nH]nc(-c4ccc(F)c(F)c4)c3C2)cc1F,0.23458422517234628,0.21929456293582916,0.1916699389165098
f12062b2ace9587dbe9bd46dc0e49186,O=C(COc1ccc(/C=C2\C(=O)N(c3cccc(Cl)c3)N=C2O)cc1)N1CCOCC1,0.10749367726120082,0.08920509103739444,0.07535361343550241
a1d6bced2163149fe70bf6ba187a9902,O=C(CCc1cccnc1)N1CC[C@@H](c2ccc3ccccc3c2)[C@H](O)C1,0.11565717512911017,0.07797162987910931,0.01476707035379315
4111df381f95a47894aa0b87ed5c1653,COc1cc2cc(N)c([C@H]3CCCN(C(=O)c4ccc5c(c4)OCO5)C3)nc2cc1OC,0.10331451350992377,0.1173669160767035,0.03205317902294072
7493c20934d9a98ab50d872552f2ae2f,CCCOc1ccc(C(=O)C2=C(O)C(=O)N(CCCn3ccnc3)[C@@H]2c2ccc(OCC)cc2)cc1,0.10819402066144077,0.08798843459226191,0.030532824103085495
a2871a5a5a4e97243699cc29a069879b,O=C(C[C@@]1(O)C(=O)N(Cc2ccc(F)cc2)c2ccccc21)c1cccc([N+](=O)[O-])c1,0.24084245481274344,0.18336655707521873,0.13554621386257085
94d1209c4a12ba442fb3e26e82f63dcc,COc1ccc([C@@H](O)CN2CCC(NC(C)=O)(c3ccc(F)cc3)CC2)cc1OC,0.14760660041462292,0.1250832142435353,0.02256564424500208
f2df2b947faf10e3379ea933c6d0274d,O=C(c1ccc[nH]1)N1C[C@H]2C[C@@H](Oc3ccc4c5c3CCCN5CCC4)[C@H](O)C[C@H]2C1,0.0480648138221692,0.052509950420988556,0.01328636009500108
1c5c3a20004668f84b87b1aec8f39854,COc1cccc(C(=O)C[C@@]2(O)C(=O)N(Cc3ccc(Cl)cc3)c3ccccc32)c1,0.239692054011605,0.20413863049312073,0.19091157547452234
e146a575779c0840720c3883bfdf03fe,COc1ccc([C@@H]2[C@@H](CO)OCCN2C(=O)CCCc2cn[nH]c2)cc1OC,0.030324594922025095,0.033597330692414704,0.005720411124705358
4a22f5e2b424310d5c39a243a6d96c34,Cc1ccc(S(=O)(=O)NCc2ccc3c(c2)CCN3C(=O)c2ccc(F)cc2)cc1C,0.13799265094778754,0.10580158504572781,0.06539990617470308
5f8a67eaaa04271eb4ab6aea134be753,COc1ccc(CC(=O)Nc2ccc(-c3nc4cccnc4s3)cc2)cc1OC,0.32751971076835285,0.3420976251363754,0.18398297984491696
a3af72516118900298290a88c7b8701a,COc1cc(-c2cc(-c3ccc(NC(C)=O)cc3)nn2CCO)ccc1O,0.1523117795586586,0.16102684831077402,0.0647795381532474
4009089ca1ee120fb6b1aab4e5eab261,CCOc1ccc([C@@H]2C(C(=O)c3ccc(F)cc3)=C(O)C(=O)N2CCCn2ccnc2)cc1OCC,0.12386756593530829,0.10920902055857534,0.033019951383308085
4fdfb13831f6967bbee610b116b566f0,CCOc1ccccc1NC(=O)c1cc2c([nH]c1=O)C[C@@H](c1ccc(OC)c(OC)c1)CC2=O,0.1058794129639864,0.11484687390144575,0.06597910906103524
50790a36cf54db024d379669d26f4bba,O=C(c1cccc2c1OCC2)N1C[C@H]2C[C@@H](Oc3cccc(Cl)c3)[C@H](O)C[C@H]2C1,0.08897148191251537,0.0793198619715192,0.03310750532810661
15c433d10f58f93ecfe631c6f317e6d8,COc1ccc(C(=O)NC(=S)Nc2cccc(-c3nc4ccccc4o3)c2C)cc1OC,0.33453516391190613,0.34392118183049286,0.340967674146999
2bae1b604655494d7cce3f057cee226d,COc1ccc(S(=O)(=O)N(C)[C@H]2CC[C@@]3(CCO)C[C@H](c4ccccc4)C[C@](C)(O3)[C@@H]2O)cc1,0.1009506844830784,0.07668410529467193,0.0470572278665548
860284616bc9cee01e1e67ef55ca7b98,COc1ccc(C(=O)N2CC[C@@H](Oc3cccc4cnccc34)[C@H](O)C2)c(OC)n1,0.062176628546281296,0.05278041899542917,0.01595976889472116
f2d885dc6a6ef48b48d6683d4b0dd98d,O=C(c1ccco1)N1CCc2ccc(NS(=O)(=O)c3cccc(Cl)c3)cc2C1,0.10247775302691893,0.10155679759654132,0.06147869625552134
4f723a8e9660e68335f9599c19cb1eb1,COc1cncc(-c2cc(OCc3ccccc3)ccc2CO)c1,0.2514806200157512,0.22028669709106907,0.04014102471145717
671a764d5e271eff9f7a5662a8aaa298,CCOc1ccc2[nH]c(=O)c(CN(CCO)S(=O)(=O)c3ccc(Br)cc3)cc2c1,0.14831159704110838,0.09760499433402649,0.020705321126363495
bbd475d8a11e486754eb7a7a634c7229,CCOc1ccc(-c2nc(S)c(-c3ccc(OC)cc3)[nH]2)cc1,0.3165025900710713,0.24339575278149408,0.032291698290712455
4f27f17a758d5cd02e9e34070a940e6f,Cc1ccc2c(c1)C(=O)NCC1(CCN(S(=O)(=O)c3ccccc3F)CC1)O2,0.06047450903464447,0.05525792745704001,0.010524912759799256
6656842c078bde1de45276ae343e09b0,CNC(=O)[C@@H]1CN(S(=O)(=O)c2ccc(F)cc2F)CCN1c1ccc(C#N)c(C(F)(F)F)c1,0.16795981810851532,0.16781336814165115,0.054401703221215444
df4fac079a7e378a457878558820085e,Cc1cc(OC[C@@]2(O)CCCN(S(=O)(=O)c3cccc(C(F)(F)F)c3)CC2)cc(C)c1Cl,0.21903135695240714,0.1977475034919652,0.23805297911167145
7a9676c723a2b867ad81c2e3713e5d6f,O=C(N/N=C1C=C/C(=N\O)c2nn(C(=O)c3ccc(O)cc3)nc2\1)c1ccc(O)cc1,0.15730984102595935,0.17922810329632324,0.22580481083555656
48df040bfbb7728fcffa2cee2cc5cb28,CS(=O)(=O)c1ccc(S(=O)(=O)N2CCC(CO)(CCCc3ccccc3)CC2)cc1,0.10139323770999908,0.08036380464380438,0.04251643534834412
1bb40ec2f85bb05102345eae2c16c873,COC(=O)c1ccccc1S(=O)(=O)N1CCC(CO)(CCCc2ccccc2)CC1,0.09340411085974086,0.0652225251224908,0.03172707068733871
647a08c41f8d7d14f5565995b8ae3a8d,Cc1ccc(-c2cc(N)cc(OCc3ccccc3)c2)o1,0.21653132343834097,0.14898380436352454,0.017211624626229008
c405a51d9bdd0350bbdfc8dbb155c1c3,COc1ccccc1SCC1(O)CCN(S(=O)(=O)c2ccc(Cl)cc2)CC1,0.23755060068585657,0.2080035853114995,0.11979158798402006
d322c433c876a8fec8cefa85cbf67563,O=C1Cn2nc(-c3cccc(F)c3)nc2CC2(CCN(S(=O)(=O)c3ccccc3)CC2)N1,0.1106942008164796,0.07280056923627853,0.045848239213228226
2a2ad63c13ec5cfe6081118d70fd686e,CCOc1ccc(C(=O)C2=C(O)C(=O)N(CCOCCO)[C@@H]2c2ccc(OC)cc2)cc1,0.09235192361203107,0.07731933512894268,0.02346891874086313
4f1c1f6ecd3629051830a5b4e04d368f,Cc1cc(-c2cc(O)nnc2C2CCN(S(=O)(=O)c3ccc(F)cc3F)CC2)on1,0.07456362416798418,0.0651980373500423,0.03231776937503706
e852c79b0006b90672a55bc8fc90150d,CCCCOc1cccc([C@@H]2c3c(-c4cc(C)ccc4O)n[nH]c3C(=O)N2CCO)c1,0.10072321241552179,0.09653785663910887,0.047179476484994994
dfe8cc8fc02a80ce54cffa4c617fa77f,COc1cccc(OCc2cc([C@@H]3C(C#N)=C(N)Oc4cc(C)oc(=O)c43)ccc2OC)c1,0.15862022137100046,0.18946437199007382,0.11254612153226679
b61d4c9c43e87a75e11125e43ee2e05b,COc1ccc(N2C(=O)NC(=O)/C(=C/c3ccc(OCC(=O)O)c(OC)c3)C2=O)cc1Cl,0.10083780065178871,0.108816593546759,0.11161098112775521
c4f76fd6dd2a0e69245148f688444e39,COc1ccc(C(=O)Nc2cccc(N3CCn4c(nc5cc(Cl)ccc54)C3)c2)cc1OC,0.40258166193962097,0.37984432550993835,0.3134190941398794
4fa7d973765ad187dbab672c42db6b13,COc1ccc(CC(=O)Nc2ccc3oc(-c4ccncc4)nc3c2)cc1OC,0.23026771978898483,0.22194287519563327,0.1135953175411983
c15f96163cb26019642cbe3817092487,N#Cc1ccc(N2C[C@H](CO)C3(CCN(C(=O)c4ccco4)CC3)C2)cc1C(F)(F)F,0.1295405551791191,0.14961412752216513,0.13890426453541627
ff52886421b7a753cb3d5521b6a10fc6,C#CCn1cc(/C=C2\C(=O)NC(=O)N(c3cccc(Cl)c3Cl)C2=O)c2ccccc21,0.2893608496947722,0.34796918522227893,0.42290316928516736
b7b430eb3868dbf2add0fdc74f296cb6,COc1ccc(-n2c(C)cc(CNS(=O)(=O)c3ccc(OC)c(Cl)c3)c2C)cc1,0.23206694695082578,0.19354163042523645,0.11636170372366905
0fc56659c2b8cf40471f51c3dabdb5e8,COc1cc(CN2C[C@H]3C[C@H](O)[C@@H](NC(=O)c4cc(C)oc4C)C[C@H]3C2)ccc1F,0.08291784572330388,0.06751307159323584,0.02295517203906043
fd312a5c5afd7b19970871b39c8e487d,Cc1cccc(N2C(=O)/C(=C/c3ccc(-c4ccccc4C(=O)O)o3)C(=O)NC2=S)c1C,0.09089727276428179,0.08311397379094904,0.1357773836194114
d148e51671b73611504c9db1657007a5,C#CCOc1ccc([C@@H]2CC(O)=Nc3c2ncn3-c2cccnc2)cc1,0.1019389270381494,0.12180826858754946,0.022442650809931696
5e50e76f02ce78033545caccdbc8a3dd,O=C(c1cccc2nccnc12)N1C[C@H](Cc2ccc3ccccc3n2)[C@@H](O)C1,0.06670081920244476,0.05587058886885643,0.035751519428396765
ba8263df27dae28e8a8da4b73e764f3d,COc1ccc(S(=O)(=O)NNC(=O)c2csc(-n3nc(C)cc3C(F)(F)F)n2)cc1OC,0.29838369244878943,0.2325383722782135,0.1609953629191626
094c2c33fdb01bac04015ebfb73fd7a8,COc1ccc(/C=C2\C(=O)N=C(S)N(c3ccc(C)cc3)C2=O)c(OC)c1OC,0.12121457606554031,0.11994191801006143,0.14561282233758407
58c64442c47d74d95e95efad3003fd17,O=S(=O)(c1ccc(F)cc1F)N1CC[C@@]2(CO)CN(Cc3ccccc3)C[C@H]2C1,0.07905521176078102,0.06411343719810247,0.01386249111436138
fbe51e5db745271bf98cd7ca599eb416,CC(C)CC(=O)N1CCC(c2nc(O)c3nnn(Cc4ccc(F)cc4)c3n2)CC1,0.10835401104255156,0.09316657892089676,0.02819547976832837
cb27d766ed64742aad5853651aba1717,CCCCOc1ccc(-c2nn(-c3ccccc3)cc2CN)cc1C,0.3602260716936805,0.2906510376117446,0.15747832947156645
f188b85f83a19c2e43c33d2cb555d28f,CCCCOc1ccc(-c2[nH]ncc2C(=O)NCc2ccc(F)cc2F)cc1,0.2450776926495812,0.225396950813857,0.1033233128149401
43dccd4ef90b0246c05960fff1f7be61,CCCS(=O)(=O)N1CCC[C@@H](c2nc(O)c3nnn(Cc4cc(C)ccc4C)c3n2)C1,0.05975438163361766,0.049799808555028656,0.021801995711443437
929dce49296e4c4da08945eda1026a81,O=S(=O)(c1ccccc1)N1CCC(O)(CSc2ccc(Cl)cc2)CC1,0.17217114770954306,0.1561085656285286,0.07212549287148497
841baf672d61c9f175b5bba938ec9deb,O=C(/C=C/c1ccco1)C[C@@]1(O)C(=O)N(Cc2cccc(F)c2)c2ccccc21,0.18858646736903625,0.1612287505783818,0.19287101856686853
44e49caa7e02f0152b99474911518f85,COc1cc(C(=O)Nc2ccc(O)c(-c3nc4cnccc4o3)c2)cc(OC)c1OC,0.2791015695441853,0.22199326956813986,0.15646081350066446
930f62d9e8a95c45fd6a4a4b208172bb,COc1ccc(S(=O)(=O)c2cnc(SCC(=O)Nc3ccc(C)c(F)c3)[nH]c2=O)cc1Cl,0.2286323451183059,0.20052223686467519,0.10076881978999484
1e49cb4305a86130c8226254f08d75d0,COCCCCCC(=O)N1CCOc2c(O)cc(-c3cccnc3)cc2C1,0.09092663533308289,0.11364058218896389,0.026545385893603616
a6e62d5f9df9e580f48ec35c15c1b42b,CCCCCCc1cc2cc(C(N)=O)/c(=N/Cc3ccccc3)oc2cc1O,0.1856449476697228,0.18986408031858576,0.17407960106026044
9adc60949ae390fa10223d78eecc72d6,N#Cc1ccc(N2C[C@@H]3CCN(C(=O)c4ccc(F)c(F)c4)C[C@]3(CO)C2)cc1C(F)(F)F,0.25099051946943457,0.21906311877749182,0.34481815045530145
5b0d02fa9a8c7e80665abfee336a71e4,COC(=O)C[C@H](c1cc(OC)c(OC)c(OC)c1)c1c(O)nc2ccc(C)cn2c1=O,0.1078159287571907,0.09906168161383407,0.017748978703325105
e6d1a955fce23832f5a66055b636a915,COc1ccc(CNC(=O)c2cnn(-c3nccc(-c4ccco4)n3)c2C)cc1OC,0.22742286053570834,0.17191548916426572,0.15608518841591748
222e3e15fd8ce2c6abfe4fb964920a92,Cc1cc(NS(=O)(=O)c2ccc(NC(=S)Nc3cccc(C(F)(F)F)c3)cc2)no1,0.29781055450439453,0.39641360396688635,0.4673857079310851
dc804e12a346c669a1b430f55e834ff7,OCc1c(OCc2ccccc2)cccc1-c1ccc(C(F)(F)F)nc1,0.36357412555001,0.34000840833918616,0.14397950148717922
747e4b6545c0eac3d20d498898a2e99c,COc1ccc([C@@H]2C(C(=O)c3ccc4c(c3)C[C@H](C)O4)=C(O)C(=O)N2CCCn2ccnc2)cc1,0.06079602309248664,0.055703378430652345,0.023051719275165604
3575c7c6909ed69a8282bb5b780a9887,CCc1c(C)cc(C(=O)Nc2cccc(C(=O)Nc3c(C)cccc3C)c2)c(=O)n1C,0.1391633146188476,0.1414631029421633,0.12112801149487495
10d5a1992951e9a4cc3605a8c7c101f0,NC(=O)c1ccc2cccc(O[C@@H]3C[C@@H]4CN(Cc5cccs5)C[C@@H]4C[C@H]3O)c2n1,0.14388335140591318,0.16206751221960242,0.15288056297735733
9374b3010c65b18382265977c4b02bca,C#CCOc1ccc(/C=C2\C(=O)N(c3cccc(Cl)c3)N=C2O)cc1OC,0.2031299417669123,0.19306063652038574,0.14538004232401197
ff766e1edbfa000ec01a511dddcaf4b4,O=C(NCc1ccc2c(c1)OCO2)c1nn[nH]c1Nc1ccc(OCc2ccccc2)cc1,0.187200053171678,0.21576261774382807,0.13603824326260525
9df7bf4499e3a23510ec147465849693,CC(=O)Nc1ccc(S(=O)(=O)N2CCC(c3cc(-c4cccc(C)c4)n[nH]3)CC2)cc1,0.15130040117285468,0.1208067008040168,0.08521137369627302
b451635c42452baa2df1814a4abc70a5,COc1ncc(CN2C[C@H]3C[C@@H](Oc4ccc(F)cc4)[C@H](O)C[C@H]3C2)cn1,0.10676913674582135,0.12865968819030307,0.10404339077120478
a6aabd26fbd584762cb761a7265dc167,CCC(=O)Nc1nc2c(OC)cc(NS(=O)(=O)c3ccc(OC)c(Cl)c3)cc2s1,0.20755002444440668,0.22227272933179681,0.3167859370058233
17d95e9e5b7d6b1c06ec142069e484ff,COc1ccc(S(=O)(=O)NCCCc2cc3ccccc3o2)cc1C,0.15708541531454434,0.12695144743404604,0.021920195484364576
7a993bce08c04d0517d16fb39c71046d,COc1ccc2nc(-c3cccc(NS(=O)(=O)c4cc(C)c(C)cc4OC)c3)cn2n1,0.15317261286757208,0.1703788780353286,0.26919054985046387
ba32d6d19370f52a473ad90c849f39c2,C#CCOc1ccc([C@H]2CC(O)=Nc3c2ncn3-c2ccccc2F)cc1,0.1573127250779759,0.15617590706626122,0.04046422704546289
28c71143aa8e17a561ee1a7fa494793e,OCc1cc(OCc2ccccc2)ccc1-c1ccc(C(F)(F)F)nc1,0.37921028381044214,0.3615307599644769,0.14719744162126022
ebe4efa6faf34ab732e9c6c03ba6998b,Cc1cc(=O)c(O)c([C@@H](CC(N)=O)c2cccc(OCCc3ccc4c(c3)CCO4)c2)o1,0.09942542219703848,0.11289483613588593,0.03555074990303679
a310b27fedf2fd8041254022ce9b8e66,CC(=O)c1cc(C(=O)N2C[C@H]3C[C@@H](Oc4ccc(F)cc4)[C@H](O)C[C@H]3C2)c(O)nc1C,0.04956551844423467,0.057962815393693745,0.031043379313566467
7415e7bf199d292f5bbcda2d07cc1afd,COc1ccc(S(=O)(=O)NC[C@H](c2cccs2)S(=O)(=O)c2ccc(F)cc2)cc1OC,0.15981119600209323,0.1171293014829809,0.024157797028733927
70c46b8a925897c5f1da4e836fc4b638,COc1cc([C@H]2CC(=O)C3=C(C2)Nc2[nH]c(=O)[nH]c(=O)c2[C@H]3c2ccc(F)cc2)cc(OC)c1OC,0.14821774783459576,0.21452966950495134,0.07631109062243592
8fc5e75aca81261b598e31b302e1d6fc,COc1ccc(CCNC(=O)C[C@@H]2N=C(O)N(c3cccc4ccccc34)C2=O)cc1OC,0.10211914710023186,0.08415407958355817,0.07926474697887897
921d4a3ab25c817c7d37601710eb15cb,COc1ccc([C@H]2[C@H](CO)OCCN2C(=O)c2cccn3cnnc23)cc1OC,0.0329599358480085,0.03994606930593198,0.0072701232446971435
cd2869451934de7632b5de02777d8a84,O=C(c1cccn2ccnc12)N1C[C@H]2C[C@@H](Oc3cccc(Cl)c3)[C@H](O)C[C@H]2C1,0.08676281706853346,0.07658626316961917,0.046512657437812195
b2e242b28a31d7a176ea2bea49f5663c,Cc1cncc(C(=O)N2CCOc3c(O)cc(-c4ccc(C)s4)cc3C2)c1,0.16115844723853198,0.13164768622002818,0.05890584737062454
9235cee2e78cbec2cf559f6eee739954,COc1ccc(NC(=O)c2cccc(-c3nc4cccnc4n3C)c2)cc1F,0.24834427643905987,0.2580532038753683,0.19714572754773227
d7135775043bd94faa06100488e4aeec,CCCn1[nH]/c(=N/S(=O)(=O)c2ccc(F)cc2)c2cc3cccc(C)c3nc21,0.24830204383893448,0.22133956375447186,0.3418860584497452
7195ac2c2d3be2e6f9a7aa906d58bf23,COc1c2c(cc3c1[C@H](CN/C=C1\C(=O)NC(=O)N(c4ccc(F)cc4)C1=O)[N+](C)(C)CC3)OCO2,0.17561068318106912,0.24281487681648947,0.33263918046246876
3ad7772b01ae3334ee125b42840edc6c,CCC[C@]1(C(=O)OC)N[C@H](c2cc(OC)c(OC)c(OC)c2)[C@H]2C(=O)N(c3ccc(C)cc3)C(=O)[C@H]21,0.09401504272087054,0.11084343844347379,0.05864478571509773
2dd307b1c56bbc9b5a261f81764da2fc,O=C(CC[C@H]1NC(=O)N(c2cccc3ccccc23)C1=O)NCCc1ccco1,0.10709743337197737,0.05544983358545737,0.04600481578910893
a4c8f75f7d0d578182aecdbb505d78f2,CCOc1ccc2[nH]c(=O)c(CN(CCO)C(=O)c3ccc(OC)c(OC)c3)cc2c1,0.1083764372901483,0.09086616328832778,0.022324257022277874
a94753807cd8b09989256ce32b851649,O[C@@H]1[C@@H](Cn2cc(-c3cccnc3)nn2)C[C@@H](NCc2ccc(F)cc2)[C@@H]1O,0.10907504335045815,0.10172089290889827,0.08157516939734871
dab9ea2610a496fa4118d8dd51eb059e,CCC[C@@H](C)N1C[C@H]2C(=O)NC3(CCN(S(=O)(=O)c4ccc(OC)cc4)CC3)[C@H]2C1,0.0398018512536179,0.02746550129218535,0.0051267957784478894
5120cb3199a51fa4cd5ae1edf50e9ddf,O=C(c1cccc2cccnc12)N1C[C@H]2C[C@@H](Oc3cccc(Cl)c3)[C@H](O)C[C@H]2C1,0.11356012184511531,0.09093940190293572,0.06463075683198193
8c354ba648faed4fe1ef826821c63b00,O=C(COc1ccccc1Cl)N1CC[C@@H](Oc2cccc3cnccc23)[C@H](O)C1,0.12755459953438153,0.0864883030090947,0.03161165243496229
61f812c03b75f0657f6aa3fb7ff84bd0,COc1ccc(Nc2nc(N)c(C(=O)c3ccc(OC)c(OC)c3OC)s2)cc1OC,0.5605065551671115,0.5679865140806545,0.27239489487626334
3ab9e27fa598f03b04b1d27824abbd7e,Cc1ccc(-c2cc(O)c3c(c2)CN(Cc2cccc(F)c2)CCO3)s1,0.27012137933210895,0.33358959379521286,0.11801303093406287
bd011f70a7530b38ec6f9e817d44f0f3,COc1cccc(-c2n[nH]cc2C(=O)N2CC[C@@H](Oc3cccc(C(C)C)c3)[C@H](O)C2)c1,0.10402603989297693,0.0959061382507736,0.02932453155517578
42482df1db51a787e4c4b82a22f5d155,N#Cc1cc(C(=O)N2C[C@H]3C[C@@H](Oc4cccc(Cl)c4)[C@H](O)C[C@H]3C2)ccn1,0.07402091524140401,0.06651619737121192,0.041916931958191773
5145206c1e29466398cb732ec442ffe9,Cc1cc(/C=C2\C(=O)N=C(S)N(c3ccc(Cl)cc3)C2=O)c(C)n1-c1cccnc1,0.1553183069283312,0.15263306552713568,0.29397256536917254
3e215e738b4c46b764ad5ac7656a77f7,COc1ccc(CSc2nc3ccc(Br)cc3c(=O)n2N)cc1F,0.3691882138902491,0.3122544471513141,0.14688948254016312
777cfb1cd6ae8ad657ce4ae51f4e09a0,CN(C(=O)CCCCN)[C@H]1CC[C@@](O)(Cn2cnc3c(N)nc(N)nc32)[C@H](O)C1,0.12912785532799634,0.12170811166817491,0.14815373388542372
f2f7f2a5908c5c23f0940451fa35e614,CC(C)c1cccc(O[C@@H]2CCN(C(=O)c3nn(C)c(=O)c4ccccc34)C[C@H]2O)c1,0.05571938187561252,0.05965590675954114,0.024971443524753504
faa34439a3fd96a9242faaeee783549e,COc1ccc(F)c(O[C@@H]2C[C@@H]3CN(c4cnc5ccccc5n4)C[C@@H]3C[C@H]2O)c1F,0.24799448014660316,0.17719745229591022,0.2942395643754439
6e86a23e8ce14cf41cd58259273f4a89,CC(C)COc1ccc(-c2nn(-c3ccccc3)cc2C(N)=O)cc1,0.33212637223980646,0.3491032797504555,0.10962016135454178
712152c0a4430ed8bd5c742f886d5e8a,C=CCOc1ccc([C@@H]2C(C(=O)c3ccccc3)=C(O)C(=O)N2CCCn2ccnc2)cc1,0.09210786765271967,0.0824628587050194,0.025166311486497183
a3dc667237f57cee5e8bd680ed2d98a5,COC(=O)C1=C(COc2ccc(Cl)cc2)NC(=O)N[C@H]1c1ccc(OC)c(OC)c1,0.33325446193868463,0.2766641683199189,0.11064045571468094
25c2985e0b45de0602188875881d377d,Cc1noc(C)c1CCC(=O)N1C[C@H](CO)C2(CCN(c3ccc(C#N)c(C(F)(F)F)c3)CC2)C1,0.15304287861693988,0.11828896191648462,0.10765045322477818
769e74c77111982aec520179328a399a,O=S(=O)(c1ccc(Cl)cc1)N1CCC2(CC1)NCCN=C2NCc1cc(F)cc(F)c1,0.22681686146692795,0.20156275955113498,0.07997744361108
527107e58a815f2248c9b0c6cf6b27e6,COc1ccc(CN2CCC[C@@H](c3n[nH]cc3-c3ccnc(N4CCCC4)n3)C2)cc1OC,0.31625275720249524,0.25075052407654846,0.15474071184342558
21fc6a52c40a1b02e6c68a76e8f1b0a4,CCC(=O)Nc1ccc([C@@H]2OCC(=O)N(Cc3ccc(F)cc3)[C@H]2CO)cc1,0.05132107097994198,0.04046148391948505,0.01046656306293285
bc0146a4f9b561f9424e55b882117205,COc1ccccc1-c1nn2c(O)cc([C@@H](C)Cn3cc(Cl)cn3)nc2c1C,0.27376701073213056,0.21601357785138217,0.25676282021132385
d7182b7351c22bdce44b5c0f04180c53,O=C1N[C@]2(CCc3ccccc31)CN(S(=O)(=O)c1ccc(F)cc1)C[C@H]2CO,0.04899857811291109,0.03690208803693002,0.006442927752769637
42941d532e407549c98ed683859a5e16,COCCNC(=O)[C@H]1CN(S(=O)(=O)c2ccccc2)C[C@@H]1c1cccc(OC)c1OC,0.050153263421221214,0.03200949885120446,0.005599674713184041
cd5008a23097306256075d27d01c706b,COc1ccc(-c2nc(CCNS(=O)(=O)c3ccc(OC)c(OC)c3)cs2)cc1OC,0.18943908268755133,0.1305374772372571,0.034494973846118555
db81ebb1a40581d58c6dca8bdd8668ba,COc1cccc(CC2(CO)CCN(S(=O)(=O)c3ccc(OC)cc3OC)CC2)c1,0.09577450223944405,0.08335299349643967,0.01654509100957181
df54c1518160122e802f6003aaf9b4ee,COc1cc(OC)cc(-c2cc(N)n(S(=O)(=O)c3ccc(F)c(C)c3)n2)c1,0.21582697196440262,0.23448547179048712,0.10297774726694281
deaf480cba7eb5dbdd82274dc190356b,COc1cc([C@H]2c3c(-c4cc(C)ccc4O)n[nH]c3C(=O)N2CCCO)ccc1OCCC(C)C,0.14027904109521347,0.12416687201369893,0.09817255356095055
3562d159261985a1f4fe636c2e224dd6,COc1cc(CNC(=O)C2CCN(c3ncnc4oc(C)c(C)c34)CC2)cc(OC)c1OC,0.16249469870870764,0.10812685029073195,0.06361533007161184
469280622e3a2697f29665009725c1a4,O[C@@H]1CN(c2ccnc(-c3ccc4c(c3)OCO4)c2)C[C@H]1Cc1ccncc1,0.09155513769523664,0.08690288468179377,0.040629503867504274
f85536e9c3e8637fabfb89a6ad5b50c5,CCOc1ccc(C(=O)Oc2cc(N)n(S(=O)(=O)c3ccc(F)cc3)n2)cc1,0.1911035952242938,0.17436481334946372,0.07479553362777965
61d9e461cf11190017329112a7cb2f63,COc1ccc(N2C(=O)/C(=C/c3ccc(O)c(OC)c3)C(=O)N=C2S)cc1,0.10637771067294208,0.09568077833815054,0.09150162644006989
82ec0e41b27951267812565dc21417a3,Cn1c(=O)n([C@H]2CCC(=O)NC2=O)c2cc(-c3ccc(OCc4ccc(F)cc4)c(Cl)c3)ccc21,0.21412215720523486,0.1540445631200617,0.08720563047311523
93aec425e6ad75f77297265a35d0d0d4,O=S(=O)(Nc1ccccc1)c1ccc(NC(=S)Nc2ccc(F)cc2F)cc1,0.43805228851058264,0.47667360305786133,0.5823768079280853
ff7d3df4a863a65e2d8710a068dd52b5,COc1ccccc1C(=O)Nc1ccc([C@H]2OCC(=O)N(Cc3ccccc3)[C@@H]2CO)cc1,0.06801162541589954,0.06699358612637628,0.027577526825056833
fe8b99b48ef5dede1faee693ef5935c2,COCCCNC1=C(C#N)C(=O)N[C@@H](c2ccc(O)c(OC)c2)S1,0.07500542310828512,0.07901809821983492,0.01801056994273412
f9e5a436b3ab39f820bc0dc093ccf84e,NC(=O)CC1(COc2ccc(F)cc2)CCN(S(=O)(=O)c2cccc(Cl)c2Cl)CC1,0.14706731926311145,0.1263769313015721,0.11095903847705234
839a8ce081680b95f2839bb125513a13,Cc1cccc(-n2ncc3c2NC(=O)C[C@H]3c2ccc3c(c2)OCO3)c1C,0.1176763739098202,0.11635822665200314,0.05701538581739773
4425b9e9c29ae036c471686b7a3a2043,O=C(c1ccc(CO)c(F)c1)N1CCc2[nH]nc(-c3cccc(C(F)(F)F)c3)c2C1,0.2462941211732951,0.2651538063179363,0.2735782360488718
33442a59b285173c512421d5109711db,COC(=O)[C@@H](C)Oc1cc(O)c2c(=O)cc(-c3ccccc3)oc2c1,0.12782803584228863,0.12746488497677175,0.03992935265573165
2e5b886eeecbbdb13ccf08f4eafddb99,Cc1n[nH]c(C)c1CN(C)Cc1ccc(C(=O)NCc2ccccc2Cl)c(O)n1,0.12433776767416434,0.13127683831209486,0.04901311504231258
6745f9cb2ad90b50dda51c301eb15084,COc1ccc(C(=O)N2CCC[C@](O)(COc3cc(C)c(Cl)c(C)c3)C2)cc1F,0.19696571813388306,0.1544680656357245,0.06035551293329759
218b5c5f5a2029f5251e4b6c4e62d26f,COc1ccc(C(=O)N2CC[C@H]3CN(c4ccc(C#N)c(C(F)(F)F)c4)C[C@@]3(CO)C2)c(OC)c1,0.15464358539743858,0.14535326713865454,0.07619095051830466
6fe156f6247685d671f311021bb81311,CCOCCCNC(=O)c1c[nH]c2ccc(S(=O)(=O)N(C)c3c(C)cccc3C)cc2c1=O,0.08633837340907617,0.07381507415663112,0.04168392091312192
6fec75cee6dfa6979675ac4ebd2aeb0a,C[C@@H](Oc1ccc2[nH]nc(/C=C/c3cnn(CCO)c3)c2c1)c1c(Cl)cncc1Cl,0.2955095835707404,0.3035147745500911,0.3367276957089251
7e7534bb092af4918c1acb3c58894839,O=C(/C=C/c1ccco1)C[C@@]1(O)C(=O)N(Cc2ccc(Cl)cc2)c2ccc(Cl)cc21,0.2822467468001626,0.2815120938149365,0.34904278272932227
9007cf6a002e1b440d3c05ff3f171914,CCOc1cc([C@@H]2CC(=O)Nc3c2cnn3-c2cccc(C)c2C)ccc1O,0.13942824845964258,0.1396318187259815,0.05259217381138693
cb2e1b81e3c3ef758951583d6a60ff87,Cc1cccc(N2C(=O)/C(=C/c3cc(C)n(-c4ccc(F)cc4)c3C)C(=O)NC2=S)c1C,0.28441743688149884,0.2523615143515847,0.4814036190509796
6953ef41f7bdd0998c664190d0a20ef0,CCC(C)(C)[C@@H]1CCc2c(sc(NC(=O)Cc3ccc(OC)c(OC)c3)c2C(N)=O)C1,0.15375546941703017,0.17046832733533598,0.17334932774644007
bdf8c8dadba1a0dcdbb3b5a304d800f8,Cc1cc2c(c(=O)n1C)[C@@H](c1cccc(OCc3ccccc3)c1)C(C#N)=C(N)O2,0.12051001766865904,0.13686851649121803,0.08490261012180285
f40bad9ca0be266935226858d1e88cbd,CCCOc1ccc([C@@H]2C(C(=O)c3ccccc3)=C(O)C(=O)N2CCCn2ccnc2)cc1OC,0.0924897546117956,0.08590850608677349,0.021777692094143607
08be58f0e05a7535f0c6f7eabc8ecb7d,Cc1cc(N2C[C@H](O)CC3(CCN(C(=O)c4cnc5[nH]ccc5c4)CC3)C2)cc(C)n1,0.11657862195914442,0.10084491087631746,0.10572792132469741
77f2e8fc59f2f2374ebee6d1c0a626e5,COc1ccc([C@H]2CC(c3ccc4ccccc4c3O)=NN2)cc1OC,0.17013660344210538,0.15163585933094675,0.06870461763306097
a80e232c7adb9f72b57ab96dc442d9c2,NC(=O)c1nc(-c2ccccc2)n2c1CCN(S(=O)(=O)c1ccc(F)cc1F)CC2,0.11767801710150459,0.13161841915412384,0.10608286241238768
33a4c636a51446e44721a20075c6029e,CSc1nn(CC(=O)Nc2c(C)cccc2C)c(N)c1S(=O)(=O)c1ccc(F)cc1,0.16397997533733194,0.154624152589928,0.06456946827132594
9689a29b00ca6714d5c668cbe96f8d20,CCOCc1cc(CN2CC[C@@H](Oc3cccc4cnccc34)[C@H](O)C2)ccc1OC,0.1904371285980398,0.18983661095527085,0.04128676640208472
9524ab5a969c1115a0abb9c9f3058e7c,COc1cc(/C=C2\S/C(=N\c3ccc(Cl)c(Cl)c3)NC2=O)cc(OC)c1OC,0.1713170212778178,0.16894077384230596,0.17651201242750342
10e62e94d587cd43b17c0aaa9e8d6ca0,C=CCOc1ccc([C@@H]2C(C#N)=C(N)Oc3c2c(C)nn3-c2ccccc2)cc1OC,0.23551000248302112,0.2678902799432928,0.19842989336360584
6c924646bf0eb3b7295354ee62afa8e0,CCOc1ccc(/C=N/NC(=O)CSc2nc3ccccc3o2)cc1OC,0.14355811138044705,0.12980416050678203,0.0732106486935994
6b51a623f055ebfcf20850d384070d8f,COc1cc(C)c(Cl)cc1S(=O)(=O)Nc1cccc(-c2cn3cccnc3n2)c1,0.22032669322057205,0.2822500237009742,0.4449270855296742
5eb68526049b9521231bc76905e3a770,COc1cc2cc(N)c(C3CCN(C(=O)Cc4ccc(F)cc4)CC3)nc2cc1OC,0.2223080654035915,0.2542860023677349,0.084113685160198
9aff84943f2da653a6162d98cb2a22cb,COc1ccc([C@H]2C[C@@H](C(F)(F)F)n3ncc(C(=O)N4CCc5ccccc5C4)c3N2)cc1OC,0.10734651965851133,0.10622548819942908,0.12590591677210547
3e73dd5ecaaf5582d3d659f60eea0ba6,COc1ccc(NC(=O)N2CCC(CO)(CCOc3ccccc3)CC2)cc1Cl,0.16759619861841202,0.11895430358973416,0.06553225168450312
2aa7fbb912631174123b5d8f8e32ad1d,COc1cc(CNCCSc2nnnn2C)ccc1OCc1ccc(Cl)c(Cl)c1,0.24302254784428937,0.2726725949482484,0.31609615053854545
64a2cdb75ae7b812b6b2b0fbac92eb1a,CCOc1ccc([C@H]2CC(=O)Nc3nc(SCc4ccc(F)cc4)[nH]c(=O)c32)cc1OC,0.19224029914899307,0.16062425144694067,0.10836818594146859
b2172a75cf20bc1c1222dcf0849a7145,COc1ccc(C(=O)N2CCC[C@H](c3nc(O)c4nnn(Cc5ccc(F)cc5)c4n3)C2)cc1OC,0.10268956761468541,0.10335446928035129,0.0723829364234751
9f0030a055d563c4092626124607185f,CC(C)(O)CCn1cc2cc(NC(=O)c3cccc(C(F)(F)F)n3)c(C(C)(C)O)cc2n1,0.31161340935663745,0.36665648086504504,0.3617626184766943
63595b2f0c63f075acc4009c73d379a9,COc1ccc(CCNC(=O)[C@@H]2CCCN(c3nn4c(=O)cc(C)nc4s3)C2)cc1OC,0.11202019453048706,0.088411652229049,0.07425032429058444
d25a094a2fbd82682670424c50919e38,Cc1ccc(Cl)cc1O[C@@H]1C[C@@H]2CN(C(=O)c3ccc4ncnn4c3)C[C@@H]2C[C@H]1O,0.10815157030116428,0.08100468021902171,0.1666374968534166
9b2b44feaf4f11ad6ada499043526ffc,CCOc1ccc(S(=O)(=O)NCc2ccnc(-c3cccs3)c2)cc1F,0.1314897733655843,0.11214534870602867,0.03942281522110782
3fef70de7ec5b0b5f0d0a8a33fb7e688,O[C@@H]1C[C@H]2CN(Cc3cccc4nonc34)C[C@H]2C[C@H]1n1cc(-c2ccccc2)nn1,0.08883382623819423,0.09612774091180075,0.1132689532188868
c4b3784c4fe6959c33ee12ae202e0c28,Cc1ccc(-c2cc(O)c3c(c2)CN(Cc2ccc(C#N)cc2)CCO3)s1,0.28227089887315576,0.356674156405709,0.10952836749228564
0c454fdd16b3fcb8ba6d7abdc0860399,COc1ccc(S(=O)(=O)N2C[C@@H](N)[C@H](c3cn(C)c4cnccc34)C2)cc1,0.08888683705167337,0.10514248331839388,0.03621847199445421
ac85cab93ecb424bfc64e51c11a8fba9,CC(=O)c1cccc(OCc2cc(C(=O)NCc3cccc(F)c3)n[nH]2)c1,0.11312285776842725,0.10916080715304072,0.03266759967135096
54aae44d3676118d7c9b09d1b322525f,Cn1ccnc1-c1ccccc1O[C@@H]1C[C@@H]2CN(c3ccc4c(n3)CCC4)C[C@@H]2C[C@H]1O,0.16607301038774577,0.12076448276638985,0.19502409615299918
a001e694b9145b6d223fb727baebca46,COc1ccc(C(=O)NCc2ccnc(-c3cnn(C)c3)c2)c(OC)c1OC,0.12125383520668204,0.1150154782967134,0.038876037071035666
d687e58c09a2a0f2150d9d0b769f678e,COCCN1C(=O)C(O)=C(C(=O)c2ccc(OCC(C)C)c(C)c2)[C@@H]1c1ccc(Cl)cc1,0.19039519402113828,0.1597466892986135,0.054993168810721145
242671f91ddefcdabf302344d264225a,CCOc1ccc(N2C(=O)[C@H]3[C@@H](c4ccc(OC)c(OC)c4)c4sc(=O)[nH]c4S[C@H]3C2=O)cc1,0.06902553073384544,0.09440525671975179,0.03735652595589107
f4a2be47a649b7357aaebdffe693c1f7,COc1ccc(-c2coc3cc(OCC(=O)Nc4ccc(OC)c(OC)c4)ccc3c2=O)cc1,0.22453666952523318,0.24271986362608997,0.08603006275370717
ab12e23e9cc383061509f7e0075c3683,O=C(C[C@@]1(O)C(=O)N(Cc2ccc(Cl)cc2)c2ccc(Cl)cc21)c1cccnc1,0.26259721273725684,0.26134664903987537,0.29566304927522485
ad4813326db7f4fcca3e0f37c86b2292,CCCN(CCC)c1nn2c(=O)c(C(=O)NCc3cc(OC)c(OC)c(OC)c3)cnc2s1,0.20838785510171542,0.15993009981783954,0.12517915810035032
f9be48fb6c60a1c23712b1eae3c6a8d3,Cc1ccc(C)c(CN2C(=O)[C@](O)(CC(=O)/C=C/c3ccco3)c3ccccc32)c1,0.20296792415055362,0.15364435586062344,0.20487484335899353
f3c037fc610900a9f5b5e7e98c49d6a6,Cc1ccc(C(=O)Oc2cc(N)n(S(=O)(=O)c3ccc(Br)cc3)n2)cc1,0.19618044116280295,0.17695495824922214,0.09798133000731468
fa286574a55c5e545114bea60d525552,Cc1cc(S(=O)(=O)n2nc(-c3cccc(F)c3)cc2N)ccc1F,0.21617790785702792,0.20243601805784486,0.10107033301822164
f1625bc88a81fe4d8743159baece493a,Cc1c(Cl)cccc1N1C(=O)/C(=C/c2ccc(-c3ccc(F)cc3)o2)C(=O)NC1=S,0.3077384633096782,0.27024742486802017,0.5019660375335
ea37fbedc2216560aa8899250ce0a7ca,COc1ccc(S(=O)(=O)N(CCO)Cc2cc3ccc(C)c(C)c3[nH]c2=O)cc1,0.13471965051510118,0.0916594296947799,0.02918115673078732
033a6083cae75be2a28dbe6f6a5ec99d,COc1ccc(CCNc2nc(S(=O)(=O)c3ccc(C)cc3)c(Cl)s2)cc1OC,0.23257976634935898,0.24323115226897327,0.1244674056599086
cc29e8c6e1b12892e20c1dbd48baa1ca,N#Cc1ccc(N2C[C@H](CO)C3(CCN(C(=O)CCn4ccnc4)CC3)C2)cc1C(F)(F)F,0.15594296970150687,0.16105273738503456,0.08659357501363213
40e42a108d3536e36c1ce030c918d4fa,Cc1cc(OC[C@@]2(O)CCCN(S(=O)(=O)c3ccccc3F)CC2)cc(C)c1Cl,0.14033374935388565,0.1039732156152075,0.09583863040263002
4ce531c07c529c63a86344656c1326bd,COc1cccc(C(=O)NC[C@@H]2Cc3cc(-c4ccccc4C(C)=O)ccc3O2)c1OC,0.17443003370003266,0.14427830156108196,0.043156431056559086
cfca08e393e017172a09edd06a499222,COc1cc(C[C@H]2CO[C@H](c3ccc(O)c(OC)c3)[C@H]2CO)ccc1O,0.14961711181835693,0.1277654997327111,0.03717406633818014
375f80b3bef9eed6f867de08ee4e8336,CCOc1cc([C@H]2CC(=O)Nc3c2cnn3-c2ccc3nnc(C)n3n2)ccc1OCc1ccccc1,0.09016572480851953,0.09260037896985357,0.059237393592907625
4381c803757048ddfa504460329bb3e7,O=C(c1ccc(F)c(O)c1)N1C[C@@H](Cc2ccc3ccccc3n2)[C@H](O)C1,0.07958520305427638,0.06355889018794353,0.034113535742190754
1a84df9a83134a0556b65471cfa02cfa,COc1ccc(-c2nn3c(O)cc(C[C@H](C)n4nnc5ccccc54)nc3c2C)cc1,0.14323846995830536,0.1358101428909735,0.17946683479980988
8bf687a77decbaad4ff3eb907913013e,COc1cc(/C=C2\C(=O)N=C(S)N(c3ccc(C)cc3)C2=O)ccc1OCC(=O)O,0.06451129413802516,0.0609489269554615,0.03845081971534951
6605ddd6ee1fa6f97296ffe6f3cefc2d,Cc1ccc(S(=O)(=O)N2CCC3(CC2)NCCN=C3NCc2cccc(F)c2)cc1C,0.11776586012406783,0.11218132214112715,0.035595934224230324
ddc0b15b3e3f2d6dac0cda3ca472aa87,CS(=O)(=O)c1ccc(OC[C@@]2(CNCc3ccc(F)c(F)c3)C[C@@H](O)[C@@H](O)C2)cc1,0.2150153121487661,0.24135150828144766,0.19227888401259075
e0737fc2b8e4d98e650135169f0a8d4d,COCCn1c(C)cc(/C=C2\C(=O)N=C(S)N(c3ccc(Cl)c(Cl)c3)C2=O)c1C,0.1493940255181356,0.15544766052202744,0.33978803184899414
1dd8ed00d8d58f87ab30bcaa727d1476,C=C(C)COc1ccc([C@@H]2CC(O)=Nc3c2c(C)nn3-c2ccc3nncn3n2)cc1OC,0.09442064978859642,0.10660105774348433,0.07750295542857864
6b1cb245b0d846f3e138be976c7b1beb,OCc1cc(OCc2ccccc2)cc(-c2cncc(F)c2)c1,0.26100072129206225,0.2416710169451438,0.054614434484392405
5bff2cd68ac22e0038f0fc327dd71a97,COc1ccc(S(=O)(=O)Nc2cnc(Oc3ccccc3F)nc2)c(OC)c1OC,0.1900081465190107,0.13307807391340082,0.061388115398585796
b3a74b6be47b8f5a7fadd31937c5178a,CCCOc1ccc([C@@H]2C(C(=O)c3ccc(OC)c(F)c3)=C(O)C(=O)N2CCN(CC)CC)cc1,0.16272720355879178,0.15723009686387907,0.03714811107387173
9bb9c81d03f97450e2ea1c24005530d1,O[C@@H]1C[C@H]2CN(Cc3ccsc3)C[C@H]2C[C@H]1Oc1cccc(Cl)c1,0.17105264656923033,0.1592047377066179,0.07705165776000782
0de6714c991dec27246aecc7a8ec43b5,COc1ccc(CN[C@@H]2C[C@@H](O)[C@H](CO)[C@H]2Cc2ccnc(-c3ccccc3)n2)cc1,0.18207530067725616,0.15498874031684615,0.24471363831650128
c8c61e72a820a5ef4f7cfd5bc5763f24,COc1cc2c(cc1OC)CN(S(=O)(=O)CCNC(=O)c1cccc(OC)c1OC)CC2,0.0903387452391061,0.07508105441758578,0.013923376735130494
cdae148a21e85b01e024da13b6a6e9a8,COc1ccc([C@@H]2[C@@H](CO)OCCN2Cc2ccc(-c3cc[nH]n3)o2)cc1OC,0.08392536030574278,0.07002043050967834,0.020127193693373225
ff6c89287700cd436c31d1513dc6cf54,CCOc1ccc(S(=O)(=O)NCc2ccnc(-c3cnn(C)c3)c2)cc1F,0.09467408298091455,0.09873230577531186,0.02472435082943941
64ef3140aea47eaf8a2531319e47ed96,COc1ccc(CC2(CO)CCN(c3ccc4ccccc4n3)CC2)cc1,0.3775949207219211,0.3240247666835785,0.16394804147156802
6e2eab36fa592a1cdb7940785f06d56e,COc1ccc([C@@H]2[C@@H](CO)OCCN2Cc2c[nH]nc2-c2cc(C)ccc2C)cc1OC,0.14431160823865372,0.09637988731265068,0.06156329658221115
6790794c65998aaaeff3142e55973631,Cc1cn(C[C@]2(O)CC[C@H](N(C)C(=O)c3cccc(OCCN)c3)C[C@H]2O)c(=O)[nH]c1=O,0.0668254614892331,0.050268502313305034,0.013852644805658863
33cc238253f375f84035e072e599f1e3,O=C(COc1cccc(F)c1)Nc1ccc(Oc2ccccc2)cc1,0.27456989748911426,0.31113296719651146,0.051211024558132194
801e839100dccc3e50d3a952eec31364,Cc1cc(/C=C2/C(=O)N(c3ccccc3F)C(=O)N=C2O)c(C)n1-c1cccnc1,0.19155437702482397,0.18478485332293945,0.3557971566915512
ce5758c2c420f2893b9ba56feb1245bf,COc1ccc([C@H]2[C@@]3(C)OC(=N)[C@]2(C#N)C(C#N)(C#N)[C@H](c2ccccc2)O3)cc1,0.11680672835548518,0.18148257526230405,0.12054827093379572
5a69a827453428949a83d5d8d9ab3ba0,COc1cc(C(=O)N[C@@H]2CCCc3nc(-c4ccncc4)ncc32)cc(OC)c1OC,0.14923229203982788,0.11065733500502327,0.09872253535484726
4f2b07142ba4a8616664c5fd4a17c8a1,COc1ccc(CCNC(=O)CCCn2c(=S)[nH]c3ccccc3c2=O)cc1OC,0.13265228406949478,0.10617482895031571,0.01502870330163701
5719ed052ff7fa3fab4841e17fa37b68,COc1ccc(CNC(=O)c2cc(F)cc(NC(=O)CCn3ccnc3C)c2)cc1,0.10186196254058318,0.08944282054223797,0.0208994854262776
58126d6bbfa90ce258a3e9d0a26214ef,COc1ccc([C@H]2CN(S(=O)(=O)c3ccccc3)C[C@@H]2C(=O)NCc2ccccc2)c(OC)c1,0.0713794854554263,0.04780535484579476,0.01109185447090898
8f5b3d1c05722bbc9cf7f3468e2dc0b1,O[C@@H](CN1CCC[C@@](O)(c2ccc(F)cc2)CC1)c1ccc2c(c1)OCCCO2,0.20416756516153162,0.14368544523180884,0.07285338136452166
4925636358920f3357408fb138020ebd,CC[C@H](C)[C@H](NC(=O)COc1cc(O)c2c(=O)cc(-c3ccccc3)oc2c1)C(=O)O,0.13196266374804758,0.1065942243509529,0.03352119218906906
a6d5822dd974d5980a5d2d52e2b66d0a,Cn1c(=O)oc2ccc(S(=O)(=O)NCc3ccc4c(c3)n(C)c(=O)n4C)cc21,0.07206135006113486,0.0596903438933871,0.015791572048328817
7b4fe82b94c5b2c0c47965618e2c774a,COC(=O)C1=C(CSc2ccc(F)cc2)NC(=O)N[C@H]1c1ccc(OC)c(OC)c1,0.14476412873376499,0.1447566898370331,0.07985437246547504
d93e6a8cd5baa9c1fb89fe8bc94d3666,C[C@H]1Cc2cc(S(=O)(=O)N(CCO)Cc3ccccc3)ccc2N1C(=O)C1CC1,0.042330047031017864,0.03146275285292755,0.008189353332537312
a66743d64ae5fb6cdf3a57ff077917e0,Cc1ccccc1Cn1ccc(NC(=O)C2=CC(c3ccc(F)cc3)=NS(=O)(=O)N2C)n1,0.2476678124882958,0.22008987854827533,0.24449428780512375
007b31624bbf92a836fe082f90f06634,Cc1cc(/C=C2/NC(=O)N(c3cccc(Cl)c3)C2=O)c(C)n1-c1ccccn1,0.36019750345836987,0.36004646799781104,0.43135084076361224
f71b1b77a3293d13551ec482a9c4dbd9,C=CCOc1ccc([C@H]2NC(=O)NC(C)=C2C(=O)Nc2ccc(F)cc2)cc1OCC,0.26480457322164014,0.28309864246032457,0.10243326696482571
1075f0ef68157e907444d238a614af1b,Cc1ccn(-c2cccc(C(C)C)c2)c(=O)c1C(=O)N(CCO)Cc1ccc(F)cc1,0.2090530043298548,0.17920466986569492,0.12540991976857185
ef1831aa43794c83f5d3c941e0c64cbf,CCc1ccccc1NS(=O)(=O)c1c[nH]c(-c2nnc(-c3ccc(F)cc3)o2)c1,0.16302815011956476,0.1926527666774663,0.3827996172688224
31bf83f926b070e14f16c55ab1bef972,CC1=NN(c2ccccc2)C(=O)[C@@H]1/C=C1/C(=O)NC(=O)N(c2cc(C)cc(C)c2)C1=O,0.08043397179889408,0.11795621636238965,0.21022097698666833
54a905f6fddc720d6492632ef5d5b9e9,COc1ccc(CN2C(=O)N[C@@H](CC(=O)Nc3ccc4[nH]ccc4c3)C2=O)cc1OC,0.08524012328548865,0.06787280450490388,0.02744260150939226
967b96dda7fbe3382496f994ac9f5481,COc1cc(Nc2nc(N)c(C(=O)c3ccc(OC)c(OC)c3)s2)cc(OC)c1,0.5381116176193411,0.5557604824954813,0.2650096772069281
78ed54b43e2870daf93821294052b3ea,COc1ccc(C(=O)C[C@]2(O)C(=O)N(CCc3ccccc3)c3ccccc32)cc1OC,0.2520435628565875,0.20049188421531158,0.20962476256218823
d7cc30c8c9aa9c40bdbd2e48134e61e6,COc1ccc([C@H]2[C@H]3CNC[C@H]3CN2S(=O)(=O)c2ccc3oc(=O)ccc3c2)cc1,0.05660926131531596,0.04797253673049537,0.01044185517821461
b55a54c365ea5cddca97b21f944fe5c5,Cc1ccc(NS(=O)(=O)c2c[nH]c(-c3nnc(-c4ccccc4)o3)c2)c(C)c1,0.15701883015307513,0.14912614023143594,0.328379979187792
116afb98e1363c399f183cacdbd6d10c,COC(CNC(=O)c1c[nH]c2ccc(S(=O)(=O)N(C)c3ccccc3C)cc2c1=O)OC,0.08524075675417077,0.07361057739366185,0.02109425630293448
e2960a4fc905f79f40d43098726affab,Cc1[nH]nc2ccc(-c3n[nH]c4c3CN(C(=O)c3ccc5cc(O)ccc5n3)CC4)cc12,0.15384485708041626,0.13817630979147824,0.2127728360620412
3514f36ba929bc1b5ed755b2db95368f,O=C1CNC2(CCN(S(=O)(=O)c3ccc(Cl)cc3)CC2)N1Cc1cccc(C(F)(F)F)c1,0.24385231868787247,0.24947513233531604,0.15081674910404466
56d56c282c515dbf979a00ce64d95669,COc1ccc(S(=O)(=O)NCc2cncc(-c3cccs3)c2)cc1Cl,0.18674693933942102,0.18041026321324435,0.10237406228076328
5d518acd8ff38622639fbb409e07da06,Cc1cc(C2CCC2)oc(=O)c1C(=O)N1Cc2[nH]cnc2[C@H](c2cccc(O)c2)C1,0.10088893669572743,0.13628276979381387,0.05872448736971075
c4c8ec907788c7bd78e765d4afb19729,O[C@@H]1C[C@H]2CN(CCc3cn[nH]c3)C[C@H]2C[C@H]1Oc1cccc(Cl)c1,0.1733900328928774,0.15752094526859847,0.08278766985643994
30a0a10f4044a67cd3ed5240c70095ec,Cc1cc(S(=O)(=O)n2nc(-c3ccc(C(C)(C)C)cc3)cc2N)ccc1F,0.23865373297171158,0.2870474281636151,0.24500738964839416
d5e7ffb78a9dbb4ba971386253dedfa4,CCc1ccc2[nH]c(=O)c(CN(CCO)S(=O)(=O)c3c(C)ccc4nsnc34)cc2c1,0.07617029987952927,0.07551144023256545,0.03293271684511141
f051dfbfe88ae41542f06fbb9dec042c,COc1ccc(CN2CCC[C@](O)(COc3cc(C)ccc3Cl)CC2)cc1O,0.42384131117300555,0.38697796924547717,0.21745362132787704
cdc11bc01a30342a55eaad7b56fffb77,CCc1cc(O[C@@H]2C[C@@H]3CN(C(=O)c4ccncc4)C[C@@H]3C[C@H]2O)ccc1Cl,0.09212347120046616,0.07348680826412006,0.05360281374305487
e3214c5c270fbf6fcf7b7242c0403e33,CCCN1C(=O)C(O)=C(C(=O)c2ccc(OC)c(OC)c2)[C@@H]1c1ccc(O)c(OCC)c1,0.11417128789153966,0.09596191612283954,0.021219013318014648
bdf488a55ec89abd812cfb4bec308859,COc1ccc(-c2cc(OCc3ccccc3)ccc2N)cn1,0.3311267617073926,0.31776726921088994,0.05692137204195288
ef3abbf0fd96a0a8e02e540d2c782654,COc1cccc(C(=O)Nc2nc(COc3ccccc3)cs2)c1OC,0.26221616295250977,0.23677283322269266,0.10389407944272865
a78b50526421edb1f5bdb6fdd4007b1f,COc1cc([C@@H]2CC(O)=Nc3c2ncn3-c2ccccc2F)cc(OC)c1OC,0.21137794242663818,0.2130891325121576,0.08531968261707913
e787cc7b99e82c94e6dc442e00b6a4eb,O=C(NCCn1ccc2ccc(F)cc21)C1CCN(S(=O)(=O)c2ccc(F)cc2)CC1,0.12703898684544998,0.08176683177324859,0.016963980414650658
92e6933825d9c7e7a11754ddcd00b812,Cc1cccc(C)c1NS(=O)(=O)c1ccc2c(c1)NC(=O)[C@H](C(=O)N1CCC(C)CC1)S2,0.06545177931812676,0.06691135076636617,0.07758297182788904
fb610a0494bbe91c5d52ee9337c8907d,NC(=O)CC1(COc2cccc(Cl)c2)CCN(S(=O)(=O)c2cc(Cl)cc(Cl)c2)CC1,0.18971565230326218,0.17130189659920605,0.3481010848825628
196158a99e4da7e9d8baae268a8717fb,Cc1cccc(N2C(=O)NC(=O)/C(=C\c3cc(C)n(-c4ccncc4)c3C)C2=O)c1C,0.2234635055065155,0.2096817805008455,0.3910952616821636
c8769f081c8021ad7836390917c74c08,C=CCOc1ccc(/C=C2\C(=O)N(c3ccc(Br)cc3)N=C2O)cc1OC,0.18252745880322022,0.16749823161146857,0.20402672412720593
86af7582ca515c39183b37b8b59596ee,Cc1ccc(C)c(N2CCN(C(=N)NS(=O)(=O)c3ccc(C)c(C)c3)CC2)c1,0.10664371401071548,0.13266035440293225,0.026934040879661388
1ec8c80e6a5c2a8f4f8feae105eaf28b,Oc1nc(Cn2nnc(-c3ccccc3)n2)nc2c1nnn2Cc1ccc(F)cc1,0.1514401649209586,0.13974948667667128,0.14417649382217365
2eb34d1a549feb5bf3f7cc3ad77146bf,CCOc1c(Cl)cc(/C=C2\C(=O)NC(=O)N(c3cccc(Cl)c3Cl)C2=O)cc1OC,0.2925117462873459,0.30678952553055505,0.42651132426478644
5d244eecea075663aa1a50f0bd4137c8,COc1c(C)cnc(Cn2ccn3nc(-c4ccc(F)cc4)c(CO)c3c2=O)c1C,0.2215766954151067,0.22106100754304367,0.13770676048641856
dc3fd01eb1c0a4f816dcbb4ffe34dc2b,O=C(c1ccsc1)N1C[C@H]2C[C@@H](Oc3cccc(Cl)c3)[C@H](O)C[C@H]2C1,0.07456192933022976,0.06574677227234299,0.028159492098811
28acd11e857e9253e52ee357671db5d3,COc1ccc(Cn2c(C3CCN(C(=O)Cc4ccsc4)CC3)n[nH]c2=O)cc1,0.08292273178019306,0.07668458779384806,0.015640448847658594
ef9edb604e51953c1393868a3bd91a83,Cc1ccc(S(=O)(=O)Nc2cccc(C(=O)Nc3cccc4nsnc34)c2)cc1Cl,0.16925748674706978,0.1541667804121971,0.22902772507884286
6963b3361fb7e7a063eed2ba84644d46,CN(Cc1cccc2cnccc12)C(=O)c1cc(COc2ccccc2F)[nH]n1,0.14110024679790845,0.12187087942253459,0.07807965254919096
529761c12d16b47cc4f43164eb353b31,CC(C)c1nc(N2CCC(c3[nH]ncc3-c3cccc(F)c3)CC2)no1,0.22576629133387047,0.21756047958677466,0.16562698087231678
da72dda8a2c5c50a80c98a76c631a91f,Cc1ccc(C(=O)N[C@H]2CC[C@@H](Oc3cccc(F)c3)[C@@H](O)[C@@H]2O)cn1,0.12048043107444589,0.10218107090754942,0.06003411884673617
727ebacb7143ffbbbe7f83b9ebe6e6fb,Cc1ccc(C)c(Cn2nnc3c(O)nc(C4CCN(C(=O)c5ccc(F)c(F)c5)CC4)nc32)c1,0.13302218168973923,0.1297768706625158,0.18134230781685223
2f76aff21f818c80970cb0c44dd4262c,N#Cc1ccc(N2CCC3(CC2)CN(C(=O)Cc2ccccc2Cl)C[C@@H]3CO)cc1C(F)(F)F,0.2698979946700009,0.3128759115934372,0.44356017356569116
b2880fc5aaade35eca9c4b70375c7395,Cc1ccc(-c2cccc(OCc3ccccc3)c2CO)cn1,0.2288071350617842,0.17978707577144218,0.03627485482932322
42e43bb1d5ff6074794d9cc600d7fd46,CCCCOc1ccc(-c2[nH]ncc2C(=O)NC[C@H]2CCCO2)cc1,0.11088937385515733,0.10292933584952896,0.01846185150894929
e0cac0054591212625b289f5e4dfbc43,CCn1[nH]/c(=N/S(=O)(=O)c2ccc(OC)cc2)c2cc3cccc(C)c3nc21,0.22048908472061157,0.16880528764291244,0.2560111805796623
23eb8ca16c87b0238d4ce55c92babbac,O=S(=O)(NCCCc1cnc2ncnn2c1)c1ccc(F)c(Cl)c1,0.18184314871376211,0.1960906278003346,0.12558395229279995
0e3a7f86cce09df5dd4ed595af483f83,O=C(NCc1ccc2[nH]ccc2c1)c1cc(-c2ccc(F)cc2F)ccc1O,0.29383793608708814,0.2562954358079217,0.16512839428403162
6c678fb004973102b033557f6f37c71f,OC1=Nc2c(ncn2-c2ccc(F)c(Cl)c2)[C@H](c2ccc(O)cc2)C1,0.2262927686626261,0.23165576498616824,0.173729404468428
9ab43d2e95a66406fde009af4a38c0bc,Cc1ccsc1S(=O)(=O)N1CCC(CO)(CCCc2ccccc2)CC1,0.09788416834040121,0.08571450920267538,0.03327890303493901
5418a1a2ad50422827aa66f91c75ea4b,Cc1cc(C)c(S(=O)(=O)N2CCC3(CC2)NCCN=C3NCc2cc(F)cc(F)c2)cc1C,0.14222219450907272,0.1346410709348592,0.05874339139766314
2df35aab317be38dc231f35f594203a1,Cc1noc(C)c1C(=O)N1CCC2(CC1)CN(c1ccc(C#N)c(C(F)(F)F)c1)C[C@@H]2CO,0.12084721638397737,0.1624919121915644,0.2554201226342808
6661435f414950caeca56bbed402a3ee,COc1ccc([C@@H]2[C@@H](CO)OCCN2Cc2cn(-c3ccccc3)nc2C)cc1OC,0.11050521853295239,0.08221324702555483,0.0385127507192506
1cafff8392c6cd655281c819b9068421,CCc1ccc(N(C)S(=O)(=O)c2ccc3[nH]cc(C(=O)NCCOC)c(=O)c3c2)cc1,0.08290790156884627,0.10158907622098923,0.06387866904366422
6c2a059e254d854613a7d9e3380dd35d,Cc1ccc(O[C@@H]2C[C@@H]3CN(Cc4ccc5ccccc5n4)C[C@@H]3C[C@H]2O)c(C)n1,0.15181281891736118,0.12325693734667519,0.1559215123680505
c517042b577e427c331df120d30576c5,COc1cccc(CC(=O)N2CCC3(CC2)CNC(=O)c2cc(C)ccc2O3)c1,0.05669786764139479,0.0635014774108475,0.013508733887151307
16d45157824e3dc4ef80c07b00e1b63e,CCn1c(=N)c(C(=O)OCCCOC)cc2c(=O)n3cccc(C)c3nc21,0.2018495804884217,0.1537296175956726,0.1678483815525066
df0325e4dff9ae78192961670b20ab79,Cn1nc(C(=O)N2CCc3[nH]nc(-c4ccc(F)c(F)c4)c3C2)ccc1=O,0.11379172483628447,0.10520278662443161,0.11480163816701282
cc0841b78faf4c8578f673d3e16585a8,Cc1ccc(O[C@@H]2C[C@@H]3CN(Cc4cc5ccccc5o4)C[C@@H]3C[C@H]2O)c(F)c1F,0.25248014385049994,0.2271976978941397,0.34322639487006446
a1ffff8e68fdd64e0afcf8679d9b6f87,COCc1n[nH]c(-c2cccc(NC(=O)C[C@@H]3OC(=O)c4c3ccc(OC)c4OC)c2)n1,0.08691913363608447,0.07725107919594104,0.025612312686544927
62a5b1d6785a02565037816b30625517,O=C1NC2(CCN(C(=O)c3ccc4c(c3)OCO4)CC2)N=C1c1cccc(Cl)c1,0.13733261891386725,0.11567192660136656,0.0883563535118645
14dbd4183143c0713b7e2038189d0cc6,C=C(C)[C@H]1Cc2c(cc(O)c3c2O[C@@H]2[C@@H](O)Oc4cc(OC)c(OC)cc4[C@@H]2C3=O)O1,0.10645653764632615,0.10175268165767193,0.03917798585131426
04e3cf84412a20cb59ce626ed3815fb9,COc1ccc(-c2n[nH]c(=S)n2-c2ccc(Cn3cncn3)cc2)cc1OC,0.28686803579330444,0.23879626799713483,0.1260370107536966
11d38745c4bb45961b6f470113625e8d,Cc1cccn2c(=O)c3cc(C(=O)NCc4cccnc4)c(=N)n(C(C)C)c3nc12,0.2345657219940966,0.155731123956767,0.1121235064823519
bf8656e18f26499f7ad2dba6833c1ae3,CCOC(=O)[C@@H]1Oc2c(c(=O)oc3ccccc23)[C@H]1c1cc2ccc(OC)cc2nc1O,0.10341064428741281,0.11104149642315778,0.11924482238563625
96cc7ac83972127161dceeca5a7fc32e,Cc1ccc(CN2C(=O)[C@@](O)(CC(=O)c3ccccc3[N+](=O)[O-])c3ccccc32)c(C)c1,0.21415752104737543,0.21357117728753525,0.15668267621235413
0dcc9533eb9be7c8e4316a89e11a6d8e,COc1ccc(OC)c(NC(=O)/C(C#N)=C/c2c[nH]nc2-c2ccc(OC)c(OC)c2)c1,0.30860839648680255,0.26105056228962814,0.3117177838628942
9a67dfb96e7ef56dd1141116e739fe69,Cc1noc(C)c1CCC(=O)N1C[C@H]2C[C@@H](Oc3cccc(F)c3C)[C@H](O)C[C@H]2C1,0.051090934313833714,0.04514768889004534,0.01629854767286981
a5d557564f6b5566e08a3e5be28b51b5,COc1ccccc1C(=O)[C@@H]1CCCN(Cc2c[nH]nc2-c2cccc(F)c2)C1,0.3030135780572891,0.2884381325407462,0.07454416401345622
a4fd5edfb5178a00e48e3c60a7f91f50,COc1cccc(CNC(=O)N[C@@H]2CCN(c3ccc(F)c(C)c3)C2=O)c1,0.12600825625387105,0.0914507416415621,0.04308753454295749
be0b701eb1f1ff3db7f3d6b1405f6d9d,O=C(c1c[nH]c(=O)c2ccccc12)N1C[C@@H](Cc2ccc3ccccc3n2)[C@H](O)C1,0.075066170909188,0.052402759309519424,0.02448296386071227
c60452f68cc658e097f5eb1d8bc8220b,O=C1N=C(O)/C(=C/c2ccc(N3CCCCCC3)o2)C(=O)N1c1ccc(F)cc1,0.13782864461906932,0.15893172912976958,0.2501701048829339
b816bdbf5ea4eac58509d25b39694b99,Cn1cnc2cc(O[C@@H]3C[C@@H]4CN(Cc5cccc(F)c5F)C[C@@H]4C[C@H]3O)ccc21,0.17876116779040208,0.18081345476887442,0.2184521501714533
0eb7a18770b9b0d3b04240a013fc1c2b,Cc1cccn2c(=O)c3cc(C(=O)NCc4ccc(F)cc4)c(=N)n(Cc4ccncc4)c3nc12,0.25170587274161255,0.18605174259705978,0.18660997294566847
aae49dd7356c89458fae1fb68d27b68e,COc1cccc([C@@H]2CC(=O)c3c(nc4c(c(C)nn4-c4ccc(C)cc4)c3N)C2)c1,0.3424206701191989,0.3283364764330062,0.2562701597132466
0d338d889da9a058ac2b462211652968,Cc1cccc(O[C@@H]2C[C@@H]3CN(C(=O)c4cc5ccccc5oc4=O)C[C@@H]3C[C@H]2O)c1,0.08972122418609532,0.0712634792382067,0.11684869331392375
17213a244425e4a5de0bcb6187ca8afb,COc1ccc(S(=O)(=O)N(CCO)Cc2cc3c(C)cc(C)cc3[nH]c2=O)cc1,0.14495768601244147,0.09219083240763708,0.033934432674538
e1a8ee9c0eb758a5caf67c802f802098,COc1ccc(OC)c(CNS(=O)(=O)c2cc(-c3nc(-c4ccccc4)no3)sc2C)c1,0.1354416784915057,0.1293868852609938,0.07856835424900055
82436bfcdf61e2bd2f23008c96d657b9,COc1cc(CNc2nc(C)c(-c3ccn(C[C@@H]4CCCN(C)C4)n3)s2)cc(OC)c1OC,0.4062547412785617,0.24285054037516768,0.26324375515634363
8daa15b222896163c330fda075578f96,COc1cc(CCNCc2c(C(=O)O)c(C)n(Cc3ccc(Cl)cc3)c2C)cc(OC)c1OC,0.18052513694221323,0.2183323787017302,0.11871250075372783
5fc66d75dd42c834d78df856cb492d4c,C=C(C)[C@@H]1Cc2c(ccc3c2O[C@H]2COc4cc(OC)c(OC)cc4[C@@]2(O)C3=O)O1,0.17559939961541782,0.19235969097776848,0.05591395637020469
182e3ccaf7dedda8c1ac7605c70cca9e,COC(=O)C[C@H](c1ccc(OC)c(OC)c1)c1oc(CN2CCc3ccccc3C2)cc(=O)c1O,0.13391891392794522,0.13612304379189896,0.02166750164575536
7ccc9b2598bd64c47ed3eb1068c3cf8a,COc1ccc(O[C@@H]2CCN(c3nc(N(C)C)nc(C)c3C)C[C@H]2O)cc1OC,0.09823608161373572,0.06230198422616178,0.05968957051465457
39798eb391a4bdc378f74efda93c5f3d,Nc1c2c(nc3c1cnn3-c1cccc(F)c1)C[C@@H](c1cc(F)cc(F)c1)CC2=O,0.31432612477378413,0.35207995416765864,0.3162779144265435
456888dae6d8455855dc38f77dfcf879,Fc1ccc(CN[C@H]2CCCc3nc(-c4cccnc4)ncc32)cc1F,0.2846742854876952,0.22554358433593402,0.26787117529999127
c1deee6867e62ddbc25fd83b7add0eb1,COc1ccccc1/C=C1/C(=O)NC(=O)N(c2ccc(OCc3ccccc3Cl)cc2)C1=O,0.18786566907709296,0.24876206706870685,0.26371823928572913
cb22361ccc6c9137fc89765df9864a68,O=C(CC[C@H]1NC(=O)N(c2cccc3ccccc23)C1=O)NCCc1cnc[nH]1,0.08801063387231393,0.04999451288445429,0.04022941171106967
404c8c28a8f252eab8266dfc0371bf6b,COC(=O)c1cccc(CN2C[C@H]3C[C@@H](Oc4ccc(F)cc4)[C@H](O)C[C@H]3C2)c1,0.11659467034041882,0.11647376367314295,0.05532113886014982
bdeb96b019c4655f7ccd07c8ca9ce000,COc1ccc([C@@H]2C(C(=O)c3ccc(OC(C)C)cc3)=C(O)C(=O)N2CCN(C)C)c(OC)c1,0.13252472200176932,0.12485110471871766,0.03732628366825255
fc7c8cd017850c4a06fcc7ef0a439aa3,COc1ccccc1OCC(=O)N1CC[C@@H](Oc2cccc(C(C)C)c2)[C@H](O)C1,0.08860184116797014,0.08925990298554738,0.015230533515849938
adffd6337eacfb69e85bd091c2767915,Cn1c(=O)c2ncn(C[C@H]3OC[C@@H](NC(=O)c4ccc(F)c(F)c4)[C@H](O)[C@@H]3O)c2n(C)c1=O,0.07130354558202354,0.0784124034372243,0.06839983944188464
c4d0affd27703935a5d14fbb15f6f24b,O=C(NC1CCCCCC1)c1c[nH]c2ccc(S(=O)(=O)N3CCc4ccccc43)cc2c1=O,0.15858458456667987,0.12478211217305878,0.10982925893569534
ffa35b93795d3401d64a79435d5ada26,CCn1ccc(/C=C2\C[C@@H]3[C@H]4CCc5cc(O)ccc5[C@H]4CC[C@]3(C)[C@H]2O)n1,0.1727041100913828,0.11961168220097368,0.15024924515323204
7650345cc743a92bbd5a39959a39c4cf,Cc1cccc(O[C@@H]2C[C@@H]3CN(C(=O)c4cc(C)nc5c4c(C)nn5C)C[C@@H]3C[C@H]2O)c1,0.06086521011523225,0.0460917709225958,0.10016380400735546
45387a04c1aa900b39282a6033887e81,Cc1csc(-c2cc(OCc3ccccc3)ccc2CO)c1,0.21114507859403436,0.1504840137984667,0.03136978052895178
2a4eebef56275d541706c902721d83fa,COc1ccc(S(=O)(=O)NCc2sc(-c3ccccc3C)nc2C)cc1F,0.16000558639114554,0.12823518179357052,0.05396082590926777
cf58dd323268d1f936068af8901eef27,Cc1c(Cl)ccc2c1NC(=O)[C@]21N[C@H]([C@@H](C)O)[C@H]2C(=O)N(Cc3ccc4c(c3)OCO4)C(=O)[C@H]21,0.08736179040914233,0.057225164364684715,0.04950381620702418
2c11eca4282c49e13db69ac24c5a53ed,COc1ccc(CCN2C(=O)[C@@H](CCC(=O)Nc3cccc4[nH]ccc34)N=C2O)cc1,0.1096520566127517,0.0691073067824949,0.05824360183694146
35ffba2a850a9dc8b09e13bbb32341c8,COCCN1C(=O)C(O)=C(C(=O)c2ccc(OC)c(C)c2)[C@H]1c1cccc(OC)c1OC,0.1033073677258058,0.09590155631303787,0.054315128533000294
bb6f5da722c02037d8f1b00a26da2f14,COc1ccc([C@H]2c3c(-c4cc(C)ccc4O)n[nH]c3C(=O)N2Cc2ccco2)cc1,0.09901914373040199,0.07270937514576045,0.07947368716651743
52c85fe90062629ae3c97c4a8f99abd1,Cc1cccc(N2C(=O)NC(=O)/C(=C\c3ccc(-c4ccc(F)cc4)o3)C2=O)c1C,0.2594030580737374,0.227085256441073,0.36418750475753436
fd74b3923be6280c44027f3ec9d654d1,COc1ccc(/C=C2/C(=N)N3N=C(c4ccccc4C)SC3=NC2=O)cc1OC,0.17196297713301398,0.1458398076620969,0.22245635024525903
a894479028392b8c534f4c078237ddf4,COc1ccc(C(=O)Nc2ccccc2COC(=O)c2ccc(OC)c(OC)c2)cc1OC,0.21412658081813293,0.1999134293503382,0.07311727326701987
a8cce6d870912d3d89c110e96d6b2be5,COc1ccc([C@@H]2CC(=O)Nc3c2cnn3-c2cccc(C)c2C)cc1,0.1455912644212896,0.1349735756150701,0.038723905867134985
7d812513be818014906d2c69a88763f8,COc1ccccc1-c1nn2c(O)cc([C@@H](C)Cn3nccc3C)nc2c1C,0.20766772871667688,0.14779594879258762,0.16609931940382178
0c39acab1fd581b992e7bfd9a02c871f,CCOc1ccc(-c2cccc(NS(=O)(=O)c3cc(C)c(C)cc3OC)c2)nn1,0.10231748866763982,0.12448343295942653,0.12552791393615984
7ae52adef1bf7a80555f0e0e9f9bc893,COc1cccc(-c2cc(NCc3ccc4c(c3)OCO4)nc(N)n2)c1,0.430998986417597,0.43990611894564197,0.16564823958006772
c013fdec428b6ff58fe4183c8e68ac96,COc1ccc(-c2[nH]c(-c3ccccc3)nc2S)cc1OC,0.2931390485980294,0.22687866441397506,0.02494143615265123
101fc36c105c1328f23b1cfd488db7e3,COc1c(C)cnc(CN2C[C@H]3C[C@@H](Oc4cccc(Cl)c4)[C@H](O)C[C@H]3C2)c1C,0.16783302209594034,0.1767842915247787,0.13605718077583748
c42bb9cf7094457f058ceab8753399b3,COc1cc(C)c(C(=O)O[C@H]2[C@@H](O)[C@H](n3ccc(=O)[nH]c3=O)O[C@@H]2CO)c(OC)c1,0.13313399035144935,0.10040487873960625,0.03362719888206233
7820b6366ee34ee48fd039f997a53903,Fc1cccc(-c2cn[nH]c2C2CCN(c3cnc4ccccc4n3)CC2)c1,0.4865242730487477,0.4792701791633259,0.38509401272643695
021e345047b051ca677690b758150f6e,Cc1cc(/C=C2/NC(=O)N(c3cccc(Cl)c3)C2=O)c(C)n1-c1ccc(S(N)(=O)=O)cc1,0.3632536842064424,0.4073322130875154,0.43094782666726544
478f24972686673e7623041fff9359ba,COCc1nn2c(O)cc(COc3ccc(OC)cc3)nc2c1-c1ccccc1,0.27679807625033637,0.22733564268458972,0.11728328737345609
ff37101c27d07db617d81fccaf08eedb,O=S(=O)(NCc1cncc(-c2ccco2)c1)c1ccc(F)c(Cl)c1,0.1875757033174688,0.19719974967566403,0.11176731301979585
05de5134102e63e36f3a3234b407a7f1,CCC(CC)C(=O)N1CCC(c2nc(O)c3nnn(Cc4cc(C)ccc4C)c3n2)CC1,0.08616418120535937,0.09593619131059809,0.04319570103490895
6dd012716577c8470e428179a7945568,Cc1cnc(C)c(-c2cc(O)c3c(c2)CN(C(=O)c2ccc(=O)[nH]c2)CCO3)n1,0.09839036112481897,0.08198800979351456,0.04118912275457247
9cec3828a4605d2f404a15dcf2f89e91,O=C(c1ccc2nccnc2c1)N1CC[C@@H](Oc2cccc3ncccc23)[C@H](O)C1,0.09083232791586356,0.06739555231549522,0.041691255163062706
595c0c488e47e81a63ecf40f3dd25f08,COc1ccc(/C(O)=C2\C(=O)C(=O)N(c3cc(C)on3)[C@@H]2c2cccc(O)c2)cc1Cl,0.1300056827339259,0.13762394406578757,0.14306987991387193
f7d7afa04f77ca26c0cb2a25e9517c41,COc1cc(/C=C\C(=O)NCCCC(=O)Nc2cccc3cccnc23)cc(OC)c1OC,0.13904590769247574,0.08474077843129635,0.05240637571974234
9bf48aa05c70d63fb7c6fb6b28f90329,Cc1cc(C)n(CC(=O)N2CC[C@@]3(CO)CN(c4ccc(C#N)c(C(F)(F)F)c4)C[C@H]3C2)n1,0.09722092713822018,0.0880678020502356,0.06681005241857334
389a06d03602b0f0abda80dcf12781a1,COc1ccc(C(=O)C[C@@]2(O)C(=O)N(Cc3ccc(C)cc3)c3ccccc32)cc1,0.1799627826972441,0.16402375427159396,0.16709617593071677
ef029f8c121b6de7d767291593b3db95,COc1ccc(CN2CC[C@@H](Oc3cc(F)cc(F)c3)[C@H](O)C2)c(C(=O)O)c1OC,0.07226509524678643,0.09969559685586402,0.019252819007802333
d7f5c11631e4ac78343c103b040bf68c,Nn1c(SCc2ccc3c(c2)OCO3)nc2ccc(Br)cc2c1=O,0.32421854544769635,0.28090021454475145,0.16323979673060504
13a10a972ec1dd0405165a2c708f07a8,O=C(c1n[nH]c2c1CN(C(=O)[C@@H](F)c1ccccc1)C2)N1CC[C@](O)(C(F)(F)F)C1,0.062333870848471466,0.06393444284119389,0.027553346844136038
3a650ee48459e2487bbfa4d12757cc7c,Cc1ccc(S(=O)(=O)Nc2cc(S(=O)(=O)c3ccc(C)cc3)c(O)c3ccccc23)cc1,0.22654939646070654,0.20346491445194592,0.3181790614669973
fea74ae06b277efa45b0513d459fe420,CC(C)c1cccc(N[C@@H]2CC[C@@H](C(=O)N(CC(=O)O)Cc3cc(F)cc(F)c3)CC[C@H]2O)c1,0.17398260195146908,0.13227171687917275,0.09595685977150094
7a3461a8b2d6b3b158246a4978b55965,CN(Cc1ccc(OCc2ccccn2)cc1)C[C@]1(O)CCN(c2ccc(F)cn2)C1,0.2688109508969567,0.2688911196521737,0.06456603850661354
0e825c244e70750a9a26b6bcd3ddce74,C[C@H](C(=O)c1ccccc1)[C@@]1(O)C(=O)N(Cc2cccc(Cl)c2)c2ccccc21,0.22270383482629602,0.19015789777040482,0.13958864184943112
0e4994c8bf336f7ca850a933be4f0d75,CCS(=O)(=O)c1nsc(NC(=O)/C(C#N)=C\c2ccc(OCc3ccccc3)c(OC)c2)n1,0.08208516273986209,0.0808044509454207,0.08424425857480276
f13f7184c11b34f9fbad6645832d0ada,CCN(CCN(C)C)c1ncc(NS(=O)(=O)c2ccc(OC)c(Cl)c2)cc1C(=O)O,0.06495531597598032,0.07265519477765668,0.012588942049743227
020422d36448bd983e218d5e39d78599,Cc1cc(C)n(C)c(=O)c1C(=O)N[C@H]1CC[C@@H](Oc2cccc3cnccc23)CC1,0.12456354735927148,0.12346213514154608,0.10429683226076039
390bc7e35556b05209ba171cfd06291d,CCOc1ccc(CCNC(=O)CCC(=O)N2C[C@@H](C)Oc3ccc(C)cc32)cc1OCC,0.10814164172519337,0.08654394220899451,0.052661148492585526
e1de39bea6eeb172bb67852d2050c94b,CCN1C(=O)/C(=C/c2cccn2-c2ccc(O)cc2)S/C1=N/c1ccc(OC)cc1,0.11011777174743739,0.11962300911545753,0.11122712848538702
82869fe34a1c8c706e4f5ea11b978fff,COc1ccc(OCc2cc(O)n3nc(-c4ccccc4OC)c(C)c3n2)cc1,0.32506867430426856,0.25114142352884467,0.15154452215541492
b5f7dc6329cc3c9f2ea46b89fb2f1a7b,CSc1ccc(CN2C[C@H]3C[C@@H](n4cc(-c5cccs5)nn4)[C@H](O)C[C@H]3C2)cc1,0.10346445068717003,0.10226965170692313,0.11670756509358232
d5a613df1d207bdcf4f4513ef9a20cb8,O=C(C[C@@]1(O)C(=O)N(Cc2ccc(F)cc2)c2ccccc21)c1ccccn1,0.14374910057945686,0.13356954892250625,0.13237161900509486
035ac68eaea461642c41ef3cd36c8f9d,COCCOC(=O)C1=C(C)NC(=O)N[C@H]1c1cccc(OCc2ccccc2)c1,0.14697669514200903,0.11649979875338348,0.03209612967277115
00e21216e20978e3307294e3e11133d0,COc1ccc2c(c1OC)C(=O)O[C@@H]2c1c(O)nc(SC)n(-c2ccccc2)c1=O,0.14947816661813043,0.12498328225179152,0.08295552915131504
2af3d4b4df650e2c92e26b2f3c496055,CC[C@H](C)NC(=O)c1c[nH]c2ccc(S(=O)(=O)Nc3cc(C)cc(C)c3)cc2c1=O,0.09403340552340854,0.07472285052592104,0.05127143220637332
4666fc08435f884b7acb4a06d7a04232,COc1ccc(CNCc2cc3c(-c4cccc(F)c4)nn(-c4ccccc4)c3[nH]c2=O)cc1,0.49999424002387305,0.48444853858514264,0.45379298654469574
0cacbd9537121671b740dd1a743d3345,NC(=O)c1cc(OCc2ccccc2)ccc1-c1ccc(F)cc1F,0.3316650526090102,0.3289125254377723,0.09193774769929322
9e0bace0417f26190a1c4c35031db1c6,O=C(C[C@@]1(O)C(=O)N(Cc2ccc(Cl)cc2)c2ccccc21)c1cccs1,0.17187739502299915,0.20023406838828867,0.136549194089391
88060d7310ff69298f0535349f9af311,Cc1ccc(CN2C(=O)[C@](O)(CC(=O)c3ccc(F)cc3)c3cc(Br)ccc32)cc1,0.3184265426614068,0.3013275915926153,0.2862436297264966
e3c0c4b3dd944e192e301567b9490681,C=CCOc1cc([C@@H]2CC(=O)Nc3c(S(=O)(=O)c4ccc(C)cc4)csc32)ccc1OC,0.12704377282749524,0.11348650892349807,0.060716917060992935
1e9cd3e29e2cc1b1dfac3e653d5fcfd0,COc1ccc2c(c1)OC1(CCN(C(=O)Cc3cccc(Cl)c3)CC1)CNC2=O,0.10018597848036072,0.10029495626010677,0.025236528260972012
1ba1027c1700c6e79f243105f46fcc72,COc1ccc(C(=O)N[C@H]2C[C@H]3CN(Cc4ccccn4)C[C@H]3C[C@@H]2O)cc1Cl,0.1127784668721936,0.10157585076310417,0.07860126803544434
db4ff4222282ab10f3727724d49c2b4d,COc1ccc2cc([C@H]3c4c[nH]nc4Nc4c3c(=O)oc3ccccc43)c(O)nc2c1,0.24843531982465225,0.221591593189673,0.392829645763744
e8ab7c85b33690037baf7674b6ca59d4,COCCC[C@@]1(CO)CN(Cc2cccc(OCc3ccccc3)c2)CC[C@H]1O,0.20839039304039694,0.16655952976593238,0.04731546545570547
c5af51140a5134b3cb3361f8fc9348a3,COc1ccc(S(=O)(=O)NCc2cc(-c3ccoc3)cs2)cc1F,0.1340645822611722,0.11317162061194805,0.019875582691218533
15f63ea99d0680d1f3824656e5106794,Cc1cc(OC[C@@]2(O)CCCN(C(=O)c3ccc(F)cc3F)C2)cc(C)c1Cl,0.1496074450286952,0.14536762610077858,0.05159515032375401
cb410e221b154eb5c21c90697468aea6,CCn1c(C)cc(/C=C2/C(=O)N(c3cccc(Cl)c3)C(=O)N=C2O)c1C,0.212962461466139,0.18239682032303375,0.3559600074182857
b7a5f0779a55f72f31d9c69333ed90ae,COc1cc(C)c(C)cc1S(=O)(=O)NCc1ccc(C(=O)c2ccccc2)s1,0.12334209308028221,0.11341794597154314,0.02104250637983734
7461c920af8f8c44237532a8746f7d24,O/N=c1\cc(-c2cc3sccc3cn2)oc2ccc(CCCN3CCOCC3)cc12,0.31988151506944135,0.3202307441017844,0.20683673803101887
ff26a4cd74ce18ec2061bece2588dcb3,Cc1ccc(C(=O)N2CCc3c(C(=O)NCc4nnc(N)s4)n[nH]c3C2)c(F)c1F,0.13025457259606232,0.1270826245573434,0.08103722757236524
2311029a0886fe11b07bff2c6821202f,COc1ccc(CCC(=O)N2C[C@H]3CN(c4ccc(C#N)c(C(F)(F)F)c4)CC[C@@]3(CO)C2)cc1,0.219042147425088,0.22484353320165115,0.07434674978933552
bd13a85de5b3d0724f69e1b28cb4e7ee,Nc1cc(-c2ccccc2)nn1-c1ccc([C@H]2C[C@H](C(=O)O)C2)cc1,0.1524676429954442,0.11873197081414136,0.06995647102171047
eff9a8f413bb28bdb6557e117997e9ef,Cc1nc2ccc(NS(=O)(=O)c3ccc4ccccc4c3)cc2c(=O)n1-c1ccc(F)cc1,0.301143386147239,0.28980349139733746,0.4754134863615036
beb62cd4fcc108fa1b043ca6dd607cea,COc1cccc(-c2n[nH]cc2C(=O)NCCCn2nnc3ccccc32)c1,0.09677126343277367,0.09855065638707443,0.035180717293935064
08614052401922052e39877d7e73a715,COc1ccc(C(=O)N2CC[C@@H](Oc3cccc(C(C)C)c3)[C@H](O)C2)cc1O,0.09726609154181047,0.08942831722511486,0.021266528976742517
d79aa36ce5f6f51bd9cd76307efd0492,COc1ccc(-c2nc(-c3ccccc3)c(C)n2O)c(OC)c1OC,0.3088020384311676,0.2432757399298928,0.09645916995677081
e2cb848838e4bcbc162cf911f3b521d1,N#Cc1ccc(N2C[C@H]3CN(C(=O)c4ccc(Cl)s4)CC[C@@]3(CO)C2)cc1C(F)(F)F,0.1550895520909266,0.20050263133915988,0.17456985671411862
f204761f6c64f8f00f8d8f714373b535,Cn1nnnc1SCCNCc1ccc(OCc2ccc(Cl)cc2)cc1,0.1987588290093382,0.1934522423385219,0.12319255990562604
04d0c2f42204952f7958c535a00e1796,Cc1ccc([C@H]2CN(S(=O)(=O)c3ccc(Cl)cc3)C[C@@H]2C(=O)NCCC(C)C)cc1,0.12205096808346835,0.0730889404446564,0.013619137128857388
edb5725453c14e85a6a5a95c0e8341c8,CCOc1ccc([C@H]2CC(=O)NC(NC(=O)c3cccc(Cl)c3)=N2)cc1OC,0.12787977064197714,0.21495510612360455,0.08246951126916842
03ecc39579351a5071668f3df939bc7e,COc1ccc(OC)c(N2C(=O)N=C(O)/C(=C/c3ccc(OC)c(OC)c3OC)C2=O)c1,0.10410654307766394,0.1149996363303878,0.14416775513779034
55f5f66d00c1622363143fa315c4f91d,O=C(Cc1cccnc1)N1CCC(c2[nH]ncc2-c2cccc(F)c2)CC1,0.1454884403131225,0.1597434443167665,0.040244123369286004
62d4373cdf7ed28c5c4f39d01366d258,C[C@]1(O)CC2(CCN(C(=O)[C@H](N)CCCCN)CC2)OC[C@@H]1n1cnc2c(N)nc(N)nc21,0.24424862997098404,0.38897115838798607,0.4499809247526256
fa2c7e9186e40a42fb390c8c22ee11c3,COc1ccc(C(=O)N[C@H]2CCCc3c2cnn3-c2ccc(F)cc2F)c(OC)c1OC,0.21505642885511572,0.16533661227334628,0.16679938340728934
6b5dbf33d0d6fca17079d332e62eab03,COc1ccc([C@H]2CN(C(=O)c3ccc(Cn4cccn4)o3)C[C@@H]2N)cc1,0.05055693748661063,0.06416450902311639,0.015901971857105804
72a50dbafb6cf59ab1e3fd05556a4e1b,Cc1cccc(NC(=S)Nc2ccc(S(=O)(=O)Nc3ccccc3)cc2)c1C,0.32768800312822516,0.33336640894412994,0.4518465914509513
f46b3f05b99f1c17bf384d1a26a82c48,COc1ccc(/C=N/NC(=O)CCC(=O)Nc2cccc(Cl)c2C)cc1OC,0.30393739586526697,0.2155658629807559,0.3057335344227878
d24ff5b85c451f37a327905422ffdd08,COc1ccc(CCNC(=O)CCCn2sc3ccccc3c2=O)cc1OC,0.11162964694879272,0.10207020139999011,0.0160401916522956
0b4722aeaa9e7c5fea3331fb013b6d04,C#CCOc1ccc(/C=C2/C(=O)NN(c3ccc(C)c(C)c3)C2=O)cc1OC,0.18527062169530176,0.17134270956739783,0.059242212594571436
af3e9122dba54643a8edd68703fa6719,COc1ccc(OC)c(S(=O)(=O)N2CCC[C@](O)(COc3cc(C)c(Cl)c(C)c3)CC2)c1,0.16252847015857697,0.10729513317346573,0.09805494546890259
8e68cadce1627c0bd99e917cb053e1d7,Cc1cccc(C)c1N(C)S(=O)(=O)c1ccc2[nH]cc(C(=O)NCc3cccnc3)c(=O)c2c1,0.10281513699076393,0.08443548902869225,0.08177142006091097
9f3d7cdb7eab590c527a48c323e4aaf5,O=C(O)c1csc(N2C[C@H]3C[C@@H](Oc4cccc(Cl)c4)[C@H](O)C[C@H]3C2)n1,0.05800874446603385,0.06422272333028642,0.05325033387634903
a6e1a489d42a72875c9d9351f4fd4ec6,CNc1nc(C2CCN(C)CC2)nc2c1CN(S(=O)(=O)c1ccc(OC)cc1)CC2,0.10721635683016344,0.1086082200741988,0.014217179456450553
185d9715d4f255c1c5d74d39ae0d7a94,CCCOc1ccc([C@@H]2NC(=O)NC(C)=C2C(=O)OCc2ccc3c(c2)OCO3)cc1,0.1917967532168735,0.1335634805674834,0.03140722719994797
91a856b24f46874e27e1a33850e9da7b,COc1ccn2ncc(-c3nc4[nH]nc(NC(=O)c5ccc(F)cc5)c4cc3F)c2c1,0.4614373580975966,0.45464522459290246,0.42730236324397003
041a0b04efa53b77e91da4dd38c1a91f,O=S(=O)(c1cccs1)N1CCC2(CC1)NCCN=C2NCc1ccc(F)c(Cl)c1,0.1414028446782719,0.13319931517947803,0.053800096989355305
1c60260196411f355254ac1cc8e727a9,COc1ccccc1CNC(=O)[C@H]1C[C@@H](O)[C@H](O)[C@@H]2N=C(Nc3ccc(C)cc3)S[C@@H]21,0.07748958620835435,0.07079766851595858,0.027434110091152517
8f2a88661187f3d8bc049b0dac4a17bf,O=C(NCCc1csc(-c2ncccn2)n1)[C@H](O)c1ccc(F)cc1,0.12242982705885713,0.1228137043389407,0.08812980667095292
16a2f54c9db378d3045a69cc1c3ac7a1,CCC(=O)Oc1ccc(/C=C2/C(=O)NN(c3ccc(C)c(C)c3)C2=O)cc1OC,0.17805324698036368,0.11757000603459099,0.10716798833825371
d59d88a53ba6e42d523886923f88edae,Cc1cc(C(=O)N2C[C@H]3C[C@@H](Oc4cccc(C(F)(F)F)c4)[C@H](O)C[C@H]3C2)c(C)o1,0.11879065683619543,0.11930251062255014,0.08927490731531923
f939af645783383abd90fdb02375bf6b,O=C1NC(=O)N(c2cccc3ccccc23)C(=O)/C1=C/C=C/c1ccco1,0.13804061033508994,0.1279642673378641,0.20158657973462885
af787cd6a29afdb25f67df0a89d9f0f7,CNC(=O)[C@@H]1CN(c2ccc(C#N)c(C(F)(F)F)c2)CC12CCN(C(=O)c1ccnn1C)CC2,0.11049027334560048,0.11470447582277385,0.06336094527928667
7cd29ba63a04d69e281e47400d62e42d,COc1ccc(CN[C@H]2CNC(=O)c3cc(-c4ccc(C)cc4C)nn32)cc1,0.12104877084493637,0.10642775012688203,0.06683065208860418
58ca5b84921ac0144fde5e3ff02b91fc,Cc1nnc2ccc(OCCNS(=O)(=O)c3ccc(F)c(Cl)c3)nn12,0.08022568705068393,0.1246013194322586,0.13484802563801745
04c50c67f663dc8c8d58fe5faeda88c1,COCc1cn([C@@H]2C[C@@H]3CN(C(=O)c4ccc(OC)c(Cl)c4)C[C@@H]3C[C@H]2O)nn1,0.0472827527502721,0.04880642399869182,0.07125828034159812
5d6121b7c9fb0be2d13294e2178249ab,COc1ccc(-c2cccc(NS(=O)(=O)c3cc(C)c(Cl)cc3C)c2)nn1,0.19459024478088727,0.19177888333797455,0.32879598303274676
ff84a3c48a6dc5687ea8be056c475f86,Cc1ccc(NS(=O)(=O)c2c[nH]c(-c3nnc(-c4ccc(F)cc4)o3)c2)cc1Cl,0.2665015906095505,0.38601074435494165,0.5979531461542303
8ba7d05e5b97143f35622a37d6028bb3,Cc1cc(OC[C@@]2(O)CCCN(C(=O)c3ccc4c(c3)OCO4)C2)cc(C)c1Cl,0.11292825097387488,0.10019518028606068,0.047272519547153606
60bd13bcc0bc9744ba6462abcfb3f4be,CC[C@@H](CO)Nc1nc2c(C)cccn2c(=O)c1/C=C1\SC(=S)N(Cc2ccccc2)C1=O,0.07289277050982822,0.07000521519644694,0.13103694252839143
300fe4f81759a8e5b0d12e342d2bc836,Cc1cccc(N2C(=O)NC(=O)/C(=C\c3cc(C)n(-c4ccc5c(c4)OCO5)c3C)C2=O)c1C,0.20969005877321417,0.2197056832638654,0.4062112813646143
c687cb283a9f59ea93aded5fcdb813bc,O=C(Cc1ccc(F)cc1)N1CCc2[nH]nc(-c3cccc(F)c3)c2CC1,0.17932350798086685,0.15443253026089884,0.10615273649719628
de5e907f6a337a4b431169c16345c1bb,CC(C)Oc1ccc(CN2C[C@@H](Cc3ccc4ccccc4n3)[C@H](O)C2)cc1Cl,0.28733750906857575,0.22010241448879242,0.18622733313928952
989945e514235fda1170d6d4bd964dee,COc1cc([C@H]2C(C(C)=O)=C(Nc3ccc(Br)cc3)C[C@](C)(O)[C@@H]2C(C)=O)ccc1O,0.24047886512496255,0.26945059949701483,0.10846312377940524
a04e2575c060ce6521fd1aef16fcde01,O=C(c1cccc(OC(F)F)c1)N1N=C(c2ccc3c(c2)OCCO3)C[C@@H]1c1ccccc1O,0.1629695255648006,0.15104984796860002,0.0774136019277979
cfb193d59b4dc6142b17546d036f7c66,COc1ccc(-c2nc3cnc(NCc4ccc(F)c(F)c4)nc3n(CCNC(C)=O)c2=O)cc1F,0.20604131438515402,0.2143087021329186,0.1506904356858947
68eda54cfc576cba8e2beda0a55bddf1,COc1ccc2c(c1)OC1(CCN(C(=O)c3csc(NC(C)=O)n3)CC1)CNC2=O,0.040215009061450306,0.05244749208742922,0.01602689173226033
ad30357efea682285dc7a6789ae9558a,Cc1c(/C=N/NC(=O)c2cccc(COc3ccc(Br)cc3)c2)cnn1C,0.16844041645526886,0.18241980756548318,0.16807337714867157
14caf635e2e2d3c961c22106033a7ead,COc1ccc(N2C(=O)N=C(O)/C(=C(\C)NCc3cc(OC)cc(OC)c3)C2=O)cc1,0.10017648542469199,0.09218138930472461,0.09659875539893453
f57a3ea3f76460b042e9453a8d98c2ae,CCCCCCCC1=NN2C(=N)/C(=C/c3ccc(OC)c(OC)c3OC)C(=O)N=C2S1,0.15196644413200291,0.15421014922586354,0.3295140862464905
3f3abccd20341fadc16d776a9361a2f3,COc1cc(/C=C2\C(=O)N(c3ccc(F)cc3)N=C2O)cc(Br)c1OC(C)=O,0.1900166557593779,0.13661611757495187,0.2604061636057767
076c3b82d45eba21ef36761b5ad7d879,COc1ccc(CN2CC[C@@H](Oc3ccc4ncccc4c3)[C@H](O)C2)c(F)c1F,0.2605826922438361,0.22805600918152116,0.10032811100510033
a0e50a23b4ac2b053f815fa6b67d2091,CN(C)CCCNC(=O)c1cc(C(=O)Cc2ccc(Cl)cc2)c[nH]1,0.17904419722882184,0.2001069238626356,0.037005502704149956
46f69398572cd0143ccea4ebf2b96298,COc1cccc(C(=O)CN2CCC[C@@H]2c2n[nH]cc2-c2ccnc(N3CCCC3)n2)c1,0.13734647970307956,0.11375824023376811,0.09201135964725506
ea462fd780a3a75653e898ac914faef7,COc1cc(C(=O)NCCC(=O)NCc2ccc3c(c2)OCO3)cc(OC)c1OC,0.07373946261676875,0.0629225443540649,0.02297732117585838
2791da34b6c688ecfb20a4dbcb2bb94f,COc1ccc(CN2CCC(c3nc4ccc(F)cc4cc3N)CC2)cc1CO,0.451917287978259,0.513482962819663,0.14323317225683818
fc0c9316f481861fd68ec76ea429a15d,CCc1ccc(CN2CCOc3c(O)cc(-c4ccc(C)s4)cc3C2)nc1,0.19178744676438245,0.24855545163154602,0.09038500191474502
7d878e554101c4c079855aa312aee070,COc1cc([C@H]2CC(=O)C3=C(C2)Nc2[nH]nc(O)c2[C@H]3c2ccc(N(C)C)cc2)cc(OC)c1OC,0.1331868747418577,0.23162804637104273,0.07420798522335562
45d04ff0e52bf13f103641ad56ca7015,Cc1ccc([N+](=O)[O-])cc1-c1ccc(/C=C2\C(=O)N(c3ccc(F)cc3)N=C2O)o1,0.22163467515598645,0.20663026652552866,0.3816174404187636
2c19cd7d87eab7da08afa7f1c9470376,COc1ccc([C@@H]2CC(=O)Nc3c(S(=O)(=O)c4ccc(C)cc4)csc32)c(OC)c1OC,0.15242211520671844,0.1305021054365418,0.08856419279155406
79a84a5d55e18067043df54d28299e45,O=c1[nH]c(O)c(C2=Nc3ccccc3S[C@H](c3ccc(O)cc3)C2)c(=O)n1-c1cccc(Cl)c1,0.15825736556540837,0.171196638521823,0.14613901772959667
df0e4b241aad1ebecb27b94c2ad0359e,Cc1nc(C(=O)N2CCC([C@]3(c4cccnc4)NC(=O)N(Cc4ccc(F)cc4)C3=O)CC2)cs1,0.11079219660975716,0.07028555150397799,0.03709028707817197
c228f9ad546df2a02935256a4141d37b,O=C(Cc1ccc2c(c1)OCO2)N1CC[C@@H](Oc2cccc3ncccc23)[C@H](O)C1,0.06683462824333798,0.05475073028355837,0.016267790787175974
6c4cc1a21027a147ae7c584bd984c5f9,CCn1ccc2cc(S(=O)(=O)N3CCC(C(=O)NCCc4cccc(OC)c4)CC3)ccc21,0.0736552934077653,0.06014027073979378,0.012694408873688768
8c05fbc4836cee059e00393f913aaf86,COc1ccc(S(=O)(=O)Nc2cc(-c3ccccc3)sc2C(C)=O)cc1OC,0.18206246840682896,0.11015924320302227,0.06582532501356168
212fc4fb9d27982961ad853e88173375,O[C@@H]1C[C@H]2CN(c3ccc4nccn4n3)C[C@H]2C[C@H]1Oc1cccc(Cl)c1,0.17511775547807867,0.15295653146776286,0.14464622194116766
e3a313453ada8782a37c2bfa20e51ef8,COc1ccc(S(=O)(=O)NC(=N)NCCc2c(C)[nH]c3ccc(F)cc23)cc1C,0.16438484598289838,0.1930935335430232,0.10347318107431586
ff13bb49151f9b1a7646d6ff8b38128a,CCCCOc1ccc(/C=N/N=C2/NC(=O)[C@H](Cc3cccc(OC)c3)S2)cc1,0.11364351483908566,0.14109803245148875,0.12063280687752095
d3609954fd8b59d9fd9b0d24676278a9,CCOc1ccc(CC(=O)N2C[C@@H](Cc3ccc4ccccc4n3)[C@H](O)C2)cc1,0.06408775648610159,0.054406820754097265,0.013968614025295457
ad1ac0b47fb8f3d65bf57ff0dc538d51,COc1cc(CN[C@H]2CCCc3c2cnn3-c2cc(C)cc(C)c2)cc(OC)c1OC,0.2945281822573055,0.18066091970963913,0.18676253679123792
5605243ddf840a9f324bba583c82b21b,CCN(CC)c1ccc2cc(C(=O)NCc3ccc(F)cc3)c(=N)oc2c1,0.25787621465596283,0.29535708305510605,0.11775572293184021
7d4b71ccc75afc6cb8b2f0eda9e55e81,COc1ccc(C(=O)N2CCC[C@@](O)(COc3cc(C)c(Cl)c(C)c3)CC2)cc1,0.14207386631857266,0.1223255226557905,0.11351301893591881
a3d4d98dc1805f7643bd22974a9ad654,COc1ccc([C@@H]2[C@@H](CO)OCCN2Cc2ccc(C)c(F)c2F)cc1OC,0.11424809118563478,0.11127255162732168,0.04086297694778874
3d4672bdf914a3752346d61c93ee311b,CCOc1ccc(N2C(=O)/C(=C\N3c4ccc(F)cc4CC[C@@H]3C)C(=O)NC2=S)cc1,0.12409370697357437,0.11880081824280998,0.3327191160483794
a8c7efa75e8b1f604d99132787637c4e,Cc1cc2cc(CN(CCO)S(=O)(=O)c3ccc(Cl)cc3)c(=O)[nH]c2cc1C,0.23056189106269318,0.1449653040194376,0.07008531147783453
4051421b83a0a305d9164b2524cba547,COc1ccc(NC(=O)c2ccc3noc(-c4ccc(F)cc4)c3c2)cc1OC,0.29573456130244513,0.3258693827824159,0.2379741600968621
db53770f91386de389911d53a2f176de,CCOc1cc2c(cc1OCC)[C@H](c1cc(OC)c(OC)cc1OC)NCC2,0.25207777456803754,0.25667676371945575,0.05778916108167984
3439bbe7714dddf26bfcb0dedd56c605,COc1ccc(CCNC(=O)CSc2nnc(-c3ccc(N)cc3)n2C)cc1OC,0.14073377712206406,0.11851814983476122,0.026795682777777653
68714e625e037442f3f7f4c9e4cd0764,Cc1cc(S(=O)(=O)Nc2cc(-c3ccccc3)sc2C(N)=O)c(C)cc1Cl,0.1921113238415935,0.12226526879451492,0.15011398968371478
9233c0d3f0e4daa15fcb3e1e9bf7a729,COc1ccc(Cn2ccn3nc(-c4ccc(C)cc4)c(CO)c3c2=O)cc1F,0.2357454313473268,0.21396808258511804,0.1437380059876225
c7acd3b51e126b61bd0dd8808ec4be17,Nc1ccc(-c2n[nH]c3c2CN(C(=O)c2onc4ccccc24)CC3)cc1Cl,0.19294316321611404,0.28627012263644824,0.29724976352669974
d2f05618aa52b4c559280628eb303979,Cc1ccccc1C1=NN2C(=N)/C(=C/c3ccc4c(c3)OCO4)C(=O)N=C2S1,0.14948536252433603,0.1319704330102964,0.27006498182361777
be0e1794a5483f1333b0c4d7fb584ed3,COc1ccc(S(=O)(=O)NC[C@H](O)c2cc(-c3ccco3)cs2)cc1Cl,0.1655600436709144,0.14552474360574374,0.05038808108392087
dad46e288e8426104c0f2dead6c6a24d,Cc1cc(-c2cc(O)nnc2C2CCN(S(=O)(=O)c3ccc(Cl)cc3)CC2)on1,0.12302439253438603,0.09098610078746622,0.05265416573225097
7afde7dcd12330e7482d73b2b3ae1ba1,COc1cc2cc(N)c(C3CCN(C(=O)c4cnc(C)nc4C)CC3)nc2cc1OC,0.19821943613615903,0.2125602662563324,0.16898178258402782
54faa2134f9748b25f4ba1fed0cd64e8,Cc1ccc(S(=O)(=O)c2cnc(SCC(=O)Nc3ccccc3C)[nH]c2=O)cc1C,0.16828603195873174,0.1021337178112431,0.042395504085685716
1553f7e3ea64101498af7d759a7c55f9,C=CC(=O)N1CCC([C@@H]2CCNc3c(C(N)=O)c(-c4cc(OC)c(OC)c(OC)c4)nn32)CC1,0.1285271512513811,0.09960261529142206,0.1141516010869633
48c3ee032ab0edfb4c8206fcdb807d2d,COc1ccc(S(=O)(=O)N(CCCO)Cc2cc3cc(C)ccc3[nH]c2=O)cc1,0.1347432854500684,0.08727533802051436,0.01642226192846217
b97ad2ff731d7f39b3dda9e15ae84f6f,COc1ccc(-c2nc([C@H]3CCCN(S(=O)(=O)c4ccccc4)C3)[nH]c2C(N)=O)cc1,0.09097089889374646,0.06906872200356289,0.021939562337303705
9fec729c1688447ed8744799029e2b6f,O=C1/C(=C/c2ccc(-c3ccc(F)cc3)o2)N(CCO)S(=O)(=O)c2ccccc21,0.13865746659311382,0.09140474315394055,0.1274117095903917
eef6f734d9aa553186341518156369d1,COc1cc(/C=N\NC(=O)CCC(=O)Nc2cc(C(F)(F)F)ccc2Cl)ccc1O,0.329527731646191,0.3107500238852067,0.45357371460307727
05b59efeeffe311a2bcc85c2c18f92d6,Cc1ccc(S(=O)(=O)Nc2ccc(Oc3ccc(C(=O)NC4CC4)cn3)cc2)cc1C,0.2656611217693849,0.22170025652105158,0.2813932624730197
c1adf5cd8ded37c71d6de17cba0bf0ca,COc1ccc([C@@H]2CC3=Nc4nonc4N[C@@H](c4cc(OC)c(OC)c(OC)c4)C3=C(O)C2)cc1,0.09664248480376872,0.12092173466689102,0.04098019223998894
4decee8e1b661bd2c0fc37212480cd9c,COc1ccc2c(c1)OC1(CCN(C(=O)Cn3nc(C)c(C)c3C)CC1)CNC2=O,0.03287427872419357,0.03443133342509761,0.008718978354739771
3a4cda29970dc6a32bbcf401f00e8533,Cc1cccn2c(=O)c3cc(C(=O)NCc4cccnc4)c(=N)n(C[C@H]4CCCO4)c3nc12,0.14571426436305046,0.09529160572723909,0.09981320997361433
1e7992324b2537a962a1d721170e4c9d,COc1ccc(N2C(=O)NC(=O)/C(=C/NCc3ccc4c(c3)OCO4)C2=O)cc1,0.08128075301647186,0.10644554820927707,0.20619518851692026
9fe1efb1fd1801c00b664af6a7a1e183,CN(Cc1cscn1)C(=O)c1cc2cc(C3(O)CCN(Cc4cccc(F)c4F)CC3)ccc2o1,0.2102068466219035,0.27306948602199554,0.14230365373871542
740a5f2585a3d9424bc6601ef7ca2c9a,CNC(=O)[C@]1(Cc2cc(-c3ccccc3C)no2)CCN(C(=O)Cc2ccc(C)c(C)c2)C1,0.08700960671359842,0.06855211830274625,0.07661772807213393
80e16111bff3fcbea8b25a0a177f4a51,C=CCN1CN2[C@H](c3ccc(OC)c(OC)c3)c3[nH]c4ccccc4c3C[C@H]2C1=O,0.06088645690628751,0.07790813628922809,0.07130494802682237
39417072ff14e92d238d7133d22083aa,COc1cc(/C=C2\C(=O)N(c3ccc(F)c(Cl)c3)N=C2O)ccc1OC(C)=O,0.21087374741380865,0.15999183736064218,0.255459574135867
b644f6eb273c08be0f67ee7a94978f45,O=C(COc1cc(Cl)ccc1Cl)Nc1ncc(S(=O)(=O)c2ccc([N+](=O)[O-])cc2)s1,0.26370338147336786,0.2730918021830307,0.19107634032314474
63d61bee11051209eaf88f79a4a81d54,COc1cc(CNC(=O)c2cccc(-n3cnnc3)c2)cc(OC)c1OC,0.09373751299625094,0.10849407382986763,0.027940834031059323
1a58ef9b338a8f45633b4c6bb52bb1f7,Cn1cc(CN2CCO[C@@H](c3cc(CCOc4ccc(F)c(F)c4)[nH]n3)C2)cn1,0.1442848393185572,0.1527449729090387,0.07617034115405245
1cf7b3ffd98a6083d586d6ca317e6dde,COc1ccc(CCNC(=O)c2cc3cccnc3n(Cc3ccc(Cl)cc3)c2=O)cc1OC,0.2235820320519534,0.21474475142630664,0.1168281923640858
31f5a7e8bed48bdbad443c495fe07635,COc1ccc2cc([C@H]3CC(=O)Oc4c3c(=O)oc3ccccc43)c(O)nc2c1,0.13606656512076204,0.12173777784813535,0.13844444839791817
3205b3491ff9362a188e065ce7e0bd72,CCc1ccc(-c2nn(C)c(=O)c3c2CCCC3)cc1S(=O)(=O)NCc1cccc(OC)c1,0.081356942653656,0.07776741277087819,0.03552821502936157
9230b8cdb1300ea6da165557831de797,COc1cc(CCC(=O)C[C@@H](O)CCc2ccc(O)c(OC)c2)ccc1O,0.15319626168771225,0.1149526911904104,0.03818852204660123
c40dd461285fcdddb4d1ac04a5cc2260,O=C(Cc1ccc(O)c(Cl)c1)N1CC[C@H](O)[C@@](CO)(Cc2ccc(F)cc2)C1,0.1420656554400921,0.13351436839862305,0.11251312883740122
791ba15540d08bebb1538ea4b4ddd92a,Cc1cc(F)ccc1S(=O)(=O)NC[C@H](O)c1ccc(-c2cccs2)o1,0.14749065041542053,0.0953777524727312,0.02259364106099714
ca6f1098e3f90da05b6a5cda3993e7b4,COc1cccc(CNC(=O)c2[nH]c(C)c(S(=O)(=O)N3CCCC3)c2C)c1,0.039241070097143,0.03877372245981612,0.009789954180384731
7e819fa98084abf78f8008b8807d4378,CCc1nc(C)ccc1OCC(=O)N1CCc2[nH]nc(-c3cccc(F)c3)c2C1,0.1163391149179502,0.1020022935281304,0.05926589559848336
faea9b79f9817b1ad51d8ac1b1a30001,Cn1cnc2nc(N3C[C@H]4C[C@@H](Oc5cccc(Cl)c5)[C@H](O)C[C@H]4C3)ncc21,0.2480579993941567,0.1846256862309846,0.27724789083004
5723990755b9a77e48bb9791a19a337d,COc1cc(-c2cc(-c3cccc(OC(C)C)c3)nc(N)c2C#N)cc(O)c1OC,0.4479867924343456,0.45953621105714276,0.17180882326581262
93a0fcf256a259bad3d3e8711afb9beb,O=C(NCc1ccc(Oc2ccccc2F)cc1)c1ccc(-n2cnnn2)cc1,0.14055013487284834,0.13712069121274081,0.09062141998120668
9575195481e020f14033b13c865051ee,Cc1ccc(C)c(S(=O)(=O)c2cnc(SCC(=O)Nc3cccc(F)c3)[nH]c2=O)c1,0.15106640214269812,0.1028585341251032,0.03694190010851757
1a67664536fa6969459472e69c0f678c,Cc1cc(C)c(NC(=O)CSCc2nc(O)c3nnn(Cc4ccc(F)cc4)c3n2)c(C)c1,0.1284925632856109,0.10000395503911105,0.1352045556361025
b13e7707c85d6b9ce82b8d65737da151,COc1cc([C@H]2C(C#N)=C(N)OC3=C2C(=O)CC(C)(C)C3)ccc1COc1ccc(F)cc1,0.2670594250613993,0.36499660394408484,0.13779936426065184
f460c1dd80aee2d330286f1c0f201de9,O=C(CSc1ccncc1)N1C[C@H]2C[C@@H](Oc3cccc(Cl)c3)[C@H](O)C[C@H]2C1,0.07901095150207932,0.07015422227546382,0.015285484968361825
c092fd4e31e33d8a377f0bb40210a61f,Cc1ccc(C)c(S(=O)(=O)N2CCC3(CC2)NCCN=C3NCc2ccc(Cl)cc2)c1,0.15609820864417337,0.13389394906434146,0.0534172839993103
8eea3ae74fe37d45b7e57f0fcb3a3613,COc1ccc([C@H]2CN(C(=O)CCNC(=O)c3ccc(F)cc3)Cc3[nH]cnc32)cc1,0.05970274089750918,0.06681839283555746,0.03992013984613798
af0d38f078b88c2e91e3e878295e210f,O=C1NC(=O)N(CCc2ccc(F)cc2)C(=O)/C1=C\c1nc2ccccc2[nH]1,0.09538098475472494,0.1235368475317955,0.19385967979376967
a95133a6095ede289219ad6d48b363be,Nc1ncnc2c1ncn2C[C@H]1OC[C@@H](NC(=O)Cc2ccc(F)c(F)c2)[C@H](O)[C@@H]1O,0.26975045014511456,0.2527192458510399,0.2046984007412737
0aeaa96d28a8e442a5414e1abe46c5fd,O=S(=O)(c1ccccc1)N1CC[C@](O)(COc2cccc(F)c2)C1,0.07301760363307866,0.05816446002625691,0.009123812453806708
cd102098dfbdfc5e2778d17135fa6a30,CN(CC[C@H]1CC[C@@H](Oc2ccc(F)cc2)[C@@H]1O)C(=O)c1ccccn1,0.060820178890770134,0.05533766704188152,0.01849564827385951
fb035f0de55aa64016c3d94c063615df,CCCc1cc(-c2cc(O)nc(NCc3ccc4c(c3)OCO4)n2)no1,0.15055568177591672,0.13418729196895252,0.1302806521681222
08ba26bc3f28be5b4b8080210d0d41d2,Cc1ccc(NC(=S)Nc2ccc(S(=O)(=O)Nc3ccccc3)cc2)c(C)c1,0.3576473160223527,0.33442144908688287,0.47462405399842694
2ff7f16acba1b62d1de8a6ed6acc18de,Cc1cc(/C=C2/NC(=O)N(c3cccc(Cl)c3)C2=O)c(C)n1-c1ccc2c(c1)OCO2,0.4280291037126021,0.4107931459491903,0.45420651544224133
fb5e02e5eae3979f4f806cd7ac002c96,CCc1ccc2[nH]c(=O)c(CN(CCCO)S(=O)(=O)c3ccc(C(=O)OC)cc3)cc2c1,0.09011520276015456,0.07165434236892244,0.019865051017735492
70cf89f235a0d6a92b72a20046541ca5,CN(Cc1cccnc1)C(=O)[C@H]1C[C@H](NC(=O)c2cc(F)cc(C#N)c2)[C@@H](O)C1,0.05223236800256101,0.04950138598426499,0.014154156688825671
9858c96a7e2ed19ba1303f18a4646aa3,O=C(Cc1cccs1)N1CCC[C@@H](c2nc(O)c3nnn(Cc4ccc(F)cc4)c3n2)C1,0.09401541745120828,0.08942697739059274,0.060249480842189354
db55c87e69013b7721e16ebd6eb5cd6a,CCc1cc(-c2n[nH]c(C(F)(F)F)c2-c2cnn(-c3ccccc3)c2)c(O)cc1O,0.42100054025650024,0.43008664927699347,0.4391876445575194
7e72f6682750bec614937230307fd45b,COc1ccc(CCN2C(=O)N=C(O)/C(=C/c3cc(C)n(-c4ccc(C)cc4)c3C)C2=O)cc1OC,0.12712417238137938,0.13513882559808818,0.23128525845029138
d3a3a21d0810dc123c3bd5d72d88141c,COc1ccc(-n2nc(C)c3c2N=C(O)C[C@H]3c2ccc(OC(C)C)c(OC)c2)nn1,0.08480009656738151,0.10065347074785015,0.04745198837058111
ae498cae650a91ec82b2fcd4d2e44c84,CNCCOc1ccc(S(=O)(=O)N2C[C@H](Oc3ccc(C)c(C)c3)[C@@H](O)C2)cc1,0.07122472707520831,0.0587898413174447,0.011602837401865558
30f730f5a588159f8a8608820a184914,COc1ccc(-n2c(C)cc(CNS(=O)(=O)c3ccc4c(c3)oc(=O)n4C)c2C)cc1,0.12012628736821088,0.08850004337728024,0.04064775774763389
434010ae55d3a84c31f75a3aaf16df9b,Cc1ccccc1CC(=O)N1CCC2(CC1)CN(c1ccc(C#N)c(C(F)(F)F)c1)C[C@@H]2C(N)=O,0.20249050042845987,0.2687729752876542,0.19892214780504053
e6a732959d2cf6778d04bf961fa35abc,O=c1ccc(-c2cccs2)nn1CC1(O)CCN(Cc2ccc(F)cc2F)CC1,0.2726035849614577,0.3506715971637856,0.11814100633968007
518a8c10986ff02b884afec95478e9d0,COc1cc([C@H]2NC(=O)C(O)=C2C(=O)c2ccc(Cl)cc2)cc(OC)c1OC,0.1736642840233716,0.15915461773560804,0.06539093652232127
8380b8cd9ed09ab88db7c4deb66eb3e0,Cc1ccccc1CCC(=O)N1CC[C@@H](Oc2cccc3cnccc23)[C@H](O)C1,0.10416483608159152,0.07653340306768025,0.01506945399821482
4dbb338e3064d20a18d90d41ec24609d,CCOCCOC(=O)C1=C(C)NC2=C(C(=O)C[C@H](c3ccc(OC)c(OC)c3)C2)[C@@H]1c1cccs1,0.1772406639700586,0.21362668622697872,0.06923644063697959
f3249bde2c316014099dc3686a3076bf,Cc1cccc(-c2nn3c(O)cc(CSc4nc(C)c(C)o4)nc3c2C)c1,0.20340788906270807,0.1391893835230307,0.217618523334915
19b0d84bd7bb6f5cddc64bafa1e41287,O=C(c1cccc(F)c1F)N1CCC(c2nc(O)cc(-c3ccsc3)n2)CC1,0.12073347886854952,0.11862671680071137,0.06073759524786675
cffb669fe1a5e27fe9b18610762345a6,CCc1ccc(C(=O)C[C@@]2(O)C(=O)N(Cc3cccc(Cl)c3)c3ccccc32)cc1,0.21825761618939313,0.20716290379112418,0.24600635198029605
5b751622d803b6d2e0383b2c90eb7a5d,N#Cc1cccnc1N1CCC(CNS(=O)(=O)c2ccc(F)c(Cl)c2)CC1,0.2650225487622348,0.3089368424632333,0.08951002300124276
ba18e4b5b2cb8d767845b54cbf724bf1,Cc1[nH]c2ccc(CNC(=O)C3CCN(c4nc5ccccc5n4C)CC3)cc2c1C,0.17399515143849634,0.11082188446413387,0.08805758014998653
878eaf48eca544dcbe6ab6f592754875,COc1cccc(NC(=O)CSCc2nc(O)c3nnn(Cc4ccc(F)cc4)c3n2)c1,0.11492474986748262,0.10500920631668785,0.07626301879909905
1db09383a084ca5b9138131bbbc8633b,COc1ccc2[nH]c3c(c2c1)CN(C[C@H](O)c1ccc(OC)c(NC(C)=O)c1)CC3,0.12598226016218012,0.110197811472145,0.03558706476310776
3f9243b481445b283eff0ff110d2f699,COCCOC(=O)C1=C(C)NC(=O)N[C@@H]1c1ccc(OC)c(OC)c1,0.12190266089005904,0.10318214669744273,0.018285494303034448
203e8ca61968ced49bfb1a6b2f63db2d,COc1cc(NC(=O)Cn2ccc3ccc(OCc4ccccc4)cc32)cc(OC)c1OC,0.3134296400980516,0.3025815795091065,0.11185158416628838
09b011a13580b97eb3a46f130341df4c,COCCCN1C(=O)C(O)=C(C(=O)c2ccc(OC)c(C)c2)[C@H]1c1ccc(F)cc1,0.11425516585057433,0.09248968416994269,0.03978273468303748
59e8ff6f6a5778d8026f18bd19c01a57,COc1ccc(S(=O)(=O)NC2CO[C@H]3CN(Cc4nccn4C)C[C@@H]3OC2)cc1F,0.04210806951265444,0.062080969315667804,0.008153971784684638
40ac21103443bd8cbd053e5e18120913,COc1ccc(NS(=O)(=O)c2ccc(NC(=S)Nc3cc(OC)ccc3OC)cc2)cc1,0.3502106788483533,0.29914834147149866,0.3211502432823181
e9be6f4e0648ed9a4ca36c1bee04f30f,COC(=O)C1=C(CSc2nc3ccccc3o2)NC(=O)N[C@H]1c1ccc(OC)cc1,0.11866390434178439,0.09045089600840583,0.06912708434868943
1bd3489ae49a0e8993d9da1c9dbd04e0,O=C(c1ccncc1)N1C[C@H](Cc2ccc3ccccc3n2)[C@H](O)C1,0.0632345476611094,0.04657374375330454,0.013138372514566237
a78f9b83dac1868c2e6163b6825f0fa2,COc1ccc([C@H]2NC(=O)CO[C@@H]2C(=O)NCc2cn3cccc(C)c3n2)cc1OC,0.03517470932142301,0.044354981888814524,0.006500411220093321
119b7d0a1b05b648cdc4980945fc9eed,COc1cc(CN2CCC[C@](O)(COc3ccc(C)c(C)c3)C2)ccc1O,0.3538996346972205,0.29097223349592904,0.05440555013377558
89ec72885ad1ae85573fa96b5d052069,Cc1nn(-c2nncc(-c3ccc(Cl)cc3)n2)c2c1[C@@H](c1ccc(F)cc1F)CC(=O)N2,0.2399536127393896,0.27564343877814035,0.42035965621471405
4fc5c3c31cce90b2f084ba499fb94830,O=C(c1c[nH]c2ccc(S(=O)(=O)Nc3ccccc3F)cc2c1=O)N1CCc2ccccc21,0.1246579573913054,0.12320354377681558,0.14390152794393626
a3de7c107af9a693f7cbea373e2eb416,Cc1ccc(-n2c(C)cc(/C=C3\C(=O)N=C(S)N(c4ccc(F)cc4)C3=O)c2C)cc1,0.16915061087770897,0.14577474038709293,0.2567115473476323
723b0de35c4c70d489f690bb517bd0b2,CCCC(=O)N1CCC(c2nc(O)c3nnn(Cc4cccc(Cl)c4)c3n2)CC1,0.10306495868346909,0.0966281947595152,0.04548242689237337
87027dd22a2b15d38fcd4551a3ca40ac,O=C(Cc1ccncc1)N1CC[C@@H](c2ccc3ccccc3c2)[C@H](O)C1,0.08666082031347534,0.06563650274818594,0.01776950852945447
95cee7a13a74f45cc6d41cb63a742d09,Cc1ccc(CC(=O)N2CCC[C@@H](c3nc(O)c4nnn(Cc5cc(C)ccc5C)c4n3)C2)cc1,0.10091604969718239,0.0950499102473259,0.0789310447871685
0f6f7143cd36965bf4ead114865e5329,COc1ccc(CCNC(=O)CCNC(=O)Cc2n[nH]c(=O)c3ccccc23)cc1OC,0.07879837162115357,0.06766578995368698,0.0407133757729422
26357dfdff81d87be03a0877ee7a090e,COc1ccc(O[C@@H]2CCN(C(=O)Cc3ccc(F)cc3F)C[C@H]2O)cc1OC,0.06575106270611286,0.07830886354415932,0.019154236228628593
1ecb04d40474c090cb277eeda8a395f4,CNC(=O)[C@@H]1C[C@@]2(C[C@@H]2C(=O)NCCN2CCCCC2)CN1S(=O)(=O)c1ccccc1,0.04085588599131866,0.026762721911694598,0.004067193403849826
fe967dbb6d1bf0d2fd8ae474acefdd1e,O=C(NC(=S)Nc1ccc2oc(-c3cccc(F)c3)nc2c1)c1ccccc1F,0.3797624666582454,0.4466936859217557,0.5175241855057803
84013d95636f233a34812a38351a7129,COc1ccc(S(=O)(=O)NC[C@H](c2ccco2)S(=O)(=O)c2ccc(Cl)cc2)cc1OC,0.19078923084519125,0.15779314799742264,0.04183489973233505
59073f27947d01ae08e721397cf70398,COc1cc(/C=N/NC(=O)CNC(=O)c2cc(OC)c(OC)c(OC)c2)cc(Br)c1O,0.1563715555451133,0.19722404330968857,0.21364935826171527
66a1f83f308b05eb10946111c5940bf5,C#CCOc1cc([C@H]2CC(O)=Nc3c2ncn3-c2ccc(OC)cc2)ccc1OC,0.12281529063528235,0.14632624451240356,0.033426059420559213
9058cd185d3052a29d84d41155fa40c0,O=C(NCCCn1ncc2ccccc21)c1c[nH]nc1-c1cccc(F)c1,0.19564745101061734,0.19193028976124796,0.0677077390507541
d33d858d21791e1aa8d55d1d0bc3fb33,COc1cccc([C@H]2CC(=O)C3=C(C2)NC(=O)C[C@H]3c2ccc(OC)c(OC)c2)c1,0.085086070636118,0.12774611928836582,0.018539867993901928
b9650da5b5821f788c9b169b4c6772eb,CSc1ncccc1C(=O)N1C[C@H]2C[C@@H](n3cc(C4CC4)nn3)[C@H](O)C[C@H]2C1,0.027914796013977717,0.029825500583022156,0.009112894402939921
9de9bd48819b24553f0e2d96212fa3e2,COc1ccc(N2C(=O)[C@H]3[C@@H]4C(=C(N)S[C@H]3C2=O)C(=O)Oc2cc(O)ccc24)cc1OC,0.06663887248247523,0.07756105082278902,0.04713035434145819
1362deac45203ba0f40ed9dee552ce0a,CC(C)CCN(C)C(=O)c1c2c(c[nH]c1=O)CN(C(=O)c1ccc3cccnc3n1)CC2,0.059547200206328525,0.048825406046076256,0.02055464741054245
b459b3dc21d3b9afa425f8c1233d97cb,COc1ccc([C@H](CC(=O)Nc2ccc(F)c([N+](=O)[O-])c2)c2c(O)cc(C)oc2=O)cc1O,0.1683055514639074,0.15042046112516386,0.02821598413654349
02fa1f2a0982e59e16daf442e6bf6cbf,CCOc1ccc(N2C(=O)/C(=C/c3ccc(N(CC)CC)o3)C(=O)N=C2S)cc1,0.10127644875848835,0.12409865178845146,0.17154860733584923
bf1fb0138905aa970e7b566b919d15fb,Cc1cc(=O)cc(C(=O)N2C[C@H]3C[C@@H](Oc4ccc5ccncc5c4)[C@H](O)C[C@H]3C2)o1,0.048903968312184916,0.0465442146894268,0.021915595428171484
110b6699c5ee6f8a46b11edbbfea2d76,COc1ccc(CNC(=O)CN2CC=C(c3cnn(-c4ccccc4)c3)CC2)cc1OC,0.19531990181316028,0.1535746387460015,0.06366457942534577
5f6a444fccbe74dc812630a2a0994b65,CN(Cc1ccc(OCCCO)cc1)C[C@]1(O)CCCN(c2ncccn2)C1,0.21973236176100644,0.21927665986798026,0.034915465708102354
7368e97c01c8e74adc005c683f30000f,COc1c(F)ccc(CN2CC[C@@H](Oc3cccc(C(C)C)c3)[C@H](O)C2)c1F,0.3139791251583533,0.3151044622063637,0.09292676401409236
a5b1b9bdbc30f7a2f1452b559976bb04,COc1cccc([C@@H]2CCN2C(=O)c2cc(COc3ccccc3)[nH]n2)c1,0.08280187404968521,0.07470036410218613,0.017207899411335926
be7064de85233bf4545e8274562de01f,Nc1cc(-c2cc(F)c(F)c(F)c2)ccc1OCc1ccccc1,0.38878928260369733,0.419123680986972,0.11534677801484411
cd920c8e2350dcb85fd487c2ab2b71d1,COc1ccccc1CC(=O)N1CCO[C@H](CO)[C@H]1c1ccc(OC)c(OC)c1,0.05922861024737358,0.05413922796618532,0.00906711804617027
c9e762c00d5b0f208432edb184ee1a2f,Cc1cc(C)n(CC(=O)N2C[C@H](CO)C3(CCN(c4ccc(C#N)c(C(F)(F)F)c4)CC3)C2)n1,0.1593513468449766,0.11825396738607775,0.11935334584929726
c6ff56d4bd96c3bfd77bf93fe8b4ba50,Cc1noc(C)c1CCC(=O)NC[C@H]1OC[C@@H](n2cnc3c(N)ncnc32)[C@H](O)[C@@H]1O,0.0785336084663868,0.06422740396704864,0.03511594026349485
e4267cf662be2ded0ff676be16b6434a,COc1cc(CN2CC(O)=C(c3nc(-c4ccccc4)cs3)C2=N)cc(OC)c1OC,0.3570947606455196,0.2804634692994031,0.1485742943530733
73c0dd6ccf65329a6f166a71c9b7917e,N#Cc1cc(CN2C[C@H]3C[C@@H](Oc4ccc(F)cc4)[C@H](O)C[C@H]3C2)c[nH]1,0.14843693375587463,0.17010447179729288,0.06327844766730611
9475ec6d996a5448aaf56138fbdffe64,COC(=O)C1=C(C)N(CCc2ccccc2)C(=O)N[C@H]1c1cc(Br)c(O)c(OC)c1,0.12426206266338174,0.1129444298249754,0.07305323468013243
fb4b63649ec6bdeeca0c5c07a27cecb0,Cc1ccc(/N=C2/NC(=O)/C(=C/c3ccc(OCC(=O)O)c(Cl)c3)S2)cc1C,0.07469721841202541,0.07428972769883496,0.04904431496238844
7512ec956e89f764dbfdc03f08ae381d,CN(C)CCn1cnc2sc3c(c2c1=O)CC[C@@H](NCc1ccc(F)c(F)c1)C3,0.2428542897105217,0.18660337274724786,0.25127795338630676
8f5e74880866fda6360b111a1f9d8abb,N#Cc1ccc(N2C[C@H](C(N)=O)[C@H](C3CCN(C(=O)c4ncccn4)CC3)C2)cc1C(F)(F)F,0.14373219148679214,0.17696633528579364,0.13181756470691075
ebdf800e982115dfa043e3bf2f28ad00,O=C(c1ccc2c(c1)OCO2)N1C[C@@H](Cc2ccc3ccccc3n2)[C@H](O)C1,0.04587499958209016,0.04033749997192486,0.015106294219466772
6ad2fb908cf6ff12ad1b524fdbb57d8f,O=C(N[C@@H]1CO[C@H](Cn2c(=O)[nH]c(=O)c3ccccc32)[C@@H](O)[C@H]1O)c1ccc(F)cc1,0.1053951687433503,0.07910518077286807,0.030964276700449937
10257c5b10d08706aeae926137fcba1b,COc1ccc(C(=O)c2sc(Nc3ccccc3F)nc2N)c(OC)c1OC,0.5856842832131819,0.5956480340524153,0.30841686576604843
ade1474c7c12936e8048c861cf7faecf,CC1=C(C(=O)Nc2ccccc2C)[C@@H](c2ccc(OCc3ccccc3)cc2)n2nnnc2N1,0.12088453020392494,0.11643060161308809,0.1889229118824005
8ba33f195d823d40f193dfdfacef0bc3,COc1cccc(C[C@@H](NC(C)=O)C(=O)NC2CCN(c3nnnn3-c3ccccc3)CC2)c1OC,0.08800802125849506,0.1356528682464903,0.05448423939841715
f00978791ccec81d6f133403a998890f,CC(=O)N(C)CCOc1ccc(S(=O)(=O)N2C[C@H](Oc3cc(C)c(C)c(C)c3)[C@@H](O)C2)cc1,0.04491760869595138,0.0383913012390787,0.008733326632698829
a9f8855a0a13596f362c27ad82b64823,COCCOC(=O)C1=C(C)NC(=S)N[C@@H]1c1cc(OC)c(OC)c(OC)c1,0.14012932438742032,0.12156547741456465,0.022829725430876188
80702e20f6efbcb18dc9abb425b04724,COc1ccc(C(=O)N2CCC[C@](O)(COc3cccc(Cl)c3)C2)cc1,0.16367800736969168,0.11156640989197926,0.02157873402360234
8361216eaef0c3b7d2ae6d210b0afed2,COc1ccccc1CNC1=NCCNC12CCN(S(=O)(=O)c1cc(C)ccc1C)CC2,0.06670196405188604,0.07754946906458247,0.017165684522214262
d252e39d2918f9a2dc39fd375b0c6b46,CC(C)Cn1cnc2cc(C(=O)N3Cc4[nH]cnc4[C@@H](c4cccc(O)c4)C3)cnc21,0.11283689686520533,0.11209904808889735,0.08608220382170244
649492183d066d9db628b72017f36abb,O[C@@H]1C[C@H]2CN(Cc3ncccc3F)C[C@H]2C[C@H]1Oc1cccc(Cl)c1,0.1536729129200632,0.1711690542711453,0.08400743878023191
01b15797b27335bccc735e1b1f07605b,Fc1ccc(-c2cnc3[nH]cc(-c4ccnc(NC5CC5)n4)c3c2)cc1,0.3801952302455902,0.4023509296503934,0.3877809616652402
003fdf44896476b7a535827742153c67,COc1ccc2nc(NCCCNC(=O)c3cc(OC)c(OC)c(OC)c3)c(C#N)cc2c1,0.2424227405678142,0.2127957899462093,0.0817943061278625
8b519f54d63ceeea3dfef5250af80be3,Cn1cncc1C(=O)N1CCC2(CC1)C[C@@H](O)CN(c1cnc3ccccc3n1)C2,0.04876848174767061,0.057311264967376534,0.026255114385011522
b35ad21a96c6f348e2d154adba9a3590,COc1ccc(-c2nn(-c3ccccc3)cc2CO)cc1[N+](=O)[O-],0.26634674857963214,0.24654920703985475,0.06881311789832333
af1f740ef0b8d9fb28a54c08b825496a,COc1ccc(CN2CCC(CO)(CCCc3ccccc3)CC2)cc1OC,0.38875297795642505,0.33068843914026563,0.09431153478693556
c71da172c90e9aa314d89a28cc491064,O=C(c1ccc2cccnc2n1)N1C[C@H](O)CC2(CCN(c3nccs3)CC2)C1,0.08341867984695868,0.061012914065610276,0.02179333611010489
d7e50bee69383dde576ac1da5f7698f5,Cc1ccccc1-c1nnn(CC(=O)N/N=C/c2c[nH]nc2-c2ccc(F)cc2)n1,0.14135021885687654,0.12388464410535314,0.12211711857129227
b05609a2122740b0b308de9345aa2a7b,Cc1ccc(-c2cccc(OCc3ccccc3)c2CO)o1,0.20731963894583963,0.14585073955756592,0.023529275992504237
c7116afce610c1cb782afa7b096ed0b3,CC(=O)NCCCOc1ccc(CN2CCC(O)(COc3cc(C)c(Cl)c(C)c3)CC2)cc1,0.33662214604291046,0.4393466060811823,0.17722616717219353
f22058c74798471bf313e53ea6541410,CCSc1ccc(-c2cccc(NC(=O)c3ccc(C)c(F)c3)c2)nn1,0.17270975627682425,0.1788423169742931,0.16525151986967435
bdcb081c15deaf9c3b534fe79fdafbca,O[C@@H]1C[C@H]2CN(c3ncnc4cc[nH]c34)C[C@H]2C[C@H]1Oc1cccc(Cl)c1,0.2875575910915028,0.2148545194755901,0.259800676595081
91e08753cdea7d903d2c73e99b332675,COc1ccc(CCC(=O)NCCc2nc(-c3ccccc3)no2)cc1OC,0.12815908308733592,0.11504947679879313,0.03472797970541499
baceaf2682d418b7356597d890139b77,Cc1cccc(N2C[C@@H](c3cc(O)n4nc(C)c(-c5ccccc5)c4n3)CC2=O)c1C,0.13888792236420242,0.12328168648210439,0.1386500603773377
21191db8092e10e69dff788a94842dfd,O=C(O)c1ccccc1-c1ccc(/C=C2\C(=O)N(c3cccc(Br)c3)N=C2O)o1,0.06973211433399808,0.06337437304583463,0.049316291231662035
241ba1da3ea911165edafccc580e9b1a,COCCOc1cc(CN2CCC(O)(COc3cc(C)c(Cl)c(C)c3)CC2)ccc1OC,0.5805224180221558,0.6796460260044445,0.34979661486365576
c1ba271c4f6e7af5e062623c0ca394be,COc1ccccc1CN[C@H](c1cc(O)n2nc(-c3ccccn3)cc2n1)C(C)C,0.24524723941629584,0.18716206537051636,0.13219705799763853
8b2d17d3375c27b3e5eee0ff83a3ffba,Cc1ccc(Cl)c(OC[C@@]2(O)CCCN(C(=O)c3ccc(F)cc3F)CC2)c1,0.1595751710913398,0.14134728028015656,0.13063796000047165
242a7cd4e08a00c098eab0c7a8800ce3,CCOc1ccc(-c2nn(-c3ccccc3)cc2/C=C(/C#N)C(=O)NC[C@H]2CCCO2)cc1Cl,0.15631150318817658,0.15760221738706937,0.1706053228540854
9db37a0ef0b6847f750e1002c3f26d60,CCOc1ccc(CNS(=O)(=O)c2cccc(-c3noc(C)n3)c2)cc1OC,0.07717316259037364,0.07669251242821867,0.02012656709517945
06744d6d2772fe94e6f3b88db9f19a0a,COCCNC(=O)[C@H]1C[C@@H](NCc2ccc(F)c(F)c2)[C@H](c2cnc(C3CC3)[nH]2)[C@@H]1O,0.10946198959242213,0.08519182151014154,0.0946095482530919
86293e38428cce9d50b29fc585c7218c,COc1ccc(-c2[nH]c(-c3ccc(OC)c(OC)c3C(=O)O)nc2-c2oc(C)cc(=O)c2O)cc1,0.12012286010113629,0.1297640526159243,0.04853944662450389
ea6f14930710e28ac7eca35612032e81,Nc1ncc(-c2ccc(F)cc2)c(C2CN(S(=O)(=O)c3ccc(F)cc3)C2)n1,0.336936816573143,0.3341225033456629,0.1384248130700805
3ecb2d59d791efc6b029b07cc3c0829c,COc1ncc(F)cc1CN1C[C@H]2C[C@@H](n3cc(-c4ccncc4)nn3)[C@H](O)C[C@H]2C1,0.08281905415721914,0.08796670338646932,0.04285223413766785
4774328ce5a68149e88bc53bceacee1e,CCCCC1=NN2C(=N)/C(=C/c3cc(C)n(-c4cccc(OC)c4)c3C)C(=O)N=C2S1,0.14301466637037016,0.14370914074507626,0.3306326297196475
d8861b325f99e2c9f7eb6f8743ead622,COc1cc2c(cc1OC)[C@H](COc1ccc3c(C)cc(=O)oc3c1)NCC2,0.19803866879506546,0.1599676561626521,0.09282512945885008
02eae70492fe9dcc2dcabd40ccdebe00,COc1ccc2cc(-c3n[nH]cc3CN3CCC[C@@H](C(=O)c4cccnc4)C3)ccc2c1,0.3459580052982677,0.2693991335955533,0.13163292848251082
b32f4ecac3d7a31ebcc0d1072e0bd0ba,COc1ccc([C@@H]2CC(O)=Nc3c2ncn3-c2ccc(Cl)cc2)c(OC)c1OC,0.2796209197152745,0.28587962551550433,0.18742205676707355
c4763d9288db5f86867e66eaa398dbcc,Cc1cc(C)cc(O[C@@H]2C[C@@H]3CN(C(=O)c4ccccc4-n4cccn4)C[C@@H]3C[C@H]2O)c1,0.09117969752035358,0.07669939202341167,0.10949088734659282
f13e675afdb6e49084d22ea00c06cbc0,CCOc1ccc2c(c1)CC[C@H]1[C@@H]2CC[C@@]2(C)[C@@H]1C/C(=C\c1cnn(C)c1)[C@@H]2O,0.15189522030678662,0.12065220691941002,0.0877708936618133
32a35125e48f7774576cbf41237e5e3d,Cc1ccc(-c2cc(O)c3c(c2)CN(C(=O)c2ccncc2F)CCO3)s1,0.15067845007235353,0.12048221413384784,0.049358940344642506
8d7e9f3835722585f6af83922400ca87,CCOc1ccc([C@H]2NC(S)=NC(C)=C2C(=O)OCCOC)cc1Br,0.09986338628963991,0.13407676012932576,0.02121493136721917
91fb5a06e6fecf01c5ef7c5b9b30ff17,Cc1cc(C(=O)N2CCC3(CC2)CN(c2ccc(C#N)c(C(F)(F)F)c2)C[C@H]3C(N)=O)n(C)n1,0.12016954543915662,0.14409185336394745,0.12069362571293657
d2227517007e10ef7cd213525e8d7ed5,Cc1ccc2[nH]c(=O)c(CN(CCO)S(=O)(=O)c3ccc4c(c3)OCCO4)cc2c1,0.09290920807556673,0.06567618854089895,0.016288744507950138
8ef0aff3eb4155db146335ee5a43efd3,COCCNC(=O)[C@H]1C[C@@H](NCc2ccc(F)cc2F)[C@H](c2cnc(-c3ccccc3)[nH]2)[C@@H]1O,0.2066614025018432,0.13145894421772522,0.16181248155507175
160217bc15ecd80992776a356e3c00c3,Cc1cccc(-c2nn3c(O)cc([C@H](C)Cn4nccc4C)nc3c2C)c1,0.21618895503607663,0.16657278483564203,0.21803886104713788
50afba016819c773dbed4abbb81cdac9,COc1ccc(-c2cc(OCC(N)=O)c3cc(NC(=O)c4ccc(Cl)cc4)ccc3n2)cc1,0.3562392429871993,0.419808492064476,0.22970073466951196
d6d01b97e0f9f83acefdb09601dea626,O=C(C[C@@H]1S/C(=N\c2cccc(C(F)(F)F)c2)NC1=O)Nc1ccccc1,0.10892444840547713,0.1272635436630067,0.031713473525914276
671f9a6ad9a20b3a25e35d392c593476,CCCOc1ccc(C(=O)[C@H]2CC(=O)Nc3c2c(C)nn3-c2cccc(C)c2C)cc1OC,0.17328897389498624,0.14543685587969693,0.2228775999762795
67ae37cdff9b9e43b9e9b4353da1e7e4,O=C(CCn1cnc2ccccc21)N1CC[C@@H](c2ccc(F)cc2)[C@H](O)C1,0.11310370063239877,0.06783696377268908,0.01638534136476334
2fcb0ec64eb25c85b095b719dd0ef569,Cc1nc2c(C(=O)N[C@H]3CC[C@@H](Oc4ccc5c(c4)OCO5)CC3)ccnc2n1C,0.07560940137640997,0.08801438151435419,0.10861078802157532
816e7140cac106f9487c7d222603f206,COC(=O)c1cccc(-n2c(C)cc(/C=C3/NC(=O)N(c4cccc(Cl)c4)C3=O)c2C)c1,0.26529394767501135,0.2662611495364796,0.36665360629558563
310c16cfd32fd3379530d6823e189d20,O=C(c1ccc2ncsc2c1)N1C[C@@H](Cc2ccc3ccccc3n2)[C@H](O)C1,0.07426960740915754,0.056321093304590744,0.05669158375398679
dfd134be483a8f2858cb5525f1bf8f9f,CCCCOc1ccc([C@H]2c3c(-c4ccccc4O)n[nH]c3C(=O)N2CCCOC)cc1OCC,0.1328444629907608,0.13318957591598685,0.13030628182671286
d0ed79355b27c292da35381e2563ab76,COc1ccc(C(=O)N2CCC(c3nnc(O)cc3-c3cc(C)no3)CC2)cc1OC,0.06163694607940587,0.062066948295316914,0.024251898464916103
20d55243da49d28fb4a5ce84e85a2253,CCCCN(C)C(=O)c1sc2nc(-c3ccccc3)nc(C)c2c1N,0.24048305506056006,0.23653365942564877,0.1714199622246352
6ba8711f199f2c0b5a1f4de2b0c3fb50,COc1cccc(CNS(=O)(=O)c2ccc(-c3nnc(C4CC4)o3)s2)c1,0.08314889737150886,0.0914010860195214,0.021632272898304192
a8b316dffab1e9ef511097231580c154,COc1ccc([C@@H](O)CN2CCN(c3cccc(C)c3C)CC2)cc1OC,0.1525951332666657,0.1347290963537737,0.024900813102828
34a773409fe3ccbd48a9c07c5ae8f8b2,COc1cccc(-c2n[nH]c3c2CN(C(=O)c2onc4ccccc24)CC3)c1Cl,0.1760622879320925,0.17889244515787472,0.28453293578191236
a27036449764c36015d79a4bcda5f5f1,C=CCc1cc(/C=C2/C(=[NH2+])N3N=C(CC(=O)N4CCCC4)SC3=NC2=O)cc(OC)c1[O-],0.07011524071408944,0.07216868141073395,0.05332803158936175
59cf3b68934741498531f72084b2018b,COc1ccc(CCNC(=O)CSC2=NS(=O)(=O)c3ccccc3N2)cc1OC,0.06945858235386285,0.06611688983288001,0.023283874690109355
efef51d011efec2dfedaf94a5dd98fb1,CC(=O)c1ccc(N2CCOc3c(O)cc(-c4nc(C)cnc4C)cc3C2)nc1,0.18839902837168088,0.20985317433422263,0.16382754052227194
a1b6e64a987a52ae271aa34b5492175c,C=CCn1c(=N)c(S(=O)(=O)c2ccc(C)c(C)c2)cc2c(=O)n3cc(C)ccc3nc21,0.2501941594210538,0.19986531070687555,0.2573470002548261
49e33f65ad8cb6dec2568bb15cce210a,COc1cc(CN[C@H]2CC(C)(C)Cc3c2cnn3-c2ccc(F)cc2)cc2c1OCO2,0.3293090598149733,0.23833217539570548,0.2157751823013479
929af8646b933ca4595b294896875d4c,CCOc1cc(/C=C2\S/C(=N\c3cccc(OC)c3)NC2=O)ccc1O,0.09000271177765998,0.09389735126321531,0.05133403915996579
c01005ae89ef79adba5c21616275ed9b,Cn1cccc(C(=O)NCC2CCN(c3nc4ccccc4s3)CC2)c1=O,0.21056594902818854,0.1510076993568377,0.06225756045684896
5b7ac6ccd867752c4f56d07b1d2b01d2,Cc1cccc(CNC2=NCCNC23CCN(S(=O)(=O)c2c(C)cc(C)cc2C)CC3)c1,0.10887724703008478,0.11248634721745145,0.03835828538814729
59268c4500d8d38f630388fde0355b90,CCc1ccc(S(=O)(=O)N2CCC[C@@](COc3ccccc3)(CC(N)=O)C2)cc1,0.09010189382190054,0.053070355989885604,0.012383756280045915
2732bffddb8cf4807b97c5c2d1ccb5fd,Cn1cc(-c2cc(CNC3CCCC3)cc(OCc3ccccc3)c2)cn1,0.39773285118016327,0.3411033302968876,0.12829783050851387
ac536302105b875c20d7f422e180975c,CN(CCCOc1ccc(Cl)cc1)C(=O)c1c[nH]nc1-c1cccc(F)c1,0.20013607361099936,0.19181702421470123,0.11954129859805107
58d50835f8f0124703da5d13de30b9a5,O=C(c1cnc2cccnn12)N1C[C@@H](Cc2ccc3ccccc3n2)[C@H](O)C1,0.060205077921802345,0.04768187442625111,0.04209281868216666
9c204b12f1e2aa8afa79c019a006ce39,Cc1ccc2cc(CN(CCO)S(=O)(=O)c3ccc(Br)cc3)c(=O)[nH]c2c1,0.16677246649156918,0.10633046261500567,0.033092141934585845
89e4d7bc3143f8d984c2c0dd6c943ff4,COc1ccc(O[C@@H]2CCN(c3nc4ccccc4cc3C)C[C@H]2O)cc1OC,0.14387779276479373,0.1341364055194638,0.0710280408913439
cb4087cb1e33d48d8a97782526713a8c,COc1ccc(NC(=O)[C@@H]2CCCN(S(=O)(=O)c3ccc(C)cc3)C2)cc1OC,0.09027616239406845,0.05850128202953122,0.008750200182972052
b4e1e66d6699dfc981607d2ec4569d90,Cc1cc(C)nc(N2CCN(C[C@H](O)c3ccc4c(c3)OCCCO4)CC2)n1,0.11795103820887479,0.06818281289782714,0.021337191320609152
59c7a33285b0648563aac4e22075a447,O=S(=O)(Nc1ccc2c(c1)N(S(=O)(=O)c1ccc(F)cc1)CCC2)c1cc(F)ccc1F,0.17732160877097736,0.21620184250853278,0.3187095622786067
2f2b80da1e6a1a71f67b66be3fad8e03,COc1ccc(NC(=O)CN2CCC3(CC2)NC(c2ccc(OC(F)(F)F)cc2)=NO3)cc1OC,0.3592140715230595,0.3669521000913598,0.08689783820459111
4349079a8394978088812912b1367f77,COc1ccc(NC(=O)c2cc3nccc(-c4ccc(OC)c(OC)c4)n3n2)cc1Cl,0.42753608660264447,0.44332941553809424,0.34063199297948316
69a552f36d105d7832eb86445e3195c7,Cc1cc(C)nc(NS(=O)(=O)c2ccc(NC(=O)Nc3cccc(Cl)c3C)cc2)n1,0.28509690138426697,0.23983619971708817,0.37750155004588043
e5fe38d8b916c1c884eac24b50041916,CCn1ncc(C(=O)N2C[C@H]3CN(c4ccc(C#N)c(C(F)(F)F)c4)CC[C@@]3(CO)C2)c1C,0.1219670640474016,0.13147396120158109,0.08567480573599989
5b85d9b537e5df511a851dfe5f32f07b,COCCCNC(=S)Nc1ccc(S(=O)(=O)Nc2ccc(Cl)c(Cl)c2)cc1,0.3801921470598741,0.34650368853048846,0.22196556356820193
ee74ab3a84fe9b46ddac828f602217fb,COc1ccc(-c2n[nH]cc2[C@@H]2CC(O)=Nc3c2c(C)nn3-c2ccc(Cl)nn2)cc1,0.1667737771164287,0.16472041606903076,0.2937317179007964
8433a4966ec38d7a2a375916680ebba5,CCOc1ccc([C@@H]2C(C#N)=C(N)OC3=C2S(=O)(=O)N(Cc2ccccc2C)c2ccccc23)cc1,0.1584724336862564,0.17400555989959024,0.1611614886840636
7e7b07ccdac33e34897657697539bd1c,CCCCN(C)C(=O)c1c[nH]c2ccc(S(=O)(=O)N(C)c3ccc(C)c(C)c3)cc2c1=O,0.10029860044067557,0.09120545502413403,0.07095596939325333
dcb3aaf11268890407e026fc7287c13f,COc1cc(/C=C2\C(=O)N(c3cc(Cl)cc(Cl)c3)N=C2O)cc(OC)c1O,0.2327438308434053,0.21088594130494379,0.3328506485982375
ababe2b15f07122cd092c3c975789e48,COc1cc(C[C@@H](CO)[C@H](CO)Cc2ccc(O)c(OC)c2)ccc1O,0.1645097742703828,0.13800079527903686,0.03831241783601316
8145d010a4bae2d288d4c347651d2031,OC[C@@H]1[C@H](Cc2ccnc(-c3cccnc3)n2)[C@@H](NCc2ccc(OC(F)(F)F)cc2)C[C@H]1O,0.2921631336212158,0.20365635102445429,0.2536847645586187
a14f4177c5f3bb66abda48e8f574b681,CC(C)(C)c1nccc(C[C@@H]2[C@@H](CO)[C@H](O)C[C@H]2NCc2ccc3c(c2)OCO3)n1,0.09609505132010038,0.1083176438273354,0.0716107861477543
fdb4933bf055cd5dff2967a4dbe844ed,COc1ccc(C(=O)N2CCC3(CC2)NC(=O)N(c2cccc(F)c2)N3)cc1,0.09141012823039835,0.08769471164454114,0.031738979763097384
0e393ba9e3f3bd458555e221fb69b0e4,O=C(c1ccccc1)C1CCN([C@H]2CN(S(=O)(=O)c3ccccc3)C[C@@H]2O)CC1,0.0663507529957728,0.049328632033641705,0.00843540760119636
5f4954aba419b462cc56ce14ba652105,N#Cc1cccc(NC(=O)CSc2ncc(S(=O)(=O)c3ccc(Cl)c(Cl)c3)c(=O)[nH]2)c1,0.2624754160642624,0.24510064653374933,0.10645792527462948
05647bcdb2394fcac86688651568953d,Cc1ccc(F)cc1CC(=O)N1C[C@@H](Cc2ccc3ccccc3n2)[C@H](O)C1,0.07528808882290666,0.0661947910504585,0.027497435750609093
589cf236adf97b085991814930a886d7,COc1cc([C@@H]2C(C#N)=C(N)Oc3c2c(C)nn3-c2ccc(C)cc2)ccc1OCC(N)=O,0.16888220608234406,0.1785485331307758,0.1467822404070334
e07f14a3c0defbd0a02eb9d1b510d500,COc1ccc(C(=O)N2CCC(O)(COc3ccc(C)c(C)c3)CC2)cc1F,0.16272793303836475,0.16575508429245514,0.08096650666133924
084900cd98e39fe565fad0b8fd3cc799,COc1ccc2cc(/C=N/NC(=O)Cc3ccc(OC)c(OC)c3)c(Cl)nc2c1,0.293362786824053,0.2542720139026642,0.21504497595808722
dfa56f747df987e568d1132f9b035c3e,COc1ccc(O[C@@H]2CCN(Cc3cnn(-c4ccccc4)c3)C[C@H]2O)cc1OC,0.20111020654439926,0.18651361695744775,0.05683754960244352
6aacf77ccbbfe30eb2d731b0739b7e61,COc1ccc(NC(=O)C[C@H]2S/C(=N\c3ccccc3)N(CCO)C2=O)cc1,0.031723993121307685,0.032360652523824356,0.005289794697918379
232109a8b1e0ac3e78cda3270b2d08df,Cc1cccc(C)c1NC(=O)C[C@H]1S/C(=N\c2ccccc2)N(CCO)C1=O,0.029123354756104,0.024304474883882158,0.008576605705126316
6d89b45b9966002c0ca925a3ac7b3f2b,COc1cccc(S(=O)(=O)N2CCc3c(C(N)=O)nc(-c4ccccc4)n3CC2)c1,0.07824904640967195,0.08442822776057503,0.05366296507418156
50c945d6bdde13ce3e5c1f041814ba61,O=C(CCn1cncn1)N1CCC(c2[nH]ncc2-c2cccc(F)c2)CC1,0.19516855613751846,0.18265317832000702,0.038141089491546154
a5bdebe096545c8665a159427a87eb03,CCc1ccc2[nH]c(=O)c(CN(CCCO)S(=O)(=O)c3cc(Cl)ccc3C)cc2c1,0.15803904966874557,0.127458587966182,0.05720083313909444
116d8288381047f0c4d880627a952c39,CC(C)c1cccc(O[C@@H]2CCN(C(=O)c3ccc(Cl)c(F)c3)C[C@H]2O)c1,0.12675801698457112,0.1361982480368831,0.07445738024332306
811739f3df64d1180f0b88bd03488e52,Cc1ccccc1C(=O)c1c[nH]c(C(=O)NCc2cccc(C(F)(F)F)c2)c1,0.21169788932258432,0.23520104654810645,0.09538730894300071
4a8703bf74bb4934961f5bdcf6e4a301,O=S(=O)(Nc1ccccc1-c1ccc2ccccc2n1)c1ccc(F)cc1F,0.268736026503823,0.20299674638293005,0.31739104877818713
f3668d9cb7d1e600286be04bda343d4d,COc1ccc(CCNC(=O)Cn2nc3c(Sc4ccc(C)cc4C)nccn3c2=O)cc1OC,0.1523314727978273,0.1290227621793747,0.13890370726585388
dc672669fde7f7d634b1429f0ed80dba,Cc1ccnc(SCc2cc(O)c3c(=O)n(-c4ccccc4)[nH]c3n2)n1,0.2547962110150944,0.158839200200005,0.10874762334225868
752f72f88c33107579bf506e2e970428,O=C(C[C@@]1(O)C(=O)N(Cc2ccc(Cl)cc2)c2ccc(Br)cc21)c1ccco1,0.1989096277816729,0.20999080484563654,0.23160596259615637
a8f39ba4353bbfe69b0e33969b5f3416,COc1ccc(S(=O)(=O)N2CCC(C(=O)Nc3nc(-c4ccc(C)cc4C)cs3)CC2)cc1,0.1887411834164099,0.11040291833606633,0.15878906575116244
c3e414b173dbcae2aab762e7290c3ba5,Cc1ccc(S[C@@H]2O[C@H](COS(=O)(=O)c3ccc(C)cc3)[C@@H](O)[C@H](O)[C@H]2O)cc1,0.11612697487527673,0.07852701893584295,0.07123951613903046
f8b0c763e955ecd3dba756b697bed034,COc1ccc(CC2(CO)CCN(S(=O)(=O)c3cc(C)ccc3C)CC2)cc1,0.08671143515543504,0.08414351161230695,0.02037787606770342
cecfaf5040985e182225717353f25b73,COc1ccc([C@@H]2C(C(=O)c3ccc(OC)c(C)c3)=C(O)C(=O)N2CCCN(C)C)c(OC)c1,0.13589013164693658,0.14346925808455457,0.04910003072158857
7621a88423902dde4518ff594928aa0a,Cc1cccc(Cn2cccc2/C=C2/C(=O)N(c3ccc(F)cc3)C(=O)N=C2O)c1,0.23614362695000388,0.2143597419966351,0.3390335108746182
4f552c15c236e07e604693a1effe8a47,O=C(Cc1cccc(Cl)c1)N1C[C@@H](Cc2ccc3ccccc3n2)[C@H](O)C1,0.10238962112502618,0.07752033797177402,0.035199422389268875
40fa5ce0c6ed263e0ac3fa05bec225d0,COc1ccc(C(=O)C2=NN[C@@H]3C(=O)N(c4cccc(C(F)(F)F)c4)C(=O)[C@H]23)cc1,0.1933844258839434,0.3209212171760472,0.23518109152262862
b2cf1c8ef9164f538594d4f547fd8dc9,Cc1noc(C)c1S(=O)(=O)N1CC[C@](Cc2cc(-c3ccc(F)cc3)no2)(C(N)=O)C1,0.050754387778314675,0.058630847964774475,0.04175227372483774
b4abf8767367542cfad5242fcd83ae26,Cc1cc(C)c(S(=O)(=O)N(CCO)Cc2cc3cc(C)c(C)cc3[nH]c2=O)c(C)c1,0.1365776014598933,0.09889065846800804,0.06264188547026027
3cb423ed2a34f0a9033105922277a8c7,O=C(c1scc2c1OCCO2)N1C[C@H]2C[C@@H](n3cc(C4CC4)nn3)[C@H](O)C[C@H]2C1,0.025944239301183683,0.02953615728554062,0.006763455474852394
697569e837669eb11f3f91ddf2222695,CCc1cc(C(=O)N2CCOc3c(O)cc(-c4ccc(C)s4)cc3C2)ccn1,0.13992617550221356,0.1195092514495958,0.044430534948002205
dc0da08b58bc3129e272142bb4a66515,COc1cc(/C=C2\S/C(=N\c3cccc(Cl)c3Cl)NC2=O)cc(OC)c1OC,0.15684831514954567,0.14099706633251943,0.16280856389891019
8484e3c05974d132843db2fae42f02d5,Cc1ccc2c(c1)C(=O)NCC1(CCN(C(=O)CCc3c(C)nn(C)c3C)CC1)O2,0.04863969321278008,0.046671011794718324,0.008917809227651478
51a2f24e5de6c462fff2575f804a87a9,CCCc1nnc(N2C[C@H]3C[C@@H](Oc4cccc(Cl)c4)[C@H](O)C[C@H]3C2)o1,0.0986900721591982,0.09821120886640115,0.0915475137616423
ae52ec6c5652e4f8c2712352cbdd595d,C[C@H](c1ccon1)N(C)C(=O)c1cc(COc2ccc3c(c2)OCO3)[nH]n1,0.038751705464991654,0.042413734989664095,0.010886697802396322
41d627a5f5036aa261890c8d98800646,COc1ccc(S(=O)(=O)N2C[C@@H](CO)[C@@H]3COc4ccccc4[C@@H]32)cc1,0.03960678352847357,0.03722616343557919,0.005225237603719341
66a6683927efbc016e6a1162a05a63fe,O=C(Cc1ccc2c(c1)OCO2)N1CC[C@H](O)[C@@](CO)(Cc2ccc(F)cc2)C1,0.07655684649944305,0.07747924340550195,0.032340722158551216
611e7f85b9c52c3cb0a808cdbd45c421,COC(=O)C[C@@H](c1ccc(OC)c(OC)c1)c1c(O)cc(C)n(CCc2ccc(O)cc2)c1=O,0.09292828444052827,0.09062526717951352,0.019905318021880124
7624653138eaa4ba45573f17df32cb57,O=C(c1ccc2c(c1)OCO2)N1CCc2[nH]nc(-c3cc(F)cc(F)c3)c2C1,0.16789958863095802,0.14917643774639477,0.1923335147174922
281cc0f5b554c05a2e4f2e8b4d9c4bde,COc1ccc(-c2nnc3sc(NC(=O)c4cc(OC)c(OC)c(OC)c4)nn23)cc1,0.2436096275394613,0.233024654740637,0.2567413320595568
0422ed466e54c9ca63dbb589c6cbebc9,Cc1ccccc1-c1nn2c(=O)cc(CNC(=O)Nc3cccc(F)c3)nc2s1,0.23420973122119904,0.1960000145164403,0.13141115822575308
4e11a20775cdbfd4d7e7ae6c03713cb9,COc1cccc(C(=O)C2=C(O)C(=O)N(CCc3ccccc3)[C@H]2c2ccc(O)cc2)c1,0.10828908261927692,0.09134780253622342,0.0275074766991152
11a4df531ec343903931b981e411c9aa,COc1ccc(CC2(CO)CCN(S(=O)(=O)c3ccccc3F)CC2)cc1,0.08918429538607597,0.08576477894728834,0.01748493033334274
1b23658437743be798d8764b5a83778a,COc1cc2c(cc1OC)CN(C(=O)CCCCCn1c(C)ccc1C)[C@H](C(N)=O)C2,0.0969658207825639,0.09644411538134921,0.031346416122026065
85c96b4db2444d86661a8385348ec9a0,COc1ccc(C(=O)CCNc2ccc(Cc3ccncc3)cc2)cc1OC,0.3444597517902201,0.2554375231266022,0.14256173677065156
516f2403acc05b6bdaf0172111a17b1d,COc1ccc(/C=C2\N=C(c3ccccc3)N=C2O)cc1OC,0.16822542453354056,0.13335833749310536,0.0454315577887676
8b04e46332387e9b106ec6b7a0e4fbe8,COc1ccc(CN2C(=O)N[C@@H](CC(=O)NCCC3=CCCCC3)C2=O)cc1OC,0.051257717507806694,0.043848193033640695,0.01038562078610994
316218f74610ac6c8231e2870bb81841,CCOc1ccc(-c2[nH]ncc2C(=O)N[C@@H](C)c2ccc(OC)cc2)cc1Cl,0.26602833785794,0.19371390156447887,0.09876477972350338
c74fb1e017d6a8a5c74e9749957974b9,COc1ccc([C@H]2CC(=O)C3=C(C2)Nc2nonc2N[C@@H]3c2cc(OC)c(OC)c(OC)c2)cc1,0.12208069683137265,0.1524228489837366,0.04904389281926507
5f2f0b05160b8ffa401a18eaef795861,O=C(c1cccnc1)N1CCC(N[C@H]2COC[C@H]2Cc2ccnc3ccccc23)CC1,0.10534603826024315,0.0835763112091544,0.029602954164147377
13ccd36b27333930ec990ace4f1592e7,O=C(c1ccc(N2CCCCC2)cc1)N1C[C@@H]2c3ccccc3OC[C@]2(CO)C1,0.0761957647786899,0.07102984109554779,0.03971584744497456
d2ecf0046812a6f8386886df2a939480,COc1cc(NS(=O)(=O)c2ccc(Nc3nc(-c4ccc(C)cc4)cs3)cc2)nc(OC)n1,0.34947123446247796,0.3336118744178252,0.4393146742473949
0dffb9485b12e7558439103b81f86095,CCOc1ccc2nc3c(cc2c1)CN(CCO)/C(=N\CCc1ccc(OC)c(OC)c1)S3,0.2855933254415339,0.17771802213974297,0.06032904542305253
10712b5715dfeea51d4755e746a1060d,COc1ccc(CCNC(=O)CCc2c(C)c3ccc(OC)c(C)c3oc2=O)cc1OC,0.17273327911441977,0.1439724430780519,0.06764875310049816
1f92d81b59d826e7ff038db81b778e45,COc1ccc(C2=NS(=O)(=O)N(C)C(C(=O)Nc3cc(OC)c(OC)c(OC)c3)=C2)cc1,0.2187625759027221,0.15802548453211784,0.12222883342341943
1488a63a819c63661bc70dfa427ad7dc,Cc1ccc(C(=O)N2C[C@@H](c3ccc(F)cc3)[C@@]3(CCCC(=O)N3)C2)cc1NCc1cccnc1,0.06979889100925489,0.06792452186346054,0.021641630367164245
16dd7a3d058f569feca4c5b153e20c5f,NC(=O)C[C@H]1CN(S(=O)(=O)c2cccc(C(F)(F)F)c2)CC[C@@H]1Oc1ccc(F)cc1,0.12392063303427263,0.13822070102800021,0.08746345138007944
18a6af83d210d15b7e592e06ce402a74,CCCc1cc(CN(C)C(=O)c2cc(NC(C)=O)c3c(c2)nc(-c2ccccc2F)n3CC)n[nH]1,0.1254307424480265,0.09998542070388794,0.19849189980463547
e487f848ff0f81d553cf51dc5cb8a456,OC[C@@]1(Cc2ccc(F)cc2F)CCCN(c2ccc3ccccc3n2)C1,0.3099264773455533,0.2562560791319067,0.19937039640816775
9dc45d68592ffc5fe201cd973543a949,COc1cccc(S(=O)(=O)N2CC[C@@](Cc3cc(C4CCCCC4)no3)(C(N)=O)C2)c1,0.0672184360975569,0.04646144949153743,0.008274770400021225
846c21e3b0dcc54269c001fbd1206ee5,COc1ccc(CCNC(=O)CCC(=O)N2CCCn3nc(C)cc32)cc1OC,0.07754130153493448,0.06615685192942196,0.01768136659467762
b166c2172af25efea0edcb1b9158593d,O=C1NC(=O)N(CCc2ccc(F)cc2)C(=O)/C1=C/C=C/c1ccco1,0.08905698291280052,0.0930517241358757,0.14040363173593173
14954c86c8e09e5971085aa02f5cdc18,Cc1nn(-c2ccc(Nc3ccc(NS(=O)(=O)c4ccc5c(c4)OCCO5)cc3)nn2)c(C)c1C,0.17003492198207162,0.19681752947243777,0.3286598446694287
f902b94e9e7c7ea448a209fc73ae7e21,CCOC(=O)[C@@H](C)Oc1ccc([C@@H]2NC(=O)NC(C)=C2C(=O)Nc2ccc(C)cc2)cc1OC,0.14131734858859668,0.09842424585737965,0.05454405549574982
dad1c4833267457260e7915c5c5f4afc,COc1cccc(CC(=O)N2CCC[C@](O)(COc3cc(C)ccc3Cl)CC2)c1,0.15348282998258417,0.12417477589439262,0.09027897871353409
6dc693c0aeb9713000bd5b99f8c5f4c2,Cc1ccc2cc(C3(O)CCN(Cc4ccc(C)c(F)c4F)CC3)ccc2n1,0.4482057717713443,0.560151984745806,0.23675524985248392
769367ec71d85fb2d28853a9aed7fb72,COC(=O)[C@@]1(C#N)[C@@H]2C=CC(C(C)=O)=CN2[C@@H](C(N)=O)[C@@H]1c1cc(OC)c(OC)c(OC)c1,0.05009252787567675,0.0764907190350641,0.024514463622050574
25411b7b9f7e242075c266858bd38ef1,COc1ccc(-c2[nH]c(-c3cccnc3-n3cnc(Cl)n3)nc2-c2oc(C)cc(=O)c2O)cc1,0.4015755219893022,0.368707303296436,0.4355997118082913
c59ef897816e689a30912531d73620dc,COc1ccc2[nH]cc(CCNC(=O)CCc3c(C)c4ccc(O)cc4oc3=O)c2c1,0.16694389419122177,0.14941308918324384,0.0690920263190161
2b56e1f0a0020de4d274fbf5d63019a0,COCCCn1ccc2cc(-c3cc(-c4ccccc4)cc(=O)n3O)cnc21,0.34629068591377954,0.29497345875610004,0.22783708301457492
cd27dcbaf00f476429813a954a2c3aad,COc1cccc(/C=C2\S/C(=N\c3ccc(C)c(C)c3)NC2=O)c1OC,0.08774156191132286,0.09370426955700334,0.03953922345218333
2ced6ca9ebe2b1318d5d6550a00bc3e4,COc1ccccc1N1CCN(C[C@@H](O)COCc2cc(OC)c(OC)c(OC)c2)CC1,0.203308317810297,0.1518348314037377,0.023666482185944915
a604109cab2674cda29b68e4898b94e7,CCOc1ccc2[nH]c(=O)c(CN(CCCO)S(=O)(=O)c3ccccc3C(=O)OC)cc2c1,0.07232271575114944,0.0570037751246921,0.01065181535457007
578dabbbf0a1ae84c9e4723f45e11731,Cn1ncc2ncc(C(=O)N3C[C@@H](Cc4ccc5ccccc5n4)[C@H](O)C3)cc21,0.07399856536225839,0.0533885078674013,0.05150350979105993
de623c5a905e8a3738a2221c3ce469dc,CCOc1cccc(-c2n[nH]c(=S)n2/N=C/c2cc(OC)c(OC)cc2OC)c1,0.24894865263592114,0.25283103571696713,0.11555587771263989
4df080358419932465df316cd6917b2f,CCOc1cc(/C=C2/C(=O)NN(c3ccc(C)c(C)c3)C2=O)cc(Cl)c1OCC,0.2683259838006713,0.23673172362826087,0.2650684423067353
5f337aa942ed319055d9f28a576a8719,O=C(c1ccncc1F)N1CCOc2c(O)cc(-c3cccc(Cl)c3)cc2C1,0.221546471118927,0.18701053664765574,0.0896788996390321
71e975cd39d57f4bad99524353a796d1,CC(C)c1cccc(O[C@@H]2CCN(C(=O)c3ccc4ncccc4c3)C[C@H]2O)c1,0.08367479059167883,0.0878987739878622,0.02798666237768802
9bc22e4cfd980f6062254ba5dc399336,OC1=Nc2c(ncn2-c2ccc(C(F)(F)F)cc2)[C@H](c2cccc(O)c2)C1,0.26375028965148056,0.2866312881762331,0.1798183765601028
829e7f1a5714dfc4ca41edcda350b2ba,CCOCCOC(=O)C1=C(C)NC(=O)N[C@@H]1c1cc(Cl)c(O)c(OC)c1,0.18841840529983694,0.15760321750051595,0.04892062387344512
a7eab4c310ac2fdecff804298c4aaf3e,CCOC(=O)C1=C(CS(=O)(=O)c2ccc(F)cc2)NC(=O)N[C@@H]1c1ccc(OC)cc1OC,0.12568059766834433,0.11096222834153609,0.09870201721787453
67bf4a8582399c2898c60696180ed5ba,CCOc1cc(/C=C2\C(=O)N(c3cccc(Cl)c3)N=C2O)cc(I)c1OC,0.2863276709209789,0.32099878042936325,0.33524965156208386
9f543bf9528a14633a5b2669ebfd81ef,CCCn1cc(/C=C2\C(=O)N=C(S)N(c3ccc(Cl)cc3)C2=O)c2ccccc21,0.16904287040233612,0.1633917452259497,0.26846162703904236
41313099ee2ed06ecb692fabf015da49,COc1cc(/C=N/NC(=O)c2cccc(Cn3nc(C)cc3C)c2)cc(Br)c1O,0.13023935529318723,0.14831060306592422,0.19214018366553567
dc8a80efa568c3bc2cac6a74dc8f7749,COc1ccc(C(=O)NC[C@]2(COc3ccc(S(C)(=O)=O)cc3)C[C@@H](O)[C@@H](O)C2)cc1,0.10373264326798645,0.06450387738137082,0.016008000487504018
045a51f64330130862c8cd17a373b000,CC(=O)c1ccc(S(=O)(=O)N2CCC(CO)(Cc3cccc(C(F)(F)F)c3)CC2)cc1,0.17389295250177383,0.18870545517314563,0.14234001900662074
91db4ee08bfc3509c50198720c7cb9c0,COc1ccc(C(=O)c2sc(Nc3cc(C)ccc3C)nc2N)cc1OC,0.5296732566573403,0.5148356001485478,0.2419788505543362
b585f241b4f79ea59caa1be3ae3bd2dc,CNC(=O)[C@]1(Cc2cc(C3CCCCC3)no2)CCN(S(=O)(=O)c2ccc(C)cc2)C1,0.07405929572202942,0.049207770149223506,0.009790251759113744
612a2b79acd86a5df25bb8299525c029,CCc1ccc(CN2CCC(c3[nH]ncc3-c3cccc(OC)c3)CC2)nc1,0.3056377402760766,0.39255663244561717,0.10403713465414265
0be9d17f9d21c4aac8686eb2bc1f5e45,CCOc1ccc(C(=O)O)cc1/C=C1/C(=O)NC(=O)N(c2ccc(OCc3ccccc3)cc2)C1=O,0.05744191885671832,0.0646834344687787,0.05286423713815483
f38b919dfad09ebb7e3d3d3043b6c4f7,O=C(NCc1cccnc1)[C@@H]1Cc2cc(C(F)(F)F)ccc2N2CCN(c3ccc(F)cc3)C[C@H]12,0.19809077205983075,0.1806690442291173,0.11083490672436627
b02bb5b3067b228add3d1fca5b189975,COc1ccc2c(c1)OC1(CCN(C(=O)CCn3nc(C)nc3C)CC1)CNC2=O,0.03773430929603902,0.03986929948124188,0.007988053684874269
42d36ae71da9bda3169c4fe3b782f902,COc1ccc(-c2cc(-c3ccccc3)nc(O)n2)cc1OC,0.25269887122240936,0.21430349756370892,0.05858028468421914
4fbc6ff79ccf634ed18f2d99daad87e5,O=C(c1onc2ncccc12)N1C[C@@H](Cc2ccc3ccccc3n2)[C@H](O)C1,0.04895240758461031,0.04818835727531801,0.030052952468395233
f56d31fc5db5fa0e0be7ebd16227e8e1,Nc1ccc(C(=O)c2ccccc2)cc1NC1=CC(=O)C[C@@H](c2ccco2)C1,0.2911717001010071,0.3620784790678458,0.0724245899526233
602081e78d1d68f49f8ee4737bca838c,O=C(C1CCCCC1)N1CCC(c2nc(O)c3nnn(Cc4cccc(F)c4)c3n2)CC1,0.10926427692174911,0.09202115593308752,0.04901824364523319
bfa741f1988c244c6c0a187d0f4ef1b9,Cc1ccc(Cl)c(OC[C@@]2(O)CCCN(Cc3cccc4[nH]ccc34)CC2)c1,0.5224394798278809,0.4714424718510021,0.31787134977904236
5499f178c68941aac71521d1c0143b5c,NC(=O)CC1(COc2ccc(Cl)cc2)CCN(S(=O)(=O)c2c(F)cccc2F)CC1,0.14029628546400505,0.11981632526625287,0.09141146052967418
fdf56e66bf76e11d70fe250638e17501,CC(C)NC(=O)[C@H]1CN(Cc2ccc(F)c(F)c2)C[C@@H]1c1ccnc(N2CCCC2)n1,0.07826336913488129,0.06770240659402176,0.02722027967683971
e838f5a05f508b4753dde5ff4f144b17,COc1ccc(N2C(=O)NC(=O)/C(=C/c3cc(Cl)c(O)c(Cl)c3)C2=O)cc1Cl,0.210993768139319,0.2865694889968092,0.41420878740874206
ec2884e5817a75c03228077dc258a704,CCOc1ccc(-c2ccc(=O)n(CCNS(=O)(=O)c3ccc(OC)c(C)c3)n2)cc1,0.11874434792182663,0.0887846197001636,0.014262119514486667
8360d2eefe18b73f4ae41ee15839e3d8,COc1ccc(NC(=O)CN(c2ccc(Oc3ccccc3)cc2)S(C)(=O)=O)cc1Cl,0.3092337582599033,0.23102408376607028,0.23920444466850974
29250a0681e5bca12c241e1b0985d453,COc1ccc2c(ccn2CCNC(=O)CCc2nc3ccccc3n(C)c2=O)c1,0.11742762476205826,0.11230589551004497,0.029286240481517532
19b4338b3540c5f5485bfa9c53afe580,CCCOc1cccc([C@@H]2C(C(=O)c3ccc(OC)c(OC)c3)=C(O)C(=O)N2c2cc(C)on2)c1,0.09672960266470909,0.08238012398677794,0.037667149169878525
f7852142d1f2e597bab396928f1fc75d,COc1cc(C(=O)N[C@H](C)c2onc(-c3ccccc3)c2C(=O)O)cc(OC)c1OC,0.046899731355634605,0.04733601637946611,0.013376477965555916
c47fb05719c85d57f42b8a32179c36b9,COCCNC(=O)c1c[nH]c2ccc(S(=O)(=O)Nc3ccc(F)cc3F)cc2c1=O,0.10501173477281224,0.12197248129682108,0.07135205734944479
bf6198eea6a180f24c5c5d0a7fc15222,O=C(CCn1cccn1)N1CC[C@@H](c2ccc3ccccc3c2)[C@H](O)C1,0.10499894415790384,0.06970240757536059,0.012710386712569743
d0df4b937d334bae126d5ef162e91bc2,CCn1ccc2cc(S(=O)(=O)N3CCC(C(=O)NCCCN4CCCC[C@@H]4C)CC3)ccc21,0.06953999535603957,0.04215185555883429,0.00968321065407839
d647f1725ed4b1f60111d04d122e55bb,OC[C@@H]1[C@H](Cc2ccnc(-c3cccc(C(F)(F)F)c3)n2)[C@@H](NCc2ccccn2)C[C@H]1O,0.3113702874292027,0.3041904148730365,0.5224762071262706
b47cb100fdd19d7bf1c609753210ca35,COCCN1C(=O)N[C@@](Cc2cccc(F)c2)(C2CCN(Cc3cccc(C)n3)CC2)C1=O,0.12266429581425407,0.1102861449630423,0.03661326200447299
cfaed992886b4c4008988cc9531cc984,COc1cc(/C=C2/C(=O)NN(c3ccc(C)c(C)c3)C2=O)cc(OC)c1OC,0.1942731575532393,0.14771685715426097,0.10754540681161663
340d346409dd3375589977b58ebcc052,Cc1ccc(-c2cc(O)c3c(c2)CN(c2cnc4ccccc4n2)CCO3)s1,0.30135350742123346,0.2583730992945758,0.20848160372539
43b765e8f383500acc2ac874304c469d,N[C@H]1CN(C(=O)OCc2ccccc2)C[C@@H]1c1nc(-c2cccc(C(=O)O)c2)no1,0.029388200989077715,0.03509008951104162,0.007921727866315368
bdee0211f48e719bdc46cce8ee9d3efb,Cc1cc(F)cc(C(=O)N[C@H]2C[C@H]3CN(c4cc(C)nc(C)c4)C[C@H]3C[C@@H]2O)c1,0.09373600086705251,0.06587920769710433,0.03653295592150905
27f7a206fcd7e99b6f604d1f773179c5,CCn1cc(C(=O)N2CC[C@@]3(CO)CN(c4ccc(C#N)c(C(F)(F)F)c4)C[C@H]3C2)cn1,0.12103228609670293,0.13912425935268402,0.0985765467313203
f9a30c939faf0c09d46280a1ca242031,Cc1ccc(/N=C2/NC(=O)/C(=C/c3ccc4c(c3)OCO4)S2)cc1C,0.08603159482167526,0.07705343832460378,0.05034711061638187
0e8ab5c06569bc29f2737e67d01d09c6,COc1cc([C@@H](CC(=O)O)c2n(Cc3ccc4c(c3)OCO4)c(C)c(C)[n+]2O)ccc1O,0.09624344635416161,0.08221904446624896,0.015115788053001532
17397901ea9dc6ba3e9637638cc4be1e,Cn1cc(C(=O)N2C[C@@H](Cc3ccc4ccccc4n3)[C@H](O)C2)ccc1=O,0.04286392756991766,0.03930795545668595,0.009311604813609103
fe5fc0122f9d36c2a9aec4807b8da8be,Cc1cc(OC[C@@]2(O)CCCN(C(=O)Cc3cccc(F)c3)C2)cc(C)c1Cl,0.13922879641706293,0.13221285001120783,0.048238228032873434
b44d46f664576c5cc5ee71ab9ee3975c,CCN(CC)c1ccc([C@H]2NC(=O)N[C@](O)(C(F)(F)F)[C@@H]2C(=O)c2ccccc2)cc1,0.1692517608065497,0.20619756078072402,0.04125015452551783
bad1d69e02b6a5c7b8f8c2230edd7b02,COc1ccc(/C(C)=N\NC(=O)CSc2nc3ccccc3n2C)cc1OC,0.1305346820842136,0.09365474055944518,0.057652855461294
aabde1d587f6f1cabd5d0f1d3453c114,COC(=O)c1ccc(O[C@H]2C[C@@H]3CN(C(=O)Cc4ccccc4C)C[C@@H]3C[C@@H]2O)cc1,0.06499285005371679,0.06064681890843944,0.09435492927547205
6499a829c776eb4f92846eac2bd1de86,Cc1cc(C(=O)N2Cc3nc4c(C)c(-c5cccs5)nn4c(O)c3C2)c(=O)[nH]c1C,0.18098996511914514,0.13499137623743576,0.16328045454892245
595dc0107f302b42bf2349a355bd25c2,O=C1N/C(=N/c2cccc(Br)c2)S/C1=C\C=C\c1ccco1,0.07078836180947044,0.0657790412899986,0.01664756943897704
89c2b321e516c002e6675b1080aa997a,CCOc1cc(CNC(=O)CCn2nc(-c3ccc(Cl)cc3)ccc2=O)ccc1OC,0.2098717296665365,0.14565590396523476,0.07572926445440813
c9daa6eb47af4e1bcde597a8e3b3f8e5,Cc1ccc(CC(=O)N2CC[C@H]3CN(c4ccc(C#N)c(C(F)(F)F)c4)C[C@@]3(CO)C2)cc1,0.15300858156247574,0.15093580294739117,0.11184777116233652
56fa61d9f1c1d36628ee4363c9644627,COc1cccc([C@@H]2C(C(=O)c3ccc(OC)c(OC)c3)=C(O)C(=O)N2CCN2CCOCC2)c1,0.06939549320800738,0.07295678591948342,0.015743947336886777
8d53f347e1f755484a7baf75c9a11870,COc1cc2c(cc1OC)[C@@H](NC(=O)CCc1nnc3ccc(OC(C)C)nn13)CC2,0.10879333622076294,0.09166359207169576,0.020396136213093996
6d49e18b0654aa82bf56c56d4a5ef64f,COc1ccccc1S(=O)(=O)N1C[C@H]2CN(CCc3ccccc3)C[C@@]2(CO)C1,0.055940948257392105,0.0467967755923217,0.005786900134725412
34a3dde17045126999cfad2dfeac4eb5,Cc1cccc(CS(=O)(=O)Nc2ccc3c(c2)C(=O)N(C)c2cc(C)ccc2O3)c1,0.16203061017123135,0.12364214591004631,0.11023902969265525
c8ebaece786d38052e0536fc73bf9d38,Cc1ccc2cc(CN(CCCO)S(=O)(=O)c3ccc4c(c3)OCCO4)c(=O)[nH]c2c1C,0.11706610294905576,0.08299777487462218,0.025688740975138815
5cc66f82a44505cf9454730dc1666cf8,Cc1cnc(C)c(-c2cc(O)c3c(c2)CN(C(=O)c2ccncn2)CCO3)n1,0.07909138737754388,0.07937850820069964,0.04438802290877158
bac5bdff81991b783bc7b5b092efb4da,Cc1cc(-c2nnc(S)n2/N=C/c2cccc(OCc3ccccc3)c2)[nH]n1,0.17793059484525162,0.12791782956231723,0.07477877399122174
2d58a888c0d24e5ff7a77dd044226379,O=C(Cc1cccc(F)c1F)N1CC[C@H](O)[C@@](CO)(Cc2ccc(F)cc2)C1,0.11026037492873994,0.13028266907415606,0.094136072661389
e865d02ed13ca0e28c269943fe418d38,COc1ccc([C@H]2CC(O)=Nc3c2ncn3-c2cccc(F)c2)cc1OCC(N)=O,0.10471332852136005,0.11746344579891725,0.06403527976098386
2b7e5a2c3be514c1a811ef9f4cade3f5,Cc1cc(S(=O)(=O)NCCc2sc(-c3ccc(F)cc3)nc2C)ccc1F,0.19874856079166586,0.1462453402240168,0.07731672105464069
94a2567a2b66049211d17f66cdae82c0,O=c1[nH]c2cc3c(cc2cc1CN(CCO)S(=O)(=O)c1cccc(C(F)(F)F)c1)OCCO3,0.20140045068480752,0.17345846706831997,0.0817158565941182
b8123a541f72a5d9c33403193c4b46f9,COc1ccc2c(ccn2CCCNC(=O)CC[C@H]2NC(=O)c3ccccc3N=C2O)c1,0.1132608794353225,0.06307487460699948,0.026442400941794567
0d49be38f1fb79671ae4c63879b7ef63,Cc1ccc2cc(CN(CCO)S(=O)(=O)c3cccc4nsnc34)c(=O)[nH]c2c1,0.07681604407050392,0.06735048236706379,0.02893900304016742
934518eab9233c1ba25fd800f010ed8a,OCc1cc(OCc2ccccc2)ccc1-c1cc(F)c(F)cc1F,0.4279564754529433,0.38502050491727213,0.12715040858496318
6665ebe9fea1f45976660f63253ee686,COc1ccc(OCc2cc(C(=O)N(C)[C@H](C)c3ccon3)n[nH]2)c(Cl)c1,0.08789391866461797,0.07976784218441356,0.05211726292459802
bfba4da015b17ed17bc0b636a2a5c170,COc1ccc(Cc2n[nH]/c(=N/C(=O)COc3ccc(Cl)cc3)s2)cc1OC,0.1871805888685313,0.15861724037280178,0.07367595848369422
880101eebd8cadf74c74689035688fe6,COc1ccc2c(c1)CC[C@H]1[C@@H]2CC[C@@]2(C)[C@@H]1C/C(=C\c1cnn(C)c1C)[C@@H]2O,0.152097323062745,0.12802729620174927,0.15349633991718292
351c5070fa464fd179e5da8cf73369f3,COc1ccc(-c2n[nH]cc2CN[C@@H](C)CCn2cccn2)cc1F,0.191889918663285,0.13205085500058802,0.05527054493061521
6f17a9294d13616f843be112b1616964,O=C(c1conc1-c1ccccc1)N1C[C@@H](Cc2ccc3ccccc3n2)[C@@H](O)C1,0.07326816411858256,0.06094198902560906,0.028465716930275612
1497852385fa2bdcfea616cad1dcf95c,CC[C@@H](C)Oc1cccc(C(=O)NCc2ccc(-c3nc4ncccc4o3)cc2)c1,0.13681675425984643,0.11687230183319612,0.07513057034124028
122bcccb41c5f2cbfff1e8e651911350,COc1ccc(CN2CCc3c(O)nc([C@@H]4CCN(C(=O)c5ccn(C)n5)C4)nc3C2)cc1,0.04740392365916209,0.0641197684136304,0.01296588221818886
44060e0461a3cd0ab7742147ec9007f5,COc1ccc(C)cc1C(=O)N[C@@H]1CO[C@H](Cn2cnc3c(N)ncnc32)[C@@H](O)[C@H]1O,0.1412198387763717,0.12454429370435802,0.0883422050286423
f9528bc52aaa661d0589175ea9a686ff,Cc1cc(S(=O)(=O)NCC2CCN(c3nccnc3C#N)CC2)ccc1F,0.15515818311409516,0.14576835092157125,0.024220532234969804
68c3d94f94eae7475eb3847ca6a7e245,CC(C)C1=NN2C(=[NH2+])/C(=C/c3coc4ccc([O-])cc4c3=O)C(=O)N=C2S1,0.13788358901034703,0.15528977323662152,0.17649289017373865
000c57817c1596b43e6ea0bf60bdf9ef,CCOC(=O)COc1ccc(/C=C2\C(=O)N(c3cccc(Br)c3)N=C2O)cc1OC,0.09910254959355701,0.07836417654867876,0.06791696418076754
31cd3095f11148ced8041361f456cb24,COc1ccc2c(c1)OC1(CCN(C(=O)[C@H](C)Cn3nc(C)cc3C)CC1)CNC2=O,0.04189647107639096,0.042181802045723256,0.009193890106623505
16668bdef81790fb977f415c061991f1,O=C1CCc2c1cccc2C(=O)N1C[C@@H](Cc2ccc3ccccc3n2)[C@H](O)C1,0.06265082070603967,0.05733606316657229,0.01861125991722061
1c5747f98645b2896011d0419eafef8b,COc1ccc2cc(CN(CCCO)S(=O)(=O)c3ccc(C(C)=O)cc3)c(=O)[nH]c2c1,0.0948133251883767,0.07677260951393029,0.015255774794654413
86e712d7ab978952f8f926339ccfe1b1,COc1ccc(CC(=O)N2CC[C@@H](Oc3ccc4cccnc4c3)[C@H](O)C2)cc1OC,0.07744119790467349,0.06197654955427755,0.016832122177054935
f42f34960bd30bf075e07d9c066a4a7d,Cc1ccc(/N=C2/NC(=O)/C(=C/c3ccc(O)c(O)c3)S2)cc1C,0.11149280518293381,0.10376211384000684,0.09394551635804502
822822592bc1485889cdee0f43671dec,COc1cccc(/C=N/NC(=O)c2ccn(Cc3cccc(Br)c3)n2)c1,0.16409512541510843,0.181701121005145,0.1478927101601254
399849603f4de10e122e2836f1ff7981,COc1cc(-c2cc(-c3ccc(O)cc3)c(C#N)c(N)n2)cc(OC)c1OC,0.45732674409042706,0.46810443022034387,0.14803800714964216
6bb84c2d6320d4622982f141aac2527d,COc1cc2cc(N)c(C3CCN(C(=O)c4ccccc4F)CC3)nc2cc1OC,0.17553056573325937,0.19523928246714853,0.06902310421521013
2a89875e10fb89252ff8678b9ee4c677,O=C(NCCc1csc(-c2ccncc2)n1)c1c[nH]nc1-c1cccc(F)c1,0.14967095174572684,0.1452578900551254,0.10955167697234587
242d7ff309cf250cd412b73bdfe46e5c,COc1ccc(N/C=C2\C(=O)c3ccc(OC)cc3O[C@@]2(O)C(F)(F)C(F)F)cc1,0.2614568004553968,0.391399856318127,0.31778278134085913
9bf25112222f6f50a6f55fa1b894eb1c,COc1ccc2ncc(-c3cc(NCc4ccccn4)nc4[nH]ccc34)cc2c1,0.451830270615491,0.40139243548566644,0.2936412488872355
bd78ac8f75c77da6f9919be510196bad,Cc1cc(-c2ccc(OCc3ccccc3)c(N)c2)ccn1,0.27248470756140625,0.23509659589564597,0.0379565270003778
45c92a33f96f0f799ec342b730025ce4,CCOc1ccc([C@@H]2C(C#N)=C(N)OC3=C2C(=O)C[C@H](c2ccccc2)C3)cc1,0.1169192838397893,0.14601577584190553,0.04548619274878134
a20b77353aed0c11e6b9a8591e48b7f9,COc1ccc([C@@H](O)CN2CCN(c3cccc(Cl)c3)CC2)cc1OC,0.27527759088711307,0.21633430529089476,0.04054732465672053
931a9593323e7e6f5bf7dab7454deeab,COc1ccc(Cn2c(CCC(=O)Nc3cc(OC)c(OC)c(OC)c3)nc3cccnc32)cc1,0.2688887214118784,0.18647152117707513,0.07869457097893412
dfcff988f0142b8068bb1cfc01410cfd,COc1ccccc1[C@@H](C)N(C)C(=O)c1cc(COc2ccccc2)[nH]n1,0.09731425954536958,0.08581136268648235,0.040477205025540156
4d67726c50b5807b0722fbb8054f9039,CCOc1ccc(CCNC(=O)[C@H]2CC(=O)N(CCc3ccc(OC)c(OC)c3)C2)cc1OCC,0.08807487040758133,0.08604968127540567,0.012217115055219356
78ba51feb747ad68a1bae95108f57e82,COc1ccc2ccccc2c1-c1cc(C(=O)N/N=C/c2cccc(Cl)c2)[nH]n1,0.3546087145805359,0.39628881216049194,0.44373300807042554
4ad494317d06a8f2614eeaad43bea467,CCOCCOC(=O)C1=C(C)NC(=S)N[C@@H]1c1ccc(O)c(OCC)c1,0.13658581098372286,0.12467813220361924,0.02806687568293207
3231d12e2d866198030f543b4f831741,COc1ccc(C(=O)C2=C(O)C(=O)N(CCN(C)C)[C@@H]2c2ccc(C(C)(C)C)cc2)cc1C,0.15479303964159705,0.14741178614680062,0.032524137747135355
222695ab98493c3b4a3d3692028a1ebf,Cc1cc(C)n(CCC(=O)N2CCc3[nH]nc(-c4cccc(F)c4)c3C2)n1,0.14655729789625516,0.10792205146704377,0.0489310161633925
f4ab103ac0fb13ed09fdfaaf1cd3c36a,Nc1ncc(CN2CCOc3c(O)cc(-c4cccc(Cl)c4)cc3C2)cn1,0.4160906862128865,0.5389429845593192,0.24962767145850442
10a9966b6703a4f78925b4b920a881f5,O=C(c1ccc2c(c1)OCCO2)N1CC[C@@H](Oc2ccc3ncccc3c2)[C@H](O)C1,0.06027901866896586,0.04936971151354638,0.01574429275933653
d84bd8a9ce216c038786a453572b17e3,Cc1ccc(-c2n[nH]cc2CN2CCC(c3nc4ccccc4[nH]3)CC2)cc1C,0.4339693540876562,0.46511203186078504,0.20820101553743536
566017e6bb38a9fae679e81cb5926466,COc1ccc(CCN2C(=O)N[C@@H](CC(=O)Nc3cccc(C)n3)C2=O)cc1OC,0.04563196502964605,0.044280521402304825,0.02263670079198412
9c6e730d3befc7544e518b85b0329510,COc1ccc(CN/C=C2/C(=O)NC(=O)N(c3cccc(OC)c3)C2=O)cc1,0.1070342796262015,0.12580448659983548,0.23590036380020055
416fb93ed5c114b40c590abac25f6007,COc1cc2cc(N)c([C@H]3CCCN(C(=O)c4ccccn4)C3)nc2cc1OC,0.08018201047723944,0.09682458876208826,0.02039285717711953
4e51d5250843a2ca9244b0a2413e8877,COCCN1CC2=C(C1=O)[C@@H](c1ccc(O)c(OC)c1)NC(=O)N2,0.05461652830920436,0.054119729000707266,0.009001671688813738
efde36e028ce0119ec516b306423928f,COc1cc(/C=C2\C(=O)N(c3ccc(C)c(Cl)c3)N=C2O)cc(OC)c1OC,0.21714726090431213,0.20576709508895874,0.27309502254832874
03715e323b71ec0e07a9222297dd2fc1,CCOc1ccc(N2C(=O)/C(=C/c3cn(CC)c4ccccc34)C(=O)N=C2S)cc1,0.1285789849405939,0.12928973680192773,0.22230715236880563
518f666531bbcf0ece8c31aea73b144c,Cc1ccc(C(=O)C[C@]2(O)C(=O)N(Cc3ccccc3C)c3ccccc32)o1,0.1601391156966036,0.13278346542607655,0.1428856924176216
195f27b1bbf429fe8002972ae76cbaef,O=C(c1ccc2cccc(F)c2n1)N1C[C@@H](Cc2ccc3ccccc3n2)[C@H](O)C1,0.09482716633514925,0.07385367527604103,0.08936328847299922
65ea67dc385563248cb41619d3887c05,C=CCn1c(=N)c(C(=O)N[C@@H](C)c2ccccc2)cc2c(=O)n3cccc(C)c3nc21,0.19437767294320193,0.12266021763736551,0.13813241452656008
e49c3892ad14851f4add3d66b5dc5367,Cc1ccc(CCC(=O)N2C[C@H](Cc3ccc4ccccc4n3)[C@H](O)C2)c(C)c1,0.14377203515984796,0.09256510173542086,0.03091607310555198
ce09bca3ed991f3c890e824564026a2b,COC(CNC(=O)c1cc(C(=O)c2c(-c3c(Cl)cccc3Cl)noc2C)c[nH]1)OC,0.20423006537285718,0.16908728331327438,0.11561409790407527
9d4e9f19204111e778eecb04f6ab3628,CC(C)c1cccc(O[C@@H]2CCN(C(=O)c3ccc4cc[nH]c4c3)C[C@H]2O)c1,0.08821345247666944,0.09530471172183752,0.035891465419395405
d7acc86d47b785fe26f6037150c4ccae,COC(=O)c1ccc([C@@H]2CC(O)=Nc3c2ncn3-c2ccc(F)cc2)cc1,0.11185712401162494,0.11318509263748472,0.08552938682789152
de6da404daf4f0ac351a0a9325dee307,COc1cc(O)cc(C(=O)N2C[C@@H](Cc3ccc4ccccc4n3)[C@H](O)C2)c1,0.05487098307772116,0.05027257709298283,0.012344916912049732
5240c3c806dc5d5ed4dc1522b702baf0,Cc1cc(NS(=O)(=O)c2ccc(Nc3nc(-c4c(C)nc5ccccn45)cs3)cc2)no1,0.2176005020737648,0.19015846740115772,0.36886487291617825
32a4435c58db0be636e9dfe61d0b6960,Cc1cc(-c2cc(O)nnc2C2CCN(C(=O)c3nccc4ccccc34)CC2)on1,0.07252257241105492,0.06530178456821224,0.04387648354961791
bde58450ed7f29a8d9a4f690cbc3317d,COc1ccc(OCC(=O)Nc2ccc3c(=O)c4cccc(Cl)c4oc3c2)cc1,0.24741422723640094,0.26764746244523185,0.10230268226587214
e38bd13544584fe90250d8b433090134,CSc1nn(CC(=O)Nc2ccc(C)cc2Cl)c(N)c1S(=O)(=O)c1ccc(F)cc1,0.21413986384868622,0.20738127827644348,0.15237448127432304
13adf1881d42a84cc133f608b071f364,Cc1ccc(OC[C@@]2(O)CCCN(Cc3cccc4[nH]ccc34)CC2)cc1C,0.39997040548107843,0.3341969373551282,0.14444841309027237
cf0719e1f25a5272250cbd322e2dd258,Cc1nn(C[C@H](C)c2cc(O)n3nc(-c4cccs4)c(C)c3n2)c(C)c1C,0.15249985659664328,0.11705349385738373,0.21570889448577707
eafcbf50e511e7b715d4409408a08e30,COc1ccc(CCN2C(=O)N[C@@H](CC(=O)NCc3ccncc3)C2=O)cc1OC,0.03236106427555734,0.026870801991952412,0.00480259339780208
b2bb10a7c882acab856e75efe283394d,COc1cccc(/C=N/NC(=O)CNC(=O)c2cc(OC)c(OC)c(OC)c2)c1O,0.12529512156139722,0.1700302375988527,0.14789076217196204
a9b80348d6837086eeaa824dc0d905f8,Cc1cc([C@H]2C[C@H]3[C@@H](CF)SC(N)=N[C@@]3(c3ccc(F)cc3F)CO2)on1,0.102676970587874,0.13130500963465733,0.15912165797569536
b2a36fa0ddbe972ef1e2c67237b9fa0b,COc1ccc(CCNC(=O)c2ccc3c(=O)n4c(nc3c2)CCC4)cc1OC,0.07727138698101044,0.08574944726106795,0.030676602639935234
d4bfa3462c5145015b72308d91bcd766,COc1ccc(N2C(=O)/C(=C/c3ccc(OCC(=O)O)cc3)C(=O)N=C2O)cc1,0.05917047666893764,0.06303073084828528,0.034260886361483826
650d5e465960c9761ac7db224ad9612e,COc1ccc(C(=O)[C@@H](CO)Oc2ccc3c(C)cc(=O)oc3c2)cc1OC,0.1573849076574499,0.1475009542297233,0.0952245614237406
ea68baeda7745cf691005902c1d8ab09,CCOc1ccc(-c2nn(-c3ccccc3)cc2CN)cc1F,0.27546637708490546,0.2623391161588105,0.06604446927932175
1bbf6d8aadaf917963486285dfc9ae03,COc1cc(/C=N/NC(=O)c2cn(-c3cccc(C)n3)cn2)ccc1O,0.13955229723995383,0.15819493274797092,0.15299741754477675
dcbf6539944f49bcd823c2da9cadd442,Cc1cc(-c2cc(C(=O)NCc3cccc(C(F)(F)F)c3)c3cc[nH]c3c2)c[nH]c1=N,0.3177296749570153,0.3288523825732144,0.19427500394257632
e0d3d88dc58490b872ee4543318b073f,O=C(O)c1ccc(CN2CC[C@@H](c3ccc4ccccc4c3)[C@H](O)C2)cc1,0.09219875085082921,0.08605986257845705,0.016189785208553076
62ad84239f8b899c2c85bc1900d42e25,COc1cccc(-c2n[nH]cc2C(=O)N(C)CCc2noc(C3CC3)n2)c1,0.06303985222158107,0.07254082900048657,0.027252913336269557
e698a1f04f1abcc7bad1e30f59e3fa91,CCCOc1ccc(-c2cccc(NC(=O)NCc3cccc(F)c3)c2)nn1,0.16126778383146634,0.15721189467744393,0.07705965235998685
cf4e72ac9ee346b42315f5923ee7abb3,COc1ccc(CCC(=O)N2Cc3[nH]cnc3[C@@H](c3ccc(OC)cc3)C2)cc1,0.09090727974068034,0.1139781227790412,0.021766065365888855
d8dd45b9cf6f21d797c1d2d91e66aefe,Cc1ccccc1N1C[C@@H](C(=O)NCCS(=O)(=O)c2ccc(F)cc2)CC1=O,0.08394390090622685,0.061484614365988156,0.03530793589677408
5a7f1db2f29984afbd67a3c6737cd502,CNC(=O)[C@]1(Cc2cc(-c3ccccc3)no2)CCN(C(=O)Cc2ccc(F)cc2)C1,0.07995134541256861,0.0627634899521416,0.035389804376543245
3de651317af3109deb5769a9994db02f,COc1ccc(N2C(=O)NC(=O)/C(=C/c3ccc(-c4ccccc4Cl)o3)C2=O)cc1Cl,0.19510048898783597,0.24934075705029748,0.4321747395125302
cb26e298900c7328e6bb3974836b1eac,Cc1ccc(-c2n[nH]cc2C(=O)NCCc2nn(CC3CC3)c3c2COCC3)c(C)c1,0.09958307885310867,0.10299749266017567,0.08793920414014296
f9f801b2cf8abf83d740cae144e6da9f,CCc1ccc(S(=O)(=O)NCCCn2nc(-c3ccc(F)cc3)ccc2=O)cc1,0.16171366450461475,0.12040484628894112,0.0432716196783903
4b59df82db18d21c93f95e2e0a75525d,CSc1ccc(-c2ccc3c(c2)C[C@@H](CNC(=O)c2nn(C)c(=O)c4ccccc24)O3)cc1,0.11241553791544655,0.10995092141357335,0.11320580067959699
32f2e60a3fd8e5ea6fa5e998879f7666,Cc1cc(/C=C2\C(=O)N=C(S)N(c3ccc(Cl)cc3)C2=O)c(C)n1C,0.11899505716494539,0.10842867009341717,0.11925492706623944
0be7379b7c5d6079a60f3a028da29c34,COC(=O)[C@@H]1C(=O)C2=C(C[C@H]1C)NC(=O)C[C@@H]2c1ccc(O)c(OC)c1,0.08835423526100138,0.08777617435457201,0.0132411297189802
ee561d00d6c5c2d057eb6b13bc8f29f3,COc1ccc(CCNC(=O)c2cc3c(=O)n(C)c4cc(Cl)ccc4c3s2)cc1OC,0.24307974089275708,0.2561216665939851,0.1631037721579725
96129eb77f52f6b00a097a6ea973a950,Cc1cn(C[C@H]2OC[C@@H](NC(=O)c3nccc4ccccc34)[C@H](O)[C@@H]2O)c(=O)[nH]c1=O,0.08733109858903018,0.0663282305679538,0.022942972649947147
727a2b05d62ea8f88affc11435a83136,COc1cccc(C(=O)N[C@@H](C)c2ccc(-n3cccc3)cc2)c1OC,0.19508411532098596,0.1399786697319624,0.03385917281477966
65c9faf39c96d2ddea36110fb54794b4,COc1ccc(CCC(=O)N2CC[C@H](O)[C@@](CO)(Cc3ccc(F)cc3)C2)cc1,0.10958372158083049,0.11758906853753036,0.025301144056191497
c79d273ce8e6a99a05a07836ef69fcf0,Cc1ccc(CN2C(=O)[C@@](O)(CC(=O)c3ccc(Cl)s3)c3ccccc32)cc1,0.16904051737351852,0.193579840389165,0.1765716949647123
1620be790cad5d5ae25fb3fabaabad30,CCn1c(C)nc2cc(NS(=O)(=O)c3ccccc3)cc(C(=O)NCc3cccc(F)c3F)c21,0.12333326854489067,0.12929840182716196,0.13699780675497922
eb7921648cab725c79b2815467e37727,NC(=O)Cn1c(=O)n(-c2ccccc2)c(=O)c2ccc(C(=O)NCc3ccco3)cc21,0.08879056031053717,0.10234234922311523,0.03760292237116532
0cd40af70afc73b0cd08a61fcf40e85d,COc1c2c(cc3c1[C@@H](CN/C=C1/C(=O)NC(=O)N(c4cccc(Cl)c4)C1=O)N(C)CC3)OCO2,0.10541743920608,0.1517449783330614,0.3586055568673394
254341c95062d5ed1e84dbe0afbb596a,Cc1nc(-c2cccs2)sc1C(=O)NNS(=O)(=O)c1ccc(F)c(Cl)c1,0.2204680463129824,0.2176931304010478,0.15537844225764275
c586f82f5b562299eb533479b88628d2,Cc1cc(C)cc(NS(=O)(=O)c2ccc3[nH]cc(C(=O)N(C)CCC#N)c(=O)c3c2)c1,0.05679901892488653,0.07000068202614784,0.04015522486720742
fc1f9bec978f6dcc9e3a1e801c279c32,Cc1cncc(C(=O)N2CC[C@@H](c3ccc4ccccc4c3)[C@H](O)C2)c1,0.1041681438007138,0.06386578667231581,0.025398019426078958
7667fb0eed7b7f8b0515d9c7f0b24646,Cc1noc2ncnc(N3C[C@H]4C[C@@H](Oc5cccc(C(F)(F)F)c5)[C@H](O)C[C@H]4C3)c12,0.2492133876816793,0.26969436556100845,0.4487232647158883
81b8696743cfafe0e8914b493b30068c,COc1ccc(OC[C@@H](O)Cn2c([C@H](O)c3ccccc3)nc3ccccc32)cc1,0.13192297823049806,0.10084302181547339,0.09239325435324149
e91defb25501b1794d185883e00e2dbe,CN(CCc1ccncc1)C(=O)c1cc(COc2cccc(F)c2)[nH]n1,0.07086520760574123,0.08010288236916742,0.029863441299477763
f3dd8241add7dd4a70ab9a4799db841e,Cn1c(=O)n(C)c2cc(/C=C3\C(=O)N(c4cccc(C(F)(F)F)c4)N=C3O)ccc21,0.18737553195519882,0.2358174892989072,0.3174914236773144
5d4f2029861bfb6f9bd6803cf1300fb8,Cc1csc(-c2cc(CO)cc(OCc3ccccc3)c2)c1,0.21090212599797684,0.1549616934247421,0.03075626689348031
4dc228be9513fece082a1758b17dd16c,CCOc1ccc(N(C)S(=O)(=O)c2ccc3[nH]cc(C(=O)NC[C@H]4CCCO4)c(=O)c3c2)cc1,0.06426307067952373,0.05635601553049954,0.014447305690158497
0e9da02cc23c90bdec554750712a911b,COC(=O)C[C@H](c1cc2cc(OC)ccc2nc1O)c1c(O)nc2ccc(Cl)cn2c1=O,0.21664521775462411,0.16507246142083948,0.13996786150065335
355221c72ffbf74a598c6fe8805bab08,Cc1cc2cc(CN(CCO)S(=O)(=O)c3ccccc3F)c(=O)[nH]c2cc1C,0.11417703635313294,0.08636784540827978,0.027902217137373307
1060fa5fdbc0846ea2c216c2ec68c060,COc1ccc(-c2nc(N)c(C#N)c(-c3cnc(NC[C@@H]4CCCO4)nc3)c2C)cc1,0.5144330249591307,0.47396347468549554,0.35067194971171295
cf1301c8dbaa7f0f09ab57203c0c6def,N=c1c(C(=O)NCc2ccccc2)cc2c(=O)n3ccccc3nc2n1CCCO,0.15856016901406375,0.12346529147841713,0.09153337935409085
38082297429a06d61c4bf8062cd79abd,COc1ccc(S(=O)(=O)NCc2cc(-c3ccsc3)cs2)cc1C,0.14837215197357265,0.10796881869265978,0.020551619977182287
8136ab8f350b0f851b0f1d20b84a4678,CNC(=O)[C@@H]1CC2(CCN(C(=O)c3cccc(C)c3)CC2)CN1c1ccc(C#N)c(C(F)(F)F)c1,0.14075833288106052,0.1666557335040786,0.12066837806593288
1292be6164c5ba3daf12ffa4a1e30d17,COc1ccc([C@@H]2C(C#N)=C(N)S[C@H]3C(=O)N(c4cccc(C(F)(F)F)c4)C(=O)[C@H]32)cc1OC,0.14958670815791597,0.2071953389624303,0.13613303217359565
9034053ef1adda7ad933f3e5f137e3bf,COc1ccc(-c2n[nH]cc2CN(C)Cc2ccc3nsnc3c2)cc1F,0.28045307540080766,0.337811081585559,0.1749771058728749
35ceabe1961a8be5f1b9a3b023068419,COc1cc(C(=O)Nc2ncc3c(n2)C[C@@H](c2cccc(Cl)c2)CC3=O)cc(OC)c1OC,0.22846264459870078,0.25534196197986603,0.27954105084592645
bd6ad8abaf8890b30eb45c0dcdb79526,Cc1cccnc1CN(C)C(=O)c1cc(COc2cccc(F)c2)[nH]n1,0.08779300444505432,0.09070927886800333,0.04093916780865667
d536e1e986c22c559aca8cc52fc04df7,CCc1ccccc1NC(=O)CSc1ncc(S(=O)(=O)c2ccc(Cl)cc2)c(=O)[nH]1,0.23379483141682364,0.15852348400618543,0.0625523653685708
39d44012081e586c96ac157faecea480,COc1cc([C@H]2CC(=O)Nc3nc(SCc4cccc(Cl)c4)[nH]c(=O)c32)ccc1OC(C)C,0.23790320483121005,0.20317923413081604,0.1577756983990019
684fee35fc8f9a11d84cf7eee7e1be09,COc1cc2nc(CSCC(=O)N3CCCc4ccccc43)nc(O)c2cc1OC,0.12868137793107468,0.10348529705185104,0.03532000902024182
2d344884ae806a1d49f131c0d40baa67,Cc1ccc(S(=O)(=O)N(CCO)Cc2cc3cc(C)cc(C)c3[nH]c2=O)cc1,0.15195331519300287,0.09436035342514515,0.03524431308985434
e95858d3c859b321c79a58af27665dcd,CCOc1ccc(CC(=O)NCCc2csc3nc(-c4ccccc4F)nn23)cc1,0.19093025678938086,0.16901599548079752,0.18851905790242282
663247182c006a66302bf83abce7d66f,COc1ccc(-c2nnc(-c3cccnc3NCc3cccc(OC)c3OC)o2)cc1,0.2262943143194372,0.27065105600790546,0.16812494871291248
37e3cc7bf36151302f7f8e622f70e767,COc1ccc2c(c1)C(=O)NCC1(CCN(C(=O)c3ccc(=O)n(C)c3)CC1)O2,0.042095214636488396,0.04530196768147024,0.010038839406247875
60217ab3f1173f5d7272a6a1546d75f7,Cc1ccc(C)c2[nH]c(=O)c(CN(CCO)S(=O)(=O)c3ccc(F)cc3)cc12,0.189269789240577,0.12567269755527377,0.05019441289319233
846b2320e9f0802ee3a09cbab60a9b2c,Cc1nc(N2C[C@H]3C[C@@H](Oc4cccc(Cl)c4)[C@H](O)C[C@H]3C2)no1,0.09036325239999728,0.0875747102228078,0.11444997431879694
2545df6b88d6ebfb96380b8c817a0a86,COc1cccc(-c2cc(NC(=O)OCc3ccccc3)n(CCO)n2)c1,0.18658262152563443,0.14294070752591573,0.053292108022353867
0146b72824ab49f488cfdf53bf6a699a,Cc1ccc(S(=O)(=O)c2cc3c(=O)n4ccccc4nc3n(C[C@@H]3CCCO3)c2=N)cc1C,0.215576249090108,0.14432176473465833,0.2014685650356114
9a46bda7b4d5562e286f0028a1ec1e7e,CC(C)c1cccc(O[C@@H]2CCN(C(=O)c3cccc(O)n3)C[C@H]2O)c1,0.04917538949203762,0.06059650367718528,0.01029237615082159
c7296c704abff57a2cec9b8bc4d5ac45,Cn1c(=O)n(C)c2cc(S(=O)(=O)N[C@H]3CC[C@@H](Sc4ncccn4)CC3)ccc21,0.0908360101959922,0.08678896623578938,0.03943753913468258
02f1d792ac20897811bc3344a1caedff,Cc1noc(C)c1S(=O)(=O)N[C@@H]1C[C@H](Cn2cc(-c3cccnc3)nn2)[C@@H](O)[C@@H]1O,0.024793932553042065,0.02874056438238106,0.011438176486990415
22ab85b20eb7a84b9a5ae13defe12d57,COc1ccc(CN2C[C@@H](c3ccc(F)c(F)c3)[C@@]3(COCCC(=O)N3)C2)cc1OC,0.19057844579219818,0.20031542754308743,0.05315180867910385
150e384680fb610d30504a81ea7c6d1f,CC(=O)Nc1ccc(-c2n[nH]c3c2CN(C(=O)c2ccc4nc[nH]c4c2)CC3)cc1F,0.09951328384605321,0.11294893751090224,0.1645831557160074
233605a8e32706477f044c9a47c795a6,CCNC(=O)[C@]1(Cc2cc(-c3ccccc3)no2)CCCN(C(=O)c2cccc(F)c2)C1,0.07510101397267797,0.05706908418373628,0.03356462810188532
a54fb1998e5e5cc3a1976396c42eba0d,C[C@@H](NC(=O)C1CCN(Cc2cccnc2)CC1)c1ccc2c(c1)OCCCO2,0.06430715711956675,0.04968408699443733,0.006726911551884934
75a1ff5feac6de31cd849e5747a91b89,COc1ccc(C(=O)c2sc(Nc3cccc(Cl)c3)c(C#N)c2N)cc1OC,0.5377123884179376,0.5890535793521188,0.2597061683508483
c010dccf8a3fdbd4ab60b0fcf3b4a6a4,CC(=O)NCCn1c(=O)c(-c2cccnc2)nc2ccc(NCc3cccc(C(F)(F)F)c3)nc21,0.18044146489013324,0.24287904663519425,0.16506714238361878
ccca4d14c373fc3790305052b0852fc0,COc1cccc(-c2n[nH]cc2C(=O)NCCc2nc3ccccc3[nH]2)c1,0.12681808796795932,0.131000137379901,0.0553088074719364
e25fde18b707f96da8836e09e06310d3,COC(=O)c1cccc(NC(=O)N2CCc3nc[nH]c3[C@H]2c2ccc(OC)cc2)c1,0.06928458234125917,0.06546187824146314,0.019859335014850578
3ddd3ac02d4da1c7d672026f0f19ffbb,O[C@H](CN1CCC2(CC1)C[C@H](O)c1cc(Cl)ccc1O2)c1c[nH]c2ccc(F)cc12,0.49944884126836603,0.4198996966535395,0.3695114983076399
6934a65768c17b8ed22fd87a6fdbcb50,O[C@@H]1[C@@H](Cn2cc(C3CC3)nn2)C[C@@H](NCc2ccc(F)cc2)[C@@H]1O,0.081992651081898,0.07263217544691129,0.039608901090105064
a4ce4116b8d2a2e5085c178a2c1d4ee3,COc1cc(/C=C2\S/C(=N\c3cc(C)cc(C)c3)NC2=O)c([N+](=O)[O-])cc1OC,0.11788400770588355,0.1271244481980499,0.09340424845206806
187c32cca1401238eece03f07864ae88,CCS(=O)(=O)c1ncc(Cl)c(C(=O)Nc2ccc(S(=O)(=O)Nc3nccc(C)n3)cc2)n1,0.09954722225666046,0.1058760488575155,0.06980806818782267
bcbb6a75cdde38b7cec18d0ea8ece2c4,COc1ccc(CCN2C(=O)N[C@H](CCC(=O)NC3CC3)C2=O)cc1OC,0.06154153699224645,0.03944528037258847,0.005912084643072872
54307432c95c2b93e4711a68c4bf3ae3,CCNC(=O)C[C@@H]1C(=O)N(c2ccccc2)C(=O)N1CCc1ccc(OC)c(OC)c1,0.0500712933188135,0.03939788961592554,0.00847170992082366
6dcf86e8176fcebcff339009e323ce2b,O=c1c2cc(I)ccc2nc(/C=C/c2cccc([N+](=O)[O-])c2)n1CCO,0.2588025209578601,0.2311181453141299,0.09325346689332616
f1e6e7a649de079755ead49d6fc18684,O=C(c1ccc(Cn2cccn2)o1)N1CC[C@H](O)[C@@](CO)(Cc2ccc(F)cc2)C1,0.06618745591152798,0.05888586283915422,0.027141717124984345
4e602d34b72353f26991a3e15ddc9f92,COc1ccc(C(=O)N2CCC(c3nc(O)c4nnn(Cc5ccc(F)cc5)c4n3)CC2)c(OC)c1,0.10577667233618823,0.09882803938605568,0.05677567075260661
91ccfe63beb0ba1992aa0dd29f2a1a42,CCOc1cc([C@H]2CC(=O)Nc3c2c(=O)nc(SCc2ccc(F)cc2)n3C)ccc1OC,0.13552030514587055,0.10248199460858648,0.07128033363683657
accf4b65b4a7503af37a45a87b6ae78b,COc1ccc(CNC(=O)NCCCc2cnc3cc(C)nn3c2)cc1OC,0.1247312372381037,0.085616085678339,0.028063863579353147
aa132886381593f29eb650c2c67cb19f,O[C@@H]1C[C@H]2CN(c3ncnc4[nH]ccc34)C[C@H]2C[C@H]1Oc1cccc(CN2CCCC2)c1,0.26334129002961243,0.2211149978366765,0.23076322810216385
e4f4ff6071cbd2cb4f91285677ba7d1c,CCOc1ccccc1NC(=O)CSc1ncc(S(=O)(=O)c2ccc(C)c(C)c2)c(N)n1,0.2406577549197457,0.1831791203215041,0.06575922281428409
4628ab97c5b7e85767a496af70dcb225,O=C(C[C@]1(O)C(=O)N(Cc2ccccc2)c2ccccc21)c1ccc(Br)s1,0.18908269093795257,0.17737317152998663,0.159319995817813
a6ba992af75dba1e2affb4482089f733,COc1cccc(-c2n[nH]cc2C(=O)NCCc2cn3ccsc3n2)c1,0.10647722536867316,0.11080706940794532,0.04608164350925521
c95a39119c6b4699244d902751e141af,CCc1nc(CNC(=O)N2CC[C@@H](c3ccc4ccccc4c3)[C@H](O)C2)no1,0.0669698967513713,0.04249037936626172,0.010420911117266356
0805194faefc4daff8a719ac78db5d6a,Cn1c(-c2ccc(F)cc2)cnc1NC(=O)CCc1ccc2c(c1)n(C)c(=O)n2C,0.1987034407528964,0.14688546379858797,0.11809099499474872
80726ebd7e74771cf785b16a4416bc6b,Oc1ccc(CN2CCC[C@@](O)(COc3ccc(Cl)c(Cl)c3)CC2)cc1,0.45019453222101385,0.3805204237049276,0.4458800649101084
c784ee2638653ed7a77caace048807b7,COc1ccc(-c2nc(NCCN3CCCC3)nc3nn(Cc4ccccc4)c(N)c23)cc1OC,0.6220140741630034,0.5594235523180529,0.36800320040095935
e2949b00b56f9e2f218a2cdd72fe110a,Cc1ccc(C(=O)NCc2ncccc2C)cc1NC(=O)Cc1cn(C)nc1C,0.056299370459534905,0.05557161206591197,0.013414147664496506
a94252101116120fdac1482598d57e91,COc1cccc(NS(=O)(=O)c2ccc3[nH]cc(C(=O)N[C@@H](C)c4ccccc4)c(=O)c3c2)c1,0.1245401765812527,0.09642233902757819,0.05976328710940751
7c6004f984c36ac63d67e92312a07123,CCOc1ccc([C@H]2NC(=O)NC(C)=C2C(=O)Nc2ccc(F)c(F)c2)cc1OC,0.2931761917742816,0.2949740595438264,0.12976859222081574
6d391f878d993575b5d63e48f1b5b3e7,COc1ccc(CC2(CO)CCN(S(=O)(=O)c3cccc4cccnc34)CC2)cc1,0.0990336991169236,0.08778991787271066,0.02446097299583595
c0d73dffc6ae3140a2cebd00626684c4,COc1cccc(C(=O)N2CCC[C@](Cc3cccc(-c4cccnc4)c3)(C(N)=O)C2)c1,0.12673147361386905,0.09845471873202107,0.04160404387353496
a42ea538306e1e350fbe5dce21b3d9cb,O=C1N/C(=N/c2cccc(Cl)c2)S/C1=C\c1cc2c(cc1Cl)OCO2,0.1267236244272102,0.12909105044793084,0.11130175180733204
8b6eaaf62a7af69801f84ae8c3f34360,Cn1c(=O)oc2ccc(S(=O)(=O)Nc3ccc4c(c3)N(C(=O)c3ccco3)CC4)cc21,0.0771129574965347,0.06772831895134666,0.07470214942639525
9757dcf9a019854c77b05e8605923ea4,CN(C)c1cccc(C(=O)NCC2CCN(c3cc(-c4ccncc4)n[nH]3)CC2)c1,0.21379281174052844,0.17687759031964975,0.04046727280894464
13d54086779bd8a32790eb8bab7cb112,COc1ccc(OCc2cc(C(=O)N3CCC[C@@H](O)C3)n[nH]2)c(Cl)c1,0.05969515849243511,0.05595707762139765,0.010991318688452751
eaba35b8298def735a33d88b20726fe1,OC1=Nc2c(ncn2-c2ccc(Br)cc2)[C@H](c2ccc(O)cc2)C1,0.17991634661501105,0.17727908796884798,0.08511613457548348
69dd4fe41589c5221ce2bc90c41c638a,Cc1occc1C(=O)N1CCc2c(c[nH]c(=O)c2C(=O)N[C@H]2CCc3ccccc32)C1,0.06866751391101968,0.05740479515357451,0.03311362193728035
846219910f09fbe5be200db66a0f6b03,COc1ccc(CCNC2CCN(c3ccc4c(c3)OCO4)CC2)cc1OC,0.5305377055298198,0.463405791670084,0.09017031131820245
7765b4830d3032f34ba564cec5522626,COc1cc(/C(C)=N/NC(=O)CCn2nnc3ccccc32)ccc1O,0.0889583331617442,0.07935261150652712,0.04000539015131918
3763f7a5af02fe8a36481a6c647c8485,COc1cc(/C=N\NC(=O)CSc2nc3ccccc3s2)cc(OC)c1O,0.13133027336814188,0.12260722675868733,0.06776309055434963
50816221f38bef7db12fb965b8ff61c2,O=S(=O)(c1ccc2c(c1)OCCO2)N1CCC[C@@](CO)(Cc2cccc(Cl)c2)C1,0.1446343186226758,0.07974313572049141,0.030842647856016727
42fe96576ba97bc7d64cf33750ffb1d7,Cc1ccc(C)c(-c2csc(NC(=O)CS(=O)(=O)c3ccc(Cl)cc3)n2)c1,0.2517795853994109,0.22218911891633814,0.31874887916174804
b26d6d04de710d9f03547f63abe3f9f0,COc1ccc(C(=O)N2CC[C@@H](Oc3cc(F)cc(F)c3)[C@H](O)C2)c(OC)c1,0.0793799590319395,0.07599850725488398,0.01879283644004979
9e94ac887c4ebc809afcacf9222401a6,COc1cc(C(=O)NCCC(=O)NCc2c(F)cc(F)cc2F)cc(OC)c1OC,0.11896799030629071,0.10545614327896725,0.08415199714628133
61388114f3f7ea2f874d22fef8f8d989,Cc1ccc(F)cc1C(=O)NCC1CCN(Cc2ccc3c(c2)CCO3)CC1,0.20244997401129117,0.2643804179758511,0.0339919439337047
47eceda9f82bc0fd9874b0ed5e2ee2d3,COc1cccc(C(=O)N[C@H]2CCCc3c2cnn3-c2ccc(C)c(C)c2)c1OC,0.18201542645692825,0.1410710344260389,0.11899633841081099
900b2194862a69e85da023e94b913e0f,O=C(Nc1ccccc1)c1cnn2c(O)cc(-c3cccc(F)c3)nc12,0.35241134464740753,0.3825705810026689,0.2905426411466165
d5f49f149ff63b697b9eea2012c4b2da,COc1cc([C@H]2[C@H]3C(=O)N(c4ccc(C)cc4C)C(=O)[C@H]3ON2c2ccccc2)ccc1O,0.1073943715203892,0.11503330601209943,0.04167279850860888
8c447bcc2a9385dab091eff15e6135c0,COc1ccc(NC(=O)Cn2cc(-c3nc(-c4cccs4)no3)ccc2=O)cc1Cl,0.19736450097777627,0.2300922850316221,0.24360076541250403
fd3eb2e5ca78453eb733eacfaf2bef0f,O=C(NCc1ccc(C(=O)c2ccco2)s1)c1ccc(Cl)c(Cl)c1,0.15341689742424272,0.18290687826546756,0.10965561799027702
b4b82fdb5b892590d1718405a9da5e72,COc1ccc(/C=N/NC(=O)c2ccn(Cc3ccc(Br)cc3)n2)cc1OCC(N)=O,0.15811130675402554,0.19286237115209753,0.12292429415339773
2a12ceaacfa266acab2591a99d528aa0,COc1ccc([C@H]2NC(=O)CO[C@@H]2C(=O)NCC(=O)NC2CC2)cc1OC,0.029976041987538338,0.040489887594069594,0.007540703291603925
dbd5668dfa4aeaaf1c433d79570d03b7,Cc1ccc(-c2cc(O)c3c(c2)CN(c2nccc4occc24)CCO3)s1,0.34112250669436023,0.300400816581466,0.17293683574958282
03748800d4dad592cb4b182b1c20bb9f,Cc1ccc(-c2cc(O)c3c(c2)CN(C(=O)c2cccnc2C)CCO3)s1,0.14072401144287802,0.12052244185046716,0.0626188243993304
f9a78ee419b11ecce6d723aa2be79111,Cc1cccn2c(=O)c3cc(C(=O)NCc4ccccc4)c(=N)n(CCCn4ccnc4)c3nc12,0.18889286707748065,0.1440337889573791,0.1473860222507607
8242772286d3bdfa290ff080456b3ae7,Cc1cccc(C(=O)Nc2ccc3nc(-c4ccc(F)cc4)cc(OCC(N)=O)c3c2)c1,0.27528777583078906,0.3282807333902879,0.15739531577988106
68e66fc8f074a8258a64ad2f2afc9796,COc1ccc(F)c(F)c1C(=O)Nc1cccc(-c2nnc(C)[nH]2)c1,0.1289614921605045,0.17144047502766957,0.10880405438894575
4efc5da81bb50899ea9a308b3dd27445,O=C(c1c[nH]nc1-c1cccc(F)c1)N1CCC[C@H](OCc2ccccn2)C1,0.09294425916265357,0.08070784820963374,0.01969922896982594
c1ad3e513f2cc5b21d8839aee6813387,COc1ccc(C(=O)CCNc2cc(OC)c(OC)c(OC)c2)cc1OC,0.33212142369963904,0.23874341154640372,0.07128799774430016
bbf4d626d0f79cfa2f589921c5eb1b19,Cc1ccc([C@@H](O)[C@H](C)NC(=O)OCc2ccccc2)cc1F,0.1389272544871677,0.11551005131844828,0.01857510665484535
da5ea6fca35e4b312ffa887b1850d1a0,N#Cc1ccc(N2CC[C@@]3(CO)CN(C(=O)c4cccs4)C[C@H]3C2)cc1C(F)(F)F,0.11468106034127148,0.13320751522075047,0.052172362127087334
a61f0226e766d921c613c795df19393d,Cc1ncc(CN2CCC(c3nc4ccc(F)cc4cc3N)CC2)cn1,0.24542698602784763,0.3789243691346862,0.15117609602483836
3deffc2f506023df10778b9eaef68d4b,COc1cc2cc(N)c(C3CCN(C(=O)c4cscn4)CC3)nc2cc1OC,0.13576491583477368,0.15048686076294293,0.051776759792119265
5901036c3787309d80da9e284661cff1,C=C(C)COc1ccc(-c2nc(N)ncc2Oc2ccc(OC)cc2)c(O)c1,0.40264716202562506,0.430614479563453,0.19128233363682573
fb3f6f2805829222e453e271164db116,O=C(COc1cccc(C(F)(F)F)c1)NNC(=S)NCc1ccc(F)cc1,0.2466585568406365,0.2572324171153223,0.09047210726632991
1248328df3861a5a1d73db4660e50861,CCn1ncnc1CN1C[C@H]2CN(S(=O)(=O)c3ccc(F)c(F)c3)C[C@@]2(CO)C1,0.03829473252831535,0.04205542981666936,0.008241511898549188
3b0043bcce50898d3d52fd8c3f644731,COc1cc([C@@H]2CC(=O)Nc3c(S(=O)(=O)c4ccc(C)cc4)csc32)cc(OC)c1O,0.12304089353843169,0.10980488571592352,0.05021839717995714
00b34e14df9ba761ddbd06f6a75fb7e1,COc1ccc(CC2(CO)CCN(C(=O)c3ccc4ncccc4c3)CC2)cc1,0.10608408329161731,0.12497375160455704,0.06539574113081802
b5cbff5daab4e076a1a14651d1f0a14f,COc1ccc([C@H]2CC(=O)Nc3c2ncn3-c2ccccc2)cc1OCC(N)=O,0.08955059048127044,0.09474871629341082,0.029401274064598096
a2ceb45e88e3ff90cbc246849e81a944,Cc1ccc(OC(C)(C)C(=O)N2C[C@@H](Cc3ccc4ccccc4n3)[C@H](O)C2)cc1,0.07461764781989834,0.06295778771693056,0.025148452979258516
6ca1de1a6411a7b152ab68a97a3f5583,CC(=O)c1ccc(S(=O)(=O)N(CCCO)Cc2cc3ccc(C)c(C)c3[nH]c2=O)cc1,0.12929166717962784,0.09512874856591225,0.03174531861970371
0bee5d988a9c4025a43a147a6e8dc451,CC(C)N1CCC(c2cc(O)n3nc([C@H]4CCCN4C(=O)[C@@H]4CC=CCC4)cc3n2)CC1,0.11067904269492085,0.1162429555234584,0.03064126754179597
e2d7f11561518ebf61764e273e7a6c09,O=C(N[C@H]1C[C@H](C(=O)NCc2ccc(Cl)cc2)C[C@@H]1O)c1ccncc1F,0.09991500729864294,0.060151159170676365,0.01610332951796326
c4a31cf3914b3cc809a316650d08b662,COc1cccc(-c2n[nH]cc2C(=O)NCC2(Cn3nc(C)cc3C)CC2)c1,0.11455789411609824,0.10985997410237112,0.031729969386519355
575f7f7c034fec6e5966fca67f434956,Cc1ccc(OC[C@@]2(O)CCCN(Cc3ccc4cc[nH]c4c3)C2)cc1C,0.39716149731115863,0.37433747947216034,0.07627168788828632
2c36ffebd57647939e587b1352b59ace,COc1ccc(CC(=O)/N=c2/[nH]c(C)c(-c3nc(-c4ccccc4)no3)s2)cc1,0.16320554234764792,0.16733830760825763,0.21971964971585708
081e5620c671b8db8a259815915a3570,COc1ccc(-c2csc(NC(=O)CS(=O)(=O)c3ccc(F)cc3)n2)cc1,0.22052210569381714,0.20153243162415244,0.23382329398935492
0e05f3b03a56a95630055e173b234736,O[C@@H]1C[C@H]2CN(Cc3cccc(Cn4cccn4)c3)C[C@H]2C[C@H]1Oc1ccc(F)cc1,0.21209769120270555,0.18200267834419553,0.11025864563205025
f0410a0d096e32768dc35d5efd9dad26,NC(=O)C[C@H]1CN(S(=O)(=O)c2ccc(Br)cc2)CC[C@@H]1Oc1ccc(F)cc1,0.09510686942799525,0.07152753048153086,0.024078580847179346
d8f5f3649966d8455e54fedf9e330321,COc1cc(NC(=O)C2CCN(c3ccc(=O)n(-c4ccc(F)cc4)n3)CC2)cc(OC)c1OC,0.21730008111758667,0.15522234683687036,0.04404715279286558
30de6f96f9376632b849b7ebc4b8aa36,Cc1ccc2c(C(=O)N3CC[C@@H](c4ccc5ccccc5c4)[C@H](O)C3)cnn2c1,0.1420612700960853,0.08587597276676785,0.07151151313023134
140c7bff05b6c6a89adebacf094a90e2,OC[C@@H]1[C@H](Cc2ccnc(-c3ccccc3F)n2)[C@@H](NCc2cccc(F)c2)C[C@H]1O,0.25525440952994605,0.18598888204856354,0.40270605412396515
85195517b916600cea37d23a8e4b2434,COc1ccc(-c2n[nH]cc2CN(C)CCn2nc(C)cc2C)cc1F,0.20975396646694702,0.208444278978277,0.0626412659925832
465a478a854e5b9ed62fb050442c9ecf,O=S(=O)(NCC1CCN(Cc2ccco2)CC1)c1ccc(F)c(Cl)c1,0.18892974203283136,0.22249442474408584,0.03709966367618604
7a3066c4518cc691d3dbc5c58890dabd,CCn1cc(C(=O)N2CCc3[nH]nc(-c4ccc(F)c(F)c4)c3C2)cn1,0.19952268864620815,0.1955403150482611,0.14149285141717305
0f8c83ac136eeaeda8ea8544c541181e,COc1ccc([C@@H]2[C@@H](CO)OCCN2C(=O)CCc2cccc(Cl)c2)cc1OC,0.11326945336027579,0.09190141592989676,0.013958156733265654
8e7ee82e6ce4bb00690f268f1483d95b,COCCC[C@@]1(CO)CN(C(=O)c2ccc(OC)c(OCCN)c2)CC[C@H]1O,0.038967562331394714,0.04800879939416931,0.010234976859382268
e5c9bb91abe7f5281283cc991c260f72,O=C(c1c[nH]nc1-c1cccc(F)c1)N1CCC[C@@H](Nc2ccc(F)cc2)C1,0.14759992537173358,0.12803319176997652,0.054683877917175945
071933dc9ba0cf898fb920bb865f97b5,Cc1nc2ccc(C(=O)N3C[C@H](O)C[C@@H](n4cnc5c4c(=O)n(C)c(=O)n5C)[C@](C)(O)C3)cc2[nH]1,0.03824921028519219,0.038837190632793034,0.01471243940547786
1616e762e4ec58cebb5f9d3290261b68,O=C(c1cc2ccccc2cn1)N1CC[C@H](O)[C@@](CO)(Cc2ccc(F)cc2)C1,0.09407395429231903,0.08725754137743603,0.08070510600439527
836bf27fe82eb470ed423f99901149da,O=C1Nc2cc(F)ccc2[C@@]12CC(O)=Nc1c2cnn1-c1ccc(OC(F)(F)F)cc1,0.2666538283228874,0.3422969877719879,0.24019411951303482
c2f85d01a996e8ce51c2604ea2c243d7,Cc1n[nH]c(C)c1CCC(=O)N1CCNC(=O)[C@H]1c1ccc(F)cc1,0.06366890025409785,0.04096831515926169,0.012284938624030805
b352fb4d1b43325a04f4d4befaa5594d,COc1cccc(C(=O)NCCCn2nc(-c3ccco3)ccc2=O)c1OC,0.11139970746907321,0.09497624440965327,0.023962836850180545
f3c3e0f58071bcc738b3905f6dec3eae,COc1ccc(-c2n[nH]c(C)c2CC(=O)NCCn2ccc3c(OC)cccc32)cc1,0.1433455151590434,0.13977227089079944,0.07492539201947776
6a3be8c6dc219f741f537d5a46f52596,COc1cccc(-c2cc(C)c(OCc3ccccc3)c(CN)c2)c1,0.3191436000845649,0.27531426442279056,0.059791539033705536
ea22d6af909ab84360acff5cfb023380,Cc1cc(S(=O)(=O)NCCN2CCO[C@H](c3ccccc3)C2)ccc1F,0.07812567901882259,0.07599325490247627,0.012914996697593944
2b917e190968271e5fe4dd7c56a3db52,O=C(c1ccc2c(c1)CCCO2)N1CC[C@H](O)[C@@](CO)(Cc2ccc(F)cc2)C1,0.07157879864627664,0.07347000593488867,0.031485328461382196
fdbf1018b7a88c69e9e2a58e137546d3,COc1cccc([C@@H]2CCN(Cc3ccc(S(C)(=O)=O)cc3)C[C@H]2O)c1,0.06904321223158728,0.07466464311900464,0.013689049598972568
a348df723e1d2c7ac39a7b14e81850ab,Cc1ccc(-c2n[nH]cc2CNC2CCN(c3ccccc3)CC2)cc1C,0.5395506430755962,0.49234831773421983,0.15172021361914548
076398741783989046d81c907fbc01a1,CCOc1ccc(-c2n[nH]c3nc(-c4cccc(OC)c4OC)cc(C(=O)O)c23)cc1,0.16766187887300144,0.14606401053341952,0.08141103094782341
55f03fb26c737ab0ce796c1d72c00c77,COc1ccc(-c2n[nH]cc2C[C@@H]2[C@@H](O)c3ccccc3S(=O)(=O)N2C)cc1,0.06726183793084188,0.062323221852156246,0.018426377580247143
02ff62219857efd1ff8479be09326967,O=C(c1cnc2ccccn2c1=O)N1CC[C@@H](Oc2ccc3cccnc3c2)[C@H](O)C1,0.10504647175019438,0.06596214967695149,0.03502090309153904
9125f8e3312900aefa2ecca1707267ff,O=C(C[C@@]1(O)C(=O)N(Cc2ccc(Cl)cc2)c2ccc(Br)cc21)c1ccccn1,0.19754653898152438,0.19076235931028018,0.23120856081897562
99b53eb4e3db061c6b48498b9bf6cc68,COc1ccc(CN(C)[C@@H]2CN(Cc3ccc(OCCCO)cc3)C[C@H]2O)cc1,0.16411919349973852,0.14078416133468802,0.030755916441028767
203a5c2403fb26cf156ee7ad9f79120d,Cc1ccc(-c2nc(-c3ccccc3)nn2CCO)cc1N1CCNC1=O,0.11572250791571358,0.10729647326198491,0.06204372669824145
82ef61c88ae94a9502e5fe3b60373cef,COc1ccc(S(=O)(=O)[C@H]2CS(=O)(=O)C[C@@H]2NCc2ccc(OC)c(OC)c2)cc1,0.08559664482758804,0.09249423190274021,0.01847949246240949
30b0df558b070ade36764d957f8595fc,COC(=O)c1ccc(C(=O)N2CC[C@@H](Oc3ccc(OC)c(OC)c3)[C@H](O)C2)cc1,0.05251557769423181,0.04762501927854663,0.01155281596055085
3aa02ad86f8ae0526d4cb8a326752767,CC(C)c1[nH]c(=O)ccc1C(=O)N1C[C@@H](Cc2ccc3ccccc3n2)[C@@H](O)C1,0.07345993080261079,0.056578839642249724,0.014553561251060191
c1bb3c94efdfcba8773332553a23357c,COc1cccc(NC(=O)N2CC[C@@H](Oc3cccc4cccnc34)C2)c1OC,0.07250719822265884,0.05485869165171276,0.023388041310351004
13f792c532330b80794e9fa73492115a,CCn1cc(S(=O)(=O)N2CCN(c3ccc(C#N)c(C(F)(F)F)c3)[C@H](C(N)=O)C2)cn1,0.14679635112935846,0.16136676953597504,0.05351037085479633
8b360692b5639d62f43d39470cdd110f,COc1ccc(-c2[nH]ncc2C(=O)N[C@@H](CO)CCSC)cc1OC,0.0748992504721338,0.05570204259658402,0.01774668718942187
699b9cc6097776d5e29890ac0eb17c9e,CCCSCCCNC(=O)c1ccc2c(c1)NC(=O)/C(=C/c1ccccc1Cl)O2,0.17592254890636963,0.134954111142592,0.20824792981147766
0164265a429e2d433cbf0976c2dc8c8e,CC#CCN1C(=O)N[C@](CCc2ccccc2)(C2CCN(Cc3cc(F)cc(F)c3)CC2)C1=O,0.19583620876073837,0.22756645355945115,0.06933649250802111
95bd54e9b227a5e3713b25fe0cfd22c0,O=C1Nc2cc(F)ccc2[C@@]12CC(O)=Nc1c2cnn1-c1nc2ccccc2s1,0.2671310474926775,0.2793871367519552,0.3797211321917447
6294a5f87563ca7fcb303a783808a89c,COc1ccc(-c2nn(Cc3ccc(Cl)cc3)cc2/C=C2/SC(=S)NC2=O)cc1,0.2942673272707246,0.27724170413884247,0.35681758008219977
63956f4f4fe9607eec4dd47b469a74e5,Cc1cc(F)ccc1CC(=O)N[C@@H]1CO[C@H](Cn2cnc3c(=O)n(C)c(=O)n(C)c32)[C@@H](O)[C@H]1O,0.04719272746958516,0.05190117580985481,0.03250113561410795
e16693aa33478082b3036aaff49776a7,Cc1cccc(C2=NC3(CCN(Cc4c(F)cccc4Cl)CC3)NC2=O)c1,0.28824152729728003,0.3518977917053483,0.07853137608088384
8cd6fcade0d5ce3a07db3e12b95cf357,Cc1cc(C)n([C@H](C)C(=O)Nc2ccc(Oc3ccccc3)cc2)c(=O)n1,0.21123324673284183,0.1474589580162005,0.09483052722432396
0d5c6223314b59fab259d40dccbdaec5,COc1ccc(-c2[nH]ncc2C(=O)NCc2ccc(F)cc2F)cc1OC,0.1960735097527504,0.18841570285572248,0.05259489623660391
2956af7b36864f75ea1e4f2a6f8944a3,Cc1cc(=O)oc(C)c1C(=O)N1CC[C@@H](Oc2cccc3ncccc23)[C@H](O)C1,0.06236589852381836,0.055855492637916046,0.02190011832333932
b6540b18d16edf1a9aa6e4c0ac28f81d,CC(C)OCCCN1C(=O)C(O)=C(C(=O)c2ccc(F)cc2)[C@@H]1c1ccc(O)cc1,0.14575550163334067,0.11831987230107188,0.03714821184257744
2707d9dfb1d1135a4980238ed6c420d1,COc1cccc(/C=C2\S/C(=N\c3cc(C)cc(C)c3)NC2=O)c1O,0.08466029505838048,0.09926656036482613,0.05550131658938798
c21f9af2ca9c8fc562f689db007c8b94,O=C1N(Cc2cccc(Cl)c2)[C@H]([C@H](O)c2ccccc2)CC12CCN(Cc1ncccc1F)CC2,0.18493936278603293,0.14706905321641403,0.0925202031027187
e019fc0e4cf7cd6ca3a50a40f020fde5,C[C@]12C[C@@H](c3ccccc3)C[C@](CO)(CC[C@H](NC(=O)c3cc(F)ccc3F)[C@@H]1O)O2,0.09941233271224932,0.08408413175493479,0.06795430257493122
7ddf52d8d80fe661450d77ad09653034,COCc1c(C(=O)N2C[C@H]3CN(c4ccc(C#N)c(C(F)(F)F)c4)CC[C@@]3(CO)C2)noc1C,0.07720570655708964,0.08778461068868637,0.0683356545526873
9bdf563284b54543fb885dce48e454ce,O=C(c1ccc(F)c(Cl)c1)N1CCC[C@](O)(COc2ccc(F)cc2)C1,0.24821016869761728,0.2146913463419134,0.08857969998974692
9baa6d21f48ff1487e4951690b52757c,Cc1cncc(C(=O)N2CCC[C@@](O)(COc3cccc(Cl)c3)CC2)c1,0.11549611288038167,0.09186363677409562,0.03854679900475524
e6f41a5fed6c3f9eb05ff3b589bca646,Cc1nnc(N2CC[C@H](O)[C@](Cc3ccc(F)cc3)(C(=O)O)C2)c2ccccc12,0.1332779513164,0.10081130841916258,0.082488562065092
27ccb5aeea71dcb1baefb1c2e77e3377,COC(=O)C[C@@H](c1cccnc1S(=O)(=O)c1ccc(C)cc1)c1c(O)ncc(C(=O)OC)c1O,0.09739041480828416,0.07595792548222975,0.10286520322022791
a5834f3c8c28ad66a03ba47f71f5463d,Cc1ccc(C(=O)O)c(N2CCC(CO)(CCOc3ccccc3)CC2)n1,0.06216815554282882,0.07333619130606,0.019247902803313496
9f14304f4be9fe334ea3326c78306719,CCOc1ccc([C@@H]2CC(=O)NC(NC(=O)CCCOc3ccccc3)=N2)cc1,0.1024035554040562,0.11518332707716829,0.032805278463373805
9b88960548774b86dde811f8da5907a7,CC(=O)c1ccc(O[C@H]2O[C@@H]3CO[C@@H](c4cccc(Br)c4)O[C@@H]3[C@H](O)[C@@H]2O)cc1,0.24325276708061044,0.29453886164860293,0.18966880102049222
515d25e97685b8700a119b7a62b964ec,COc1ccccc1C(=O)C[C@@]1(O)C(=O)N(Cc2cccc3ccccc23)c2ccccc21,0.21002297103405,0.23482445762916046,0.203735006803816
5b3e13405eae8582678f8e4a265bece2,Cc1c(Cl)ccc2c1NC(=O)[C@]21N[C@@H](CC(N)=O)[C@H]2C(=O)N(c3ccc(C(N)=O)cc3)C(=O)[C@H]21,0.08806177939880978,0.11398209716108712,0.11100042382763191
a8f1b6ce3107706d02fc42cd1606c339,COc1cccc(OCc2cc(C(=O)N(C)Cc3ccsc3)n[nH]2)c1,0.07315439155155962,0.07509006873111833,0.017587860686365853
0612c8c9b45d0178bc86cacce9b5024c,COc1ccc(Cc2nc3ccccc3n2C[C@@H](O)COc2cccc(C)c2C)cc1,0.19974162903699008,0.14436668022112412,0.1368971433151852
6068cd9592e1ebc9e83ec1d4bc070498,COc1ccc(C(=O)N2CC[C@@H](Oc3ccc(F)cc3OC)[C@H](O)C2)c(OC)n1,0.054789956997741356,0.05131676320028915,0.010989912518363615
3a5bec3a9fac4de104507e7708c0afe2,Cc1ccccc1C1=NN2C(=N)/C(=C/c3ccc(N(C)C)cc3)C(=O)N=C2S1,0.17885991118171,0.1523145264522596,0.26048199561509217
e31e3971733318b663df9030aaef30e2,Cn1nc(C(C)(C)C)c2c1-c1ccc(NS(=O)(=O)c3ccc4ccccc4c3)cc1C2=O,0.34129515425725415,0.3458375036716461,0.4336842027577487
bac2b1c78b5eb54362810251431ca584,Cc1cnc(C)c(-c2cc(O)c3c(c2)CN(c2ncc(C)c(N)n2)CCO3)n1,0.2826270935210315,0.281274213032289,0.22170966592702
7060304281488080136d6666ef485ab4,COc1ccc([C@H]2[C@H]3CNC[C@H]3CN2C(=O)CCc2c(C)nc3ncnn3c2C)cc1,0.0555240564386953,0.04623875318264419,0.03654619454490868
9b44aacfb2be48bcc8e0249c7d1b1da6,NC(=O)c1c(SCc2ccccc2)sc(C(=O)c2ccccc2)c1N,0.19784831932999872,0.22899475355039944,0.092551230664619
7664af5bc22a3be3d1bf0f13a7c93955,C/C(Nc1c(C)n(C)n(-c2ccccc2)c1=O)=C1\C(=O)N(c2ccc(Cl)cc2)C(=O)N=C1O,0.18321397561918606,0.1631895500150594,0.28881362961097196
1b0a2b707df0042591ad8b1c476bdcad,COc1ccc(CCNC(=O)CCCc2nnc3c(=O)n(-c4cccc(F)c4)ccn23)cc1OC,0.11921633509072391,0.10657869516448541,0.06774138930169019
2ab597e4ed48cd66fb8d555ddb091dc8,COc1cccc(CN2CCN(c3ccc4ccccc4n3)C[C@H]2CCO)c1,0.11254080825231293,0.08830766371366652,0.051650003106756645
3cecba398c162c49dfdbdd280d8c03d0,CN(Cc1ccoc1)C(=O)c1c2c(c[nH]c1=O)CN(C(=O)c1cccc3c1ccn3C)CC2,0.07012570869516242,0.059114480052481995,0.024734414224936205
1e9d3e6d1a6f20fc2669deca11be86ff,O[C@@H]1C[C@H]2CN(Cc3cccc4ncnn34)C[C@H]2C[C@H]1n1cc(-c2ccccc2)nn1,0.10190295698967847,0.09966552951796488,0.1242129872976379
d4f81ad260fc713207c9f01887d398cd,CCOCCCNC(=O)c1nc(O)c2nnn(Cc3cccc(Cl)c3)c2n1,0.13510263508016412,0.1282069357958707,0.13730202496729113
9aa96d1a5a5eab04c110a742933f41dd,COc1cccc([C@@H]2C(C(=O)c3ccc(OC)c(Cl)c3)=C(O)C(=O)N2CCN(C)C)c1,0.15923527018590408,0.14162121797827157,0.04720142986413769
1078786b8b48967348e69dd3b802732b,COc1ccc(CCNc2ccc3nnc(-c4ccccc4)n3n2)cc1,0.17769480259581047,0.19967703724449332,0.11316414820876988
61cd72a95c5b2ceeb3bc906924da9bb9,COc1cc(-c2ccc(OCc3ccccc3)cc2CO)c(F)cn1,0.30027529326352204,0.23484878917224705,0.07278691757131707
0360a25479901722cea1bcb09a800f45,O=C(c1cccc(C(F)(F)F)c1)N1CCC(O)(CS(=O)(=O)Cc2ccccc2Cl)CC1,0.20852612500840967,0.31319461221044714,0.27423822473395953
82f7e5507943ecb9ad84a0f6bea098c3,COc1ccc(CN2CCC(O)(COc3ccc(C)c(C)c3)CC2)cc1O,0.3744607743891803,0.44321912933479657,0.08630560649643568
b4de61c2853f43bbba5d2aef3037ca4d,COc1ccc(-c2cc(-c3ccc(OC)c(OC)c3)nc(N)c2C#N)cc1,0.5017381310462952,0.5080552487210794,0.11347878360274163
afca2b401bb6126678f66042310516ff,C[C@@H](Cc1cc(O)n2nc(-c3ccc(F)cc3)cc2n1)n1nnc2ccccc21,0.1667301350019195,0.16278551586649634,0.19446095011451028
d27525b034d23fc28ca6e135d4317f42,CCOCCCN1C(=O)C(O)=C(C(=O)c2ccc(OCC)c(C)c2)[C@H]1c1ccc(C)cc1,0.10937706685879013,0.08997909462248738,0.04608858742920512
27c170704f71841cf028b3d542342de6,COc1ccc2cc(CN(CCO)S(=O)(=O)c3ccc(C)c(Cl)c3)c(=O)[nH]c2c1,0.14677212251858276,0.13429454375397076,0.09477039629762823
97c607fb70408895b20f237537b6fc4a,N#Cc1ccc(N2C[C@H]3C[C@@H](Oc4cccc(Cl)c4)[C@H](O)C[C@H]3C2)nc1,0.17045383544808085,0.15734278647737068,0.13323491337624463
b89230ff31907ea1926aeb241b344d6f,COc1ccc(CNC(=O)NC[C@@H](O)c2ccc3c(ccn3C)c2)cc1OC,0.09991977567022498,0.08891147730702703,0.02716292155144567
6a5c9e2811de8300d2b122028eb69d96,CCOc1ccc(CN2C[C@H](c3ccc(F)cc3)[C@@H](O)[C@H]2CO)cc1,0.11755393039096486,0.1028615077110854,0.04976197958669879
48e62d88745f58235ff5cee1ef2337c2,COc1cccc([C@@H]2C(C(=O)c3ccc(OC)c(OC)c3)=C(O)C(=O)N2Cc2ccco2)c1,0.09241871535778046,0.07055647819387642,0.016245595007521017
d71b8c655f60a41491b69157fad5aea8,COc1ccc(C(=O)N2CCC[C@@H](C(=O)NCc3ccccc3)CCNC(=O)CC2)cc1F,0.04312713647430593,0.03128864110278135,0.008597853471821343
6d97a4c9f20212c0711d636c19bd67d7,COc1cc(C[C@@H](CO)[C@](O)(CO)Cc2ccc(O)c(OC)c2)ccc1O,0.17284481362863022,0.15681192854588683,0.043160079618577256
4ae739fe54aa7862d630455ef7516ecd,COc1ccc(CNC(=O)C[C@@H]2C(=O)NCCN2Cc2cccc(F)c2F)cc1OC,0.07228805497288704,0.05998973347331313,0.024616323538463224
c5c2c4c81334813602bddc648650ef16,Cc1nc(O)nc(C)c1CCC(=O)NCCc1csc(-c2cccnc2)n1,0.12216252799738538,0.08877756751396439,0.06228244799951261
05a6bce8591a7995957ca207633bb186,O=C(c1ccc2ncsc2c1)N1CC[C@H](O)[C@@](CO)(Cc2ccc(F)cc2)C1,0.09417297098446976,0.08628562380644408,0.09567861682312055
663d09c92acf89b828f8e51fea342f26,O=C(Nc1nc2c(s1)CN(Cc1ccc(F)cc1)C2=O)Nc1ccc(F)cc1F,0.2764668640765277,0.33402215486223047,0.24365342272953552
6d1d00a938122180c30ab116ac07bcf7,COc1ccnc(CN2CCOc3c(O)cc(-c4ccc(C)s4)cc3C2)c1,0.27994496443054895,0.2841290772299875,0.06816108600998466
287362875f6055648d0ea6e7e447732f,CC(=O)N[C@@H](Cc1ccc(F)c(F)c1)C(=O)NC1CCN(c2nnnn2-c2ccccc2)CC1,0.12186222929846156,0.18190195072780957,0.14373222120444884
8337c63c774bed072406e0e4f444b689,O=C(CNC(=O)c1cccnc1)N/N=C1\C(=O)N(Cc2ccccc2Cl)c2ccccc21,0.1178860803219405,0.14599492333152078,0.22119669209827075
9be2ba5248dd8c82336d4cf3fd18941d,COc1ccc([C@H]2C3=C(CCCC3=O)Nc3nc(SCCC(C)C)[nH]c(=O)c32)cc1OC,0.2429678047245199,0.25683743438937445,0.22935894334858115
7d592b7f43dddf8d3389464451fcdcde,CCS(=O)(=O)c1ccc(O)c(NC(=O)c2cc(-n3cnnn3)ccc2Cl)c1,0.1059379702095281,0.10335027934475378,0.028790753590742083
5b2c3e9663f955886f1e82ba5ee440f6,Cc1cc(C)nc(N2CCC[C@](O)(c3nc(C)c(CCOc4ccccc4)s3)CC2)n1,0.1846238523721695,0.1218858774412762,0.25324704396453773
3f8668e4632d818cfdec54c76a4b1466,Cc1ccc(Cn2nnc3c(O)nc(Cn4nnc(-c5ccc(Cl)cc5)n4)nc32)cc1,0.19073041122068057,0.17497072233395142,0.2320361015471545
fa8e71d45b04440c952e03f2f4d0a9c1,CCOc1cc(CNCc2cc3ccc(F)cc3nc2O)cc(Cl)c1OCC,0.47229168902743945,0.4696349799633026,0.3156397207216783
375617397692fc4816090d5a3614b3d0,O=C1[C@@H]2[C@H](Cc3ccccc3)N[C@]3(C(=O)Nc4ccccc43)[C@@H]2C(=O)N1c1cccc(C(F)(F)F)c1,0.20225306464867157,0.30785577033053746,0.22155055877837268
2962f9e75df8de4a816cf5d09faae82e,COc1ccc(-c2n[nH]cc2CNCCc2nc(C)c3c(n2)CCCC3)cc1F,0.2681134288961237,0.24486359547485004,0.30878316136923706
92a8c0c72449113bd84f7f774254d3ff,COc1ccc(CCNC(=O)C[C@H](C)S(=O)(=O)c2ccc3c(c2)NC(=O)CO3)cc1OC,0.0729418278417804,0.059648273957215926,0.014459042286034673
055b3340eca282b494b4138d15e860c9,Cc1ccc(OC[C@@]2(O)CCCN(C(=O)CCc3cnn(C)c3C)C2)cc1C,0.06807758557525548,0.07807397191134607,0.00854483353594498
aa0768d4838145a0e07c8a34e88f75fc,Cc1cc(C)cc(/N=C2/NC(=O)/C(=C/c3ccc([N+](=O)[O-])c(O)c3)S2)c1,0.10188882205296647,0.11334901091001112,0.11614839889278467
564da11e7ae17713aac7a90567bbb955,O[C@H](Cc1ccccc1)C1CCN(Cc2c[nH]nc2-c2ccc(F)cc2F)CC1,0.5173625349998474,0.41976496238600125,0.37656492536718195
a61aa4771a267df3168f660d2f6f4019,CCN(CC)c1ccc(/C=C2\C(=O)N=C(O)N(c3ccc(F)cc3)C2=O)cc1,0.18359434333714572,0.23845092207193375,0.25323237681930716
85c63e8335c660e0be1ad11b2f9807ed,CCOCCOC(=O)C1=C(C)N(C)C(=O)N[C@@H]1c1cc(Br)c(OCC)c(OC)c1,0.12102260880849579,0.11334894557446452,0.022505214014513927
7e8dd302ab61d020976733057a903809,CCOc1ccc(C(=O)C2=C(O)C(=O)N(CCN(CC)CC)[C@@H]2c2ccc(OC)cc2)cc1C,0.12160515175624327,0.12434510522606698,0.026863164268434048
50250b1bd4066de0c6a6e90bbca08263,C[C@@H]1CCCCN1Cc1cccc(NC(=O)Cc2ccc3[nH]cnc3c2)c1,0.20812747356566516,0.1472495807842775,0.05515330471098423
8be5009e0683214fe1f34eb1ba0fd7da,CC/C(NCc1cc(OC)cc(OC)c1)=C1/C(=O)N(c2ccc(C)cc2)C(=O)N=C1O,0.1162104093554345,0.09573103487491608,0.13957341049205174
036f4c4bcac5b0166fd4a91a3591392f,Cc1cccc(N2C(=O)/C(=C/c3cccn3-c3ccc(Cl)cc3)C(=O)NC2=S)c1,0.27416541224176233,0.26948411762714386,0.4311906559900804
e9bc4c565ab06f7983ee15372cc10fc0,CCOc1ccc(NS(=O)(=O)c2ccc3[nH]cc(C(=O)NCc4cccnc4)c(=O)c3c2)cc1,0.10594574226574464,0.09347231770780953,0.04609844528815963
62240e23f21a03ba4aa14d2c5e53d7fb,O[C@@H]1C[C@H]2CN(c3ccnc4ccccc34)C[C@H]2C[C@H]1n1cc(-c2cncnc2)nn1,0.16213788904926993,0.11949363858862357,0.1821653710847551
78552e35e3e67140bffa3cfdf90e99ef,Cc1cc(C(=O)NCc2cccnc2N(C)Cc2ccccc2)c(O)nc1C,0.094328911467032,0.09574273753572594,0.04011011422103779
2c44a72434d708e38fb3e8fa71864b40,Cc1cccn2c(=O)c3cc(C(=O)NCc4ccco4)c(=N)n(C4CCCC4)c3nc12,0.2513575012033636,0.17742020704529501,0.13269051519984548
6c04c589e04a1f0e139df1dd519ff83e,COc1ccc(-c2[nH]ncc2C(=O)NCc2ccc(F)c(Cl)c2)cc1OC,0.2929877991026098,0.2588423131541772,0.1269505928185853
74e47509632e74f484eb137f06fabb6b,O=C(NCc1cccc(F)c1)N[C@H]1CC(=O)N(c2ccccc2)C1,0.05401690198447217,0.047427247208381894,0.010323813831002388
2e7be77e80c9afc2885badb2128eb18a,Cc1c(Cl)cccc1-n1ncc2c1NC(=O)C[C@H]2c1ccc(C(=O)O)cc1,0.06798684190620076,0.07348810140551491,0.02277017931919545
c052e39067d670dd4bddd9ea15c89d29,Fc1cccc(-c2cn[nH]c2C2CCN(Cc3ccccn3)CC2)c1,0.33904815126549115,0.39046692687340756,0.08111945963041349
b949d5003bc15ecd9d150ee3b014994c,COc1ccc(O[C@@H]2CCN(c3ncnc4sc(C)c(C)c34)C[C@H]2O)cc1OC,0.2034829699180343,0.15611964464187622,0.1293511502444744
dbecd30cbd54cf08a5b5b37933769d3b,Cc1cccc(N2CCN(C(=O)CCNS(=O)(=O)c3ccc4c(c3)CCCC(=O)N4)CC2)c1C,0.05783017064360055,0.05124173956573941,0.0075720155747893095
356addd25003f38313fb3e933b7e2566,Cc1ccc2nsnc2c1S(=O)(=O)N(CCCO)Cc1cc2cccc(C)c2[nH]c1=O,0.09426110170104286,0.08830719102512706,0.04380426166409796
fd22f04104b2d9802620857391b36232,COc1ccc([C@H]2[C@H](C(=O)Nc3ccccc3)[C@H](C)Nc3ncnn32)cc1,0.06738073759796945,0.0701608265146867,0.010914798844499852
bd99f2ce7ce7006a19c96b174275194e,COc1ccc2c(c1)CCOC21CCN(C(=O)c2ccc(OC)c(OCCN)c2)CC1,0.11853033575144681,0.15166616372086786,0.0624645704572851
a8d8a2ad9c85a9a1130b27aa0fc4789c,COc1ccc(NC(=O)Cn2ncn3nc(-c4cccc5ccccc45)cc3c2=O)cc1OC,0.23558341779492117,0.19868216257203708,0.1896698847413063
f246ecf1ba17d02c39bd9d3a0f026bfd,COc1cc2cc(N)c(C3CCN(C(=O)Cn4nc(C)c(C)c4C)CC3)nc2cc1OC,0.11830691993236542,0.10785275133622979,0.04779227465306493
3907b3060b8ff4988a17dd33d50488a0,COc1cccc(C(=O)NC2CCN(c3nc4c(s3)c(C)nn4-c3cccc(C)c3)CC2)c1OC,0.31737616793675855,0.26335966180671344,0.2412387254563245
75167ac37741a867d0e84bf9ab82fc3f,Cc1nc(C)c(CC(=O)N2C[C@@H](Cc3ccc4ccccc4n3)[C@H](O)C2)c(=O)[nH]1,0.03397277111864903,0.0327308394850909,0.008259807813870297
f091118caa18ea05fdab74b1c27aee4d,Cc1ccc(S(=O)(=O)c2cc3c(=O)n4cccc(C)c4nc3n(Cc3ccccc3)c2=N)cc1C,0.28944734687154944,0.20273132080381567,0.31593025916002015
6d45b45fe31facbdaf3c78b053d55530,COc1cc(CNCCNC(=O)c2nonc2N)ccc1OCc1ccccc1Cl,0.26470190625299106,0.3524996982887387,0.14065454722466794
f13106091f1187f07a8cb1efda4a4e01,C[C@]12CC[C@@H](CNC(=O)c3cc(F)ccc3F)[C@H](O)[C@](C)(C[C@@H](c3ccccc3)C1)O2,0.10894341885366222,0.08774445493790237,0.08471236555752429
436b8a5a774d3ca2343b166b143b20d8,O=C(Cn1nc(-c2ccc(F)cc2)ccc1=O)Nc1ccc(OCc2ccccc2)cc1,0.23679096590388904,0.17022069882262836,0.11571819267489693
3af419d3146799b99a52e06e76b28833,C=CCn1c(=O)c(C(=O)NCc2ccc(OC)c(OC)c2)c(O)c2cc(OC)c(OC)cc21,0.20712025463581085,0.16976865990595383,0.056355030445212666
24338531b3dd257aa96e4a5fbd6f94d7,COc1cc(C(=O)Nc2ccccc2NC(=O)c2cc(OC)c(OC)c(OC)c2)cc(OC)c1OC,0.29930149899287656,0.288962702520869,0.16838275573470377
90e1680702f8467b06e286e40e427048,O=C(NCc1cnn(-c2ccccc2)c1)c1c[nH]nc1-c1cccc(F)c1,0.20000419156117874,0.1782068298621611,0.08010631359436295
f52eec428299f18c683984b54f58b7a7,Cc1cccc(N2C(=O)NC(=O)/C(=C\C=C/c3ccco3)C2=O)c1,0.06707613047381694,0.15410257486457174,0.11372140469029546
433dd3508ed75a60da0dc36874193bb8,CCSCC(=O)N1C[C@H]2C[C@@H](Oc3ccc(C(=O)OC)cc3)[C@H](O)C[C@H]2C1,0.036443665163295176,0.03769172727532515,0.00930886807856785
52e9b26358cdb1e15a2a891376e5167e,COc1ccc(CN2CCNC(=O)[C@@H]2CC(=O)NCCc2cn3ccccc3n2)cc1C,0.05461255325512453,0.0462758360769261,0.018070777878165245
2dd21c2762d896af15f1cd5be13c2681,O=C(CSCc1nc(O)c2nnn(Cc3ccc(F)cc3)c2n1)Nc1ccc2c(c1)OCCO2,0.11384219473058527,0.10150646706196395,0.06079007075591521
28900aaf1566c2bf246fb56bc636cd8d,COC(=O)c1ccccc1NC(=O)C1=C(C)NC(=S)N[C@@H]1c1ccc(OC2CCCC2)c(OC)c1,0.22613656520843506,0.22569309242747046,0.14609394357963043
140d7581ab1d40f7ed384b4c65e2c57d,O[C@@H]1CN(Cc2ccc3c(c2)OCCO3)CC[C@H]1Oc1ccc2cccnc2c1,0.16464404253797096,0.13787323812192137,0.03644355212930928
4b854e56e4a96b0b0a0c5e445f1a293b,COc1ccc(C(=O)NCCCNC(=O)c2nc3ccccc3c(=O)[nH]2)cc1OC,0.12696721133860675,0.10259979895570061,0.03270316301760348
1c4e1a470c992398849447eba095cf9a,Cc1nnsc1C(=O)N1Cc2nc3c(C)c(-c4cccs4)nn3c(O)c2C1,0.12565661306408318,0.12817051566459917,0.16527863320979205
919cdf4421fcf3356dab80a808a7e4bd,COc1cc(/C=C2\C(=O)N(c3cccc(Cl)c3)N=C2O)cc(Br)c1O,0.2221436392177235,0.2075267481532964,0.33838908916169946
071009cba83af4c2e6550d39f4eb496e,O[C@@H]1CN(Cc2nnc(-c3ccccc3)o2)CC[C@H]1Oc1cccc2c1OCCO2,0.0852353884415193,0.09205083168027076,0.03204169105315073
700cd440b03dd803d06faff7d48cf1ef,O=C1N(Cc2cccc(Cl)c2)[C@@H](c2ccccc2)[C@H](O)CC12CCN(Cc1ccc(F)cn1)CC2,0.17363779450004752,0.10720588436180895,0.0634890795389021
d9e747823fce55edf39c55fd7f184987,Cc1ccc(OC[C@@]2(O)CCCN(C(=O)Cc3ccc(F)cc3)C2)cc1C,0.10856977071274411,0.10154973601245067,0.01652746774594892
8d58509895b50a612417709ac6b3fb13,COc1cc(CN2C[C@H](c3ccccc3)[C@H]3OCC(=O)NC[C@H]32)ccc1OC(C)C,0.07539563236588781,0.06667669430713762,0.018223696293055335
74d538ebd759c5569c95076881637fc6,Cc1ccc2c(C)cc(NC3CCN(Cc4cccnc4)CC3)nc2c1C,0.4795065359635787,0.4797395440665158,0.18316661363298242
4d9398f3684344c872f7ad623587fa48,CN(C(=O)c1ccnnc1)[C@H]1CC[C@@]2(CCO)C[C@H](c3ccccc3)C[C@](C)(O2)[C@@H]1O,0.05228201181373813,0.05279834979129108,0.04331976996565407
ef67a3fb7e32780a3cb5b8741d99027d,COc1ccc(CN2CCNC(=O)[C@H]2CC(=O)NCCc2nc3ccccc3[nH]2)cc1C,0.05766482371836901,0.04509892814200033,0.025010993661866945
e31841cac77f9870019bb8e01f14fef0,COc1c(Br)cc(/C=N/NC(=O)[C@H]2COc3ccccc3O2)cc1Br,0.18357751721685583,0.17022889039733194,0.2155541554093361
06970eb75e700018debb60595aa5d74f,COc1cc(CN2CCC(CO)(CCCc3ccccc3)CC2)cc2c1OCO2,0.3148616010492498,0.2927024310285395,0.10024060859260234
aff5ec580b757b945307b4ff72077ca6,Cc1ccc(-c2ccnc(N3C[C@@H](Cc4ccncc4)[C@H](O)C3)n2)c(C)n1,0.0982454295524142,0.0692947239361026,0.10176097237589685
841e1ecad5ee66e36790bd8a4c3a2158,COc1ccc(-c2cc3c(=O)[nH]nc(SCc4ccc(F)cc4Cl)n3n2)cc1OC,0.3169690289280631,0.25857375833121216,0.23468337885358118
8b7a51209ebaa6ccbe76dea87055585e,Cc1cc(N2C[C@H]3C[C@@H](Oc4cccc(Cl)c4)[C@H](O)C[C@H]3C2)nc(N)n1,0.2525018656795675,0.22500743716955185,0.20452324097806757
77b0ccdd5c1a81f28dd34dea0644b418,COc1ccc([C@H]2c3nc[nH]c3CCN2C(=O)Cc2ccc3[nH]cnc3c2)cc1,0.08862146972255273,0.07501340623606335,0.08311546593904495
d6bff83a48fd527e41ab007506f7dae9,Cc1ccc(C)c(C(=O)N2CCC(c3nc(O)c4nnn(Cc5cc(F)cc(F)c5)c4n3)CC2)c1,0.11808023059909994,0.11428394236347893,0.11544162780046463
cb1991a528bbeff00ad01cc2512e854c,Cc1cccc(-c2ccc(OCc3ccccc3)c(CN)c2)c1F,0.3027000657536767,0.2457374038852074,0.08149881864135916
490f0d514831933143d91fa5ff1a4715,COc1ccc(CCNC(=O)CC[C@]2(Cc3ccc(F)c(OC)c3)CCC(=O)N2)c(OC)c1,0.09550970047712326,0.07694623797115954,0.017846489409831436
64efbb293b30a7a0a6c03d594ef9a6d0,COc1cccc([C@H]2CN(C(=O)c3nc4ccccc4n(C)c3=O)C[C@@H]2N)c1,0.0610109217972918,0.09054496461017565,0.05938043851744045
152afb0fc5e1910adabc66885bff8ea6,COc1cccc(-c2n[nH]cc2C(=O)NCCc2nc3c(s2)CCC3)c1,0.09913535382259976,0.10788543831387704,0.0479869845492596
0a78923d6dbd4be032a87ff14e1c50d1,CCc1ccc(C(=O)C[C@@]2(O)C(=O)N(Cc3ccc(C)cc3C)c3ccccc32)cc1,0.17442306808450006,0.16700602187351746,0.21446917138316415
014de6e2b588a2fd528ba6f8f8082c73,COc1ccc(C[C@@](C)(O)CNC(=O)Cc2ccc(S(=O)(=O)C(C)C)cc2)cc1,0.09449283202940767,0.09155955790034072,0.012819330991161141
683ce5eba6672a72c046de6e1c67b758,O=C(COc1ccccc1)N[C@@H]1C[C@H](Cn2cc(-c3cccnc3)nn2)[C@@H](O)[C@H]1O,0.04868539973077449,0.044672611125507314,0.018424406333162387
5dc99d29ef2fec362298df842ebfcb7f,O=C(c1cccc(-n2cccn2)c1)N1CC[C@@H](Oc2cccc3cnccc23)[C@H](O)C1,0.08896695348349484,0.06888332844457844,0.02783489739522338
80ad7aadbad9dcff2cca5ffc3a75d688,COc1cc([C@H]2CC(=O)NC(SCC(=O)Nc3c(C)cc(C)cc3C)=C2C#N)cc(OC)c1OC,0.11460029299963605,0.0937993803315542,0.04439479061825709
7e817dc5e86a17bfae7afa0f01300f60,COc1cccc(CSc2nc(C)c(CC(=O)Nc3cccc(F)c3)c(=O)[nH]2)c1,0.1329722140323032,0.13343300145458092,0.057476956735957756
b80705e7c4e0cde1286ef0131eb8e711,COc1cc([C@H]2NC(=O)NC(C)=C2C(=O)OCCOC(C)C)cc(OC)c1OC,0.17208603701808237,0.1444530177607455,0.026814728192138402
cba72eac094321eea81b0a956de764fa,C[C@H](c1cccs1)N(C)C(=O)c1cc(COc2ccc3c(c2)OCO3)[nH]n1,0.06034631976349787,0.05931203710761937,0.0213968389487656
ea49340635fe8d7d13ecd5e6c3ccdd2c,Cn1ccnc1-c1nn(CCNC(=O)COc2ccccc2F)cc1-c1ccc(F)cc1,0.17184186320413242,0.17327975561387243,0.09010321164334362
782d6ec0b5356c32332c365b4efe8d1d,COc1cc2c(cc1OC)[C@H](NC(=O)[C@@H]1CC(=O)N(CCc3ccccc3)C1)CC2,0.07397974147038026,0.06569294364784252,0.014671427971651692
fc5b6aedd5d0a444532638e4af31e813,COc1ccc(CN2CCNC(=O)[C@H]2CC(=O)NCc2ccccn2)cc1OC,0.03613623625344851,0.02848931105439657,0.007081133338529485
5bfedfb6aca7dca3efd28e7b0345ab4d,O=C(c1cccc2c1OCCO2)N1C[C@@H](Cc2ccc3ccccc3n2)[C@@H](O)C1,0.05009616970677267,0.04297152233564041,0.009672209562268108
c3dad35b514a0e836b70a8f8620b26e4,COc1cc(C[C@]2(CCC(=O)N(C)Cc3ccsc3)CCC(=O)N2)ccc1F,0.07450476051731543,0.05955689802331934,0.011153414165495302
dffca7bf0f571cad70dcd7d26c7c23e6,C/C=C/COC(=O)C1=C(C)NC(=O)N[C@@H]1c1cc(OC)c(OC)c(OC)c1,0.12150099128484726,0.1074356522109874,0.019108864372934808
c91cabc4c5c94de32011e09565558f05,COc1ccc(F)cc1S(=O)(=O)NCC#CCOc1ccc2c(c1)OCO2,0.07862403446977789,0.09506886766295124,0.016050802916162385
d099208fd005feaf99b9547aaf3c2b12,COc1cc(O[C@@H]2C[C@@H]3CN(Cc4cc[nH]n4)C[C@@H]3C[C@H]2O)cc(OC)c1OC,0.08585064341737465,0.11261759361844849,0.024898663999258795
a9ad75d170ba86eca3a5de2f9aad5dc4,Cc1ccc(-n2nc(C)c3c2OC(N)=C(C#N)[C@H]3c2ccc3c(c2Cl)OCO3)cc1,0.2974959517067129,0.34320868483998557,0.3762929114428433
8f49f6d5454c2945929ec6cd4cb1e0e9,COCc1cc(CN2CCN(Cc3ccc(F)c(F)c3)[C@H](CCO)C2)ccc1OC,0.24519341642206366,0.19071443463591012,0.11611909097568555
1a36a58a0d1e78ce0d34b6f6c90f318c,CCOc1ccc(C(=O)C[C@]2(O)C(=O)N(CCOc3ccc(Cl)cc3)c3ccccc32)cc1,0.3874617842110721,0.3564990054477345,0.38164855404333636
6915ae01c3c4f52208efe3836234d674,COc1ccc(-c2nsc3c2N=C(O)C[C@@H]3c2ccc(OCC(N)=O)cc2)cc1,0.10231070542200045,0.12328657643361525,0.050055038056929006
d07bca247943fd1c5fc4b308b349c171,COc1ccc(-c2cn3c4c(=O)n(C)c(=O)n(C)c4nc3n2C[C@@H](O)c2ccccc2)cc1OC,0.12234619429165666,0.08823478154160759,0.148126003078439
84849a68cdac298d05dac24caf66fed8,COc1ccc([C@@H](NC(=O)OCC2c3ccccc3-c3ccccc32)[C@@H](O)C(=O)O)cc1OC,0.169387798756361,0.18386884008280255,0.03991620390760628
e281dfc078d006e141e26f9bb5710916,COc1ccc([C@H]2NC(=O)CO[C@@H]2C(=O)N(C)CCc2cnn(C)c2)cc1OC,0.024437325879592787,0.02796887549294137,0.005281410223936043
91425c46f4ff9d1e3bdb22b29175b25a,COc1ccc(-c2[nH]c(-c3ccc(SC)cc3)nc2S)cc1,0.30980344252152875,0.20683463696729054,0.034004094121469694
7a0c52f68a1c25a03f4738754ee7a777,COc1ccc([C@H]2CC(=O)C3=C(C2)Nc2[nH][nH]c(=O)c2[C@H]3c2ccc(C(F)(F)F)cc2)cc1OC,0.20765286887233908,0.30633118833330547,0.18581688979809935
5a88801f9a54c9f8587327278ec21e4f,Fc1cccc(-c2n[nH]cc2CN2CCC[C@H](Nc3ccc(F)c(F)c3)C2)c1,0.5557117841460488,0.5219890136610378,0.3328117525035685
ae4e1fe14b05930574d7af649f9d2c50,Cc1cnc(C)c(-c2cc(O)c3c(c2)CN(c2ncnc4[nH]ccc24)CCO3)n1,0.31203773482279346,0.27173669026656583,0.2829217179255052
ca0c1e6f9f3caa4f09061623422cd7d2,C[C@]1(O)CN(S(=O)(=O)c2ccccc2)CC[C@H]1Oc1cccc(Cl)c1,0.09528845988891342,0.06862897883084687,0.016812996795951305
ae7994041d23328079fc4f42f4eb5fab,CC(C)n1nc(-c2ccccc2)nc1[C@H]1CC[C@@H](O)[C@H](NC(=O)COc2ccccc2)C1,0.12909983911297537,0.09834266589016559,0.06276229693586091
eecdfd7b6440013d9a865a0b24948c15,COc1ccc(F)c(O[C@@H]2C[C@@H]3CN(c4nc(C)nc5ccccc45)C[C@@H]3C[C@H]2O)c1F,0.2518135424364697,0.17448312653736633,0.32580241696401074
fe2ab97d7fc5c8aff609f4052740c3d5,COc1ccc(-c2cc(C(=O)NC[C@@H]3CCCO3)n[nH]2)cc1S(=O)(=O)N(C)C,0.029763777380470525,0.029760135475292125,0.005654870171300982
e97cecfb637bfd674f889c092d23d782,COc1ccc(CN2CN=C(Nc3nc(C)c4ccc(C)cc4n3)NC2)cc1,0.45869453928687354,0.4172500548037616,0.23262906616384332
394d2bb0c1bcf2e3e65983bad6ef2fc8,CNC(=O)[C@@H]1CC2(CCN(Cc3cccnc3)CC2)CN1c1ccc(C#N)c(C(F)(F)F)c1,0.2592591413042762,0.3120508017865094,0.1321076090362939
eee303f8dc1a93678791bab2c56edd03,O=C1NC(=O)N(c2cccc(Cl)c2)C(=O)/C1=C\Nc1ccc(S(=O)(=O)N2CCCCC2)cc1,0.13296412913636727,0.15569483014670285,0.215922472151843
59aead04c264bac486aef40438dbaa9d,NC(=O)C[C@H]1CN(S(=O)(=O)c2cccc(Cl)c2)CC[C@@H]1Oc1ccc(Cl)cc1,0.0895989237522537,0.08103208159181205,0.06703963037580252
66a586a473937c8500784e62de8d82fb,CC(C)C(=O)N1CCc2c(nc3cc([C@H]4CCCN4Cc4ccsc4)nn3c2O)C1,0.05495695515789769,0.045362401245669884,0.01840534779793498
be6c63014fba827b9a9c5a2b3d50e509,COc1ccc(OC)c(CN2CCC[C@@H](c3[nH]ncc3-c3ccc(F)c(F)c3)C2)c1,0.42613390359011566,0.40019294348630036,0.1950533620335839
bdfc3d687b47b64a20996d666a1d57bb,COc1ccc(Cl)cc1NS(=O)(=O)c1c[nH]c(-c2nnc(-c3ccccc3)o2)c1,0.16233861514113165,0.17902305349707603,0.3207575485787608
e4e3ea649da252d18bb7296f75729453,O=C1N=C(S)N(c2ccc(F)cc2)C(=O)/C1=C/c1cc(Cl)c(O)c(Cl)c1,0.19251074675809254,0.19357078048315915,0.3171955780549483
dbff3f193c021a994cb9ca7eaa6041ac,COC(=O)[C@@H]1C(=O)C2=C(C[C@H]1C)NC(C)=C(C(=O)OC(C)C)[C@@H]2c1cc(OC)c(O)c(OC)c1,0.16222818466750058,0.13007789765569297,0.06188451282849366
24fd8e99f9e7e6f036b9a83fbf28c1c5,Cc1cc(S(=O)(=O)NCc2ccc(-c3ccccc3F)o2)ccc1F,0.19579933990131726,0.15424186749045143,0.03819081058133055
5f2b0eed1ab9789638c2dbe2061336ff,CC(=O)c1cccc(OCc2cc(C(=O)N(C)Cc3c(C)nn(C)c3C)n[nH]2)c1,0.050703787922181866,0.04907030061903325,0.020434322878083385
c7bc3358aa842e9263e33d5557b3f81e,Oc1cc(-c2cccc(Cl)c2)cc2c1OCCN(c1ncnc3c1CCC3)C2,0.395602437582883,0.38933548398993234,0.26342446357011795
9b35ca2ce83bf0fbfd9021e64be22a7e,N#Cc1ccc(C(=O)N2CC[C@@H](c3ccc4ccccc4c3)[C@H](O)C2)cn1,0.133073015646501,0.08082020655274391,0.05157099122350866
44a539f71b06669091ac9a101628d2f6,CN(CCC#N)C(=O)c1ccc2c(c1)NC(=O)/C(=C/c1ccccc1)S2,0.05101925566453825,0.03839099455878816,0.03179714081389565
3ec2e15b356506d82e7764b2d6bab828,Cc1ccc2c(c1)C(=O)NCC1(CCN(C(=O)c3cccnc3)CC1)O2,0.04738627251406962,0.05184883700514382,0.010850324704651111
9737a2af4e2c7839468db4b07cfb649b,CCc1c(C)cc(C(=O)N2C[C@@H](Cc3ccc4ccccc4n3)[C@@H](O)C2)c(=O)n1C,0.05096914111213251,0.04531179199164564,0.013232317890717903
ee6042fa1f61873146682b48de6774b9,COc1ccc(NC(=O)Cn2nc3ccc(Sc4ccc(C)cc4)nn3c2=O)cc1OC,0.19757405600764535,0.15776445784352042,0.13716299357739362
d0355923aea63db95603d58b9824787c,COc1ccc(-c2c(C#N)c(O)nc3c2c(C)nn3-c2ccc(F)cc2)cc1OC,0.4293366562236439,0.36131212386217987,0.2624082578854127
7196af4e46ed51ff6b451cabb74359ea,N#CC1(C#N)[C@H](c2ccc(F)cc2)[C@H](C(N)=O)N2C=Cc3ccccc3[C@H]21,0.05549755498809325,0.07234769478130106,0.025099550980639707
4ed39191aa126e80b95f18ddfa8bb19a,COc1ccc([C@@H]2CCN(C(=O)Cc3ccc(F)cc3)C[C@H]2O)cc1,0.06353147073902866,0.063305521029344,0.0118600650140169
8d41cb955fb70a11860387841685482f,Cc1nnc(N2C[C@@H]3[C@H](CO)[C@H]4CN(Cc5cncs5)C[C@]3(C2)O4)c2ccccc12,0.07289256875149229,0.07335320199755105,0.05656789539551193
b04d332a153ce5eb5ff1d4515ccc4aab,CCOc1cc(/C=C2\C(=O)N(c3ccc(C)cc3)N=C2O)cc(Cl)c1OCC,0.22463598711924118,0.22049881382422012,0.3135802976109765
097120fca92a1c47a7e48b43fa2effcc,COc1ccc(-n2nc(C)c3c2N=C(O)C[C@@H]3c2ccc(OC)c(OC)c2)cc1,0.14361907880414615,0.13881640635769477,0.06434234375642105
0665031a865fb6069855d96d6730b5c7,COc1ccc([C@@H]2CC(=O)Nc3c2cnn3-c2ccc3nnc(C)n3n2)c(OC)c1OC,0.07835868254981258,0.08303073488853195,0.06507386059754273
0b62da75fd7827229d312297501f2f93,O=C(c1cc(=O)[nH]c(=O)[nH]1)N1CCc2[nH]nc(-c3ccc(F)c(F)c3)c2C1,0.1678952192041007,0.13922881165688689,0.0808631916615096
ca062c5f4b249e97511ffe58fd867e4f,COCCCN1C(=O)[C@H]2[C@@H](C1=O)[C@@]1(N[C@@H]2Cc2ccc(O)cc2)C(=O)Nc2ccc(Cl)cc21,0.12018180858682502,0.1391506218774752,0.084614590191367
b4607ba14f7883085c11f4bb3f26eef4,C[C@@H]1c2nc(C3CC3)nn2CCN1C(=O)c1c[nH]nc1-c1cccc(F)c1,0.07591350935399532,0.07508843009021472,0.03689356082627042
358dfc1317eafe8324e8fb927d8cab8c,COc1ccc([C@H]2CN(C(=O)c3cnc4cnn(C)c4c3)Cc3[nH]cnc32)cc1,0.07924614575776187,0.09543922949921001,0.06375062457201155
0167b86a051b53c777e95105eaff1fae,Cc1cncc(C(=O)NCC2CCN(c3cc(C)nc(C)c3)CC2)c1,0.16345021331852133,0.11854725420496172,0.021571185759967193
b52a84bd258b91f5b4fcb2c424d7ff82,COc1cc(/C=C2/C(=O)NN(c3ccc(C)c(C)c3)C2=O)cc([N+](=O)[O-])c1O,0.18462031808766452,0.13658174296671693,0.12137783386490562
8ee08ac4ca6b57bcccf8dbeafff48def,COc1cc2cc(N)c(C3CCN(C(=O)c4cnn(C)c4)CC3)nc2cc1OC,0.17756733975627206,0.1822072613815015,0.04765126253054901
d648d3231e18f9e1d35183629a8cfe5a,COc1ccc(CC2(CO)CCN(C(=O)c3ccc4c(c3)OCO4)CC2)cc1,0.07380521805448965,0.0853296812962402,0.0288739616940306
59c4c094c6d040100536fd43e118eccc,CCOc1ccc(C(=O)c2sc(Nc3ccc(OC)c(Cl)c3)nc2N)cc1,0.5818234925920313,0.6143803027543154,0.3640281409025192
6705d0b3d48d1b5a2c47d38fcb56a828,COCCCN1C(=O)C(O)=C(C(=O)c2ccc(Cl)cc2)[C@H]1c1ccc(O)c(OC)c1,0.14299439571120523,0.11825321225280111,0.04680917456492104
06bd061372402cbc4592ac98ad02c405,Cc1cc(C)nc(CN(C)C(=O)c2cc(COc3cccc(F)c3)[nH]n2)c1,0.09570657766678116,0.08440846996381879,0.03570430069653825
ec695951ac3ac412c49d63d482eafa4a,CCc1nc(N2C[C@H]3C[C@@H](Oc4cccc(CN5CCCC5)c4F)[C@H](O)C[C@H]3C2)no1,0.07039074040949345,0.07112495855174282,0.0302257050590759
e02d10b5f5030a2a805ce43935c79463,O=c1c2c(O)cc(CSc3ccccn3)nc2[nH]n1-c1ccccc1,0.26835439150983637,0.19499730386517264,0.10123083190145818
c670b2d91499ca343dd6a677bc6c8308,Cc1cc(-c2n[nH]c3c2CN(C(=O)c2ccc4c(c2)OCO4)CC3)c(C)o1,0.08473822525279089,0.07264988750896671,0.08531700464134867
f1b9699c17064e482c57d10ca7392b5b,Cc1nccc(C(=O)N(C)[C@H]2CC[C@@]3(CCO)C[C@H](c4ccccc4)C[C@](C)(O3)[C@@H]2O)n1,0.049918876283548096,0.044725034555250946,0.0821235752241178
944ce5b7ab87dac33d1a571fd228fdd0,COc1cccc(-c2n[nH]c3c2CN(C(=O)c2cc(C)n(C)n2)CC3)c1,0.07209796390750191,0.06493672322143208,0.04828865728764371
ced3abc1df377f04d5c36bfc53f593c5,CC(C)c1cccc(O[C@@H]2CCN(C(=O)CNc3ccc(Cl)cc3)C[C@H]2O)c1,0.13867438957095146,0.15727739950472658,0.1221850836141543
829860959747618aa1cf879e4acc9d3b,Cc1ccc(S(=O)(=O)O/N=C(\N)CC(=O)Nc2ccc(F)cc2F)cc1,0.153946113857356,0.15589814633131027,0.06272095713277602
655026848493d2865c4b596d72d97a95,COc1cccc(-c2n[nH]c3c2CN(C(=O)c2cc(C(C)C)no2)CC3)c1,0.10655679367482662,0.11414574899456718,0.07170820727267048
5f411175bc68c262919a4ff791a25613,Cc1cccnc1CN1CCOc2c(O)cc(-c3cccc(Cl)c3)cc2C1,0.3318562019955028,0.3876223787665367,0.14318564838983797
93ac0df3dee76b417369ec687a3ea76f,O=c1c2c3c(sc2ncn1Cc1cccc(F)c1)C[C@H](NCc1nc2ccccc2s1)CC3,0.21206045557152142,0.17578355019742792,0.35050751675258984
b6c8c8c40cd76b03e53bc3c62ecbb5e6,COc1ccc(N2C(=O)NC(=O)/C(=C(/C)Nc3c(C)n(C)n(-c4ccccc4)c3=O)C2=O)cc1,0.1302035613493486,0.14979439635168423,0.22066725688901814
249f1265d6d275c54206f044ae32a179,Cc1ccc(C(=O)C[C@]2(O)C(=O)N(CCc3ccccc3)c3ccc(Br)cc32)cc1,0.2556936063549735,0.22477784075520255,0.28007247908548877
b4724d71c2afcdf3a53bea5b4d87fa45,Cc1ccc2c(c1)C(=O)NCC1(CCN(C(=O)CCc3ccc(C)o3)CC1)O2,0.06186067490753802,0.06468334514515432,0.009829050146601565
1afc5947111e886386ed11821346d017,CCc1ccc(CN2CCC([C@]3(Cc4cccc(OC)c4)NC(=O)N(C)C3=O)CC2)o1,0.10729469358921051,0.11353832252577624,0.026925308312374083
4019e91856133d30eb59fc47f8b679d7,C=CCOc1ccc(/C=C2\S/C(=N\c3cccc(C)c3C)NC2=O)cc1,0.10325633514333855,0.08470423902758739,0.06425031795251099
d02420a5aedb4755b4d5b330e647afbf,COc1ccc(CC2(CO)CCN(S(=O)(=O)c3ccc(Cl)s3)CC2)cc1,0.12022692981091412,0.12311856787313115,0.04485432998361913
f1199beabb9cf796579ed59ad881ed5b,CCN(CC)c1ccc2cc(C(=O)Nc3cccc([N+](=O)[O-])c3)/c(=N/O)oc2c1,0.2009838209910826,0.3347204747525128,0.12572414360263132
4a1e902384bd6e13c083e1fcfa559d95,CCOc1cc(/C=N/n2c(-c3cccc(OC(C)C)c3)n[nH]c2=S)ccc1O,0.22617528655312277,0.22046704319390384,0.11457901278680022
e4bda1cb7f8e251ef8fef04e6f48e350,C[C@@H](Oc1cccc(Cl)c1)C(=O)Nc1ccc(S(=O)(=O)Nc2nccs2)cc1,0.14615502106872472,0.1194809570231221,0.08328074250708926
a169379912c69fcf71130b611b3aee4d,CN(Cc1ccccn1)C(=O)c1cc(COc2cccc(C(F)(F)F)c2)[nH]n1,0.17503417825156992,0.19440091469071127,0.09298247386786071
08020d755a8e70ded2c0c79c982f640f,CCOc1cc(C(NC(=O)OCc2ccccc2)NC(=O)OCc2ccccc2)ccc1OC,0.27193812145428226,0.17558366131032183,0.0438672067724507
7f4260b0295a3599efce85566d3398c6,COc1ccc(CN(C)Cc2ccc3c(c2)n(C)c(=O)n3C)cc1Cc1c(C)n[nH]c1C,0.19804180379618297,0.16721030087633568,0.10772969692268154
8f703161ce768cfc8a74914fbe513c5c,COc1ccc([C@H]2NC(=O)CO[C@@H]2C(=O)N2CC(N3CCCCC3)C2)cc1OC,0.03988713017580184,0.04373059946991311,0.007369144759588215
2da4665f4db4f431840f9d9bc8ffa29e,COc1ccc(S(=O)(=O)NCCCc2cnn(C)c2)cc1-c1cccc(O)c1,0.11190567233345726,0.09851590645584193,0.026747600048441778
2346e895c43012adaf2bf779141567de,CC(C)c1cc(C(=O)N2C[C@H]3C[C@@H](Oc4cccc(Cl)c4)[C@H](O)C[C@H]3C2)n(C)n1,0.09306969646025788,0.09357654523443092,0.04253512341529131
ab3f8b5875a04bea887a1712396c6648,COc1ccc(CCNC(=O)C2CCN(C(=O)c3ccc([N+](=O)[O-])cc3)CC2)cc1OC,0.07905166494575414,0.05588930451565168,0.01124350468770982
aa19ff981ce915384f983238574d61f2,Cc1cc(O[C@H]2CN(Cc3ccc(OCC(C)(C)O)cc3)C[C@@H]2O)cc(C)c1C,0.22162562303922392,0.3036837452514605,0.1155776134268804
97ba0a93f48f3ac33e5158670222ce58,Cc1nc(CN2C[C@H]3C[C@@H](Oc4ccc(Cl)c5cccnc45)[C@H](O)C[C@H]3C2)cs1,0.20484442602504382,0.16319646855646913,0.22809012911536478
009d6409619512eb293b6c31f4a0f5d2,O=C(C(=O)N1CCc2[nH]nc(-c3cccc(F)c3)c2C1)c1ccco1,0.14887469465082342,0.12479087236252698,0.22252195463939148
965e50f157fbea599f2dfffbdb3da254,O=C(Cc1cccc(Cl)c1)N[C@H]1C[C@H](C(=O)N2CCOCC2)C[C@H]1c1nc(-c2ccccc2)no1,0.10668032701042565,0.10526937449520285,0.07964992218396881
75225bf6e7fec9f12cbdc8af4f145ac1,Cc1c(O[C@@H]2C[C@@H]3CN(c4nnc(C5CCC5)o4)C[C@@H]3C[C@H]2O)ccc2c1CCCC2,0.09091755773194811,0.08541265248574993,0.1295275758443908
30260de58adcdf6d23e5067fed510fc4,C=CCN(c1ccccc1)S(=O)(=O)c1ccc2[nH]cc(C(=O)NCCC(C)C)c(=O)c2c1,0.12622602521018547,0.09790237925269386,0.032960336464880544
e51438d359748c1364070a32d7df9f51,CC(=O)Nc1cccc(-c2cc(-c3sccc3C)c(C#N)c(N)n2)c1,0.2887842750007456,0.350273402238434,0.09954312617297877
099c4a1544151810997868c5b55fb70e,CCOc1cc(/C=C2\C(=O)N(c3ccc(C)c(C)c3)N=C2O)cc(I)c1O,0.22830068387768485,0.24880648878487674,0.3084966472604058
8d10070e00cb3847fa8394c097391165,O[C@@H]1C[C@H]2CN(c3ncnc4[nH]ccc34)C[C@H]2C[C@H]1n1cc(-c2ccccc2)nn1,0.14587535912340338,0.12634472752159293,0.2709259871732105
826314f70b3aa42e4d98c625caddac8d,O=C(c1ccc2ncnn2c1)N1C[C@@H](Cc2ccc3ccccc3n2)[C@H](O)C1,0.05242926521565427,0.043744967065074226,0.03279747640375386
12f556968df2a8b1274ba355dd8892c6,COc1cc(CCNC(=O)c2cc(C)nc3c2c(C)nn3-c2ccccc2Cl)cc(OC)c1OC,0.21520374038002707,0.18017746372656387,0.1467242596501654
6cd07d90ff6a2bf7292f0b5277c735a4,Cc1ccc(C(=O)N[C@H]2CC[C@H](CN3Cc4ccccc4C3=O)CC2)c(-n2cnnn2)c1C,0.05718298391862349,0.05584752161733129,0.02755872389322824
f22a70db8b47e1773a7193151ff6fb0f,COc1ccc(CCN[C@@H]2CC(=O)N(CCc3ccc(OC)c(OC)c3)C2=O)cc1OC,0.11211883479898627,0.09882112499326468,0.019600407119882715
7562d7ad5e11e9d6124951f94c21ddb2,CCOc1ccc(CCNC(=O)CCn2nc(-c3ccccc3)ccc2=O)cc1OCC,0.15293761207298798,0.11892499935559252,0.05017870613797144
f27961616cdc4d42e26e886e02c8732e,Cc1cccc(CN2C(=O)N/C(=C/c3cc(C)n(-c4ccccn4)c3C)C2=O)c1,0.23733775994994424,0.22528836876153946,0.3604117591272701
5b7d08b701f989861dfba61af994c322,O=S(=O)(NCc1ccc(-c2ccoc2)nc1)c1ccc(F)c(Cl)c1,0.20390787585215134,0.2055707797408104,0.12622969868508252
d467683a60ecee479795b082042b7fb1,O=C(Cn1cc(OCc2ccc(F)cc2)c(=O)cc1CO)Nc1ccc(F)cc1F,0.25560427931222046,0.24115091291340915,0.09432080015540123
99039d27b75ff7e485d71a6f927ab5a7,COc1ccc([C@H]2NC(=O)CO[C@@H]2C(=O)NCCOc2nonc2C)cc1OC,0.019682381833924657,0.026865056200175663,0.004556864097718393
fa266c28f7f564b4901390005aa1c8a9,Cc1cc(C)c(S(=O)(=O)N(C)CC(=O)Nc2ccc(Oc3ccccc3)cc2)c(C)c1,0.24426384168592366,0.19401284849101846,0.14625375853343445
1c04cd132212447a54bdacbea63874e2,Cc1nc(-c2cccc(C(=O)Nc3ccc(Br)c(C)c3)c2)no1,0.15062809871001678,0.15220239081166007,0.0988713541830128
379adaf1f26f36c51c1530400a55520e,COc1cccc(-n2cc(CNC(=O)c3ccc(C(C)C)n(C)c3=O)cn2)c1,0.17210246859626335,0.15817819400267166,0.05274776280434294
656b941f7c6cad95a70cddafc7149724,Cc1cncc(C(=O)N2CCC[C@@](O)(COc3cc(C)c(Cl)c(C)c3)C2)c1,0.11855588514696468,0.10366192189129916,0.03406262224201451
df49db930f4923c2c55e4c4af8f29abd,Cc1cc(NC(=O)c2ccc(F)c(F)c2)nc2c1c(=O)oc1ccccc12,0.34076586636629974,0.3612006164409898,0.27791385826739395
5a2419f247028fa46f7d13acc72c4afb,CNC(=S)N(CCc1ccc(OC)cc1)[C@@H]1CC(=O)N(c2ccc(OC)cc2)C1=O,0.07721813988279212,0.07865696540102363,0.020433374818160453
992f18709f310d256b22dc285de95ed5,COc1ccc(C(=O)N2CC[C@@H](Oc3ccc(Cl)cc3)[C@H](O)C2)cc1O,0.1149450269612399,0.07816808061166243,0.030484175627035173
f15836e2902351eb3b244422ba793ca9,COc1ccc2ccccc2c1/C=N/NC(=O)COc1cccc(C)c1C,0.1981920986012979,0.20042024181351403,0.16466055742718957
2fb77d2e2f13ed3948d2dbd89430a4d6,CCCCOc1ccc(-c2[nH]ncc2C(=O)NCc2ccccc2C)cc1,0.17405841973694888,0.1631394848227501,0.060847183520143684
006e4756bda73889ab37e57fd9887eb2,COc1ccc(C(=O)Nc2cc(-c3ccccc3)sc2C(N)=O)cc1OC,0.2226602855053815,0.19594896923411975,0.11722128160975197
6c5e92ce9c22850f7e1213eae3a64fed,CCOc1ccc(CNS(=O)(=O)c2ccc(-c3ccno3)cc2OC)cc1OC,0.10310020500963385,0.09230792124501684,0.01771157793700695
85c58cc605d8e77a521424004c453b7f,COc1ccc(CN2CCN(Cc3c[nH]nc3-c3cc(C)ccc3C)C[C@H]2CCO)cc1C,0.18152951313690704,0.12270511517470534,0.19007715616713872
e56ca47362e1b4bd0a36819e15d16cff,CCOc1ccc([C@H]2CC(=O)Nc3c2c(C)nn3-c2ccc3nnc(C)n3n2)cc1OCC,0.07155837880616839,0.08104962313717062,0.08280310322615234
09171fe611869a8d92b46c6ddb808c4a,CCOC(=O)C1=C(C)NC2=C(C(=O)[C@@H](C(=O)OC)[C@H](C)C2)[C@H]1c1cc(OC)c(OC)c(OC)c1,0.16787921705029227,0.1684027405836704,0.04999226012097841
875088b825a15116e6a9930792e94430,COc1ccc(CCNC(=O)c2cc3c(=O)n(C)c4ccccc4c3n2C)cc1OC,0.16908756304870953,0.14487657831473785,0.09116579185832631
3c8fab14d3aab52309ce417c022f2bb4,O=C(c1nc(O)nc2ccccc12)N1CC[C@@H](Oc2cc(F)cc(F)c2)[C@H](O)C1,0.09586425565860489,0.07601604280485348,0.0582819873128425
7d404c3cd1a21417e89edd20c0ec9973,COc1ccc(Cc2nc(-c3cc4ccc(C)cc4nc3O)no2)cc1,0.24028268456459045,0.20720975608988243,0.16309697993777014
eac6b1e2a323c8c395a278e984cf77ae,Cc1cc(NC(=O)COC(=O)CCC(=O)Nc2ccc(Sc3ccc(Cl)cc3)cc2)no1,0.17565629834478552,0.1332211530900002,0.13660086996176027
4c6bf833bbc9b16ad3cf5bf27e23dd48,Cc1sc2ncn(CC3(O)CCN(C(=O)Cc4ccccc4Cl)CC3)c(=O)c2c1C,0.14955952695824884,0.17200386117805133,0.19283352656797928
e7d11a80a38fdfe0f8d3ba2e84ef2385,CC(=O)c1cc(CN2CC[C@@H](Oc3cccc4cnccc34)[C@H](O)C2)n(C)c1,0.12583210488612,0.13645611457865348,0.02995149081107229
b6bd220367a1f60aa7ea2885fb0ed4e1,CCOc1ccc(/C=C2\S/C(=N\c3cccc(C)c3)NC2=O)cc1I,0.13383795896714384,0.14371009909663454,0.08761994422159412
d5a0c07f01ee64e6615a46ec4657df8c,O=C(c1cc2ccccc2o1)N1CC[C@H](O)[C@@](CO)(Cc2ccc(F)cc2)C1,0.09093871441754428,0.08587470752271739,0.07272899387912317
47242061b5d773c35f7975455b3d50a5,Cc1cccc(N2C(=O)NC(=O)/C(=C/Nc3ccc(S(=O)(=O)Nc4nccs4)cc3)C2=O)c1,0.07775760712948712,0.14335344156081026,0.27389043298634613
ce5b5a93eab09a68a8e527fd65121f11,N#Cc1ccccc1N1CCN2c3ccc(C(F)(F)F)cc3C[C@@H](C(=O)NCc3ccncc3)[C@@H]2C1,0.16958484866402365,0.16319304298270831,0.10087060352618044
1503a834b47801a5107c5a90a34afdf7,COCCCNC(=O)c1nc(O)c2nnn(Cc3cc(C)ccc3C)c2n1,0.07653282074765726,0.08310616253451868,0.0857451154681092
2a84ebd74192ce6b78488d865ae03f54,C[C@H](Oc1ccc2c(c1)OCO2)C(=O)NCCCn1nc(-c2ccc(F)cc2)ccc1=O,0.1343098756941882,0.10807706144723025,0.06772145425731485
593f8f26eaed034d5230fcb7831540fc,O=C(c1ccn2nccc2c1)N1CC[C@H](O)[C@@](CO)(Cc2ccc(F)cc2)C1,0.0789448411457918,0.07227616113695232,0.029114456233483823
dc69a1b6440081f113f5bc96618006e0,COc1ncc(CN2CCC(c3[nH]ncc3-c3cccc(F)c3)CC2)cn1,0.2992234263907779,0.41182440383867785,0.2308218093080954
9c31dbe49bf8ad263ed5b721fb41b004,Cc1cc(/C=C2\C(=O)N(CCc3ccccc3)C(=O)N=C2O)c(C)n1-c1ccc(F)cc1,0.12497314455156977,0.13723533160307191,0.2717255028811368
ecd13e7a00e83f151c1c74f0d2c56862,O=C(NC(=S)Nc1ccc2c(c1)C(=O)c1ccccc1C2=O)c1ccccc1F,0.4345779337666251,0.49990060383623297,0.4600347713990645
0a8308eb5355394d99f4e40f5f679b4f,Cc1cccc(OCC(=O)N2CC[C@H](O)[C@](Cc3cccc(F)c3)(C(=O)O)C2)c1,0.06361970390108498,0.05990245285099127,0.01673979555694545
0d7b1f5852a797f415f3249527205d61,COc1ccc(CCNC(=O)CCc2c(C)nc3c4c(C)cc(C)nc4nn3c2C)cc1OC,0.2875358760356903,0.16094548966396938,0.1342145096171986
1f9c30862e5769080d784e36b54e0663,Cc1cc(C(=O)N(C)[C@H]2CC[C@@]3(CCO)C[C@H](c4ccccc4)C[C@](C)(O3)[C@@H]2O)on1,0.04096441847187551,0.04369154013693333,0.07457871692763134
7c3bb16068490b1b5799aed77589186f,COc1ccc(OC)c(S(=O)(=O)N/N=C\c2c[nH]nc2-c2ccc(OC)c(OC)c2)c1,0.11080996556715532,0.09562473828819665,0.06645662688904187
049844671fdae5b4e49ebf2ee4d861a1,COc1cc(NC(=O)[C@@H]2CCCN(c3nccnc3Sc3cccc(C)c3)C2)cc(OC)c1OC,0.2541539709676396,0.25425302305004815,0.18593363531611182
e7505c116065f3842f0894e4658cfb60,C#CCOc1ccc([C@@H]2CC(O)=Nc3c2c(C)nn3-c2ccc(O)nn2)cc1,0.08599910106171262,0.09882267428011718,0.018799870036838747
ea855053345d2b69b385a4401bf1cc4e,Cc1nc2ccc(NS(=O)(=O)c3cc4oc(=O)n(C)c4cc3Cl)cc2nc1C,0.12502755224704742,0.1134089587086981,0.1774157431315292
3949c0512028474d1e88f7c9bd6e4f95,CCOCCCNC(=O)c1c(N)n(CCC2=CCCCC2)c2nc3ccccc3nc12,0.3390453579750928,0.3778482729738409,0.3365737226876346
118a2fe16f320d7f29cdaf45e2f452c5,Cc1ccc2c(c1)C(=O)NCC1(CCN(C(=O)CCn3nccc3C)CC1)O2,0.05189160435375842,0.056602492833917495,0.009175016095055484
f414319ceada294f656556be8d6ceac9,CCOc1cccc2cc(C(=O)NCc3ccc(F)cc3)c(=N)oc12,0.18116085569966922,0.1714987148615447,0.07182895663109692
f03aafce5d29473be9fe88828bc9baf1,COc1cc([C@@H]2C(C(=O)OC[C@@H]3CCCO3)=C(C)NC3=C2C(=O)CC(C)(C)C3)ccc1O,0.27086364274675195,0.21790449135005474,0.07930702594405209
cf2157d981a170c7d708849f404bf1f6,COc1ccc(CCC(=O)NCc2nc(O)c3cnn(-c4ccccc4)c3n2)cc1OC,0.3001379147171974,0.20674794124947352,0.06770307740027254
0a78da50108d54631af5a357ff329ca4,COc1cc(C(=O)NCc2cccc(F)c2F)cc(NC(=O)c2ccc[nH]2)c1OC,0.13376032493331216,0.14456968652931126,0.05352459289133549
fd3c1f52d558d86f9227a45b3f7bfcde,CCc1ccccc1Sc1nccn2c(=O)n(CC(=O)Nc3ccc(OC)c(OC)c3)nc12,0.19341568919745358,0.16884424808350476,0.14556541835719888
d14f0ef5febdec64708a0f9d40551f5f,OC[C@]1(Cc2ccc(F)cc2)CN(c2cnc3ccccc3n2)CC[C@@H]1O,0.307291408831423,0.2267209616574374,0.24401725151322104
16745fd376f7e7ccbac7083e001763b0,Cc1cc(C)nc(Nc2cccc(O[C@@H]3C[C@@H]4CN(c5nncs5)C[C@@H]4C[C@H]3O)c2)n1,0.23057747293602338,0.14621611007235266,0.3482375185598027
c4a4c6082c820c185fe0d04915808e07,C[C@@H](NC(=O)CC[C@H]1NC(=O)c2ccccc2N=C1O)c1nc2ccccc2n1C,0.08257236907427962,0.03972830648787997,0.0281082667325708
18498fa5e5d5cefb00abf92c8ab03218,Cc1ccc(N2C(=O)/C(=C/c3cccn3-c3ccc(N(C)C)cc3)C(=O)NC2=S)cc1C,0.2961602129719474,0.3034550073471936,0.4875174124132503
079cd37815169a229e1508e05f90f06c,COc1ccc([C@H]2CN(C(=O)c3ccc(OC)nc3)Cc3[nH]cnc32)cc1,0.06189918281002478,0.08390248448333958,0.024745470844209194
e26a80d16466ae182927354aa78856eb,Cc1cccc2nc(CNC(=O)C[C@@H]3C(=O)NCCN3Cc3cccc(F)c3)cn12,0.060023877854374325,0.05198975739238614,0.023547240236604757
18fc86f4551805c74d675bde3d8a3831,COc1ccc(/C=C2\C(=O)N(c3cccc(Cl)c3)N=C2O)cc1[N+](=O)[O-],0.2140204215591604,0.1808528168634935,0.20689203183759342
5e77cede8a64acbab47732b4e7abbc0c,Cc1ccc([C@H]2N=C(S)N3[C@H](c4ccc(C)cc4)N=C(S)N23)cc1,0.0934278853237629,0.09111786097806047,0.009521717230461297
20a5e35e1111218dc23d193e9b87152c,O=C(Cc1cccnc1)N1CCc2[nH]nc(-c3cccc(F)c3)c2C1,0.1118980971249667,0.11829389360817996,0.04006820055656135
879c4520a86a7dc5efde58cbf718db43,CCOc1ccc(-n2cc(-c3ccccc3)c(C#N)c2N)cc1,0.33094189248301764,0.32518499674783513,0.04149699235594281
dc271cf92db14bca0589f1216e407f27,COc1ccc(CCNC(=O)Cn2c(=O)n(-c3ccc(C)cc3C)c(=O)c3sccc32)cc1OC,0.1275675669312477,0.14365916428240863,0.11515224962071939
e601a582af8787094b8eb9337711b9a2,Cc1ccc(-c2nc3cccnc3n2CCCNS(=O)(=O)c2ccc(C)c(C)c2)cc1,0.2004950622265989,0.15244609185240485,0.11795759404247458
b430e1acb45f64b9248192412f21d129,O=C(C[C@@H]1S/C(=N\c2ccccc2)N(CCCO)C1=O)Nc1ccccc1[N+](=O)[O-],0.053052091717042706,0.04039110006256537,0.014613573830998079
531da608a10e988112698874ca53c6d0,COc1cccc(S(=O)(=O)N2CCC[C@H](c3nc(-c4cccnc4)no3)CCNC(=O)CC2)c1,0.045153731099245226,0.045298363071527674,0.009778989166741005
03792eb1025beeca6ba6146eadb4b090,COc1ccc(CN2CCNC(=O)[C@H]2CC(=O)N(C)Cc2ccncc2C)cc1OC,0.03569194221530448,0.028470703505015328,0.005031462068421371
efbcc90a7408f30fef077329c75eec09,COc1ccc(NC(=O)[C@@H]2CC(c3cc(OC)c(OC)c(OC)c3)=NO2)cc1OC,0.18893117931756107,0.16541125828569586,0.0689558374949477
8f8d1dcc56335a3368325981c3a33e54,C[C@H](Nc1cc(-c2cnn(C)c2)cc(Nc2cnccn2)n1)c1ccc(F)cc1,0.4202878312631087,0.4100659401579337,0.346541283482855
af8695f42ebc65376710f011a1e7a123,N#Cc1ccc(N2CCC3(CC2)CN(Cc2c[nH]c4ccccc24)C[C@H]3CO)cc1C(F)(F)F,0.5751597529107874,0.6279203160242601,0.5843242867426439
a932b002707e4587b17d4c2b021a18c8,NC(=O)c1ccc2nc(CN3C[C@@H](Cc4ccc5ccccc5n4)[C@H](O)C3)cc(O)c2c1,0.1330601857467131,0.13255328244783662,0.15555290471423755
dd5d4e4e8e1d0a6e989a674b6e0138db,COCc1nc([C@H]2CC[C@H](O)[C@@H](NS(=O)(=O)c3ccc(F)cc3)C2)n(C(C)C)n1,0.05268922452391549,0.059079322789330035,0.009246440779613542
5943adae93ac1d93af92ec35720bba1d,COC(=O)C1=C(CS(=O)(=O)c2cc(OC)ccc2OC)NC(=O)N[C@H]1c1cccc(Cl)c1,0.14379918236624112,0.11734149080108512,0.10929136943410743
20b8dffe93708deb90daffc5ee6b7d45,COc1ccc(CCN2C(=O)[C@H](CC(=O)Nc3ccccc3OC)N=C2O)cc1,0.06463653272525831,0.0609886935827407,0.021933359030464835
3609510256cfb4c6d84faf3f17ec6653,COc1cc(C(=O)NC(=S)NNC(=O)COc2cc(C)cc(C)c2)cc(OC)c1OC,0.16677465086633508,0.16205149849900574,0.08398749052800915
7411a60428e3e892003a80f198eb24de,Cc1cccc(-c2nc3scc(CCNS(=O)(=O)c4c(C)cc(C)cc4C)n3n2)c1,0.17849360745061527,0.14628824659369208,0.18360652029514313
58392c0d9ba5dbcf197c72b7c8352c15,Cc1nc(N)ncc1C(=O)N1CCC(c2nc3ccc(F)cc3cc2N)CC1,0.2806823341683908,0.31392435323108325,0.28257931159301236
1561f1f7ed468d95b23f007af74b4279,Cc1cc(S(=O)(=O)NCC2CCN(Cc3cccs3)CC2)ccc1F,0.15045547011223706,0.15930738345063714,0.016944623020952513
c5ad2dc06f62a89ef1cf3ae835e7866f,COc1ccc(CCNC(=O)CCC(=O)NCc2ccccc2)cc1OC,0.17539525709368967,0.12255782780068164,0.06721061561256647
0d583e360e6397f8669be031d82c11d3,COc1cccc(-c2nnc3sc(NC(=O)c4ccc(OC)c(OC)c4)nn23)c1,0.22919055006720804,0.22346647761084817,0.21888755600560794
f8029d254f9db842e1c2d6a23b58cd51,O=C(c1nnc2n1CCCC2)N1CCc2[nH]nc(-c3cccc(F)c3F)c2C1,0.11206297982822765,0.12441207197579471,0.23438948866995898
69e26b54b4ca91abc7f36b9358386d1d,Cc1c(C(=O)N2CCNC(=O)[C@@H]2Cc2cccc(-c3cccnc3)c2)oc2c(C)cccc12,0.10503686388785188,0.09693208133632486,0.13593341342427515
aeefd0828c06819e84c1d6cef1b3688a,Cc1c(C(=O)N[C@H]2C[C@@H](C(=O)NCc3ccc(F)cc3)CC[C@@H]2O)ccn1C,0.08098491924730214,0.049632189964706246,0.012262290507682006
4d7b2f2e0a3c95ed7a6e8ecd0cfffb8e,CCOc1ccc(C2=NNC(=O)[C@@H](c3c[nH]c4ccccc34)C2)cc1,0.17789857631379907,0.12671028382398866,0.10605281015688722
942a6e852bebef2aa3a0a766b9315146,COc1cc(C(=O)NCC(=O)OCC(=O)Nc2cc(C)ccc2C)cc(OC)c1OC,0.08195918205786835,0.06741836365174757,0.04740897011519833
cd9520cbce01510d0a583ba429070308,O=C(CCn1nnc2ccccc21)N/N=C/c1cccc2ccccc12,0.15017217668620023,0.1263771578669548,0.08183617229488763
9a230c8e38818ab1c83ea5d0eacb460a,COCc1cc(C)n(CC(=O)N/N=C/c2cccc(OCc3ccc(Cl)cc3)c2)c(=O)c1C#N,0.21514131399718198,0.2568506835536523,0.22371030734343963
9ba49476b7f84bb38b74d97ca018876b,Cc1ccc(-c2cc(O)c3c(c2)CN(Cc2cccnc2N)CCO3)s1,0.2575757151300257,0.35313432291150093,0.10598362796008587
a41502f5930d506923a451806b98a471,CC(C)C[C@@H](NC(=O)C1=C[C@@H](NC(=O)c2ccc(F)c(Cl)c2)[C@@H](O)[C@H](O)C1)C(N)=O,0.15524768422950397,0.1088479957119985,0.10056256435134193
90e02030abae5530583d5754b574f479,Cc1cc(C)c2nc(NC3=NCN(Cc4ccc5c(c4)OCO5)CN3)nc(C)c2c1,0.4902983876791867,0.4274013936519623,0.3094154569235715
beddb6e3c3ad81f910b8fae24c050229,Cc1ccccc1-c1nn2c(=O)cc(CNC(=O)Nc3cccc(Cl)c3C)nc2s1,0.23658232255415482,0.17782233249057422,0.1724935837767341
9fc60d1c8cb5528fdd7c5ca2d00b5510,COc1ccccc1-c1nn2c(O)cc(CSc3ccccn3)nc2c1C,0.27473295683210547,0.2091747908429666,0.1713630590926517
7c2e6d65bd2ddce15054b2d837888e88,CCOc1ccc(-c2[nH]ncc2C(=O)NCCCc2ccccc2)cc1Cl,0.30713496560400183,0.28174990754235874,0.13312106071548027
4da8ff237d6f2b93c5e910b52f62ce76,Cc1cc(N2C(=O)C(O)=C(C(=O)c3ccc(Cl)cc3)[C@@H]2c2cccc(O)c2)no1,0.13255316188389604,0.10812493633817542,0.06295066623186524
ddbaa17e45196be56f1e57e48d160ffe,Cc1cc(O[C@H]2CN(Cc3ccc(OC[C@H](C)NC(=O)c4ccccn4)cc3)C[C@@H]2O)cc(C)c1C,0.076540776274421,0.07550266740674322,0.046440903436053886
75d14c38dc244231def8045727e3c05f,Cc1ccc(C(=O)N2CC[C@@H](c3ccc4ccccc4c3)[C@H](O)C2)c(=O)n1C,0.08954698897220871,0.05914373543452133,0.02081257320771163
407702f65b500769aa5d1afbe83a3deb,Cc1c(/C=C2/C(=O)NC(=O)N(c3cccc(Cl)c3)C2=O)c2ccccc2n1C,0.15552806549451567,0.19679974900050598,0.33960238234563306
0744595f0b6d3cd7c76363b0ef555430,O=C(CNC(=O)c1ccc(Oc2ccccc2)cc1)N[C@H]1CCCc2ccccc21,0.2187136167829687,0.2519830864938823,0.37530525435100903
b90ae4568133762d7a692bb815393927,CCOc1ccc(CNC(=O)c2cc(-c3ccccn3)nc3ccccc23)cc1OC,0.20515810495073145,0.1779512559825724,0.09235988574271853
d9f0875709a28632418b9de2db23f1eb,COc1ccc(S(=O)(=O)NC[C@H](O)c2ccc(-c3cccs3)s2)c(C)c1,0.14758035743778403,0.09856815170496702,0.026434939735653726
24a9450351dedd9828d2e03ec9c96824,O=C(NCc1cc(F)cc(F)c1)[C@]1(O)CCN(c2ccc3[nH]ccc3c2)C1=O,0.22100227664817462,0.17134705507619816,0.11478620310398666
cb57ebe76a7ecef7f92b60fd9371e51d,C=CCS[C@H](C)C(=O)N1CCOc2c(O)cc(-c3cccnc3)cc2C1,0.09929350018501282,0.12072411145676266,0.030349237484518777
644dbbcbdfd388a4fe18aa35733d32b2,COc1ccc(S(=O)(=O)NC[C@@H]2O[C@@H](CO)[C@@H](O)[C@H]2N(C)CCc2ccccc2)cc1,0.06782214004885066,0.07512477470233782,0.008830768358496822
f4eae4b25622f57f1af1a12155c96b38,COc1ccc(-c2nc3cnc(NCc4ccc(Cl)c(Cl)c4)nc3n(CCO)c2=O)cc1,0.4093505834991282,0.40787130865183746,0.48545108329166065
b966070f4558c9b261c87081661a078f,COc1cc([C@H]2NC(S)=NC(C)=C2C(=O)Nc2cccc(C)c2C)cc(OC)c1OC,0.13112778555263171,0.16543202610178429,0.06388056447560136
729c37a64a4204b52b9080994b452b32,O=S(=O)(NCc1ccc(-c2ccoc2)o1)c1ccc(F)c(Cl)c1,0.1714562956582416,0.16399651325561784,0.06099572557617317
8f6942ea995dd1bfb973ffbdb74bb193,CCc1ccc(OCC(=O)Nc2noc(-c3cccc4ccccc34)n2)cc1,0.25280405445532367,0.22980850947020703,0.1911503913897005
9aef0af202e0f7d7ab69f1f373fa0291,N#Cc1cccc(CN2CC[C@@H](c3ccc4ccccc4c3)[C@H](O)C2)c1,0.2587055733258074,0.19848644767295232,0.055531611941246825
bb55f769c27aba4bd5ab6fa1c1bc827b,CNc1nc([C@@H]2CCCCN2C(C)=O)nc2c1CN(C(=O)Cc1ccc(F)cc1)CC2,0.07822861319238489,0.06891992332583124,0.018401496768505735
d5da55b5b3e02fc94b9261c1fdb9cdf1,Cc1n[nH]c2cc(-c3cnc4n[nH]c(C(=O)Nc5ccc(C#N)c(C(F)(F)F)c5)c4c3)ccc12,0.5794068249789152,0.6835243647748773,0.6376332505182787
19705e6a8d6555bb0d7eba2de1899e53,N#Cc1ccnc(N2CCC(c3[nH]ncc3-c3cccc(F)c3)CC2)c1,0.36218200488524005,0.424142004752701,0.11146580338986083
8ff1250d89c5322b82995a5b9129aac6,COc1c(C)cc(S(=O)(=O)NCc2ccc(-c3ccsc3)o2)cc1C,0.13440578430891037,0.10856558943421325,0.017633543561466715
5cef3819945934fda3bc4466eb16d4bd,COc1cc(CNCc2cc(-c3ccccc3)cn3c(=O)n(C)nc23)cc(OC)c1OC,0.2534745972264897,0.23011210560798645,0.1444062448360703
0d7d3a551783536a102bba832eef1dca,CCn1c(C(=O)OC)c(NC(=O)[C@H]2CCOC2)c2cc(NCc3ccc(OC)c(C)c3)cnc21,0.1009866613894701,0.07931450754404068,0.17082282494414935
4893381efe95bab1616174f540ec813c,O=C1NCCN(C(=O)c2ccc(-c3ccncc3)nc2O)[C@@H]1c1cccc(F)c1,0.0886791433123025,0.07791057271374897,0.03976942721584981
d971bf02afbc4fb2bb7b9c137f9fc89b,CSc1nn(CC(=O)Nc2c(C)cc(C)cc2C)c(N)c1S(=O)(=O)c1ccc(Cl)cc1,0.2050661031495441,0.17971103977073322,0.10028692538088019
8a7069a5c428d514e5e825bcce9dc80e,O=C(c1ccc(CO)cc1)N1CC[C@@H](c2ccc3ccccc3c2)[C@H](O)C1,0.10548044334758412,0.07343409650705078,0.031798409425060854
a4af7c06649333c7f3b59fdf6bb30884,COc1ccc(CCC(=O)Nc2nc(-c3ccccc3)cs2)cc1,0.2985165681351315,0.19787759274582972,0.0496825733306733
73187eb3a2243a555332264084bf5917,COc1ccc(CC(=O)NCCc2cc3cc(C)c(C)cc3[nH]c2=O)cc1OC,0.1539229452610016,0.13812522759491747,0.050426558930088176
1f2c73e69b72f481d1fd4fb5cde144db,COc1cc(C(=O)NCCNc2nc3cc4c(cc3cc2C#N)OCO4)cc(OC)c1OC,0.19830498167059638,0.1998621807856993,0.07206325012851846
bc1157a97c36c99dadf9bd990e35c3e5,O=C(Cc1cccc(F)c1F)N1CCC(CO)(Cc2cccc(C(F)(F)F)c2)CC1,0.215138011358001,0.29164777018807153,0.3295698531649329
cab1003aec20b153a339bed300574150,COc1cc(Br)c([C@H]2NC(=O)NC(C)=C2C(=O)OCCOc2ccccc2)cc1OC,0.2188891673629934,0.20554847473447974,0.127996716987003
f4d0e5edf5c58a9c2162c10e522d4180,O=C(c1cnc2ccccn2c1=O)N1Cc2[nH]cnc2[C@@H](c2cccc(O)c2)C1,0.0913307944482023,0.10048166933384808,0.047972111497074366
a2f8a49cda3b054ce73bf1e75285770c,CCC[C@H](N)C(=O)N1CCC2(CC1)C[C@H](n1cnc3c1c(=O)n(C)c(=O)n3C)[C@@](C)(O)CO2,0.039788972501727665,0.0802045539021492,0.08024812168018385
eeda4ab2829f9613777d5928eeee586c,Cn1c(C(=O)N2CC[C@H](O)[C@@](CO)(Cc3ccc(F)cc3)C2)cc2ccccc21,0.09475235166874799,0.09215232594446703,0.08570008115334944
d3e9f85fffbb7ac92d818b806642e267,COc1ccc(-c2nc3cnc(NCc4cccc(F)c4)nc3n(CCNC(C)=O)c2=O)cn1,0.13646882433782925,0.12349773807959123,0.06948478096588091
4c43dc5a95034bce1ac5345fe5cfe934,CCCCOc1ccc(-c2[nH]ncc2C(=O)NCCc2cccs2)cc1,0.16603260825980792,0.1615499479865486,0.06864661604843357
0c9cc2fe5a398292387b07a603a3f0d3,Cc1cc(C(=O)O)ccc1-n1c(C)cc(/C=N\NC(=O)COc2cccc(Br)c2)c1C,0.06499104049395431,0.07033998567864976,0.04741011570017277
d5877e00ddc7ee1b085de6fed398f50d,Cc1cccc(NC(=O)CSc2ncc(S(=O)(=O)c3ccc(C)c(Cl)c3)c(=O)[nH]2)c1,0.20068562809716572,0.16814703206447038,0.07748438731174577
2aa0a0098e8efc4dc2ce34d7e7954908,COCCn1c(C(=O)OC)c(NC(=O)CC(C)C)c2cc(NCc3ccc(F)cc3F)cnc21,0.16989287056706168,0.12424621934240515,0.13576385412703862
7fa1c533ab38ff9d5523d671109438d6,COc1cccc(-c2n[nH]c3c2CN(C(=O)c2[nH]nc4c2CCC4)CC3)c1,0.10321743989532645,0.10717031495137648,0.10008197819644754
594c1342353c882d13d21f7b4efca0d6,CCc1ccc([C@@H]2C(C(=O)c3ccc(OC(C)C)cc3)=C(O)C(=O)N2CCCN2CCOCC2)cc1,0.09717617217789996,0.09578297353899953,0.028234326781371652
81d195a31675bd439eba0c70e1ae9c9a,CC(=O)Nc1ccc(CN2C[C@@H](c3ccc(F)cc3)[C@H](O)[C@H]2CO)cc1,0.09346112244847146,0.08336200074038723,0.03842245567251335
c595ccb5138e16e88c7b69d0472fce58,COc1ccc(N2C(=O)NC(=O)/C(=C\c3cccn3Cc3ccccc3F)C2=O)cc1Cl,0.2793759473345496,0.3128373541615226,0.43074171109633014
4f713f64d6f826efd1781ace409825fe,O=C(/C=C/c1ccc2c(c1)OCO2)C[C@@]1(O)C(=O)N(Cc2cccc(Cl)c2)c2ccccc21,0.26096406849947845,0.230124409225854,0.25402378155426547
86804cb50f21ca1d52e5b6afe25f881e,O=C(CCCN1C(=O)c2ccccc2C1=O)C1=C(NCCO)C[C@@H](c2ccccc2)CC1=O,0.10334894535216418,0.09292663394907405,0.028590727075662802
1b6b7f8bf2a2440c7000306fbfcb1a89,O=c1[nH]c2cc3c(cc2cc1CN(CCO)S(=O)(=O)c1ccc(Br)cc1)OCCO3,0.13820939206264235,0.09144511064302853,0.016750156318514862
fef6c3fbe9fd552cd09e01462a7e4c83,Cc1ccc(C(=O)N2CCC3(CC2)N=C(c2cccc(C)c2)C(=O)N3)cc1,0.10862910137935118,0.09002563780681654,0.05015055882871489
735ffc3985b6824056a93b4100afeabd,CN/C(=N/Cc1ccc(Cl)cc1)S[C@@H]1CC(=O)N(c2ccc(Cl)cc2)C1=O,0.100141948512332,0.07737880098548802,0.03045018457289023
a2309b935bb8a64343c4c8e5a6ea194f,CNc1nc([C@H]2CCCCN2S(=O)(=O)c2ccc(F)cc2)nc2c1CN(C(C)=O)CC2,0.060752382332628425,0.06431388414718887,0.012303731007374485
039acd0bb929afc57fc5c78ee3f3714c,COc1ccc(C(=O)Nc2cc(O)nc3nc(-c4ccccc4C)nn23)cc1,0.2787911505861716,0.24043558673425156,0.27190097963268106
3cce464017c3c3a65e1c4b75c6383e67,O=C1NC(=O)N(c2cccc(Br)c2)C(=O)/C1=C/c1cccn1-c1ccc(C(=O)O)cc1,0.09273841672322967,0.0995239642533389,0.1349831328473308
3d4d26e2fcc1908626669977e7920bd1,Cc1ccc(Cl)c(OCCN2C[C@@H]3CN(CCc4ccccc4)C[C@]3(CO)C2)c1,0.4605351070111448,0.38196866891600867,0.4144932600584897
bab7d9daba763d627805c42bccf9e50c,O=C(c1nnc2n1CCCC2)N1CC[C@@H](Oc2cccc3c2OCCO3)[C@H](O)C1,0.024427187798375435,0.026895466789772563,0.006283742815536574
16a414fe407ccb2f5cd34b2568fb9079,Cc1cnc(C)c(-c2cc(O)c3c(c2)CN(Cc2snnc2C)CCO3)n1,0.11660486124244264,0.1294754401526668,0.06872562029060315
917e5faf600817308239f1de57eaca88,CN1C[C@@H](NC(=O)Nc2cccc(C(F)(F)F)c2)C[C@H]1c1nc(-c2ccccn2)no1,0.16491763784804128,0.23520958965474908,0.20379061251878738
0ec3fe86d5fffad4a921291b2e927298,COCC[C@@]1(NC(=O)Nc2cccc(C)c2)CCN(C(=O)c2ccc(OC)cc2C)C1,0.05973016707734628,0.05482834848490628,0.02011310587510128
c423315318f459b5ffd704a53476c161,O=C(CCn1cnc2ccccc21)N/N=C/c1cccc2ccccc12,0.21062104336240076,0.17447084019129927,0.12193660641258414
e2bbd0a1ea932cf27c706ad07dbb45ca,O[C@@H]1C[C@H]2CN(c3ncnc4sccc34)C[C@H]2C[C@H]1n1cc(-c2ccccn2)nn1,0.13435155187140813,0.10985501246018843,0.21188258786093106
dabdcacf845997586bf10d8d3b7ff66e,C[C@H](Oc1ccc(F)cc1)C(=O)N1CCNC(=O)[C@@H]1Cc1cccc(-c2cccnc2)c1,0.09232435104521838,0.08409139293838631,0.06112773767249151
af9536843d668cfa5cf4b84dcdaa21f3,CCCCOC(=O)C1=C(C)NC(=O)N[C@@H]1c1cc(Br)c(O)c(OC)c1,0.17948475615544754,0.14048274331831967,0.04450027314438061
b1f816b86c45c8f6200057c4964651ed,OCC[C@@H]1CN(Cc2c[nH]nc2-c2ccccc2)CCN1Cc1ccc(F)cc1,0.25155866687948053,0.1818691620772535,0.16705042331225492
24524d1d3cead8113daabeba71444ea5,CN(C)Cc1cn(C[C@H]2C[C@@H](NS(=O)(=O)c3ccccc3)[C@H](O)[C@@H]2O)nn1,0.029976106227629563,0.029900928356834233,0.006196932024150473
c2e52b645bd26351212e81bd89ad29ef,COc1cccc(/C=C2\S/C(=N\c3cccc(C(F)(F)F)c3)NC2=O)c1OCC(=O)O,0.10613615607673471,0.14951263553865085,0.07978622166609223
ad3717bd0f3b28039051e8204b7e1cf8,COc1ccc([C@@H](O)CN2CCc3c(nnn3C)C2)cc1OC,0.026084405460013924,0.0304119628102936,0.003967781638287058
cb41da905f27931e1b6e3ce468519549,COc1ccc(CCNC(=O)CSc2ccc3nnc(-c4ccc(Cl)cc4)n3n2)cc1OC,0.1599845290184021,0.13609275571070611,0.058198903941295364
84473e184e5a9bab10b01c60363ff8c0,COc1ccc(CN2CCN(Cc3cccc(C)n3)[C@H](CCO)C2)c(Cl)c1OC,0.11272972602058541,0.09916098974645138,0.03705657439687374
48b032a085fec63e68003388ed669f42,Cn1c(CN2CC[C@@H](Oc3cccc4c3OCCO4)[C@H](O)C2)nc2ccccc21,0.08930051225152882,0.09755751346661286,0.03272978671487759
dfd1a4985ddfc6e412f2935dd562290d,CCOc1ccc(NS(=O)(=O)c2ccc3[nH]cc(C(=O)N(CC(C)C)CC(C)C)c(=O)c3c2)cc1,0.1928268765861338,0.15856695869429546,0.05069489281793887
0ecd4302de9ced044c8dde9f8c74a635,COc1cccc(CNC(=O)Cn2cnc3onc(-c4ccc(Cl)cc4)c3c2=O)c1OC,0.10896870256824927,0.13103492219339719,0.07778408801691099
c40ee62367f44d1061f0c1f7695208e4,COc1ccc(S(=O)(=O)N2CCN(CCNC(=O)c3cc(C)cc(C)c3)CC2)cc1,0.0701559924266555,0.060625319623134354,0.010428437647202703
a31e5dc421ed66e0a759c4b7ea8ea615,CCN(CC)c1ccc2cc(C(=O)Nc3c(C)cccc3C)c(=N)oc2c1,0.2069511440667239,0.24751145121726123,0.18145875835960562
933f3d90c70231c190c7b81baad93c9a,COc1cc(CN2CCN(CCCc3ccccc3)[C@H](CCO)C2)ccc1O,0.18244374814358624,0.12066549301909452,0.03943184627728029
8d6d12d514bec7c17eed063fe4400cc2,CCCCc1ccc(N2C(=O)[C@@H]3[C@H](CC(N)=O)N[C@]4(C(=O)Nc5c(Cl)cc(C)cc54)[C@@H]3C2=O)cc1,0.11815872856161812,0.13809767314656216,0.1634319189258597
e1fdd9e8f179dda09377366578fca214,COc1cccc(NCc2cc(=O)n3nc(-c4cccc(C)c4)nc3[nH]2)c1,0.21883274885741147,0.2444114861163226,0.16687188839370554
5519b4e763c0eb621044b608a4d2a746,NC(=O)[C@H]1Cc2ccccc2CN1C(=O)CCc1nc2ccccc2nc1O,0.08724212290888483,0.07184789871627634,0.03644361114129424
bdb5fbbfeeac906ed93cce711567adec,COc1cccc(NS(=O)(=O)c2ccc3[nH]cc(C(=O)N[C@@H]4CCCC[C@H]4C)c(=O)c3c2)c1,0.14021562243049795,0.08854092793031172,0.05140468664467335
1ed1cbc470e270418d7897269c919986,Nc1cc(-c2ccc(Cl)cc2)nn1S(=O)(=O)c1c(F)c(F)c(F)c(F)c1F,0.28636530989950354,0.31824657253243704,0.225984701378779
449eb345a608de4bc7c57e8cfa3c67c9,C[C@H]1CCCN1C(=O)c1c2c(c[nH]c1=O)CN(C(=O)c1cccc3c1OCCO3)CC2,0.03712178631262346,0.03217342351986603,0.006675564153490334
84cfa686eb8d6920c3508677a0e0b174,COc1ccc(C(=O)C2=C(O)C(=O)N(c3cc(C)on3)[C@@H]2c2cccc(OC)c2OC)cc1Cl,0.16223909299481998,0.15489704026417297,0.19333599203012206
1d321d265842e974d2710c032fe9cc15,CC(C)Oc1cccc(N[C@H]2CC[C@@H](C(=O)N(CC(=O)O)Cc3cccc(F)c3F)CC[C@@H]2O)c1,0.1391089978543195,0.10506941411982883,0.06721441219137474
e3011fa8d5e11aafa74d468a1025c530,Cc1ccc(CN2C(=O)[C@](O)(CC(=O)c3c(C)coc3C)c3cc(Cl)ccc32)cc1,0.26593549007719214,0.2779586911201477,0.3707240698012439
2eef79278528f2432bd42a67d5b28d71,COc1ccc(CCC(=O)NCCCOc2cccc3cccnc23)cc1,0.2362847544930198,0.18604208846491846,0.0358038410671394
c7fd7c5f124804db4e5c06094bdcac61,COc1ccc(CCN(C)C(=O)c2csc(NC(=O)c3cccc(C(F)(F)F)c3)n2)cc1OC,0.22684436630118976,0.3266611410812898,0.2640236412936991
9381e779713de678ca36545c7b4b1d60,C=CCOc1c(OC)cccc1[C@@H]1CC(=O)Nc2c1cnn2-c1cccc(C)c1C,0.17275993796912106,0.17960627512498337,0.14111386104063553
574e7f3076779c9538c56c12b480e570,CCCCNC(=O)[C@H]1CN(C(=O)Cc2ccccc2)C[C@@H]1c1ccc(OC)cc1,0.0469483306038786,0.04123748530004046,0.0061964192834486976
546cedef5723e1bc6e3c8027bd1cea71,COc1ccc(Cl)cc1NC(=O)NCc1ccc2c(c1)N(C(=O)c1ccccc1)CC2,0.169363161040978,0.12152839993888681,0.1173492544753985
24c51672e07b9c4ee2be805fe414f740,Cc1cc(C)cc(N2C(=O)NC(=O)/C(=C/c3cn(CC(=O)O)c4ccccc34)C2=O)c1,0.07771108113229275,0.09837173738262871,0.1732262017374689
b2000bd9ce621ef6d6ab7a1b18bbb8b3,COCCNC(=O)[C@@]1(C)Cn2c(cc3ccsc32)C(=O)N1c1ccc(OC)c(OC)c1,0.16526904160326178,0.1317377672954039,0.13272548060525546
3a3fb1b52269670a7f8c47838a2eafc0,CCOc1ccc(N2C(=O)NC(=O)/C(=C/c3c(C)n(C)c4ccccc34)C2=O)cc1,0.121111545373093,0.1556367894465273,0.2765634032812985
90401cc0f4712c301ff9e2af7c2e3360,COc1ccc(CCN2C(=O)[C@H](CC(=O)/N=c3/[nH]c4ccccc4s3)N=C2O)cc1,0.0812390749766068,0.08026436174457724,0.06070041402497075
57b0932e449306403bfdcbea533780e5,Cc1cc(C)n(C)c(=O)c1C(=O)N1CCc2[nH]nc(-c3cccc(F)c3)c2C1,0.12979094277728687,0.11113153533502058,0.10171705365858295
35420d60abe8750488a982454801d656,COc1ccc(C2=N[C@@H]3Oc4c(C)cccc4C=C3C(=O)N2)c(OC)c1OC,0.29738850552927365,0.25728010724891315,0.16375634412873874
4d1b4b88e6c4dd9b8cf27824e07a55f7,Cc1ccc(C)c(Cn2nnc3c(O)nc(C4CCN(C(=O)c5cccs5)CC4)nc32)c1,0.08167649297551675,0.08905780603262511,0.05888237893073396
5d9d63eed06aaf0bd2f1d241c59da9a8,Cn1cc(CCC(=O)N2CC[C@@H](O)[C@H](Cc3cccc(F)c3)C2)cn1,0.06471061808141795,0.057007990120361285,0.010434176661709154
a0ca690ded5d88068ba750e625e10c85,O=C(c1nccc2ccccc12)N1CCC[C@](CO)(Cc2ccc(F)cc2)C1,0.14262364533814517,0.08909431904215705,0.046443985478783194
1930f59640126b139d3a9e327a0ce3b2,COc1ccc(/C=C2/C(=O)NC(=O)N(CCc3ccc(F)cc3)C2=O)cc1OC,0.09629309719259088,0.12143739956346425,0.14916743981567296
4ddfd60772f7baaa38f8338bf888f753,CCCCC(=O)Nc1ccc(NCc2ccc(OCC(=O)NC(C)(C)C)c(OC)c2)cc1OC,0.11048794436183842,0.08909966277464401,0.01804925637095164
55d96943024a15c0b74ba0c53920ed17,O=C1[C@H]2c3ccccc3CCN2C(=O)[C@@H]2[C@H](O)[C@@H](c3cccc(F)c3)CN12,0.09329620376229286,0.062031226232647896,0.08972902765328233
dc62bbb844641b77f20b981501218942,Cc1ccc(-c2nn3ccn(Cc4ccc(F)cc4Cl)c(=O)c3c2CO)cc1,0.25331880965016107,0.24638725410808215,0.20328261161392386
9ffa1b1bebaa6233bc5e24dc830db6a5,COc1ccc(-c2nc(-c3ccccc3)c(C)n2O)c(OC)c1,0.2663316469300877,0.21582255597141656,0.060593265743756834
2837fe57bc9949248731dd3271e48e4c,CCOc1ccc(CN2C[C@H](c3ccccc3C)[C@@H](O)[C@H]2CO)cc1,0.10207648236643184,0.10243644006550312,0.04446555995805697
19cd4a3d4c14f4dec28cd2f94e94b6f5,COc1ccc(CN2C(=O)N[C@H](CC(=O)Nc3nc(C)cs3)C2=O)cc1OC,0.0571777265180241,0.048199699598957195,0.029138323025439273
3159a0bcc346fb5ac06ff5efbda1edd1,Cc1ccc(S(=O)(=O)NCCc2csc(-c3cccc(F)c3)n2)cc1C,0.17298479716886173,0.12933072278445418,0.05609361793507229
a41c8b3265d39f2990f1f090f8603bda,Cc1c(-c2ccccc2)nc(-c2ccc(C(F)(F)F)cc2)n1O,0.23778686062856155,0.21398077210919422,0.10827556713907556
27818593737fb471576b6abdc5925de3,CCCOC(=O)c1ccc(Nc2nc3ccccc3[nH]/c2=N\S(=O)(=O)c2ccc(C)c(C)c2)cc1,0.18043563989075748,0.1596211777492003,0.18727075240828775
98b132a7ff66c260c2e525e4bbc90211,O=c1[nH]nc(SCc2ccc(F)cc2Cl)n2nc(-c3ccco3)cc12,0.21318910745057193,0.17777021635662427,0.14752023345367474
34d5e0a45ab2467d688cf4c0f9c77dd7,Cc1nc2ccc(C(=O)N3C[C@@H](O)[C@H](Oc4cccc(F)c4)C3)cc2[nH]1,0.04072334244847298,0.04686369175430049,0.018411314538256687
6d563c298cb9232ed4d97c5d9c3fc965,COc1cccc(O[C@@H]2C[C@@H](NC(=O)c3cccnc3)[C@H](O)[C@@H]2O)c1,0.06928818080235612,0.07003881236199629,0.022203870228788055
496e38ac2707c7c790d6809c02759dac,COC(=O)C1=C(Nc2ccc(OC)c(OC)c2)S/C(=C/c2ccc(O)cc2OC)C1=O,0.2646331170743162,0.293615154244683,0.2425830845128406
36590b594c2882fb37d56a6fc62ee3ca,O=S(=O)(NC[C@@H](O)c1ccc(-c2ccsc2)s1)c1ccc(F)c(Cl)c1,0.19505950673059982,0.1596930135380138,0.0813197483393279
5d1dbc9aaf406029b605295079140350,CNc1ccc(C(=O)N2CC[C@@H](Oc3cccc(C(C)C)c3)[C@H](O)C2)cc1,0.09075412933122028,0.08446405472403223,0.01765251477164301
ea1eda6ccfe3e9b0287943cbb7a9f48f,COc1ccc(CN2CCC(c3[nH]ncc3-c3cccc(C)c3)CC2)c(F)c1,0.5090675191445784,0.5592329116030172,0.14772652529857375
46909eb122c501e53b714385cbc14edd,C[C@H](Cc1cc(O)n2ncc(-c3ccccc3)c2n1)n1nnc2ccccc21,0.15731845525178043,0.15178700536489487,0.1559323353523558
6856fb9cf831ff2fb63641911fe0bf7f,O=C1Nc2cc(F)ccc2[C@@]12CC(O)=Nc1c2cnn1Cc1ccccc1Cl,0.22440691089088266,0.24440867657011206,0.24335989356040955
74455c0c28f5f94cf7727583151ebb23,COc1ccc(-c2n[nH]cc2C(=O)N[C@@H]2CCc3cc(OC)c(OC)cc32)cc1OC,0.1939300142905929,0.14892082657157021,0.04989633040333336
8500f7b17175f10be6c227c8b07e89a8,CCOC(=O)c1ccc(/N=c2\[nH]c3ccccc3[nH]\c2=N\S(=O)(=O)c2ccc(F)cc2)cc1,0.15563321113586426,0.13292772153561766,0.1313975372097709
201be67ec7bd942358090544e4e76ba8,Cc1ccn(CCC(=O)N2CC[C@@H](O)[C@H](Cc3ccc(F)cc3)C2)n1,0.075775656002489,0.051015150224528,0.009352657716424967
e04881c4e214fb939f57ef5d6ddb4f61,COc1ccc(S(=O)(=O)c2cnc(-n3nc(C)cc3C)nc2N)cc1,0.32534872740507126,0.298398264429786,0.21305155296894637
32823aeefb73900e42b343869ffde3c2,COc1ccc([C@H]2[C@H](C(=O)Nc3ccc(C)cc3C)[C@H](C)Nc3ncnn32)cc1,0.07619530165737326,0.06472348178398203,0.01834331676152281
4018684b457f6297aa487eb21f35f77d,OC[C@@]1(Cc2ccc(F)cc2F)CCCN(c2nccc3ccccc23)C1,0.3051766428080472,0.26977654614231805,0.19541349803859537
d2306093b1be69c2b1697c6e8e099db8,O=C(c1cccc(O)c1)N1CCN(Cc2ccc(F)c(F)c2)[C@H](CCO)C1,0.08137078363109719,0.07429470951584252,0.048387894089418376
9806a386a575891eec3f569d678086ab,COc1ccc(NC(=O)c2c(C)oc3ccn(Cc4cccc(F)c4)c(=O)c23)cc1F,0.2867910184643485,0.3159998817877336,0.22140496562827716
900992275aa52ba531969241011e2a58,COc1ccc(C)cc1NC(=O)N[C@H]1CC(=O)N(c2ccc3c(c2)OCCO3)C1,0.042845067187127744,0.047297855923798954,0.013575906279253435
2a0c3a146df37f09000fb427b890a96d,CCc1cccc(NC(=O)c2[nH]c(C)c(S(=O)(=O)N3CCCCC3)c2C)c1,0.08682851865887642,0.0801829333332452,0.031826808328994295
ca718e99d6b521320bb1930703525685,Cc1ccc(S(=O)(=O)N/N=C/c2c[nH]nc2-c2ccc(Cl)c(Cl)c2)cc1,0.251416184685447,0.26201747493310407,0.4452231946316632
f58b6997c4ae2955dc74a791cf334842,COc1ccc(C(=O)N2CCC[C@@](COc3ccc(F)cc3)(CC(N)=O)C2)cc1,0.08420798656615344,0.0633795652538538,0.017979210591875017
c065d04b858f4fda8e1871937724a45f,CCOc1ccc2[nH]c(=O)c(CN(C[C@H](C)O)C(=S)Nc3cccc(Cl)c3)cc2c1,0.267706115137447,0.1680075309493325,0.0611680405722423
0128bcf3218c48c46d586fa412764859,O=C(O)[C@]1(Cc2ccc(F)cc2)CN(c2cccc(C(F)(F)F)n2)CC[C@H]1O,0.2555449510162527,0.20611182447861542,0.10909708703614095
1a66324f60c19567dde930f91240aa65,Cc1nc2ccc(NS(=O)(=O)c3ccc4oc(=O)n(C)c4c3)cc2nc1C,0.10620357502590526,0.094859624450857,0.18352005596865306
2ee7f1a79166dd2f639a3a038e77f254,Cc1ccnc(N2CCC3(CC2)OCC[C@@](C)(NC(=O)c2cccc(O)c2)[C@@H]3O)n1,0.08508434959433296,0.07256433299996635,0.027706865361489526
ba30fb66f76b0691f0b16775c75adda3,CN(Cc1ccc(F)cc1)C[C@]1(O)CCCN(Cc2ccc(F)cc2)C1=O,0.3273031928322532,0.25073359364813025,0.07317461831156503
a4dac23a3709489014299a8e12641833,COc1ccc([C@H]2CNCCN2C(=O)CCn2ccc(C)n2)cc1,0.03077070021324537,0.025566565774366525,0.004627528734173128
86095ee9c36ce76a3312d384faf7e5e7,COc1cc2cc(N)c(C3CCN(C(=O)Cn4ccnc4)CC3)nc2cc1OC,0.09594929895617745,0.1470684976401654,0.03501117844081653
38a3393f82f6f97082510ab7781d26a5,COc1ccc(CCNC[C@]2(O)CN(S(=O)(=O)c3ccccc3)CC[C@H]2O)cc1OC,0.06612850454720584,0.05273827894548462,0.009179214049998502
eda4814e53a4447b17c22a7746f18fbd,COc1ccc(CCNC(=O)CSc2nc(N)c3c(C)c(C)sc3n2)cc1OC,0.2567564587701451,0.17035713807755118,0.049109207460560356
1318b2b5cc0ff584283bd836607a395d,Cc1[nH]/c(=N/C(=O)Cc2ccc(Cl)cc2)sc1-c1nc(-c2cccs2)no1,0.15809775008396668,0.18693669275804,0.2592276917262511
bdfd728302f1d827497b17252e7b3285,O=C(N[C@H]1C[C@H]2CN(Cc3nccs3)C[C@H]2C[C@@H]1O)c1c(F)cccc1Cl,0.09699652648784897,0.08606445078145374,0.02794999531364407
e585d26623684d52f66ab26be11408c4,COc1ccc([C@@H]2CN(C(=O)c3ccc4ncsc4c3)Cc3[nH]cnc32)cc1,0.09026177481494167,0.10977555946870284,0.09155460887334564
a558d1f113701f3b384356846a7be420,COc1ccc(NC(=O)C2=C(C)NC(=S)N[C@@H]2c2cc(OC)c(OC)c(OC)c2)c(OC)c1,0.1851011887192726,0.1374305485409092,0.04978587279434909
61eeec8fa3ec74a8b52b810631fc8d3d,COc1ccc(CNC(=O)CN2CCC[C@](O)(COc3cc(C)c(Cl)c(C)c3)C2)cc1,0.2042583687738939,0.170476265928962,0.08820806206627325
b3de22393fa165479a1c463e051c8029,CSc1cccc(NC(=O)CSc2ncc(S(=O)(=O)c3ccc(C)cc3)c(=O)[nH]2)c1,0.19025677611882036,0.12850082906979052,0.04672058447348801
11fc71672c1b277051dc3ac1f35a5244,CC(=O)c1ccc(Nc2nc3ccccc3[nH]/c2=N\S(=O)(=O)c2ccc(F)cc2)cc1,0.22184203565120697,0.24504118751395831,0.23132070086219095
08fe49805f899f603bd3b0faf4778db9,COC(=O)C1=c2s/c(=C/c3ccc(F)cc3)c(=O)n2C(N)=C(C#N)[C@@H]1c1ccc(F)cc1,0.2836722569032149,0.3068126453594728,0.33243839104067197
12b48df9a5db672b8e9cb50bc7a7b0e1,CS(=O)(=O)c1cccc(C(=O)N2C[C@@H](Cc3ccc4ccccc4n3)[C@H](O)C2)c1,0.03782946430146694,0.029078869768206707,0.008459363381420686
22841550829921a9101562d03d73d2b2,COc1ccc(/C=C2\S/C(=N\c3cccc(C)c3C)NC2=O)cc1OC,0.09693467989563942,0.08944585374654873,0.04667347944764928
136d425af1be69ffbf220af710a28dbb,CC(C)c1cc(C(=O)N2CC[C@@H](Oc3cccc4ncccc34)[C@H](O)C2)n[nH]1,0.07821780544790355,0.05934995565224777,0.017247772627425464
5684fed03a96db9a4ad35f446be7ea73,Cc1cc(C)n(-c2cccc(CN3CCC[C@@](CO)(CCOc4ccccc4)C3)c2)n1,0.23117236183448273,0.2239885540171103,0.19381652772426605
56f9d5515851628e28bf4eb6545fb98b,COc1ccc(C(=O)c2cn(CC(=O)Nc3ccc4c(ccn4C)c3)c3cnccc23)cc1,0.29548670893365686,0.3276742236180739,0.17879382385448975
2bd31803f05a0168cd2134a2e0a50e9f,Cc1ccc(Cn2nnc3c(O)nc([C@H]4CCCN(S(=O)(=O)c5ccc(F)cc5)C4)nc32)cc1,0.13564861633560873,0.09240944412621585,0.06105044153942303
5a35b3504aad9347b3a98cc4223c2b22,O=C(c1cnc[nH]1)N1C[C@H]2C[C@@H](Oc3cccc(Cl)c3)[C@H](O)C[C@H]2C1,0.06412592470984567,0.05761651834473014,0.021824483696201987
e2c60a54e61d10c25b46cd88ff66cf42,CS(=O)(=O)Nc1nc(CC(=O)Nc2ccc(Oc3ccccc3)cc2)cs1,0.18272549743679437,0.10412533818320795,0.05041370396925644
fee875b6979244391d9b4c0e35ab293f,COc1cc(NC(=O)C[C@H](C)S(=O)(=O)c2ccc3c(c2)NC(=O)CO3)cc(OC)c1OC,0.14459255371581425,0.09487203665247018,0.0313651122639633
6a7c98bcd2e3eb700c4cbc685c0351b3,O=C1NCCN(C(=O)CCCOc2cccc(F)c2)[C@@H]1Cc1cccc(-c2cccnc2)c1,0.10411350259726698,0.10656886784867807,0.07296026955274018
2f3a1342616506dc6825d4ad9e67f97c,COc1cccc(C(=O)N2CC[C@@H](Oc3ccc4ncccc4c3)[C@H](O)C2)c1O,0.07037279670211402,0.05768779893829064,0.014506630451333795
1e579ed15515eb485388dd3e69111931,COc1ccc(C[C@@H]2NC(=O)[C@H]3CN(S(=O)(=O)c4cc(C)ccc4C)CCN3C2=O)cc1,0.05532313273711638,0.046061216768893326,0.012779430205806751
4b72d3766d07c0ff47f7ed45a7a7e8a4,COc1ccc(OC)c(S(=O)(=O)N2CC[C@H](Oc3ccc(F)cc3)[C@@H](CC(N)=O)C2)c1,0.058855109636417845,0.05381554029141129,0.014076685752529143
fdb94040c88fa1b0c128f25a3cf04bc7,COc1cccc(NC(=O)CSc2ncc(S(=O)(=O)c3ccccc3)c(=O)[nH]2)c1,0.1250119920481335,0.090655761516907,0.019706837928176603
823834cf90c8c04a2fceda24e31071e0,O[C@@H]1C[C@H]2CN(Cc3c[nH]cn3)C[C@H]2C[C@H]1Oc1cccc(Cl)c1,0.12187887491150336,0.1408448676494035,0.053975550711832264
74b487fddad9fb7c6017ece32c40b157,COCCCn1c(C)cc(O)c([C@H](CC(=O)OC)c2cc(OC)c3c(c2)OCO3)c1=O,0.05570756940340454,0.0613263899365186,0.010329019049425948
1b1011d24618685a60d9d514a23d83bc,Cc1cnc(C)c(-c2cc(O)c3c(c2)CN(C(=O)c2ncccc2F)CCO3)n1,0.10179678655483505,0.09224297851324081,0.06712350609119642
0d33a8fb1dc426d97217aff85e7f9ff6,Cc1cccc(N2CCN(C[C@H](O)c3ccc4c(c3)OCCCO4)CC2)c1,0.21764412183653226,0.15471747396407987,0.028436683732169597
59c6fb20fee685e4b7bd5f97e4d9d3da,CCOc1cc(/C=N/NC(=O)[C@@H]2COc3ccccc3O2)cc(I)c1O,0.20643296837806702,0.2263461798429489,0.14819238199429077
d64776dc7817553d99b6e132960b250a,COc1ccc2cc(CN3CCC[C@H](c4ccc(C(=O)O)cc4)C3)c(O)nc2c1,0.06401604337787087,0.07330508483573794,0.013618448664518919
1ab25d4cc3bbe8e43da39ae13d69d551,O=C(CCc1ccc2c(c1)OCO2)N1CC[C@@H](Oc2ccc3ccncc3c2)[C@H](O)C1,0.06973551501604644,0.06304905193709684,0.012950564999218013
b13867f140b748fe6a1bde00a32f627f,COc1cc(C(=O)N[C@@H]2CO[C@H](Cn3cnc4ncnc(N)c43)[C@@H](O)[C@H]2O)ccn1,0.15205762535333633,0.0870675551281734,0.07422248966229911
43c15724f802cf06a246c4b05582f9a1,COc1cccc(-c2cn[nH]c2C2CCN(c3nccc(N)n3)CC2)c1,0.41706535762006586,0.45627829601818864,0.12698026932775974
640e5aa07d93bc6c037acf35ba188791,COc1ccc(CCNC(=O)C2CCN(c3ncnc4c3oc3ccccc34)CC2)cc1OC,0.2086870880289511,0.15804731845855713,0.08284004100344398
260960b5ae4b629d1c6b218334390699,OC[C@]1(Cc2ccc(F)cc2)CN(CCc2ccc(O)cc2)CC[C@@H]1O,0.35974500666965137,0.3273984573104165,0.2441376041282307
ee1035f20fe2c4e7f81c9b8006e145ff,COC(=O)c1c(-c2ccc(Cl)cc2)noc1NCCc1ccc(OC)c(OC)c1,0.2803427069024606,0.2577709528532895,0.156404664570635
5769014af3d6f97d37500b55fb402ffc,CCC[C@]1(C2CCN(C(=O)c3ccc(F)cc3F)CC2)NC(=O)N(CC[C@@H]2CCCN2C)C1=O,0.0773823144422336,0.05051234339109876,0.023614126786758952
c6596dc7f72ef6b2df2baf535dd9d410,CNc1cc(-c2n[nH]c3c2CN(C(=O)c2ccc4[nH]ncc4c2)CC3)ccn1,0.13096507130698723,0.11770762672478502,0.11618554524400017
4ed70b1b77309225526ddd0baeefb8f1,CCN1c2ccc(C)cc2C(=O)NC12CCN(C(=O)c1ccc3c(c1)OCO3)CC2,0.08279953355138953,0.07964226705106822,0.028461540371856907
d586bed8668fad0d1445f9e05378e93a,COc1ccc(CCN2C(=O)N[C@@H](CC(=O)Nc3cccc4ncccc34)C2=O)cc1,0.05857720818709244,0.048813013190572914,0.03936580450020053
77dee5743916c1fce1abbbfabf53c6c6,COc1ccc(CCN2CC3=C(C2=O)[C@@H](c2cc(OC)c(OC)c(OC)c2)NC(=O)N3)cc1,0.1135963038964705,0.10794265266105701,0.0192829435267909
6e2e0ad75c34bff5228b539bf5883669,COc1ccc(CC(=O)NC[C@H](O)c2ccc(-n3cccn3)cc2)cc1OC,0.1528707299042832,0.12778069315986199,0.03358279083940116
88b2a9a03388c983ab4b6a2933b9c25c,COc1cccc(-c2cn[nH]c2C2CCN(c3cccc(C#N)n3)CC2)c1,0.37134244631637225,0.37171073765917256,0.10282682288776744
34bf16714917000ab2950cb86c0c6434,CCOc1ccc([C@H]2[C@H](C(=O)Nc3ccccc3OC)[C@@H](C)Nc3ncnn32)cc1,0.05991559822789647,0.055928513280708685,0.013834367638496175
344326a78a54a7dcfbea814498293f4d,COc1ccc([C@@H]2C(C#N)=C(N)Oc3c2c(C)nn3-c2ccc(C)cc2)cc1[N+](=O)[O-],0.28687007522041147,0.2820263830098239,0.24651094051924619
bc6bd11f9dcdaa91898f489c53ce21b7,COc1ccc(CN2C[C@H]3C[C@H](O)[C@@H](n4cc(C)cn4)C[C@H]3C2)cc1,0.08335264992307533,0.08788189133205875,0.021048661167945036
53d42ca5250c3afe2873973b2b429f08,Cc1cccc(-c2nn3c(O)cc([C@@H](C)n4ncc5ccccc5c4=O)nc3c2C)c1,0.1838145466013388,0.14380368929017673,0.22851625084877014
f46b023ae1bb8b289dfe807f4ad5c98b,CNC(=O)[C@@]1(Cc2cc(-c3ccccc3C)no2)CCN(C(=O)c2sc(C)nc2C)C1,0.0631159669296308,0.05633582149378278,0.09271836234256625
b64c95e42955b3203b9aada19f6c6e32,COc1ccc(C(=O)c2sc(Nc3cccc(C(F)(F)F)c3)nc2N)cc1OC,0.6364112279631875,0.6459605233235792,0.40385387431491504
66bf2c2050af3cbd62f3539a19bc2067,COc1ccc(-c2cn3c4c(=O)n(C)c(=O)n(C)c4nc3n2CCO)cc1,0.1274753693829883,0.11049018800258636,0.12402172098782929
9a551bcf522df60a468fe4d72558a385,Cc1cccc(CNC[C@]2(O)CCCN(Cc3ccc(F)c(F)c3)C2=O)n1,0.17439700934019955,0.15265223722566257,0.05905766402032565
3b96a80f565d01e58d0af5e92898cedf,CC(C)Oc1cccc(-c2cc(-c3cccnc3)c(C#N)c(N)n2)c1,0.3500291529026898,0.39838182960044255,0.09737959796224128
dc0c483d7eaaa3bf0f6ad635fe9b05aa,CCOc1ccccc1N1C(=O)N=C(O)/C(=C\Nc2c(C)n(C)n(-c3ccccc3)c2=O)C1=O,0.15890587730841202,0.13147120956670155,0.24464376203038476
d0d836cdadb222d08d9ef65caa7332f4,COc1ccc([C@@H]2CC(O)=Nc3c2cnn3Cc2cccs2)cc1OCC(N)=O,0.0888358372348276,0.09086810627063228,0.01772048655601049
83961607f4dbda254d4f482c4b2566cb,COc1ccc(-n2ccnc2CN2CCN(Cc3ccc(F)cc3)[C@H](CCO)C2)cc1,0.1786095852201635,0.16044799170710825,0.11132710105316206
c5e6f2ad7c234ae421f0364ea660c39a,COc1cc(/C=C2\C(=O)N(c3ccc(C)c(Cl)c3)N=C2O)ccc1OCC#N,0.1423770941116593,0.12877795777537607,0.14365069220945192
6b0468845e036366a9a07696cf90eb89,COc1cccc(C(=O)C[C@]2(O)C(=O)N(CCCc3ccccc3)c3ccccc32)c1,0.25670338760722766,0.1935297850180756,0.18279468606818805
6b26e17fe141b61b723600da2a2f0516,COc1cccc2ccc(N3CCN(Cc4ccc(F)cc4)[C@H](CCO)C3)nc12,0.2217160246588967,0.15002057294953952,0.11116110313345086
3ae2c3ee07b2a657bb7ebfdf4caac8d3,Cc1cc(C)n(-c2nc(CCNS(=O)(=O)c3cc(C)c(Cl)cc3Cl)cs2)n1,0.1831296905875206,0.136290110478347,0.07292368559336121
77b293ff9cd69217031355dbc1d24f3c,CCOc1ccc(S(=O)(=O)NCCn2nc(C3CC3)ccc2=O)cc1C,0.06711441413922743,0.06376324770231308,0.007105445366216207
6b0d756be62f65fd6b04c5c1cbd0085e,Cc1ccc(/N=C2/NC(=O)/C(=C/c3ccc(N4CCOCC4)o3)S2)cc1Cl,0.08732854016125202,0.09313912003604359,0.07598425888202408
0704ac076f77272bbeb810b80e38f507,COc1ccc([C@@H](CC(=O)NCCn2cnc3ccccc3c2=O)c2oc(C)cc(=O)c2O)cc1,0.07469774918122725,0.06030502510045401,0.01647323356221684
e59dba430cbcdc8f697ffa86f21ae977,O=C(Cc1cccs1)N1C[C@@H](Cc2ccc3ccccc3n2)[C@H](O)C1,0.051550823263823986,0.04727854416705668,0.009921543786979535
688b6dd2ad2d87d3f1666862b5a6f1a6,O=C(c1cccc2c1OCCO2)N1CCc2[nH]nc(-c3cccc(F)c3)c2C1,0.13785693659023804,0.1250368688594211,0.0706384251402183
251b31fd9a96c9d800b3e70a5a2d1f7b,Cc1cc(C)c(N2C(=O)NC(=O)/C(=C\Nc3c(C)n(C)n(-c4ccccc4)c3=O)C2=O)c(C)c1,0.17998861927877774,0.16688148541883988,0.32746451280333777
3e6a4ee9e6e18ab525fefe1d98b533c7,CCOc1ccc(-c2[nH]ncc2C(=O)NCc2ccc(F)cc2)cc1Cl,0.26798648048530926,0.24110787395726552,0.1218012385070324
58f748f4a904ad94d4614c3441db47c0,COc1ccc(C2(CNc3nc(N(C)Cc4cccc(O)c4)nc4c3CCC4)CCOCC2)cc1,0.27311328730799933,0.22107052328911694,0.17944715849377893
99d039ee4a959861258c6acd01187e65,NC(=O)C[C@@H]1N[C@]2(C(=O)Nc3ccccc32)[C@@H]2C(=O)N(c3ccc(Cl)c(Cl)c3)C(=O)[C@H]12,0.1202128455042839,0.15879361229864034,0.14825970730320973
ef7d97dc3021733fa92a32ad7c8744d6,Cn1c(=O)n(C)c2cc(/C=C3\C(=O)N(c4ccc(F)c(Cl)c4)N=C3O)ccc21,0.1702216240492734,0.17650475420735098,0.3045566149733283
4ac5736ea4a8bf2a71364dbbf9e75c0d,COc1ccc2[nH]cc(CCNC(=O)CCc3nc(-c4cccnc4)no3)c2c1,0.1358956735242497,0.11839008178900588,0.051123873753981156
ab0fbb7b326335cc9927d83ea84f45cf,COc1ccc(CN[C@H](C)c2cnc(-c3ccncc3)nc2C)cc1F,0.23872177844697778,0.22710644386031412,0.16971595788543875
54c4b5c273b2d667bacfb72c65262edc,Cc1cc(N2CC[C@@](O)(CN(C)Cc3ccc(OCCF)cc3)C2)ncn1,0.1838432445444844,0.20713423598896374,0.033393209356952204
833c36887e3f3d8631f98a4fd82eb095,COc1cc(CCC(=O)Nc2n[nH]cc2-c2cccc(F)c2)cc(OC)c1OC,0.30529485778375104,0.23562494936314496,0.0971852708607912
8dbab701512fac6ad5def41a9547bc1a,CC(=O)c1cccc(NC(=O)NCc2ccc3c(c2)N(C(=O)c2ccc(C)cc2)CC3)c1,0.13018407503312285,0.10835621573708275,0.08544116602702574
e1e6747b9a884470421612524c418642,COc1ccc2ccccc2c1/C=N/NC(=O)CCC(=O)Nc1cc(C)ccc1C,0.3105441670526158,0.21397182548587973,0.32106357000090857
54e3cdad71e2d675295162c83b873ae6,COc1cc([C@H]2NC(=O)NC(C)=C2C(=O)OC[C@H]2CCCO2)cc(Br)c1O,0.11120953884991733,0.07482493664561347,0.02567069649442353
912893d45ef1f03e768ea3079a1783de,COc1cccc(SCC2(O)CCN(C(=O)c3ccc(Cl)cc3)CC2)c1,0.19808983599597757,0.18881282210350037,0.121368917721239
93a8a909068c6681c4f8ef4fdea4fd75,COc1cc(F)ccc1O[C@@H]1CCN(C(=O)c2cccc(O)n2)C[C@H]1O,0.031276678539473905,0.03599979404084892,0.008594719096436165
eb3b7c0a446605048fd6dc484069e519,COc1ccc(S(=O)(=O)N2C[C@H](C(=O)Nc3ccc(OC)c(Cl)c3)Oc3ccccc32)cc1,0.19475228949026627,0.14495676010847092,0.16767718372019855
473c816c3a7f3304dbb26e43d94777bf,CCCCC(=O)N1CCC(c2nc(O)c3nnn(Cc4ccccc4F)c3n2)CC1,0.07275511222806844,0.07578093808313663,0.027457327185071666
194b5669a440f3c206b71f7b485e8855,COC(=O)c1cc(-c2cc(-c3ccc(O)c(C)c3)c(C#N)c(N)n2)c(C)o1,0.28156828812577506,0.27926294234665955,0.21405852823094887
8906cf4d086c97af3b76a63909822b1b,O=c1oc2ccc(O[C@@H]3C[C@@H]4CN(c5cnccn5)C[C@@H]4C[C@H]3O)cc2c2c1CCC2,0.09130155362866142,0.09392379876226187,0.13043403422290628
46cbd9aff89342787f57be573e04dd93,CC(C)c1nc2cc(C(=O)N3C[C@@H](O)[C@H](n4ccc5cc(C(N)=O)ccc54)C3)ccc2[nH]1,0.0708686194636605,0.08368354629386555,0.07309805855832317
bea819adf077f5e1d1baa16b47fe0ef4,COc1cccc(OCc2cc(C(=O)N(C)Cc3c(C)nc4ccccn34)n[nH]2)c1,0.07624018226157535,0.07477349618619139,0.052009098401123825
53f0963662daeb9ed68ed4d4da6cbbfb,COc1ccc(-n2nnnc2CNS(=O)(=O)c2ccc(OC)c(OC)c2)cc1,0.06457369861362333,0.06826814159020697,0.009356499404516811
bd37d5652fe63477ff86606601ce4a54,CCN(CC)S(=O)(=O)c1ccc2[nH]cc(C(=O)NCc3ccc(F)cc3)c(=O)c2c1,0.11406922001730312,0.0874893247911876,0.021585571217160163
ec3bc6bed026fce95550cbc94b3cb90e,COc1ccc([C@H](CC(=O)O)NC(=O)Cc2c(C)c3c(O)cc(C)cc3oc2=O)cc1OC,0.06300842711193995,0.06778657257250002,0.014275893551794898
6c8e0d7bc5f037da087b07cad122e0b5,c1cncc(CNc2cc(-c3ccc4ncccc4c3)c3cc[nH]c3n2)c1,0.4283004809509624,0.41171684048392554,0.34772605110298505
e011ea1c141a583e36fd8a0c1f2425db,COC(=O)[C@@H]1[C@@H](c2ccc(SC)cc2)c2c(O)nn(-c3ccccc3)c2C[C@]1(C)O,0.15368740463798697,0.14403503117236224,0.10502235252748836
65ce6220c145664e4c8dc6bab7adcaac,Cc1ccc(N2C(=O)NC(=O)/C(=C/c3cn(CC#N)c4ccccc34)C2=O)cc1Cl,0.13299783793362704,0.15514586154710164,0.32483634801147593
b48c26ed5bc612cb584459dc5ac29fd4,CCOc1cc([C@H]2NC(=S)NC(C)=C2C(=O)Nc2ccc(F)cc2)ccc1O,0.25839257782155817,0.2547658583657308,0.09463820445605299
3742fb31facb35414b67d8e541e54a5d,COc1cccc([C@H]2CN(C(=O)c3ccc4c(c3)OCO4)C[C@@H]2C(=O)NCC2CC2)c1OC,0.049174330959265884,0.04676739278842102,0.008396663890876383
5640ea0a0318a4ff2f780e1674a4df97,Cc1cc(C)n(CCOc2ccc(CN(C)C[C@@]3(O)CCN(c4cc(N(C)C)ncn4)C3)cc2)n1,0.24019949680024927,0.17683450268073517,0.09607190884311091
c5a6ad4dd8c08a89cfc22f5684bc63d7,O=C(NCc1nc(-c2ncccn2)no1)c1c[nH]nc1-c1cccc(F)c1,0.16634314151650126,0.1899666530291804,0.07148038900711319
2adab002264e83e71025d82a736bde97,COc1ccc(CCN2C(=O)N[C@H](CC(=O)Nc3cccnc3)C2=O)cc1OC,0.038454551503739574,0.037262768447610804,0.006384209352704188
68fa960c74a79fa33a9141dc9194506e,CCn1cnc(CN2C[C@H]3C[C@@H](Oc4cccc(C(C)(C)C)c4)[C@H](O)C[C@H]3C2)c1,0.11110605976798317,0.16628223801539702,0.11291568116708235
5d60b98cbb91ad6b695e48a16513511d,COc1ccc(-c2[nH]ncc2C(=O)NCc2ccc(N(C)C)cc2)cc1OC,0.210746093229814,0.1641111302782189,0.05005229933356697
11dfeaec403ec07e7624b22587aa7221,COc1ccc(CC(=O)N/N=C/C=C/c2ccc3c(c2)OCO3)cc1OC,0.16749819639054211,0.16249603210863742,0.07481335603039373
f7a9fddebe62c824dd862308ddfa6b39,CCN(CC)c1cc(Nc2ccc(NS(=O)(=O)c3ccc4c(c3)OCCO4)cc2)nc(C)n1,0.3555176556110382,0.27935041216286743,0.3842847862026908
0cf7f61a2d73bc100781068ca2770adc,O=C1/C(=C/NCCCn2ccnc2)C(O)=NC(=S)N1c1cccc(C(F)(F)F)c1,0.25401524657552893,0.30635777657682245,0.5181463591077111
003c43e134c4c336402fa175b88760dd,COCCN1C(=O)N[C@@](Cc2cccc(F)c2)(C2CCN(C(=O)Cc3cccs3)CC2)C1=O,0.08488142761317166,0.06557646635073153,0.01865460034142333
666605fe783dfef78a04b8ba8f36211a,COc1cc(NC(=O)c2ccc3noc(-c4ccccc4)c3c2)cc(OC)c1OC,0.2531517188657414,0.26065212759104645,0.21756801144643265
59662d4aff8a024e55d5ded8c5230206,COc1ccc(C(=O)N2C[C@H]3C[C@@H](n4cc(CN(C)C)nn4)[C@H](O)C[C@H]3C2)cn1,0.023788282105339353,0.026846334735058586,0.006260013668824368
817407aec6d11b0e40c6d42619917308,Nc1nc(N2CCc3ccccc3C2)ncc1C(=O)NCc1ccccc1F,0.37145182490348816,0.3873268257487904,0.24960503828796474
0149b97ac951ae65601017682d7e596e,CC(=O)c1cccc(S(=O)(=O)N(CCCO)Cc2cc3cc4c(cc3[nH]c2=O)OCCO4)c1,0.07957487553358078,0.06512310913636941,0.011164214099566876
39b451fb10105916c00a3a96a2fadea8,COc1cc(NC(=O)Cn2nc3c(Sc4ccc(C)cc4C)nccn3c2=O)cc(OC)c1OC,0.21382085437124426,0.18042256073518234,0.18789938363161954
b745c32206de50c6cfaaaf364e4aaaac,CC#CCN1C(=O)N[C@@](Cc2cccc(F)c2)(C2CCN(Cc3ccc4c(c3)CCO4)CC2)C1=O,0.16633678193796764,0.21210182713746856,0.040919715461231215
675e6c086218130d086ebcd9ab70a077,COc1cccc([C@H]2CN(C(=O)c3ccc(Cl)cc3)C[C@@H]2C(=O)NCc2ccc3c(c2)OCO3)c1,0.08176355030048978,0.0680079096081582,0.02708377119746398
8f79e52005f9cf9ffac582497631a431,Cc1ncncc1C(=O)N1CCOc2c(O)cc(-c3cccc(Cl)c3)cc2C1,0.22856938635761087,0.21347727152434262,0.16450614617629486
5941a3e352b9ba3486b7aa357e3e0893,COc1ccc(CC(=O)Nc2ccccc2C(=O)Nc2ccc(F)cc2)cc1OC,0.3164993158795617,0.37914438071576034,0.14623430574482138
b939575ad2d79f8f34939430588f2e76,COc1ccc(CC2(CO)CCN(C/C=C/c3ccco3)CC2)cc1,0.2161246660080823,0.1684406572021544,0.024990620904480402
955150221430988930e5bf815e94dac3,CCc1nc(CN2C[C@H]3C[C@@H](Oc4ccc(C(=O)OC)cc4)[C@H](O)C[C@H]3C2)cs1,0.0650285750796849,0.07238526879386468,0.05030232303860513
8d4ef5be4d3c601f161d4ee54ba121ef,Oc1cc(-c2cccc(Cl)c2)cc2c1OCCN(c1cc(C3CC3)ncn1)C2,0.3809540867805481,0.3679016991095109,0.26779618859291077
2b573c74c35f5353de068d00d82b338e,Cc1cccc(Cc2nc(CCNS(=O)(=O)c3cc(C)c(C)cc3C)n[nH]2)c1,0.12986741282723166,0.09431483835743909,0.03355878087776629
7faf2dc08c8ec3c17868a692ef8c74d7,O=C(c1cccnc1)N1Cc2[nH]nc(-c3cccc(C4CCC4)c3)c2C1,0.19401102174412121,0.18079782277345657,0.12540102377533913
0a7f361580c1203767ab018411339b7c,NC(=O)C[C@@]1(COc2ccc(Cl)cc2)CCCN(C(=O)c2ccc(OC(F)(F)F)cc2)C1,0.16020521386103195,0.13143610712987455,0.07089790337803689
4f3027349a0b64c573f620b7af7cfc82,Cc1ccc(S(=O)(=O)N2C[C@H]3C[C@H](NC(=O)c4ccc5[nH]c(C)c(C)c5c4)[C@H]3C2)cc1,0.10649888115850362,0.07157152247699824,0.040968186052685436
aa571aa9f59c967b88913a64d69ab0f9,CCn1c(-c2cc(NC(=O)Cc3cc(OC)c(OC)c(OC)c3)[nH]n2)cc2ccccc21,0.3626055378805507,0.35378339751200244,0.18517392941496588
4fb629c12341892dfe375c9c823986b5,CCOCCCNC(=O)c1c(N)n(Cc2ccc(OC)cc2)c2nc3ccccc3nc12,0.33900208364833484,0.34501143477179785,0.25644987872378394
3c572a6a9dce4992165ba6c4e9b3638a,COc1ccc([C@H](CC(=O)Nc2ccc(C(F)(F)F)cc2)c2c(O)cc(C)oc2=O)cc1O,0.24891101568937302,0.24863558753647588,0.08222197944467718
e7e8a4e6f69a49dc56aa76899e281ee5,CCOc1cccc(-c2nnc(S)n2/N=C/C=C/c2ccco2)c1,0.11232862367548725,0.1019476602615958,0.030998354460197417
b6a79f4c61b35a44b680c20ea5ccd4c9,Cc1ccc(OC[C@@]2(O)CCCN(C(=O)c3n[nH]c4c3CCCC4)C2)cc1C,0.059533927250992165,0.05661081912165338,0.015915908310985702
f231c614a2fd21a82a00452fd4ca7556,C=CCN(c1ccccc1)S(=O)(=O)c1ccc2[nH]cc(C(=O)NC[C@@H]3CCCO3)c(=O)c2c1,0.07779891975224018,0.06154029409993778,0.020540790865197778
e4ca2cc3f526d9eb76067b6e2108b0b2,CCOCCOC(=O)C1=C(C)Nc2ncnn2[C@@H]1c1ccc(OC)c(Cl)c1,0.22547813843597064,0.20837296816435727,0.18139049647883934
d302c1df3d4e7d7a539f6f3b1644d59d,COc1ccc(/C=C/C(=O)NC(=S)NCCOc2cccc(Cl)c2Cl)cc1OC,0.31212089549411426,0.30830420553684235,0.32846630906516855
d5fa7741b22fc089f5c2b505fb91d5d7,O=S(=O)(NCc1ccc(-c2ccsc2)o1)c1ccc(F)c(Cl)c1,0.16634844446724112,0.14781886169856245,0.05803783745928244
2931d6bab2d47913589ebcea504a68d4,CCCc1ccc(S(=O)(=O)N2CCC(COc3ccc(Cl)cc3)(CC(N)=O)CC2)cc1,0.17792875455184418,0.13887359472838315,0.15990648774260824
e431f233b636533e2e473a7bffc6e70d,CNC(=O)[C@@H]1CN(C(=O)c2ccnn2C)C[C@H]1C1CCN(c2ccc(C#N)c(C(F)(F)F)c2)CC1,0.1018326912413944,0.09806313772093166,0.048756128050048246
75a3e00a94f0a9fd919b7f62239f32e0,CCOc1ccccc1N1CCN(C(=S)NCCc2ccc(OC)c(OC)c2)CC1,0.1641444516452876,0.17388809040527453,0.018082963980057022
1a78da805e9a9ad7de5ff35a18fdde65,Cc1ccccc1NC(=O)[C@@H]1Sc2nnc(COc3ccccc3)n2N[C@H]1c1ccc(F)cc1,0.11117029664191333,0.10040695489045572,0.04613066236065193
e452a9e3a10f72deef699c667d509b93,O=C(CCn1cccn1)N1CC[C@H](O)[C@](Cc2ccc(F)cc2)(C(=O)O)C1,0.07151989164677533,0.05830565608671763,0.010719983501489465
616681bfcddf170526375e8aa1f20655,COc1ccc(-c2nc(NC[C@@H]3CCCO3)nc3nn(-c4cccc(F)c4)c(N)c23)cc1OC,0.5880827348340641,0.48979048430919647,0.39246953481977637
25a206e97f764f74e0906e1dc3836917,COc1cc(Cn2c(N)c(C(=O)NC[C@@H]3CCCO3)c3nc4ccccc4nc32)cc(OC)c1OC,0.286176281219179,0.28422030874273996,0.16905629414726386
f278ba398f56e77e304e3286bcb8b2c4,O=C(NCc1cccc(F)c1)N[C@@H]1CCN(c2ncnc3c2CCC3)C1,0.08664661781354384,0.07212942765512377,0.032850256507200276
d80b34123c07fc03e0ad09cb457c713c,COc1ccc(N2C[C@@H](NC(=O)Nc3cc(F)ccc3F)CC2=O)cc1OC,0.07858085530725392,0.08450193610042334,0.03000782798467712
fe7ae6d9491731ace8e696658b07b635,Cc1cc2nc(CSc3ccccc3NS(=O)(=O)c3ccc(Cl)c(Cl)c3)cc(=O)n2o1,0.176400095901706,0.1603147421370853,0.37814533575014636
4e83cb11158971ef6fd5cae6ca8872df,CCOC(=O)c1ccc(N2N=C(O)/C(=C/c3ccc(OC)c(Br)c3)C2=O)cc1,0.10785734043879942,0.09920431910590692,0.1480673233216459
f0ae30ec6245bf20b8b01dfb74bd2af6,Cn1c([C@@H]2CCCN2Cc2c[nH]nc2-c2cccc(F)c2)nc2ccccc21,0.18928287652405826,0.12961594116958705,0.1469029299914837
ae6b15e2b6ccc683e270629edbeebf9c,COc1ccc(-c2ocnc2C(=O)N2CCNC(=O)[C@@H]2Cc2nc(C)no2)cc1,0.031820535617457194,0.043321875474331056,0.016441846403970638
dbeca5a9ce199ae29c4fac9d2d692ac3,O[C@@H]1CN(CCOc2ccccc2)CC[C@H]1Oc1cc(F)cc(F)c1,0.2817353599450805,0.20877651178637857,0.05578221571208401
899c8bf2d124e6c2a04db22f53bc966e,O=C(OCc1ccccc1)N1CC[C@](O)(Cc2cccc(Cl)c2)C1,0.16706125031818042,0.11181278457231449,0.013749381648846214
6530b8304e4c57e4069f661413380576,NC(=O)COc1cc(-c2ccc(Cl)cc2)nc2ccc(NC(=O)c3ccccc3F)cc12,0.36067876490679657,0.44609438560225745,0.2223953205076131
0a5b2d227829e30361319570647996c5,O=C(c1ccc(Cl)c(O)c1)N1CC[C@H](O)[C@@](CO)(Cc2ccc(F)cc2)C1,0.15596373582428152,0.13401867991144006,0.15515575320883232
f6adc4f0f2339387601248980a3a968e,COc1cccc(C(=O)N2CC[C@](Cc3cccc(-c4cccs4)c3)(C(N)=O)C2)c1,0.12456537850878456,0.10282200202345848,0.04678248865953223
b4cc915aeabe7925fc160c5476faf28e,COc1ccccc1-c1noc(CCC(=O)NCCc2noc(-c3ccncc3)n2)n1,0.10282834229821508,0.09647040610963648,0.0745114865289493
1e875e220887e2f9f0c04ca2fab759d1,COc1cccc(NC(=O)C2=C(C)NC(=S)N[C@@H]2c2ccc(OC)c(OC)c2)c1,0.20843085240234027,0.20004396606236696,0.06272714546966282
359a266ba4be60661c40c75dd741aa02,CN(Cc1ccc2ncccc2c1)[C@H]1CN(S(=O)(=O)c2ccccc2)C[C@@H]1O,0.06839616258036006,0.04652557873421095,0.010204779571557248
7ae78ff7cac2ec5d3d6aa5599a43ef1e,O=C(c1cnc(O)c(Cl)c1)N1CC[C@@H](Oc2ccc(Cl)cc2)[C@H](O)C1,0.16267202184958893,0.10728204318068245,0.12905533679506995
861e8c88d6dd10ad6f42fd9912516e5e,O=C(c1ccc2c(c1)OCO2)N1CC[C@H](O)[C@](Cc2ccc(F)cc2)(C(=O)O)C1,0.07205090028318492,0.0540760385338217,0.018077306989157063
27d32c21ee7f53d0323c9ed4a449c24f,COc1ccc(CN2C(=O)N[C@@H](CCC(=O)Nc3ccc(F)c(F)c3)C2=O)cc1,0.15515204112638126,0.08896619221195579,0.020809150957079095
9635b238b0bd3c6c6d85b83e7e952783,Cc1ccc(C)c(Cn2nc3n(c2=O)CCC[C@H]3C(=O)NCCOCc2ccccc2)c1,0.08929168839346278,0.07052565264430913,0.04313619481399655
d72ee4a0319907d293e8c176c2f7e3bd,CC#CCN1C(=O)N[C@](CCc2ccccc2)(C2CCN(Cc3cnn(C)c3C)CC2)C1=O,0.1009355140003291,0.1073217552065299,0.022760525693978583
72414d0cc090df0df3643f2dd2b3c205,COc1ccc(S(=O)(=O)NCc2nc(-c3cccc(C)c3)no2)c(Cl)c1Cl,0.14423418282107872,0.1602590073916045,0.11133222044868903
6a9bb80aa955c7b9f93d515e0bd318d4,O=C(c1cncc(O)n1)N1CC[C@@H](Oc2cc(F)cc(F)c2)[C@H](O)C1,0.04797679245133291,0.05246092623565346,0.017005091374316675
3fa1a8ddb4759235cb07367a634349c3,CNC(=O)C1(Cc2cccc(-c3ccccc3C)c2)CCN(C(=O)c2cccnc2)CC1,0.13914526186206125,0.09821718220006335,0.05491745582019741
4c61027ef89629cb66e549812c4c97ae,O=C(c1cccc2nccnc12)N1CC[C@H](O)[C@@](CO)(Cc2ccc(F)cc2)C1,0.07921817390756174,0.07632419246841561,0.052835109728303825
50523369173539ede33a5721d2d25694,COc1cc(C)c(C)cc1S(=O)(=O)Nc1ccc2c(c1)N(C(=O)c1cccs1)CC2,0.10146486962383444,0.10210637883706526,0.08409031683748419
ffbedd9135bca950c2ceffa23d6a9e17,Cn1cc(/C=C2/C(=O)NC(=S)N(c3cccc(Cl)c3)C2=O)c2ccccc21,0.1678688038479198,0.19195092063058505,0.3586778010834347
65aa75144adc5e32085a58e9bb844548,COc1cc(-c2n[nH]cc2CN2CCC[C@@H]2c2ccc(F)cc2)cc(OC)c1OC,0.2918094579469074,0.14062668264589526,0.11115080431442369
8bd8de5327bf7d9fae20c78d113c904e,CCCCNC(=O)c1c[nH]c2ccc(S(=O)(=O)Nc3ccc(CC)cc3)cc2c1=O,0.13696159625595267,0.11531455018980936,0.049879656892947176
805bc4fe1c0db6d30989b28b17d762a3,OCC[C@@H]1CN(Cc2ccc(O)cc2)CCN1Cc1ccc(F)c(F)c1,0.21770396015860818,0.174629999155348,0.17537171025337142
525a7bf5fa619b95ba8148f8687b8883,COc1ccc(-c2n[nH]cc2CN(C)[C@@H](C)c2ccc3c(c2)OCCO3)c(F)c1,0.22372518208893863,0.1730853488499468,0.10455524887550961
d51a9ae03fb6122511a7cbc8576993b2,Cc1sc2ncn(CC3(O)CCN(C(=O)Cc4ccsc4)CC3)c(=O)c2c1C,0.09625243056904186,0.10057470947504044,0.05485377638516101
cb219718a6baf64e514f30fbf707f80d,NC(=O)c1cc2cc(F)ccc2nc1C1CCN(C(=O)c2cccnc2)CC1,0.15436468070203607,0.15022181143814867,0.06401578442786228
fcd522f0848a005b35847d763160935c,Cc1ccc(Cl)cc1NC(=O)c1[nH]c(C)c(S(=O)(=O)N2CCCCC2)c1C,0.15864201770587402,0.11052243343808434,0.12695839696309782
67aa1be85241d58f68aa7a7953d26fcb,CCOc1ccc(CCC(=O)N2CCNC(=O)[C@H]2Cc2cccc(-c3cccnc3)c2)cc1,0.10843574221838605,0.08912127752873031,0.04281883119520816
20b4321f9e1fec18779f3a91c4d52edb,COc1ccc(CCC(=O)N2CCC[C@H](c3nc(N)ncc3-c3ccc(OC)cc3)C2)cc1,0.24087628586725754,0.31213348562067206,0.10593084990978241
06db01ce82b7a81bc81ba7995a4de116,Cc1c(C(=O)N2CCC(Cc3nc(O)cc(-c4ccsc4)n3)CC2)cnn1C,0.07747471755878492,0.08460106878456744,0.04136819316243583
f08de0ea7754c667102358cf34833a5c,COc1ccc([C@H]2CN(C(=O)c3ccc(CCC(C)(C)O)cc3)C[C@@H]2N)cc1,0.08883614711124789,0.1241179278797724,0.0632220189595087
47d69d52c35d1ed4cb3de770b6dee300,COc1ccc([C@H]2CC(O)=NC(SCC(=O)Nc3c(C)cccc3C)=C2C#N)cc1OC,0.09090864573690025,0.08000423699956048,0.045468261634761635
e9e29ac65f9ec499fe7593c4d48ae8e1,O=C(NCCc1noc([C@H]2CCCO2)n1)c1c[nH]nc1-c1cccc(F)c1,0.07545490258119324,0.08231233813884584,0.044497133063321766
739cee2e9f0912a8cd6f1d12aaa40657,COc1ccc(CN2CCNC(=O)[C@H]2CC(=O)NCc2ccc3ncccc3c2)c(C)c1C,0.06630119181830775,0.0496799781579863,0.029495153068141503
ced6b75beba04d35cb59576278d918ab,COc1ccc(NC(=O)CSC2=N[C@H](c3ccccc3)CC(=O)N2)cc1Br,0.08794110268354416,0.08189444737713943,0.03354373524515805
5521edc0ea92c14ee95feb4f832b5f9f,O=C1N=C(O)/C(=C\c2cccn2CCOc2ccccc2Cl)C(=O)N1c1ccc(F)cc1,0.30651463026350195,0.3077141060070558,0.4158714467828924
6eea890bd16f52dd8f576175c3730e49,Cc1cccc(N2C(=O)NC(=O)/C(=C\c3cccn3-c3ccc4ccccc4c3)C2=O)c1,0.27107352153821423,0.279717008498582,0.40617314793846826
a58df3336b9238757ab8c49f6b110ed8,COc1cc(/C=C2\C(=O)N(c3ccc(Br)cc3)N=C2O)cc(Cl)c1O,0.21314401653679935,0.20523064515807413,0.3121418871662833
aa9718c6cfcdbd50cae1df5a2f60b9d0,CC(C)=C1SC(=O)N/C1=N/N=C1\NC(=O)[C@@H](CC(=O)Nc2ccc(Br)cc2)S1,0.060500081586228174,0.08892858809982003,0.03687009439718994
73f156484fef830b632343f95241ad12,COc1ccc(CCN2C(=O)N[C@H](CCC(=O)Nc3nc4c(s3)CCC4)C2=O)cc1,0.08002708208831874,0.05008445189080455,0.0554326641458002
d5c601da2271cda50b52300fde0a7f92,Cn1nc(-c2cccnc2)nc1[C@H]1CC[C@@H](O)[C@H](NC(=O)c2ccno2)C1,0.06128389337523417,0.06570597585629333,0.04418142933652482
478993b6388d71994e0b5d1aff739a0c,COc1ccc([C@H]2CC(=O)NC(NC(=O)c3cccc(C)c3)=N2)c(OC)c1OC,0.09269762403247031,0.15696394858373838,0.052613695808262986
44f0c3937a3c9c617c3c47bc0b470412,COc1ccc([C@H]2CN(Cc3ccccc3)C[C@@H]2NC(=O)CCc2ccco2)cc1,0.10561309483918277,0.09061315619725395,0.016964813249863007
aff82957011374429250aaf1c4038484,COc1ccc(CC2(CO)CCN(S(=O)(=O)Cc3ccccc3)CC2)cc1,0.09778800098733469,0.09770166196606377,0.028731356586583635
293cc4b0c261d7cae4eaf71a294a41e0,NC(=O)c1cc(N2CC[C@H](O)[C@@](CO)(Cc3ccc(F)cc3)C2)nc2ccccc12,0.22606098516420883,0.22219889543273233,0.15573626587336714
e4d14795b7301a999bf5d14691392a21,CCN(CC)c1ccc2cc(C(=O)NCc3cccs3)c(=N)oc2c1,0.15818407318808816,0.21151844327422706,0.05231291885403069
8a9405dc4c5b9cb6bf4de5d11a2d349e,Cc1cc(C)c(S(=O)(=O)NCCn2nc(-c3ccccc3)ccc2=O)cc1C,0.1376198445531455,0.0953479375351559,0.023573242000896822
16d8e0c0e68da16bad7f858bc419adf4,COc1cccc(NC(=O)C(=O)NCC[C@@H]2CCCCN2S(=O)(=O)c2ccc(F)c(C)c2)c1,0.09073594110933217,0.07606423426080834,0.036010853882709686
73d4e587a529470188053ae5903e4523,Cc1nc2cc(C(=O)N(C)C)cc(O[C@@H]3CCOc4cc(F)cc(F)c43)c2[nH]1,0.1013720038939606,0.09085928614843976,0.11552430858666246
3f4bcd7e0801dc49bb11430260c23159,COc1cccc(N2C(=O)NC(=O)/C(=C/c3cn(C)c4ccccc34)C2=O)c1,0.12341436811468819,0.15317650003866715,0.27172091603279114
7d6ab1d2a37fe69fd5242ddcc93716e3,COc1ccc([C@H](CNc2oc(-c3ccccc3)nc2C#N)N(C)C)cc1OC,0.23430059308355505,0.27684571187604556,0.1037946871735833
0ac0af334a71d0038c9bea25fa273f77,Cc1cnn(CCCN2CCOc3c(O)cc(-c4cccc(Cl)c4)cc3C2)c1,0.37675036219033325,0.4343801364302635,0.21133312447504563
8d364fe03ca31aa29d79fd44a21dc7a1,Cc1cc(CN(C)C(=O)c2cc(NC(=O)c3ccccc3)cc3ncn(C4CCCC4)c23)n[nH]1,0.14995254237543454,0.12633681161837143,0.0998893877999349
a44a4f0951dbbab51a293d49de80c84f,COc1cc(OC)cc(C(=O)N2CCC3(CC2)NC(=O)N(c2cccc(Cl)c2)N3)c1,0.14214608818292618,0.1296111744913188,0.05058411132036285
5b7f6a8e151d325bc1004274e3183730,OC1=Nc2c(ncn2-c2ccc(OC(F)(F)F)cc2)[C@@H](c2ccc(O)cc2)C1,0.1806899133053693,0.18539203144609928,0.09890479562719437
fa234b6f9c186769ca95977a50554bbb,COc1ccc(NC(=O)CCc2c(C)nn(-c3ccc4nncn4n3)c2C)cc1Cl,0.18449191410433163,0.15500352125276218,0.13619294525547462
696b511e9af95ac9e61e228f59ffda96,COc1ccc([C@H]2CC(=O)Nc3nc(SCc4ccc(Cl)cc4)[nH]c(=O)c32)cc1O,0.19077920575033536,0.15976520458405669,0.14873257516459984
6e4a8b29b13555006111252dadfc014e,CCOc1ccc(CNC(=S)N/N=C/c2ccc3ccccc3n2)cc1,0.2277806130322543,0.2215514128858393,0.15581859004768459
a7248374dbe39d965c3a2bdbdfea7a26,CCNC(=O)[C@]1(Cc2cc(-c3ccc(C)cc3)no2)CCCN(C(=O)c2cccnc2)C1,0.06710366007279266,0.050855597481131554,0.025432645965007727
0d202b3fd2f9793083186c75c82ba425,Cc1cc(C)c(S(=O)(=O)N(CCO)Cc2cc3cccc(C)c3[nH]c2=O)c(C)c1,0.12930177321488207,0.09295818429778922,0.049193105914376
76b97de76fc2f2e6602e7f6c4cc2d75a,Cn1ccnc1C(=O)N1CCC2(CC1)CN(c1ccc(C#N)c(C(F)(F)F)c1)C[C@@H]2CO,0.11700319363312288,0.16428193924101916,0.14477828466756779
5ff8c349dc3d2b248819066030b7fdce,Cc1cc(=O)c(O)c(C2(CC(=O)NCc3ccc(N(C)C)cc3)CCN(Cc3ccccc3)CC2)o1,0.14581648192622446,0.12115563917905092,0.05165533645247871
27c4e2cd714c156a2c5af12d6496c47e,CC(=O)c1ccc(S(=O)(=O)N(CCCO)Cc2cc3c(C)cc(C)cc3[nH]c2=O)cc1,0.13735237616029652,0.09514665603637695,0.035968875300816515
82b708eaf2549fc4ec4869099fb7124c,COc1ccc(N2C(=O)NC(=O)/C(=C/c3ccc(-c4cccc(C(=O)O)c4)o3)C2=O)cc1Cl,0.06947470405562357,0.07636146111921831,0.11302348226308823
a29eb29f5bd6e03319dc189384439d8f,CN(CCc1ccccn1)C(=O)c1cc2cc(C3(O)CCN(Cc4ccc(F)cc4)CC3)ccc2o1,0.17935051362622867,0.24476171284914017,0.17912620373747565
3f6fd3c6d8c32473aae68886642d1576,CCc1nnc2n1N[C@H](c1ccc(OC)c(Cl)c1)[C@@H](C(=O)Nc1ccccc1OC)S2,0.07903790262273767,0.07408406896072185,0.03496644590896639
cad4abf1ff24d7c5f75f4fbdef23826b,COc1cccc(C(=O)N2CCNC(=O)[C@@H]2Cc2cccc(-c3cccc(F)c3)c2)c1OC,0.13233104246583852,0.13219096435403282,0.07970763370394707
acc8c0a6baa24895b2434e110be06b91,OC1=Nc2c(ncn2-c2ccc(F)cc2)[C@H](c2cccc(F)c2F)C1,0.2554043727842244,0.26523926854133606,0.19125224446708505
e7015e0c9f1a4aa8390415e2bd47f370,CCCc1ccc(O[C@@H]2C[C@@H]3CN(CCc4cccc(C)n4)C[C@@H]3C[C@H]2O)c(OC)c1,0.14480485208332539,0.11430095144632188,0.06376541981642897
094672ff0e127e8fa195e015ee56cbe7,COc1ccc(CNC(=O)NCC[C@@H](O)c2ccsc2)cc1OC,0.057067002254453575,0.04914505159567026,0.007817492681417869
882b95224f9bc24617cb2e950add88d1,CO[C@@H]1C[C@@H](C(=O)NCCS(=O)(=O)c2ccc(F)cc2)CC[C@@H]1O,0.0657105352729559,0.043675585819238964,0.01481679577740248
0b764351180ae048592b2487a5b3fc0c,Cc1cccc(-c2nc(C)c(CCNS(=O)(=O)c3cc(C)c(C)cc3C)s2)c1,0.16701738637956706,0.11362160200422461,0.0953681164167144
f3325c7e6667fc433d73f349c215683b,Cn1nnc2cc(C(=O)N3CCC(CO)(CCCc4ccccc4)CC3)ccc21,0.07124272107400677,0.06934225525368344,0.04897851513868028
1073b2b2e24bdedd19a231bbfa64156d,O=C(N/N=C\c1ccc(-c2cccc(Cl)c2Cl)o1)[C@@H]1COc2ccccc2O1,0.18671214783733542,0.2024457657879049,0.2883788306604732
