inchikey,smiles,sources,independent_sources,evidence,record_ids,pactivity_ic50,pactivity_ki,activity_ic50,activity_ki,pactivity,activity,copy_differs,possible_unit_mistake,conflicting_values
CGPUJSIVRWHBDZ-KBMXLJTQSA-N,C[C@H](CS)C(=O)N1[C@@H](SCCCc2ccccc2)CC[C@H]1C(=O)O,chembl+manual+pubchem,chembl,measured,chembl:CHEMBL1004838:CHEMBL443353:row898;manual:50426204:0;pubchem:AID362193:SID103642479,10.537602002101044,,1.0,,10.537602002101044,1,False,False,False
RIWRWPXUDHZKIO-AJQVQDMVSA-N,O=C(N[C@H]1Cc2ccccc2C2CCC[C@H](C(=O)O)N2C1=O)[C@H](S)Cc1ccccc1,chembl+manual+pubchem,chembl,measured,chembl:CHEMBL881232:CHEMBL198316:row518;manual:50833689:5;pubchem:AID254756:SID103472314,9.958607314841775,,1.0,,9.958607314841775,1,False,False,False
JIRRQHFGEPCVJU-QFIPXVFZSA-N,NCCCC[C@H](OP(=O)(O)CCCCc1ccccc1)C(=O)N(CC(=O)O)c1ccc2c(c1)OCO2,chembl+manual+pubchem,chembl,measured,chembl:CHEMBL648337:CHEMBL35561:row317;manual:50991974:6;pubchem:AID39018:SID103208953,9.940058111938045,,1.0,,9.940058111938045,1,False,False,False
LVRLSYPNFFBYCZ-VGWMRTNUSA-N,O=C(N[C@H]1CCS[C@H]2CCC[C@@H](C(=O)O)N2C1=O)[C@@H](S)Cc1ccccc1,chembl+manual+pubchem,chembl,measured,chembl:CHEMBL4269905:CHEMBL289556:row1252;chembl:CHEMBL4269906:CHEMBL289556:row1355;chembl:CHEMBL4311874:CHEMBL289556:row786;chembl:CHEMBL6119899:CHEMBL289556:row1564;chembl:CHEMBL6119900:CHEMBL289556:row1378;manual:51141980:599;manual:51141982:572;manual:51227765:4;manual:51644111:602;manual:51644117:443;pubchem:AID1423283:SID103218648;pubchem:AID1423284:SID103218648;pubchem:AID1515583:SID103218648;pubchem:AID2246723:SID103218648;pubchem:AID2246724:SID103218648;chembl:CHEMBL1045247:CHEMBL289556:row972;chembl:CHEMBL4269909:CHEMBL289556:row1223;chembl:CHEMBL4269910:CHEMBL289556:row1129;pubchem:AID1423287:SID103218648;pubchem:AID1423288:SID103218648;pubchem:AID444546:SID103218648,9.0,10.795880017344075,1.0,1.0,9.897940008672037,1,False,False,True
UFLPIELGAQYNCT-SDHOMARFSA-N,NCCCC[C@H](OP(=O)(O)CCCCc1ccccc1)C(=O)N1C[C@@H](c2ccccc2)C[C@H]1C(=O)O,chembl+manual+pubchem,chembl,measured,chembl:CHEMBL648337:CHEMBL35309:row296;manual:50991910:8;pubchem:AID39018:SID103210009,9.880084589742008,,1.0,,9.880084589742008,1,False,False,False
XKCYVTMXMZFYCR-HYNSBDGHSA-N,CC(=O)S[C@H](C)C(=O)N1[C@H](C(=O)O)C[C@H](C(=O)O)[C@@H]1c1ccccc1,chembl+pubchem,chembl,measured,chembl:CHEMBL644714:CHEMBL1788109:row620;pubchem:AID38874:SID131287209,,9.795880017344075,,1.0,9.795880017344075,1,False,False,False
QVHZTNDYZCMLFE-SNPRPXQTSA-N,C[C@H](CS)C(=O)N1[C@@H](SCCc2ccccc2)CC[C@H]1C(=O)O,chembl+manual+pubchem,chembl,measured,chembl:CHEMBL1004838:CHEMBL526298:row750;manual:50426205:9;pubchem:AID362193:SID103642478,9.744727494896694,,1.0,,9.744727494896694,1,False,False,False
SELXLNMHXRYMKY-HZPDHXFCSA-N,O=C(O)C(=O)N[C@H](Cc1ccc(-c2cccc(Cl)c2)cc1)C[C@@H](O)C(=O)O,pubchem,pubchem,measured,pubchem:AID1919202:SID381621113;pubchem:AID1919202:SID381621113;pubchem:AID1919723:SID381621113,,9.698970004336019,,1.0,9.698970004336019,1,False,False,False
AMUOMYNSVLFGSU-NGKXAEKTSA-N,C[C@H](NC(CCC(=O)Nc1ccc(I)cc1)C(=O)O)C(=O)N1CCC[C@H]1C(=O)O,chembl+manual+pubchem,chembl,measured,chembl:CHEMBL648337:CHEMBL80665:row9;manual:50991946:10;manual:50995196:25;pubchem:AID39018:SID103280892,9.639974910810603,,1.0,,9.639974910810603,1,False,False,False
QJEIHINBTJNIIJ-ONEXVHNNSA-N,O=C(NC(Cc1ccccc1)C(=O)N[C@H](CCC(=O)N1c2ccccc2C[C@H]1C(=O)O)C(=O)O)OCc1ccccc1,chembl+manual+pubchem,chembl,measured,chembl:CHEMBL648337:CHEMBL78629:row534;manual:50991885:11;pubchem:AID39018:SID103280668,9.599980364934842,,1.0,,9.599980364934842,1,False,False,False
ICSYECGTOPPYSA-QHCPKHFHSA-N,COc1ccc(N(CC(=O)O)C(=O)[C@H](CCCCN)OP(=O)(O)CCCCc2ccccc2)cc1OC,chembl+manual+pubchem,chembl,measured,chembl:CHEMBL648337:CHEMBL35682:row356;manual:50991933:12;pubchem:AID39018:SID103209522,9.540004743952608,,1.0,,9.540004743952608,1,False,False,False
NPCGZZIMQIFYNV-QFIPXVFZSA-N,NCCCC[C@H](OP(=O)(O)CCCCc1ccccc1)C(=O)N(CC(=O)O)C1CCCCC1,chembl+manual+pubchem,chembl,measured,chembl:CHEMBL648337:CHEMBL285935:row264;manual:50991911:13;pubchem:AID39018:SID103209487,9.53003079050004,,1.0,,9.53003079050004,1,False,False,False
YNBOYTXJMIRRSS-GOTSBHOMSA-N,NCCCC[C@H](OP(=O)(O)CCCCc1ccccc1)C(=O)N1c2ccccc2C[C@H]1C(=O)O,chembl+manual+pubchem,chembl,measured,chembl:CHEMBL648337:CHEMBL284734:row1151;manual:50991892:14;pubchem:AID39018:SID103209937,9.53003079050004,,1.0,,9.53003079050004,1,False,False,False
FHEAVMZMNOBKAV-QZTJIDSGSA-N,O=C(O)CCC(=O)N[C@H](Cc1ccc(-c2cccc(Cl)c2)cc1)C[C@@H](O)C(=O)O,pubchem,pubchem,measured,pubchem:AID1919202:SID476023825,,9.500312917381596,,1.0,9.500312917381596,1,False,False,False
IAIDUHCBNLFXEF-MNEFBYGVSA-N,C[C@H](CSC(=O)c1ccccc1)C(=O)N1C[C@@H](Sc2ccccc2)C[C@H]1C(=O)O,chembl+manual+pubchem,chembl,measured,chembl:CHEMBL648689:CHEMBL331378:row477;manual:50799232:15;pubchem:AID39767:SID103339305,9.397940008672037,,1.0,,9.397940008672037,1,False,False,False
YJNWDJIIFRGLRO-ZCLHRBOTSA-N,O=C(N[C@@H](Cc1ccccc1)P(=O)(O)C[C@@H](Cc1cc(-c2ccccc2)no1)C(=O)N[C@@H](Cc1ccccc1)C(=O)O)OCc1ccccc1,chembl+pubchem,chembl,measured,chembl:CHEMBL1045247:CHEMBL570718:row861;pubchem:AID444546:SID103703099,,9.397940008672037,,1.0,9.397940008672037,1,False,False,False
ZPFSKFCSVXPMBD-JHOVWCEZSA-N,O=C(N[C@@H](Cc1ccccc1)P(=O)(O)C[C@@H](Cc1cc(-c2ccccc2)no1)C(=O)N[C@@H](Cc1ccc(O)cc1)C(=O)O)OCc1ccccc1,chembl+pubchem,chembl,measured,chembl:CHEMBL1045247:CHEMBL570732:row1029;pubchem:AID444546:SID103703101,,9.387216143280265,,1.0,9.387216143280265,1,False,False,False
FKYBDZSZSPXNKE-SDHOMARFSA-N,NCCCC[C@H](OP(=O)(O)CCCCc1ccccc1)C(=O)N1C[C@@H](C2CCCCC2)C[C@H]1C(=O)O,chembl+manual+pubchem,chembl,measured,chembl:CHEMBL648337:CHEMBL286339:row1142;manual:50991982:16;pubchem:AID39018:SID103209939,9.309981219211304,,1.0,,9.309981219211304,1,False,False,False
LKMZEKCFMCCVLU-FHWLQOOXSA-N,NCCCC[C@H](N[C@@H](CCc1ccccc1)C(=O)O)C(=O)N1CC2(C[C@H]1C(=O)O)SCCS2,chembl+manual+pubchem,chembl,measured,chembl:CHEMBL645288:CHEMBL295690:row1287;manual:50753106:17;pubchem:AID38853:SID103220226,9.301029995663981,,1.0,,9.301029995663981,1,False,False,False
OJBUNWORDYSDBG-KGLIPLIRSA-N,CCCC[C@H](N[C@@H]1CCc2ccccc2N(CC(=O)O)C1=O)C(=O)O,manual,manual,measured,manual:SD_236:1074,9.301029995663981,,1.0,,9.301029995663981,1,False,False,False
FQISISIMLFMVEY-IRXDYDNUSA-N,CCOC(=O)[C@H](CCc1ccccc1)NCC(=O)N1CC2(C[C@H]1C(=O)O)SCCS2,manual,manual,measured,manual:SD_195:1033,9.301029995663981,,1.0,,9.301029995663981,1,False,False,False
PMFRPUCBOVMLCM-RTBURBONSA-N,O=C(O)CCCC(=O)N[C@H](Cc1ccc(-c2cccc(Cl)c2)cc1)C[C@@H](O)C(=O)O,pubchem,pubchem,measured,pubchem:AID1919202:SID476023826,,9.300162274132754,,1.0,9.300162274132754,1,False,False,False
OBISBDQBCPFOOQ-SDHOMARFSA-N,NCCCC[C@H](OP(=O)(O)CCCCc1ccccc1)C(=O)N1C[C@@H](Sc2ccccc2)C[C@H]1C(=O)O,chembl+manual+pubchem,chembl,measured,chembl:CHEMBL648337:CHEMBL34832:row1081;manual:50991944:18;pubchem:AID39018:SID103208846,9.280006173632396,,1.0,,9.280006173632396,1,False,False,False
CFYJLONIQYEPQR-AABGKKOBSA-N,CS[C@@H]1C[C@@H](C(=O)O)N(C(=O)[C@H](CCCCN)OP(=O)(O)CCCCc2ccccc2)C1,chembl+manual+pubchem,chembl,measured,chembl:CHEMBL648337:CHEMBL289022:row440;manual:50991869:19;pubchem:AID39018:SID103208843,9.280006173632396,,1.0,,9.280006173632396,1,False,False,False
ZWHXNABGNKHSNF-HNSVSWJLSA-N,O=C(O)C(CCc1ccccc1)N[C@H]1CCC[C@H]2SC[C@@H](C(=O)O)N2C1=O,chembl+manual+pubchem,chembl,measured,chembl:CHEMBL883277:CHEMBL347755:row334;manual:50809167:20;manual:50991902:21;manual:50995199:601;pubchem:AID39622:SID103400461,9.221848749616356,,1.0,,9.221848749616356,1,False,False,False
ZWHXNABGNKHSNF-UIDBIOKJSA-N,O=C(O)C(CCc1ccccc1)N[C@H]1CCCC2SC[C@@H](C(=O)O)N2C1=O,chembl+pubchem,chembl,measured,chembl:CHEMBL645285:CHEMBL340528:row523;pubchem:AID38850:SID103362593,9.221848749616356,,1.0,,9.221848749616356,1,False,False,False
ZWHXNABGNKHSNF-SSHXOBKSSA-N,O=C(O)C(CCc1ccccc1)NC1CCC[C@H]2SC[C@@H](C(=O)O)N2C1=O,chembl+pubchem,chembl,measured,chembl:CHEMBL648337:CHEMBL312224:row1310;pubchem:AID39018:SID103280646,9.219970872662662,,1.0,,9.219970872662662,1,False,False,False
UQBKEHVOSNORFA-DLBZAZTESA-N,O=C(O)C(=O)N[C@H](Cc1ccc(-c2ccccc2)cc1)C[C@@H](CO)C(=O)O,pubchem,pubchem,measured,pubchem:AID1919202:SID381621132;pubchem:AID1919202:SID381621132;pubchem:AID1919723:SID381621132,,9.199970640755865,,1.0,9.199970640755865,1,False,False,False
IXBHIQKODCOORP-PMACEKPBSA-N,NCCCC[C@H](OP(=O)(O)CCCCc1ccccc1)C(=O)N1CC2(C[C@H]1C(=O)O)SCCS2,chembl+manual+pubchem,chembl,measured,chembl:CHEMBL648337:CHEMBL34650:row267;manual:50991998:22;pubchem:AID39018:SID103209376,9.199970640755865,,1.0,,9.199970640755865,1,False,False,False
FNTHJTUPRVAXFZ-UHFFFAOYSA-N,O=C(NNC(=S)Nc1ccc(Cl)c(Cl)c1)c1ccccc1O,chembl+manual+pubchem,chembl,measured,chembl:CHEMBL4383310:CHEMBL4476621:row1165;manual:51275907:23;pubchem:AID1584848:SID440152843,9.154901959985743,,1.0,,9.154901959985743,1,False,False,False
OBISBDQBCPFOOQ-DSITVLBTSA-N,NCCCC[C@H](OP(=O)(O)CCCCc1ccccc1)C(=O)N1C[C@H](Sc2ccccc2)C[C@H]1C(=O)O,chembl+manual+pubchem,chembl,measured,chembl:CHEMBL648337:CHEMBL431707:row1150;manual:50991937:24;pubchem:AID39018:SID103209401,9.110026361596004,,1.0,,9.110026361596004,1,False,False,False
AMUOMYNSVLFGSU-UHFFFAOYSA-N,CC(NC(CCC(=O)Nc1ccc(I)cc1)C(=O)O)C(=O)N1CCCC1C(=O)O,chembl+pubchem,chembl,measured,chembl:CHEMBL646945:CHEMBL110925:row1490;pubchem:AID38849:SID103328695,9.100015437450608,,1.0,,9.100015437450608,1,False,False,False
FMMDBLMCSDRUPA-BPUTZDHNSA-N,C[C@H](N[C@@H](CCc1ccccc1)C(=O)O)C(=O)N1CC2(C[C@H]1C(=O)O)SCCS2,chembl+manual+pubchem,chembl,measured,chembl:CHEMBL645288:CHEMBL579:row584;manual:50753112:26;manual:SD_192:1030;pubchem:AID38853:SID103179421,9.096910013008056,,1.0,,9.096910013008056,1,False,False,False
INKBVRKDEQLILX-QYZOEREBSA-N,NCCCC[C@H](OP(=O)(O)CCCCc1ccccc1)C(=O)N1C[C@H](O)C[C@H]1C(=O)O,chembl+manual+pubchem,chembl,measured,chembl:CHEMBL648337:CHEMBL33025:row407;manual:50991970:27;pubchem:AID39018:SID103209351,9.059981844992336,,1.0,,9.059981844992336,1,False,False,False
JHACRDJKRXAJTL-GSDHBNRESA-N,NCCCC[C@H](OP(=O)(O)CCCCc1ccccc1)C(=O)N1C[C@@H](Cc2ccccc2)C[C@H]1C(=O)O,chembl+manual+pubchem,chembl,measured,chembl:CHEMBL648337:CHEMBL284843:row702;manual:50991889:28;pubchem:AID39018:SID103209532,9.049976093476673,,1.0,,9.049976093476673,1,False,False,False
OWXUTBHOMWWGRA-SNPRPXQTSA-N,Cc1cccc(CS[C@H]2CC[C@@H](C(=O)O)N2C(=O)[C@H](C)CS)c1,chembl+manual+pubchem,chembl,measured,chembl:CHEMBL1004838:CHEMBL499612:row847;manual:50426198:29;pubchem:AID362193:SID103642621,9.045757490560675,,1.0,,9.045757490560675,1,False,False,False
FMMDBLMCSDRUPA-IMJJTQAJSA-N,C[C@H](N[C@H](CCc1ccccc1)C(=O)O)C(=O)N1CC2(C[C@H]1C(=O)O)SCCS2,manual,manual,measured,manual:SD_193:1031,9.045757490560675,,1.0,,9.045757490560675,1,False,False,False
VXFJYXUZANRPDJ-WTNASJBWSA-N,CCOC(=O)[C@H](CCc1ccccc1)N[C@@H](C)C(=O)N1[C@H](C(=O)O)C[C@H]2CCCC[C@@H]21,chembl+manual+pubchem,chembl,measured,chembl:CHEMBL648689:CHEMBL1519:row10;manual:50799242:30;pubchem:AID39767:SID103558689,9.031517051446064,,1.0,,9.031517051446064,1,False,False,False
IMWFTXYTKALWMO-RBUKOAKNSA-N,CCCCOC(=O)[C@H](CO)C[C@@H](Cc1ccc(-c2ccccc2F)cc1)NC(=O)C(=O)O,pubchem,pubchem,"limit, active",pubchem:AID1919202:SID381621133,,9.0,,1.0,9.0,1,False,False,False
MEYDTTSDGSPCMR-OAHLLOKOSA-N,O=C(O)C(=O)NN(Cc1ccc(-c2cc(Cl)ccc2F)cc1)C[C@@H](O)C(=O)O,pubchem,pubchem,"limit, active",pubchem:AID1919202:SID441289692;pubchem:AID1919723:SID441289692,,9.0,,1.0,9.0,1,False,False,False
BIDNLKIUORFRQP-XYGFDPSESA-N,CCC(=O)O[C@@H](O[P@](=O)(CCCCc1ccccc1)CC(=O)N1C[C@H](C2CCCCC2)C[C@H]1C(=O)O)C(C)C,chembl+pubchem,chembl,measured,chembl:CHEMBL648689:CHEMBL3039598:row1286;pubchem:AID39767:SID174510196,9.0,,1.0,,9.0,1,False,False,False
YXZQEDIJRYYQRM-NHCUHLMSSA-N,CCOCCCOC(=O)C(=O)N[C@H](Cc1ccc(-c2cccc(Cl)c2)cc1)C[C@@H](O)C(=O)O,pubchem,pubchem,"limit, active",pubchem:AID1919202:SID381621122;pubchem:AID1919723:SID381621122,,9.0,,1.0,9.0,1,False,False,False
HVAJEPIBVIJVJI-IAGOWNOFSA-N,Cc1cccc(-c2ccc(C[C@H](C[C@@H](O)C(=O)O)NC(=O)C(=O)O)cc2)c1,pubchem,pubchem,"limit, active",pubchem:AID1919202:SID476023807,,9.0,,1.0,9.0,1,False,False,False
YKATZJONNKNQSR-VFNWGFHPSA-N,C[C@@](CO)(C[C@@H](Cc1ccc(-c2cc(Cl)ccc2F)cc1)NC(=O)C(=O)O)C(=O)O,pubchem,pubchem,"limit, active",pubchem:AID1919723:SID441289687,,9.0,,1.0,9.0,1,False,False,False
YIMJMPFFIWOIDL-QMMLZNLJSA-N,C[C@H](CC(=O)[C@H](Cc1ccccc1)NC(=O)c1ccccc1)C(=O)N1CCC[C@H]1C(=O)O,chembl+manual+pubchem,chembl,measured,chembl:CHEMBL2208710:CHEMBL95564:row530;chembl:CHEMBL6179069:CHEMBL95564:row1610;manual:50977415:440;manual:51655708:439;manual:CHEMBL95564:839;pubchem:AID2272421:SID103311261;pubchem:AID39752:SID103311261;pubchem:AID711569:SID103311261,9.0,,1.0,,9.0,1,False,False,False
NGQWGKJYJFGUOS-NFBKMPQASA-N,CCOC(=O)[C@H](O)C[C@@H](Cc1ccc(-c2cccc(Cl)c2)cc1)NC(=O)c1cc(C(C)=O)n[nH]1,pubchem,pubchem,"limit, active",pubchem:AID1804988:SID441610716;pubchem:AID1806096:SID441610716,,9.0,,1.0,9.0,1,False,False,False
YMAHNNXDSXZHNC-CZUORRHYSA-N,O=C(O)C(=O)N[C@H](Cc1ccc(-c2cc(Cl)ccc2Cl)cc1)C[C@@H](O)C(=O)O,pubchem,pubchem,"limit, active",pubchem:AID1919202:SID381621123;pubchem:AID1919723:SID381621123,,9.0,,1.0,9.0,1,False,False,False
QQSIPEIBROJGNG-LURJTMIESA-N,O=C(O)CCn1c(=O)n2n(c1=O)[C@H](C(=O)O)C=CC2,chembl+manual+pubchem,chembl,measured,chembl:CHEMBL648337:CHEMBL310750:row1281;manual:50991888:442;pubchem:AID39018:SID103280082,9.0,,1.0,,9.0,1,False,False,False
QOZGOMQNKUHQSI-DHIUTWEWSA-N,N[C@H](Cc1ccc(-c2cccc(Cl)c2)cc1)C[C@@H](O)C(=O)OCc1ccccc1,pubchem,pubchem,"limit, active",pubchem:AID1919202:SID381621119;pubchem:AID1919723:SID381621119,,9.0,,1.0,9.0,1,False,False,False
XKOKFLHGIOWKBL-QZTJIDSGSA-N,CCOC(=O)C(=O)N[C@H](Cc1ccc(-c2cccc(Cl)c2)cc1)C[C@@H](O)C(=O)O,pubchem,pubchem,"limit, active",pubchem:AID1919202:SID381621114;pubchem:AID1919723:SID381621114,,9.0,,1.0,9.0,1,False,False,False
QIHWJRKVVCUXSQ-VQIMIIECSA-N,CC(C)OC(=O)[C@H](O)C[C@@H](Cc1ccc(-c2ccc(Cl)cc2F)cc1)NC(=O)C(=O)O,pubchem,pubchem,"limit, active",pubchem:AID1919202:SID476023778,,9.0,,1.0,9.0,1,False,False,False
QIHLPUMDHJFGDY-UHFFFAOYSA-N,CC(C)OC(=O)C(=O)NC(Cc1ccc(-c2cc(Cl)ccc2F)cc1)CC(O)C(=O)O,pubchem,pubchem,"limit, active",pubchem:AID1919723:SID484206671,,9.0,,1.0,9.0,1,False,False,False
WPSFKFJHDQSHKD-UHFFFAOYSA-N,O=C(O)C(=O)NC(Cc1ccc(-c2cccc(Cl)c2)c(Cl)c1)CC(O)C(=O)O,pubchem,pubchem,"limit, active",pubchem:AID1919723:SID381621127,,9.0,,1.0,9.0,1,False,False,False
WSAZYZFKDSCNFG-LSDHHAIUSA-N,O=C(O)C(=O)N[C@H](Cc1ccc(-c2ccccc2F)cc1)C[C@@H](CO)C(=O)O,pubchem,pubchem,"limit, active",pubchem:AID1919202:SID441289682;pubchem:AID1919723:SID441289682,,9.0,,1.0,9.0,1,False,False,False
WSAZYZFKDSCNFG-UHFFFAOYSA-N,O=C(O)C(=O)NC(Cc1ccc(-c2ccccc2F)cc1)CC(CO)C(=O)O,pubchem,pubchem,"limit, active",pubchem:AID1919723:SID381621134,,9.0,,1.0,9.0,1,False,False,False
QGGVJNKXFQVHJT-DLBZAZTESA-N,CCOC(=O)[C@H](CO)C[C@@H](Cc1ccc(-c2ccccc2F)cc1)NC(=O)C(=O)O,pubchem,pubchem,"limit, active",pubchem:AID1919202:SID476023787,,9.0,,1.0,9.0,1,False,False,False
QCFCYMNKAZHBRC-UHFFFAOYSA-N,CC(C)COC(=O)C(=O)NC(Cc1ccc(-c2cccc(Cl)c2)c(Cl)c1)CC(O)C(=O)O,pubchem,pubchem,"limit, active",pubchem:AID1919723:SID381621131,,9.0,,1.0,9.0,1,False,False,False
PYJYGXPFELOJJG-UHFFFAOYSA-N,CCOC(=O)C(=O)NC(Cc1ccc(-c2cc(Cl)ccc2F)cc1)CC(O)C(=O)O,pubchem,pubchem,"limit, active",pubchem:AID1919723:SID441289678,,9.0,,1.0,9.0,1,False,False,False
GBXATYMPTGWFQK-XSBVVTFOSA-N,CC(C)[C@@H](N)C(=O)OCOn1nnc2ccc(C(=O)N[C@H](Cc3ccc(-c4cccc(Cl)c4)cc3)C[C@@H](O)C(=O)O)cc21,pubchem,pubchem,"limit, active",pubchem:AID1804988:SID441610713;pubchem:AID1806096:SID441610713,,9.0,,1.0,9.0,1,False,False,False
PJOGDRBKVPGTCC-OQIFMSPXSA-N,CCC(=O)OC(OP(=O)(CCCc1ccccc1)CC(=O)N1C[C@H](C2CCCCC2)C[C@H]1C(=O)O)C(C)C,manual,manual,measured,manual:50799217:573,9.0,,1.0,,9.0,1,False,False,False
PNEXKZXWXPXMQL-UHFFFAOYSA-N,O=C(O)C(=O)NC(Cc1ccc(-c2cc(Cl)ccc2F)c(Cl)c1)CC(O)C(=O)O,pubchem,pubchem,"limit, active",pubchem:AID1919723:SID381621128,,9.0,,1.0,9.0,1,False,False,False
PTTZWLABWFRTPD-VFNWGFHPSA-N,C[C@@](CO)(C[C@@H](Cc1ccc(-c2cc(F)ccc2Cl)cc1)NC(=O)C(=O)O)C(=O)O,pubchem,pubchem,"limit, active",pubchem:AID1919202:SID476023796,,9.0,,1.0,9.0,1,False,False,False
GADXCEFVIQBOFT-QGZVFWFLSA-N,CCOC(=O)C(=O)NN(Cc1ccc(-c2ccc(Cl)cc2)c(Cl)c1)C[C@@H](O)C(=O)O,pubchem,pubchem,"limit, active",pubchem:AID1919202:SID476023810,,9.0,,1.0,9.0,1,False,False,False
NTEQDDWNWMUODU-UHFFFAOYSA-N,O=C(O)C(=O)NC(Cc1ccc(-c2cc(Cl)ccc2F)cc1)CC(O)C(=O)O,pubchem,pubchem,"limit, active",pubchem:AID1919723:SID441289675,,9.0,,1.0,9.0,1,False,False,False
SIUPZAIFXHTZHL-UHFFFAOYSA-N,Cc1ccc(Cl)cc1-c1ccc(CC(CC(O)C(=O)O)NC(=O)C(=O)O)cc1,pubchem,pubchem,"limit, active",pubchem:AID1919723:SID484206666,,9.0,,1.0,9.0,1,False,False,False
SNHCAFLFEWRQHX-HYBUGGRVSA-N,O=C(N[C@H](Cc1ccc(-c2cccc(Cl)c2)cc1)C[C@@H](O)C(=O)O)c1cc(-c2ccccc2F)no1,pubchem,pubchem,"limit, active",pubchem:AID1804988:SID441610717;pubchem:AID1806096:SID441610717,,9.0,,1.0,9.0,1,False,False,False
WAKDJLCHFJMMSV-YLJYHZDGSA-N,CC(C)COC(=O)C(=O)N[C@H](Cc1ccc(-c2cc(Cl)ccc2Cl)cc1)C[C@@H](O)C(=O)O,pubchem,pubchem,"limit, active",pubchem:AID1919723:SID441289673,,9.0,,1.0,9.0,1,False,False,False
VYNVQXHMNWXYAL-RCZVLFRGSA-N,CC(=O)OCOn1nnc2ccc(C(=O)N[C@H](Cc3ccc(-c4cccc(Cl)c4)cc3)C[C@@H](O)C(=O)O)cc21,pubchem,pubchem,"limit, active",pubchem:AID1804988:SID441610708;pubchem:AID1806096:SID441610708,,9.0,,1.0,9.0,1,False,False,False
FGRUCPXHPSGFNM-WZONZLPQSA-N,CCOC(=O)[C@H](O)C[C@@H](Cc1ccc(-c2cc(Cl)ccc2F)cc1)NC(=O)c1cc(C(C)=O)n[nH]1,pubchem,pubchem,"limit, active",pubchem:AID1804988:SID441610715;pubchem:AID1806096:SID441610715,,9.0,,1.0,9.0,1,False,False,False
WMJSCKJINQKESR-WOJBJXKFSA-N,CC(C)COC(=O)C(=O)N[C@H](Cc1ccc(-c2cccc(Cl)c2)cc1)C[C@@H](O)C(=O)O,pubchem,pubchem,"limit, active",pubchem:AID1919202:SID381621116;pubchem:AID1919723:SID381621116,,9.0,,1.0,9.0,1,False,False,False
DHQUCOLUILUPCT-ISKFKSNPSA-N,O=C(N[C@H](Cc1ccc(-c2cccc(Cl)c2)cc1)C[C@@H](O)C(=O)O)C(=O)OCCOc1ccccc1,pubchem,pubchem,"limit, active",pubchem:AID1919202:SID381621121;pubchem:AID1919723:SID381621121,,9.0,,1.0,9.0,1,False,False,False
APQLCLRWJADVNO-RTBURBONSA-N,COCCOC(=O)C(=O)N[C@H](Cc1ccc(-c2cccc(Cl)c2)cc1)C[C@@H](O)C(=O)O,pubchem,pubchem,"limit, active",pubchem:AID1919202:SID381621120;pubchem:AID1919723:SID381621120,,9.0,,1.0,9.0,1,False,False,False
VMRLLMJGWDIIFT-QGZVFWFLSA-N,CCOC(=O)C(=O)NN(Cc1ccc(-c2cc(F)ccc2Cl)cc1)C[C@@H](O)C(=O)O,pubchem,pubchem,"limit, active",pubchem:AID1919202:SID476023809,,9.0,,1.0,9.0,1,False,False,False
VFGJRJJYTXDGKV-UHFFFAOYSA-N,O=C(O)C(=O)NC(Cc1ccc(-c2ccccc2Cl)cc1)CC(CO)C(=O)O,pubchem,pubchem,"limit, active",pubchem:AID1919723:SID381621135,,9.0,,1.0,9.0,1,False,False,False
CKLHAIBGZHQBFS-DNQXCXABSA-N,CCCCOC(=O)C(=O)N[C@H](Cc1ccc(-c2cccc(Cl)c2)cc1)C[C@@H](O)C(=O)OCCCC,pubchem,pubchem,"limit, active",pubchem:AID1919202:SID483767237,,9.0,,1.0,9.0,1,False,False,False
UJYHEFQTJGPBRV-CRAIPNDOSA-N,CCOC(=O)[C@H](O)C[C@@H](Cc1ccc(-c2ccc(Cl)cc2F)cc1)NC(=O)C(=O)O,pubchem,pubchem,"limit, active",pubchem:AID1919202:SID476023777,,9.0,,1.0,9.0,1,False,False,False
ZJLMPQQUSAIJSM-RBUKOAKNSA-N,O=C(O)CCC(=O)N[C@H](Cc1ccc(-c2ccccc2)cc1)C[C@@H](CO)C(=O)O,pubchem,pubchem,measured,pubchem:AID1919202:SID476023821,,9.0,,1.0,9.0,1,False,False,False
ZTZBYLMVAMTFSD-UHFFFAOYSA-N,CC(=O)C(O)CC(Cc1ccc(-c2cc(Cl)ccc2F)c(Cl)c1)NC(=O)C(=O)O,pubchem,pubchem,"limit, active",pubchem:AID1919202:SID476023775,,9.0,,1.0,9.0,1,False,False,False
AUTLKITWOALLHZ-FOIQADDNSA-N,CC(C)COC(=O)[C@H](O)C[C@@H](Cc1ccc(-c2ccccc2Cl)c(Cl)c1)NC(=O)C(=O)O,pubchem,pubchem,"limit, active",pubchem:AID1919202:SID476023779,,9.0,,1.0,9.0,1,False,False,False
QCULNIJPRYWHAE-QFIPXVFZSA-N,NCCCC[C@H](OP(=O)(O)CCCCc1ccccc1)C(=O)N(CC(=O)O)c1ccccc1,chembl+manual+pubchem,chembl,measured,chembl:CHEMBL648337:CHEMBL284345:row225;manual:50991976:574;pubchem:AID39018:SID103209510,8.969805214643248,,1.0,,8.969805214643248,1,False,False,False
CTHFSMGTKMPAKM-CJESRSHOSA-N,C[C@H](NC(CCc1cccc2ccccc12)C(=O)O)C(=O)N1CCC[C@H]1C(=O)O,chembl+manual+pubchem,chembl,measured,chembl:CHEMBL648337:CHEMBL80779:row1153;manual:50991886:575;manual:50995220:635;pubchem:AID39018:SID103280393,8.96018944585165,,1.0,,8.96018944585165,1,False,False,False
CKJXIEFPECQCPK-GZMMRYBBSA-N,C[C@H](NC(Cc1ccccc1)C(=O)O)C(=O)N1C(=O)N(Cc2ccccc2)C[C@H]1C(=O)O,manual,manual,measured,manual:SD_181:1019,8.958607314841775,,1.0,,8.958607314841775,1,False,False,False
MFPBDCIKVMSRDU-XABBQPORSA-N,O=C(O)C(CCc1ccccc1)NC1Cc2ccccc2[C@H]2CCC[C@@H](C(=O)O)N2C1=O,chembl+pubchem,chembl,measured,chembl:CHEMBL644713:CHEMBL358203:row497;pubchem:AID38873:SID103394129,,8.920818753952375,,1.0,8.920818753952375,1,False,False,False
WGDICVGIVCXOTA-ZUEVXXBESA-N,C[C@H](N[C@](C)(CCc1ccccc1)C(=O)O)C(=O)N1CCC[C@H]1C(=O)O,chembl+pubchem,chembl,measured,chembl:CHEMBL645285:CHEMBL2304318:row42;pubchem:AID38850:SID164139023,8.920818753952375,,1.0,,8.920818753952375,1,False,False,False
LZFZMUMEGBBDTC-JDLVMGNASA-N,C[C@H](NC(CCc1ccccc1)C(=O)O)C(=O)N1CCC[C@H]1C(=O)O,chembl+manual+pubchem,chembl,measured,chembl:CHEMBL648337:CHEMBL39538:row426;manual:50991876:578;pubchem:AID39018:SID103214496,8.92009553233328,,1.0,,8.92009553233328,1,False,False,False
YJSMEONIEBYZRH-SJBKTWHCSA-N,COc1ccc2c(c1)CC[C@H]2[C@@H](CS)C(=O)N[C@@H](Cc1c[nH]c2ccccc12)C(=O)O,chembl+pubchem,chembl,measured,chembl:CHEMBL884718:CHEMBL305388:row667;pubchem:AID254288:SID103251352,,8.886056647693163,,1.0,8.886056647693163,1,False,False,False
UGGHNDGDVCUWQX-RITPCOANSA-N,C[C@@H](NP(=O)(O)O)C(=O)N1CCC[C@H]1C(=O)O,chembl,chembl,measured,chembl:CHEMBL644711:CHEMBL1161022:row297,,8.853871964321762,,1.0,8.853871964321762,1,False,False,False
ITMFWUAKJPURIP-XLKDAERCSA-N,O=C(N[C@@H](Cc1ccccc1)P(=O)(O)C[C@@H](Cc1cc(-c2ccccc2)no1)C(=O)N[C@@H](Cc1c[nH]c2ccccc12)C(=O)O)OCc1ccccc1,chembl+pubchem,chembl,measured,chembl:CHEMBL1045247:CHEMBL577753:row852;pubchem:AID444546:SID103703097,,8.853871964321762,,1.0,8.853871964321762,1,False,False,False
SFEYLVUYPIDQER-ANYOKISRSA-N,COc1ccc(CC(NC(=O)c2ccccc2)C(=O)CCC(=O)N2CCC[C@H]2C(=O)O)cc1OC,chembl+manual+pubchem,chembl,measured,chembl:CHEMBL648346:CHEMBL173849:row1322;manual:50028590:587;pubchem:AID39754:SID103433550,8.853871964321762,,1.0,,8.853871964321762,1,False,False,False
YJSIAPOCAPLBIW-DJNXLDHESA-N,O=C(NC(Cc1ccccc1)C(=O)CCC(=O)N1CCC[C@H]1C(=O)O)c1ccco1,chembl+manual+pubchem,chembl,measured,chembl:CHEMBL648346:CHEMBL172262:row491;manual:50599115:588;pubchem:AID39754:SID103434865,8.853871964321762,,1.0,,8.853871964321762,1,False,False,False
CKNHXDLZEFXBNR-IHPCNDPISA-N,CCCCCCCC[C@H](N[C@@H](C)C(=O)N1C(=O)N(Cc2ccccc2)C[C@H]1C(=O)O)C(=O)O,chembl+manual+pubchem,chembl,measured,chembl:CHEMBL644735:CHEMBL101469:row1108;manual:50752404:589;pubchem:AID37639:SID103317040,8.823908740944319,,1.0,,8.823908740944319,1,False,False,False
WOIWWYDXDVSWAZ-RTWAWAEBSA-N,O=C(O)[C@@H]1C[C@@H](C2CCCCC2)CN1C(=O)CP(=O)(O)CCCCc1ccccc1,chembl+pubchem,chembl,measured,chembl:CHEMBL2156010:CHEMBL581:row1072;pubchem:AID689997:SID103179429,,8.823908740944319,,1.0,8.823908740944319,1,False,False,False
UERNDUXVRTZBPS-IHRRRGAJSA-N,CCCCCCCC[C@H](N[C@@H](C)C(=O)N1C(=O)N(C)C[C@H]1C(=O)O)C(=O)O,chembl+manual+pubchem,chembl,measured,chembl:CHEMBL644735:CHEMBL101360:row942;manual:50752384:591;pubchem:AID37639:SID103317127,8.795880017344075,,1.0,,8.795880017344075,1,False,False,False
LZFZMUMEGBBDTC-QEJZJMRPSA-N,C[C@H](N[C@@H](CCc1ccccc1)C(=O)O)C(=O)N1CCC[C@H]1C(=O)O,chembl+manual+pubchem,chembl,measured,chembl:CHEMBL4021433:CHEMBL577:row1254;chembl:CHEMBL5258025:CHEMBL577:row1458;chembl:CHEMBL644705:CHEMBL577:row1340;chembl:CHEMBL644735:CHEMBL577:row642;chembl:CHEMBL645287:CHEMBL577:row419;chembl:CHEMBL645288:CHEMBL577:row341;chembl:CHEMBL646945:CHEMBL577:row68;chembl:CHEMBL648350:CHEMBL577:row438;chembl:CHEMBL648529:CHEMBL577:row1190;chembl:CHEMBL648683:CHEMBL577:row39;chembl:CHEMBL648701:CHEMBL577:row1466;chembl:CHEMBL883277:CHEMBL577:row349;manual:50635477:580;manual:50746462:359;manual:50746634:610;manual:50747102:583;manual:50752390:623;manual:50753109:614;manual:50757249:633;manual:50761148:613;manual:50764696:586;manual:50809139:582;manual:50995197:651;manual:51527195:577;manual:SD_185:1023;pubchem:AID1466507:SID103179234;pubchem:AID1954024:SID103179234;pubchem:AID37639:SID103179234;pubchem:AID38849:SID103179234;pubchem:AID38852:SID103179234;pubchem:AID38853:SID103179234;pubchem:AID38859:SID103179234;pubchem:AID38864:SID103179234;pubchem:AID39616:SID103179234;pubchem:AID39622:SID103179234;pubchem:AID39750:SID103179234;pubchem:AID39758:SID103179234;pubchem:AID39761:SID103179234,8.770303756120384,,1.0,,8.770303756120384,1,False,False,True
BXNQYLSIYOLODO-BQBZGAKWSA-N,C[C@H](NCS)C(=O)N1CCC[C@H]1C(=O)O,chembl+pubchem,chembl,measured,chembl:CHEMBL644715:CHEMBL166164:row299;pubchem:AID38875:SID103421671,,8.769551078621726,,1.0,8.769551078621726,1,False,False,False
VFAVNRVDTAPBNR-UBHSHLNASA-N,C[C@H](N[C@@H](CCc1ccccc1)C(=O)O)C(=O)N1C(=O)N(C)C[C@H]1C(=O)O,chembl+manual+pubchem,chembl,measured,chembl:CHEMBL644735:CHEMBL99701:row914;manual:50752383:596;pubchem:AID37639:SID103317102,8.769551078621726,,1.0,,8.769551078621726,1,False,False,False
JUKHDGIMURKPAP-VDGAXYAQSA-N,C[C@H](N[C@@H](CCc1ccccc1)C(=O)O)C(=O)N1C(=O)N(Cc2ccccc2)C[C@H]1C(=O)O,chembl+manual+pubchem,chembl,measured,chembl:CHEMBL644735:CHEMBL100413:row641;manual:50752387:594;pubchem:AID37639:SID103316945,8.769551078621726,,1.0,,8.769551078621726,1,False,False,False
MADRIHWFJGRSBP-ROUUACIJSA-N,O=C(O)CN1C(=O)[C@@H](N[C@@H](CCc2ccccc2)C(=O)O)CCc2ccccc21,chembl+manual+pubchem,chembl,measured,chembl:CHEMBL5258025:CHEMBL1192519:row1154;manual:51527211:597;pubchem:AID1954024:SID160687810,8.769551078621726,,1.0,,8.769551078621726,1,False,False,False
VUEMZVPEAVUVHY-JSGCOSHPSA-N,C[C@H](NP(=O)(O)CCc1ccccc1)C(=O)N1CCC[C@H]1C(=O)O,chembl+manual+pubchem,chembl,measured,chembl:CHEMBL648337:CHEMBL309601:row989;manual:50991938:700;pubchem:AID39018:SID103280133;chembl:CHEMBL644711:CHEMBL309601:row1373;pubchem:AID38871:SID103280133,8.15002808767115,9.301029995663981,1.0,1.0,8.725529041667565,1,False,False,False
CFYJLONIQYEPQR-UFYCRDLUSA-N,CS[C@H]1C[C@@H](C(=O)O)N(C(=O)[C@H](CCCCN)OP(=O)(O)CCCCc2ccccc2)C1,chembl+manual+pubchem,chembl,measured,chembl:CHEMBL648337:CHEMBL433442:row710;manual:50991986:598;pubchem:AID39018:SID103208913,8.720105019988361,,1.0,,8.720105019988361,1,False,False,False
ZWHXNABGNKHSNF-UHFFFAOYSA-N,O=C(O)C(CCc1ccccc1)NC1CCCC2SCC(C(=O)O)N2C1=O,chembl+pubchem,chembl,measured,chembl:CHEMBL646945:CHEMBL322266:row603;pubchem:AID38849:SID103328448,8.700057099977233,,1.0,,8.700057099977233,1,False,False,False
CZDSEQUNZGMJPF-MJBXVCDLSA-N,O=C(CS)N[C@H]1Cc2ccccc2[C@H]2CCC[C@@H](C(=O)O)N2C1=O,chembl+pubchem,chembl,measured,chembl:CHEMBL5258029:CHEMBL5281720:row180;pubchem:AID1954028:SID494413854,,8.698970004336019,,1.0,8.698970004336019,1,False,False,False
SLHZGQUSIZGOKT-HOTGVXAUSA-N,O=C(O)CN1CCCCC[C@H](N[C@@H](CCc2ccccc2)C(=O)O)C1=O,chembl+manual+pubchem,chembl,measured,chembl:CHEMBL644704:CHEMBL2114219:row100;manual:50030079:600;pubchem:AID38863:SID163316118,8.698970004336019,,1.0,,8.698970004336019,1,False,False,False
MMGCSVIXPMTZFM-ACRUOGEOSA-N,CCCCCCCC[C@H](N[C@@H](CC)C(=O)N1C(=O)N(Cc2ccccc2)C[C@H]1C(=O)O)C(=O)O,chembl+manual+pubchem,chembl,measured,chembl:CHEMBL644734:CHEMBL328378:row1061;manual:50752402:603;pubchem:AID37638:SID103316829,8.67778070526608,,1.0,,8.67778070526608,1,False,False,False
PFDASPRFUYLYPB-BPUTZDHNSA-N,CC(C)C[C@H](N[C@@H](C)C(=O)N1C(=O)N(Cc2ccccc2)C[C@H]1C(=O)O)C(=O)O,chembl+manual+pubchem,chembl,measured,chembl:CHEMBL644735:CHEMBL99798:row916;manual:50752395:604;pubchem:AID37639:SID103316954,8.67778070526608,,1.0,,8.67778070526608,1,False,False,False
OZPFXIPKGLHUDK-QRFGZVGRSA-N,NCCC[C@H](NC(CCc1ccccc1)C(=O)O)C(=O)N1CCC[C@H]1C(=O)O,chembl+manual+pubchem,chembl,measured,chembl:CHEMBL648337:CHEMBL309308:row1299;manual:50991919:605;pubchem:AID39018:SID103280364,8.659952682338607,,1.0,,8.659952682338607,1,False,False,False
OLMPXRUAQBIBRA-ZKNZNYJQSA-N,C[C@H](NC(CCc1ccccc1)C(=O)O)C(=O)N1CC2CCCCC2[C@H]1C(=O)O,chembl+manual+pubchem,chembl,measured,chembl:CHEMBL648337:CHEMBL78346:row1409;manual:50991879:606;pubchem:AID39018:SID103280392,8.659952682338607,,1.0,,8.659952682338607,1,False,False,False
YSRVQAHAXCLQNP-ACRUOGEOSA-N,CC[C@H](N[C@@H](CCc1ccccc1)C(=O)O)C(=O)N1C(=O)N(Cc2ccccc2)C[C@H]1C(=O)O,chembl+manual+pubchem,chembl,measured,chembl:CHEMBL644735:CHEMBL100826:row915;manual:50752382:608;pubchem:AID37639:SID103316944,8.638272163982407,,1.0,,8.638272163982407,1,False,False,False
VIXKOXBBQAKSPP-SNPRPXQTSA-N,Cc1ccccc1CS[C@H]1CC[C@@H](C(=O)O)N1C(=O)[C@H](C)CS,chembl+manual+pubchem,chembl,measured,chembl:CHEMBL1004838:CHEMBL500408:row768;manual:50426197:607;pubchem:AID362193:SID103642703,8.638272163982407,,1.0,,8.638272163982407,1,False,False,False
IPVQLZZIHOAWMC-QXKUPLGCSA-N,CCC[C@H](N[C@@H](C)C(=O)N1[C@H](C(=O)O)C[C@@H]2CCCC[C@@H]21)C(=O)OCC,chembl+manual+pubchem,chembl,measured,chembl:CHEMBL2445166:CHEMBL1581:row978;chembl:CHEMBL5258025:CHEMBL1581:row1447;manual:51200730:590;manual:51527210:644;pubchem:AID1954024:SID103589744;pubchem:AID780571:SID103589744,8.633803120088515,,1.0,,8.633803120088515,1,False,False,False
PVTGPGODYMYICV-KKUMJFAQSA-N,CCCCCCCC[C@H](N[C@@H](CC)C(=O)N1C(=O)N(C)C[C@H]1C(=O)O)C(=O)O,chembl+manual+pubchem,chembl,measured,chembl:CHEMBL644735:CHEMBL100063:row529;manual:50752398:609;pubchem:AID37639:SID103317128,8.619788758288394,,1.0,,8.619788758288394,1,False,False,False
UERNDUXVRTZBPS-YIOYIWSBSA-N,CCCCCCCCC(N[C@H](C)C(=O)N1C(=O)N(C)C[C@H]1C(=O)O)C(=O)O,manual,manual,measured,manual:SD_172:1010,8.619788758288394,,1.0,,8.619788758288394,1,False,False,False
XDWHKNMOKKQICZ-XBFCOCLRSA-N,C[C@H](CS)C(=O)N1[C@@H](SCc2ccccc2)CC[C@H]1C(=O)O,chembl+manual+pubchem,chembl,measured,chembl:CHEMBL1004838:CHEMBL498798:row305;manual:50426206:611;pubchem:AID362193:SID103642477,8.619788758288394,,1.0,,8.619788758288394,1,False,False,False
JUKHDGIMURKPAP-VBHUFULTSA-N,C[C@@H](NC(CCc1ccccc1)C(=O)O)C(=O)N1C(=O)N(Cc2ccccc2)C[C@H]1C(=O)O,manual,manual,measured,manual:SD_182:1020,8.619788758288394,,1.0,,8.619788758288394,1,False,False,False
UBQFBYMIHFXWBF-YTCPBCGMSA-N,CS(=O)(=O)N[C@@H](CCCCN)C(=O)N[C@@H](Cc1ccccc1)P(=O)(O)CC1(C(=O)N[C@@H](Cc2c[nH]c3ccccc23)C(=O)O)CCCC1,chembl+manual+pubchem,chembl,measured,chembl:CHEMBL1045247:CHEMBL43370:row611;manual:50541754:612;pubchem:AID444546:SID103222016,8.602059991327963,,1.0,,8.602059991327963,1,False,False,False
IDZZAJWBZOYMDE-VQTJNVASSA-N,O=C(O)CCCC(=O)N[C@H](Cc1ccc(-c2ccccc2)cc1)C[C@@H](CO)C(=O)O,pubchem,pubchem,measured,pubchem:AID1919202:SID476023822,,8.600326278518962,,1.0,8.600326278518962,1,False,False,False
LUBUWWJQDKOGJU-PMACEKPBSA-N,CSC1(SC)C[C@@H](C(=O)O)N(C(=O)[C@H](CCCCN)OP(=O)(O)CCCCc2ccccc2)C1,chembl+manual+pubchem,chembl,measured,chembl:CHEMBL648337:CHEMBL445561:row1105;manual:50991983:615;pubchem:AID39018:SID103209381,8.590066876668706,,1.0,,8.590066876668706,1,False,False,False
AXVDQOXRBHQTCS-PRWSFJOGSA-N,CC(C)CCC(N[C@@H](C)C(=O)N1CCC[C@H]1C(=O)O)C(=O)O,chembl+manual+pubchem,chembl,measured,chembl:CHEMBL648337:CHEMBL78340:row224;manual:50991904:616;manual:50995206:704;pubchem:AID39018:SID103281111,8.590066876668706,,1.0,,8.590066876668706,1,False,False,False
OLMPXRUAQBIBRA-BITBVIDPSA-N,CC(NC(CCc1ccccc1)C(=O)O)C(=O)N1CC2CCCCC2[C@H]1C(=O)O,manual,manual,measured,manual:SD_216:1054,8.585026652029182,,1.0,,8.585026652029182,1,False,False,False
XYVFGQVIZOKXTN-KCJUWKMLSA-N,C[C@H](CS)C(=O)N1c2ccccc2C[C@H]1C(=O)O,chembl+manual+pubchem,chembl,measured,chembl:CHEMBL5258025:CHEMBL75752:row1460;manual:51527197:618;pubchem:AID1954024:SID164130407,8.585026652029182,,1.0,,8.585026652029182,1,False,False,False
SRLYSIJXJMTRAN-XAHBPJGFSA-N,CC(NC(CCc1ccccc1)C(=O)O)C(=O)N1C(C(=O)O)c2ccccc2C[C@H]1C(=O)O,manual,manual,measured,manual:SD_214:1052,8.55284196865778,,1.0,,8.55284196865778,1,False,False,False
GXMFOLDKCVCVLH-NGKXAEKTSA-N,C[C@H](NC(CCc1ccc(O)cc1)C(=O)O)C(=O)N1CCC[C@H]1C(=O)O,chembl+manual+pubchem,chembl,measured,chembl:CHEMBL648337:CHEMBL78726:row981;manual:50991967:621;pubchem:AID39018:SID103281184,8.550059011226661,,1.0,,8.550059011226661,1,False,False,False
JAQXSISJHIGYFQ-GFMRDNFCSA-N,O=C(O)CN1C(=O)/C(=N\C(=S)NCc2cc3ccccc3cc2O)c2ccccc21,chembl+manual+pubchem,chembl,measured,chembl:CHEMBL4135397:CHEMBL4174467:row752;manual:50986265:619;pubchem:AID1503699:SID404652375,8.545765104251734,,1.0,,8.545765104251734,1,False,False,False
FLSLEGPOVLMJMN-YSSFQJQWSA-N,C[C@H](N[C@@H](CCc1ccccc1)C(=O)O)C(=O)N1Cc2ccccc2C[C@H]1C(=O)O,chembl+manual+pubchem,chembl,measured,chembl:CHEMBL5258025:CHEMBL1733:row941;chembl:CHEMBL644699:CHEMBL1733:row57;chembl:CHEMBL648350:CHEMBL1733:row332;chembl:CHEMBL648701:CHEMBL1733:row181;manual:50746457:200;manual:50746624:622;manual:50757251:626;manual:51527206:620;pubchem:AID1954024:SID103687918;pubchem:AID38858:SID103687918;pubchem:AID39750:SID103687918;pubchem:AID39758:SID103687918,8.545221985379413,,1.0,,8.545221985379413,1,False,False,True
VIHKIBSMMVVAFW-PXZKZTPFSA-N,C[C@H](NC(C(=O)O)C1CCCN1C(=O)c1ccccc1)C(=O)N1CCC[C@H]1C(=O)O,chembl+manual+pubchem,chembl,measured,chembl:CHEMBL648337:CHEMBL312431:row173;manual:50991873:627;pubchem:AID39018:SID103280206,8.54000474395261,,1.0,,8.54000474395261,1,False,False,False
YSXIHAWDZYYCHW-NZEUDUFCSA-N,C[C@H](NC(CCCNC(=O)OCc1ccccc1)C(=O)O)C(=O)N1CCC[C@H]1C(=O)O,chembl+manual+pubchem,chembl,measured,chembl:CHEMBL648337:CHEMBL311268:row1152;manual:50991934:625;pubchem:AID39018:SID103280266,8.54000474395261,,1.0,,8.54000474395261,1,False,False,False
MNZVVFGQFXOMMR-UHFFFAOYSA-N,CC(NC(C(=O)O)C1CCCN1C(=O)NC(Cc1ccccc1)C(=O)NC(Cc1ccccc1)C(=O)O)C(=O)N1CCCC1C(=O)O,chembl+pubchem,chembl,measured,chembl:CHEMBL645287:CHEMBL263460:row498;pubchem:AID38852:SID103375669,8.537602002101044,,1.0,,8.537602002101044,1,False,False,False
VIHKIBSMMVVAFW-UHFFFAOYSA-N,CC(NC(C(=O)O)C1CCCN1C(=O)c1ccccc1)C(=O)N1CCCC1C(=O)O,chembl+pubchem,chembl,measured,chembl:CHEMBL645287:CHEMBL335997:row45;pubchem:AID38852:SID103376120,8.537602002101044,,1.0,,8.537602002101044,1,False,False,False
XCJANLVRPWZEHK-ROUUACIJSA-N,O=C(O)CN1C(=O)[C@@H](N[C@@H](CSCc2ccccc2)C(=O)O)CCc2ccccc21,chembl+manual+pubchem,chembl,measured,chembl:CHEMBL644701:CHEMBL289267:row1103;manual:50745430:624;pubchem:AID38860:SID103220544,8.537602002101044,,1.0,,8.537602002101044,1,False,False,False
CMPAGYDKASJORH-UHFFFAOYSA-N,COc1cc2c(cc1OC)CN(C(=O)C(C)NC(CCc1ccccc1)C(=O)O)C(C(=O)O)C2,chembl+manual+pubchem,chembl,measured,chembl:CHEMBL648350:CHEMBL58042:row1070;manual:50746623:630;pubchem:AID39758:SID103248185,8.522878745280337,,1.0,,8.522878745280337,1,False,False,False
UWIKUJFVCXNPLG-LYKKTTPLSA-N,O=C(O)CN1C(=O)[C@@H](NC(CCc2ccccc2)C(=O)O)CSc2ccccc21,chembl+pubchem,chembl,measured,chembl:CHEMBL645285:CHEMBL290284:row165;pubchem:AID38850:SID103214636,8.522878745280337,,1.0,,8.522878745280337,1,False,False,False
WGZIYCGGLYMCJN-UHFFFAOYSA-N,CC(CC(=O)C(Cc1ccccc1)NC(=O)C(CCCCN)NC(=O)C1CCC1)C(=O)N1CCCC1C(=O)O,chembl+pubchem,chembl,measured,chembl:CHEMBL644577:CHEMBL10521:row526;pubchem:AID37636:SID103170132,8.522878745280337,,1.0,,8.522878745280337,1,False,False,False
ZQAPMPGSRFFFSJ-MQGJPIDWSA-N,C[C@H](N[C@@H](C[C@H](Cc1ccccc1)NC(=O)c1ccccc1)C(=O)O)C(=O)N1CCC[C@H]1C(=O)O,chembl+pubchem,chembl,measured,chembl:CHEMBL645287:CHEMBL2112768:row74;pubchem:AID38852:SID163329692,8.522878745280337,,1.0,,8.522878745280337,1,False,False,False
CMPAGYDKASJORH-YSSFQJQWSA-N,COc1cc2c(cc1OC)CN(C(=O)[C@H](C)N[C@@H](CCc1ccccc1)C(=O)O)[C@H](C(=O)O)C2,chembl+manual+pubchem,chembl,measured,chembl:CHEMBL5258025:CHEMBL1201405:row1388;manual:51527207:629;pubchem:AID1954024:SID124968855,8.522878745280337,,1.0,,8.522878745280337,1,False,False,False
YIMJMPFFIWOIDL-UIFIKXQLSA-N,C[C@H](CC(=O)[C@@H](Cc1ccccc1)NC(=O)c1ccccc1)C(=O)N1CCC[C@H]1C(=O)O,chembl+manual+pubchem,chembl,measured,chembl:CHEMBL648337:CHEMBL309941:row1278;manual:50991882:628;manual:CHEMBL309941:836;pubchem:AID39018:SID103280170;pubchem:AID39752:SID103280170,8.51999305704285,,1.0,,8.51999305704285,1,True,False,False
CTSKSCPCVAXLDX-IUDNXUCKSA-N,C[C@@H]1CCCC(NC(CCc2ccccc2)C(=O)O)C(=O)N1CC(=O)O,chembl+manual+pubchem,chembl,measured,chembl:CHEMBL648337:CHEMBL311363:row1263;manual:50991988:631;manual:50995198:721;pubchem:AID39018:SID103280893,8.51999305704285,,1.0,,8.51999305704285,1,False,False,False
CUKQMSYVQGXHKG-UHFFFAOYSA-N,CC(NC(CCc1ccccc1)C(=O)O)C(=O)N1Cc2ccccc2C1C(=O)O,chembl+manual+pubchem,chembl,measured,chembl:CHEMBL648350:CHEMBL58480:row388;manual:50746630:632;pubchem:AID39758:SID103248389,8.508638306165727,,1.0,,8.508638306165727,1,False,False,False
UBGLGLPTIXRYAE-UHFFFAOYSA-N,O=C(O)Cn1c(=O)n2n(c1=O)C(C(=O)O)C=CC2,chembl+manual+pubchem,chembl,measured,chembl:CHEMBL646945:CHEMBL326902:row742;manual:50995195:634;pubchem:AID38849:SID103328458,8.500038134403809,,1.0,,8.500038134403809,1,False,False,False
CTHFSMGTKMPAKM-UHFFFAOYSA-N,CC(NC(CCc1cccc2ccccc12)C(=O)O)C(=O)N1CCCC1C(=O)O,chembl+pubchem,chembl,measured,chembl:CHEMBL646945:CHEMBL105971:row33;pubchem:AID38849:SID103328672,8.500038134403809,,1.0,,8.500038134403809,1,False,False,False
GKCBQPXKGNTQKX-UXPWSPDFSA-N,C[C@@H](NC(=O)[C@H](Cc1ccccc1)NC(=O)c1ccccc1)C(=O)N1CCC[C@H]1C(=O)O,chembl,chembl,measured,chembl:CHEMBL645285:CHEMBL131552:row600,8.494850021680094,,1.0,,8.494850021680094,1,False,False,False
GNCWXHHRBZYERE-OALUTQOASA-N,CC(C)C[C@H](S)C(=O)N[C@@H](Cc1ccc(-c2ccccc2)cc1)C(=O)O,chembl+pubchem,chembl,measured,chembl:CHEMBL933039:CHEMBL271225:row957;pubchem:AID317219:SID103574477,,8.494850021680094,,1.0,8.494850021680094,1,False,False,False
ZAWBEQGYRDRFPU-BVGQSLNGSA-N,C[C@H](CS)C(=O)N1[C@@H](SCc2cccc3ccccc23)CC[C@H]1C(=O)O,chembl+manual+pubchem,chembl,measured,chembl:CHEMBL1004838:CHEMBL526896:row97;manual:50426203:638;pubchem:AID362193:SID103642552,8.494850021680094,,1.0,,8.494850021680094,1,False,False,False
FKYBDZSZSPXNKE-DSITVLBTSA-N,NCCCC[C@H](OP(=O)(O)CCCCc1ccccc1)C(=O)N1C[C@H](C2CCCCC2)C[C@H]1C(=O)O,chembl+manual+pubchem,chembl,measured,chembl:CHEMBL648337:CHEMBL287518:row1309;manual:50991942:639;pubchem:AID39018:SID103209475,8.489991487059765,,1.0,,8.489991487059765,1,False,False,False
MGQMBWGOPWCIRN-XOKHGSTOSA-N,CC(C)c1ccc(CS[C@@H]2CC[C@@H](C(=O)O)N2C(=O)[C@H](C)CS)cc1,chembl+manual+pubchem,chembl,measured,chembl:CHEMBL1004838:CHEMBL499305:row896;manual:50426193:640;pubchem:AID362193:SID103642707,8.481486060122112,,1.0,,8.481486060122112,1,False,False,False
FBHXDPZPVJNMKH-XIRDDKMYSA-N,CC(C)CC[C@H](N[C@@H](C)C(=O)N1C(=O)N(Cc2ccccc2)C[C@H]1C(=O)O)C(=O)O,chembl+manual+pubchem,chembl,measured,chembl:CHEMBL644735:CHEMBL430689:row1115;manual:50752388:641;pubchem:AID37639:SID103317041,8.481486060122112,,1.0,,8.481486060122112,1,False,False,False
AXRXFRGZPISJFC-BRXZJMEYSA-N,NCCCCC(NC(=O)OCc1ccccc1)C(=O)N[C@H](CCC(=O)N1[C@H](C(=O)O)C[C@@H]2CCCC[C@@H]21)C(=O)O,chembl+manual+pubchem,chembl,measured,chembl:CHEMBL648337:CHEMBL311757:row402;manual:50991961:642;pubchem:AID39018:SID103280667,8.460046158343603,,1.0,,8.460046158343603,1,False,False,False
VQRWTUVJWQDHMN-DRZSPHRISA-N,C[C@H](N[C@@H](CCc1ccccc1)C(=O)O)C(=O)N1C(=O)NC[C@H]1C(=O)O,chembl+manual+pubchem,chembl,measured,chembl:CHEMBL644735:CHEMBL431052:row64;manual:50752399:643;pubchem:AID37639:SID103316953,8.455931955649724,,1.0,,8.455931955649724,1,False,False,False
JYQAYNBQWZLMHO-UHFFFAOYSA-N,O=C(O)C(=O)NN(Cc1ccc(-c2cccc(Cl)c2)cc1)CC(O)C(=O)O,pubchem,pubchem,measured,pubchem:AID1919202:SID476023803,,8.449771646944907,,1.0,8.449771646944907,1,False,False,False
YZFDYPGDRYHPEQ-CVEARBPZSA-N,O=C(O)C(=O)N[C@@H](Cc1ccc(-c2ccccc2)cc1Cl)C[C@H](CO)C(=O)O,pubchem,pubchem,measured,pubchem:AID1919202:SID476023790,,8.449771646944907,,1.0,8.449771646944907,1,False,False,False
TWGLJDMZLDWMRA-DOTOQJQBSA-N,O=C(O)C(=O)N[C@H](Cc1ccc(-c2ccc(F)cc2)cc1)C[C@@H](CO)C(=O)O,pubchem,pubchem,measured,pubchem:AID1919202:SID441289684,,8.449771646944907,,1.0,8.449771646944907,1,False,False,False
LPZMRXGQZHOZIV-DYESRHJHSA-N,C[C@](CO)(C[C@@H](Cc1ccc(-c2ccc(Cl)cc2)cc1)NC(=O)C(=O)O)C(=O)O,pubchem,pubchem,measured,pubchem:AID1919202:SID476023800,,8.449771646944907,,1.0,8.449771646944907,1,False,False,False
MKAMDEXNYVHVRP-ZEQKJWHPSA-N,CCCC(=O)OCOn1nnc2ccc(C(=O)N[C@H](Cc3ccc(-c4cccc(Cl)c4)cc3)C[C@@H](O)C(=O)O)cc21,pubchem,pubchem,measured,pubchem:AID1804988:SID441610714;pubchem:AID1806096:SID441610714,,8.449771646944907,,1.0,8.449771646944907,1,False,False,False
BSHDUMDXSRLRBI-JOYOIKCWSA-N,O=C(O)[C@@H]1CS[C@H](c2ccccc2O)N1C(=O)CCS,chembl+manual+pubchem,chembl,measured,chembl:CHEMBL5229289:CHEMBL309962:row1174;chembl:CHEMBL5229289:CHEMBL309962:row850;chembl:CHEMBL648337:CHEMBL309962:row1419;manual:50991928:645;manual:50995214:781;manual:51508743:816;pubchem:AID1926205:SID103280915;pubchem:AID1926205:SID103280915;pubchem:AID39018:SID103280915;chembl:CHEMBL5229289:CHEMBL309962:row813;pubchem:AID1926205:SID103280915,8.221848749616356,8.657577319177793,1.0,1.0,8.439713034397075,1,False,False,False
BAUPNCSSOJSBCN-JRGCBEDISA-N,C[C@H](C[Si](O)(O)[C@H](Cc1ccccc1)NC(=O)c1ccccc1)C(=O)N1CCC[C@H]1C(=O)O,chembl+manual+pubchem,chembl,measured,chembl:CHEMBL2184742:CHEMBL2097001:row848;chembl:CHEMBL2208710:CHEMBL2097001:row723;chembl:CHEMBL2317817:CHEMBL2097001:row1054;chembl:CHEMBL6179069:CHEMBL2097001:row1385;manual:50970798:648;manual:50977416:646;manual:51038878:647;manual:51655709:649;pubchem:AID2272421:SID163322718;pubchem:AID706163:SID163322718;pubchem:AID711569:SID163322718;pubchem:AID722045:SID163322718,8.42021640338319,,1.0,,8.42021640338319,1,False,False,False
VNJDJPOTECLILR-IAGOWNOFSA-N,O=C(O)CC(=O)N[C@H](Cc1ccc(-c2cccc(Cl)c2)cc1)C[C@@H](O)C(=O)O,pubchem,pubchem,measured,pubchem:AID1919202:SID476023824,,8.400116927926312,,1.0,8.400116927926312,1,False,False,False
SCLVAMUVMTZGEU-INIZCTEOSA-N,O=C(O)[C@@H]1CC2(CN1C(=O)CP(=O)(O)CCCCc1ccccc1)SCCS2,chembl+manual+pubchem,chembl,measured,chembl:CHEMBL648337:CHEMBL277270:row370;manual:50991965:655;manual:50995222:748;pubchem:AID39018:SID103179355,8.400007822415901,,1.0,,8.400007822415901,1,False,False,False
RLAWWYSOJDYHDC-UHFFFAOYSA-N,NCCCCC(NC(CCc1ccccc1)C(=O)O)C(=O)N1CCCC1C(=O)O,chembl+pubchem,chembl,measured,chembl:CHEMBL646945:CHEMBL105890:row804;pubchem:AID38849:SID103328732,8.400007822415901,,1.0,,8.400007822415901,1,False,False,False
AKSMLLXRBFIIDE-CFVMTHIKSA-N,C[C@H](NC(=O)[C@@H](CS)Cc1ccccc1)C(=O)N1CCC[C@H]1C(=O)O,chembl+manual+pubchem,chembl,measured,chembl:CHEMBL648282:CHEMBL299181:row1040;manual:50983651:656;pubchem:AID38454:SID103235000,8.397940008672037,,1.0,,8.397940008672037,1,False,False,False
YSERSWXWBJFHEC-CABCVRRESA-N,O=C1N[C@H](C(=O)O)CCCCCc2cccc(c2)C[C@@H]1CS,chembl+manual+pubchem,chembl,measured,chembl:CHEMBL644707:CHEMBL147185:row681;manual:50093744:658;pubchem:AID38866:SID103393696,8.397940008672037,,1.0,,8.397940008672037,1,False,False,False
SWAFCAYLJAGDHL-IRXDYDNUSA-N,CC(C)(C)OC(=O)NCCCC[C@H](N[C@H]1CCc2ccccc2N(CC(=O)O)C1=O)C(=O)O,chembl+manual+pubchem,chembl,measured,chembl:CHEMBL644701:CHEMBL40420:row280;manual:50745431:652;pubchem:AID38860:SID103220506,8.397940008672037,,1.0,,8.397940008672037,1,False,False,False
ZPFSKFCSVXPMBD-PFESQZPFSA-N,O=C(N[C@@H](Cc1ccccc1)P(=O)(O)C[C@H](Cc1cc(-c2ccccc2)no1)C(=O)N[C@@H](Cc1ccc(O)cc1)C(=O)O)OCc1ccccc1,chembl+pubchem,chembl,measured,chembl:CHEMBL1045247:CHEMBL570953:row1404;chembl:CHEMBL1045251:CHEMBL570953:row1406;chembl:CHEMBL1045252:CHEMBL570953:row116;chembl:CHEMBL1045253:CHEMBL570953:row473;chembl:CHEMBL1045256:CHEMBL570953:row866;chembl:CHEMBL2155979:CHEMBL570953:row1454;chembl:CHEMBL2155980:CHEMBL570953:row1271;pubchem:AID444546:SID103703114;pubchem:AID444550:SID103703114;pubchem:AID444551:SID103703114;pubchem:AID444552:SID103703114;pubchem:AID444555:SID103703114;pubchem:AID689966:SID103703114;pubchem:AID689967:SID103703114,,8.397940008672037,,1.0,8.397940008672037,1,False,False,True
ZXTSTZUERUGEPU-IRXDYDNUSA-N,O=C(O)CN1C(=O)[C@@H](N[C@@H](CSc2ccccc2)C(=O)O)CCc2ccccc21,chembl+manual+pubchem,chembl,measured,chembl:CHEMBL644701:CHEMBL38613:row1089;manual:50745418:657;pubchem:AID38860:SID103220801,8.397940008672037,,1.0,,8.397940008672037,1,False,False,False
KVEJGVRHNDCBOH-UGFHNGPFSA-N,CSc1ccc(CS[C@H]2CC[C@@H](C(=O)O)N2C(=O)[C@H](C)CS)cc1,chembl+manual+pubchem,chembl,measured,chembl:CHEMBL1004838:CHEMBL525967:row897;manual:50426196:660;pubchem:AID362193:SID103642704,8.387216143280265,,1.0,,8.387216143280265,1,False,False,False
YZYSJBPHILALJQ-QQTULTPQSA-N,O=C1/C(=N\C(=S)NCc2cc3ccccc3cc2O)c2ccccc2N1CCBr,chembl+manual+pubchem,chembl,measured,chembl:CHEMBL4135397:CHEMBL4160421:row814;manual:50986253:659;pubchem:AID1503699:SID404666988,8.386158178123932,,1.0,,8.386158178123932,1,False,False,False
MADRIHWFJGRSBP-UHFFFAOYSA-N,O=C(O)CN1C(=O)C(NC(CCc2ccccc2)C(=O)O)CCc2ccccc21,chembl+pubchem,chembl,measured,chembl:CHEMBL646945:CHEMBL80906:row26;chembl:CHEMBL648337:CHEMBL80906:row344;pubchem:AID38849:SID103280982;pubchem:AID39018:SID103280982,8.385031157046033,,1.0,,8.385031157046033,1,False,False,False
VXGLPINCJFPBLI-BVGQSLNGSA-N,C[C@H](CS)C(=O)N1[C@@H](SCc2ccc3ccccc3c2)CC[C@H]1C(=O)O,chembl+manual+pubchem,chembl,measured,chembl:CHEMBL1004838:CHEMBL499610:row1260;manual:50426202:661;pubchem:AID362193:SID103642617,8.3767507096021,,1.0,,8.3767507096021,1,False,False,False
HDACQVRGBOVJII-JBDAPHQKSA-N,CCOC(=O)[C@H](CCc1ccccc1)N[C@@H](C)C(=O)N1[C@H](C(=O)O)C[C@@H]2CCC[C@@H]21,chembl+manual+pubchem,chembl+manual,measured,chembl:CHEMBL5258025:CHEMBL1168:row1364;chembl:CHEMBL648689:CHEMBL1168:row892;manual:50799348:654;manual:51527209:662;manual:SD_086:1003;pubchem:AID1954024:SID103339774;pubchem:AID39767:SID103339774,8.3767507096021,,1.0,,8.3767507096021,1,False,False,True
LQAZEFOQORVDKT-AABGKKOBSA-N,Cc1ccc([C@H]2CC[C@@H](C(=O)O)N2C(=O)CNC(=O)[C@@H](S)Cc2ccccc2)cc1,chembl+manual+pubchem,chembl,measured,chembl:CHEMBL6119899:CHEMBL315037:row1527;chembl:CHEMBL6119900:CHEMBL315037:row1379;manual:51644113:776;manual:51644119:444;pubchem:AID2246723:SID103295170;pubchem:AID2246724:SID103295170,8.360623199523586,,1.0,,8.360623199523586,1,False,False,True
BLWJOUOTJGBSKF-CVEARBPZSA-N,O=C(O)CN1C(=O)[C@@H](NC(=O)[C@@H](CS)Cc2ccccc2)COc2ccccc21,chembl+manual+pubchem,chembl,measured,chembl:CHEMBL648282:CHEMBL51389:row811;manual:50983645:664;pubchem:AID38454:SID103235855,8.356547323513812,,1.0,,8.356547323513812,1,False,False,False
JEXNTKVTKDPTMQ-GFOWMXPYSA-N,O=C(NC(Cc1ccccc1)C(=O)COCC(=O)N1CCC[C@@H]1C(=O)O)c1ccccc1,manual+pubchem,pubchem,measured,manual:50041099:663;manual:CHEMBL366420:848;pubchem:AID39756:SID103438633,8.356547323513812,,1.0,,8.356547323513812,1,False,False,False
KQXBNFQQWDSXOU-QGZVFWFLSA-N,CCOC(=O)C(=O)NN(Cc1ccc(-c2cc(Cl)ccc2F)cc1)C[C@@H](O)C(=O)O,pubchem,pubchem,measured,pubchem:AID1919202:SID441289694;pubchem:AID1919723:SID441289694,,8.354704478725331,,1.0,8.354704478725331,1,False,False,False
QFCQMBGEOQBZNW-UTKZUKDTSA-N,C[C@@](CO)(C[C@@H](Cc1ccc(-c2ccccc2)cc1)NC(=O)C(=O)O)C(=O)O,pubchem,pubchem,measured,pubchem:AID1919202:SID381621139;pubchem:AID1919723:SID381621139,,8.354704478725331,,1.0,8.354704478725331,1,False,False,False
RVMXFNOVEPCUIG-RTBURBONSA-N,CC(C)OC(=O)C(=O)N[C@H](Cc1ccc(-c2cccc(Cl)c2)cc1)C[C@@H](O)C(=O)O,pubchem,pubchem,measured,pubchem:AID1919202:SID381621115;pubchem:AID1919723:SID381621115,,8.354704478725331,,1.0,8.354704478725331,1,False,False,False
BRKMRNSILIJOQW-OAHLLOKOSA-N,CCOC(=O)C(=O)NN(Cc1ccc(Br)cc1)C[C@@H](OC(=O)C(=O)OCC)C(=O)OCC,pubchem,pubchem,measured,pubchem:AID1919202:SID381621147;pubchem:AID1919723:SID381621147,,8.354704478725331,,1.0,8.354704478725331,1,False,False,False
URZUFOAACPRCJG-WOJBJXKFSA-N,CC(C)COC(=O)[C@H](O)C[C@@H](Cc1ccc(-c2cccc(Cl)c2)cc1)NC(=O)C(=O)O,pubchem,pubchem,measured,pubchem:AID1919202:SID381621117;pubchem:AID1919723:SID381621117,,8.354704478725331,,1.0,8.354704478725331,1,False,False,False
CEMQTZWNFAVGNN-WMZOPIPTSA-N,CC(C)(c1ccc(-c2ccccc2)cc1)[C@H](C[C@@H](CO)C(=O)O)NC(=O)C(=O)O,pubchem,pubchem,measured,pubchem:AID1919202:SID381621149;pubchem:AID1919723:SID381621149,,8.354704478725331,,1.0,8.354704478725331,1,False,False,False
DDZMZLVAOZOZFK-UTKZUKDTSA-N,C[C@@](CO)(C[C@@H](Cc1ccc(-c2cccc(F)c2)cc1)NC(=O)C(=O)O)C(=O)O,pubchem,pubchem,measured,pubchem:AID1919202:SID381621140;pubchem:AID1919723:SID381621140,,8.354704478725331,,1.0,8.354704478725331,1,False,False,False
ZTXJRYWJOWZZLD-GDBMZVCRSA-N,O=C(O)C(=O)N[C@H](Cc1ccc(-c2ccccc2)cc1Cl)C[C@@H](O)C(=O)O,pubchem,pubchem,measured,pubchem:AID1919202:SID381621124;pubchem:AID1919723:SID381621124,,8.354704478725331,,1.0,8.354704478725331,1,False,False,False
UHIOKYGCFGNNCU-UHFFFAOYSA-N,CC1CCCC(C(=O)O)N1C(=O)CCS,chembl+manual+pubchem,chembl,measured,chembl:CHEMBL648691:CHEMBL331575:row1003;chembl:CHEMBL652025:CHEMBL331575:row247;manual:50813317:782;manual:50813333:441;pubchem:AID39625:SID103335828;pubchem:AID39769:SID103335828,8.34948500216801,,1.0,,8.34948500216801,1,False,False,True
NDMBLCSBXANGDL-ANYOKISRSA-N,O=C(NC(Cc1ccc(O)cc1)C(=O)CCC(=O)N1CCC[C@H]1C(=O)O)c1ccccc1,chembl+manual+pubchem,chembl,measured,chembl:CHEMBL648346:CHEMBL173822:row94;manual:50599113:668;pubchem:AID39754:SID103436685,8.327902142064282,,1.0,,8.327902142064282,1,False,False,False
XYVFGQVIZOKXTN-KWQFWETISA-N,C[C@@H](CS)C(=O)N1c2ccccc2C[C@H]1C(=O)O,chembl+manual+pubchem,chembl,measured,chembl:CHEMBL645285:CHEMBL611148:row90;chembl:CHEMBL648337:CHEMBL611148:row1090;manual:50991949:685;pubchem:AID38850:SID103734870;pubchem:AID39018:SID103734870,8.325884574297834,,1.0,,8.325884574297834,1,False,False,False
IBCUEOZCDMUSMM-BIYUGTDDSA-N,C[C@H](CC(CCc1ccccc1)C(=O)O)C(=O)N1c2ccccc2C[C@H]1C(=O)O,chembl+manual+pubchem,chembl,measured,chembl:CHEMBL648337:CHEMBL419649:row266;manual:50991922:670;pubchem:AID39018:SID103280891,8.320027305722581,,1.0,,8.320027305722581,1,False,False,False
ZQAPMPGSRFFFSJ-MVWVFHAYSA-N,C[C@H](N[C@H](C[C@H](Cc1ccccc1)NC(=O)c1ccccc1)C(=O)O)C(=O)N1CCC[C@H]1C(=O)O,chembl+pubchem,chembl,measured,chembl:CHEMBL645287:CHEMBL2111940:row1087;pubchem:AID38852:SID163322775,8.318758762624412,,1.0,,8.318758762624412,1,False,False,False
JQEZRNOCSSVLKH-MSOLQXFVSA-N,O=C(O)CN1C(=O)[C@@H](NC(=O)[C@@H](CS)Cc2ccccc2)CCc2ccccc21,chembl+manual+pubchem,chembl,measured,chembl:CHEMBL648282:CHEMBL51498:row761;manual:50983660:669;pubchem:AID38454:SID103235122,8.318758762624412,,1.0,,8.318758762624412,1,False,False,False
LIOSIPYHSGHPQG-HXIUBBBLSA-N,C[C@H](NC(=O)C(CC1CC(c2ccccc2)=NO1)CP(=O)(O)[C@H](Cc1ccccc1)NC(=O)OCc1ccccc1)C(=O)O,chembl+pubchem,chembl,measured,chembl:CHEMBL1045247:CHEMBL570811:row862;pubchem:AID444546:SID103703092,,8.301029995663981,,1.0,8.301029995663981,1,False,False,False
OJBUNWORDYSDBG-KBPBESRZSA-N,CCCC[C@H](N[C@H]1CCc2ccccc2N(CC(=O)O)C1=O)C(=O)O,chembl+manual+pubchem,chembl,measured,chembl:CHEMBL644701:CHEMBL41985:row145;manual:50745436:674;pubchem:AID38860:SID103220235,8.301029995663981,,1.0,,8.301029995663981,1,False,False,False
WSDIIIJALODSSH-PMRDEQMMSA-N,O=C(N[C@H]1CCCSC2CCC[C@@H](C(=O)O)N21)[C@@H](S)Cc1ccccc1,chembl+manual+pubchem,chembl,measured,chembl:CHEMBL881232:CHEMBL372307:row502;manual:50833696:673;pubchem:AID254756:SID103472395,8.301029995663981,,1.0,,8.301029995663981,1,False,False,False
AQXMEVMYHNHRJA-UHFFFAOYSA-N,C=C(C(C)CS)N(CC([O])=O)c1ccc(C)cc1,manual,manual,measured,manual:SD_289:1127,8.301029995663981,,1.0,,8.301029995663981,1,False,False,False
DOBNVUFHFMVMDB-HNAYVOBHSA-N,C[C@@H](C[C@H](Cc1ccc(-c2ccccc2)cc1)NC(=O)CCC(=O)O)C(=O)O,manual+pubchem,pubchem,measured,manual:1316474:677;pubchem:AID1919722:SID103942994,8.301029995663981,,1.0,,8.301029995663981,1,False,False,False
CFRAYRSPNYPQEU-VCAIXKDPSA-N,O=C(NC1CCC[C@H]2CCC[C@@H](C(=O)O)N2C1=O)[C@@H](S)Cc1ccccc1,chembl+manual+pubchem,chembl,measured,chembl:CHEMBL648689:CHEMBL325056:row246;manual:50799260:675;pubchem:AID39767:SID103339210,8.301029995663981,,1.0,,8.301029995663981,1,False,False,False
BROFGMFOFNHCBY-HNAYVOBHSA-N,C[C@@H](C[C@H](Cc1ccc(-c2ccccc2)cc1)C(=O)CCC(=O)O)C(=O)O,manual+pubchem,pubchem,measured,manual:1237903:676;pubchem:AID1919202:SID476023768,8.301029995663981,,1.0,,8.301029995663981,1,False,False,False
ZPHBZEQOLSRPAK-UHFFFAOYSA-N,CC(C)CC(NP(=O)(O)OC1OC(C)C(O)C(O)C1O)C(=O)NC(Cc1c[nH]c2ccccc12)C(=O)O,chembl+pubchem,chembl,measured,chembl:CHEMBL646945:CHEMBL41289:row342;pubchem:AID38849:SID103219102,8.299988937677888,,1.0,,8.299988937677888,1,False,False,False
FORHJELNQODCPU-UHFFFAOYSA-N,CC(NP(=O)(O)O)C(=O)C1CCCC1C(=O)O,chembl+manual+pubchem,chembl,measured,chembl:CHEMBL646945:CHEMBL110870:row606;manual:50995211:678;pubchem:AID38849:SID103328098,8.299988937677888,,1.0,,8.299988937677888,1,False,False,False
WURJETPEVFGNGA-JDLVMGNASA-N,C[C@H](NC(CCC(=O)Nc1ccccc1)C(=O)O)C(=O)N1CCC[C@H]1C(=O)O,chembl+manual+pubchem,chembl,measured,chembl:CHEMBL648337:CHEMBL78731:row712;manual:50991940:680;pubchem:AID39018:SID103280824,8.280006173632396,,1.0,,8.280006173632396,1,False,False,False
DRWPQXKJHUNFJS-ZFWWWQNUSA-N,CCCC[C@H](S)C(=O)N[C@H]1CCc2ccccc2N(CC(=O)O)C1=O,chembl+manual+pubchem,chembl,measured,chembl:CHEMBL645286:CHEMBL299875:row1045;manual:50983689:681;pubchem:AID38851:SID103235637,8.267606240177031,,1.0,,8.267606240177031,1,False,False,False
UKWFJDDXIJOZTE-UHFFFAOYSA-N,CC(NC(C(=O)O)C1CCCN1C(=O)NC(Cc1ccccc1)C(=O)O)C(=O)N1CCCC1C(=O)O,chembl+pubchem,chembl,measured,chembl:CHEMBL645287:CHEMBL136312:row121;pubchem:AID38852:SID103375763,8.267606240177031,,1.0,,8.267606240177031,1,False,False,False
JYQAYNBQWZLMHO-OAHLLOKOSA-N,O=C(O)C(=O)NN(Cc1ccc(-c2cccc(Cl)c2)cc1)C[C@@H](O)C(=O)O,pubchem,pubchem,measured,pubchem:AID1919723:SID381621146,,8.259637310505756,,1.0,8.259637310505756,1,False,False,False
YVYJZYBRADAARJ-BWKNWUBXSA-N,CC(C)COC(=O)C(=O)N[C@H](Cc1ccc(-c2cccc(Cl)c2)cc1)C[C@@](C)(CO)C(=O)O,pubchem,pubchem,measured,pubchem:AID1919723:SID381621144,,8.259637310505756,,1.0,8.259637310505756,1,False,False,False
KVTPYEVKQPPHAB-UHFFFAOYSA-N,O=C(O)C(=O)NC(Cc1ccc(-c2ccc(F)cc2)cc1Cl)CC(CO)C(=O)O,pubchem,pubchem,measured,pubchem:AID1919723:SID484206678,,8.259637310505756,,1.0,8.259637310505756,1,False,False,False
TWGLJDMZLDWMRA-UHFFFAOYSA-N,O=C(O)C(=O)NC(Cc1ccc(-c2ccc(F)cc2)cc1)CC(CO)C(=O)O,pubchem,pubchem,measured,pubchem:AID1919723:SID381621136,,8.259637310505756,,1.0,8.259637310505756,1,False,False,False
CCBIZVJWACUURY-VFNWGFHPSA-N,C[C@@](CO)(C[C@@H](Cc1ccc(-c2ccccc2F)cc1)NC(=O)C(=O)O)C(=O)O,pubchem,pubchem,measured,pubchem:AID1919723:SID381621141,,8.259637310505756,,1.0,8.259637310505756,1,False,False,False
YVVYFFSYCZRLAV-GGYWPGCISA-N,O=C(NC(Cc1cccnc1)C(=O)CCC(=O)N1CCC[C@H]1C(=O)O)c1ccccc1,chembl+manual+pubchem,chembl,measured,chembl:CHEMBL648346:CHEMBL176688:row63;manual:50599129:682;pubchem:AID39754:SID103433815,8.244125144327509,,1.0,,8.244125144327509,1,False,False,False
ZQEUYWFUMYARGJ-UHFFFAOYSA-N,CC(NC(CCc1ccccc1)C(=O)O)C(=O)N1CCc2ccccc2C1C(=O)O,chembl+manual+pubchem,chembl,measured,chembl:CHEMBL648350:CHEMBL61811:row688;manual:50746618:684;pubchem:AID39758:SID103248374,8.236572006437063,,1.0,,8.236572006437063,1,False,False,False
ZQEUYWFUMYARGJ-YSSFQJQWSA-N,C[C@H](N[C@@H](CCc1ccccc1)C(=O)O)C(=O)N1CCc2ccccc2[C@H]1C(=O)O,chembl+manual+pubchem,chembl,measured,chembl:CHEMBL5258025:CHEMBL5287967:row1389;manual:51527208:683;pubchem:AID1954024:SID494399135,8.236572006437063,,1.0,,8.236572006437063,1,False,False,False
UILSQVXVCCBDQF-UHFFFAOYSA-N,CC(NC(C(=O)O)C1CCCN1C(=O)NCC(=O)O)C(=O)N1CCCC1C(=O)O,chembl+pubchem,chembl,measured,chembl:CHEMBL645287:CHEMBL342373:row579;pubchem:AID38852:SID103376168,8.221848749616356,,1.0,,8.221848749616356,1,False,False,False
HLQMBZAFWTZNAX-HOTGVXAUSA-N,CCCN1CCC[C@H](NC(=O)[C@@H](S)Cc2ccccc2)C(=O)N1CC(=O)O,chembl+manual+pubchem,chembl,measured,chembl:CHEMBL648283:CHEMBL61566:row179;manual:50983703:686;pubchem:AID38455:SID103255831,8.221848749616356,,1.0,,8.221848749616356,1,False,False,False
VVIRFPRKWLIIJA-STQMWFEESA-N,CCC[C@H](N[C@H]1CCc2ccccc2N(CC(=O)O)C1=O)C(=O)O,chembl+manual+pubchem,chembl,measured,chembl:CHEMBL644701:CHEMBL44139:row80;manual:50745432:687;pubchem:AID38860:SID103220492,8.221848749616356,,1.0,,8.221848749616356,1,False,False,False
LWRWHXRRIHLFGY-ZFWWWQNUSA-N,CC(C)C[C@H](S)C(=O)N[C@H]1CCc2ccccc2N(CC(=O)O)C1=O,chembl+manual+pubchem,chembl,measured,chembl:CHEMBL645286:CHEMBL415932:row705;manual:50983674:689;pubchem:AID38851:SID103235600,8.200659450546418,,1.0,,8.200659450546418,1,False,False,False
XVXJQRXUEUIXNY-ZWKOTPCHSA-N,O=C(O)CC(=O)N[C@H](Cc1ccc(-c2ccccc2)cc1)C[C@@H](CO)C(=O)O,pubchem,pubchem,measured,pubchem:AID1919202:SID476023820,,8.199970640755867,,1.0,8.199970640755867,1,False,False,False
RYAZPHMYWMQFFB-DYVFJYSZSA-N,C[C@H](C[C@@H](Cc1ccc(-c2ccccc2)cc1)NC(=O)C(=O)O)C(=O)O,pubchem,pubchem,measured,pubchem:AID1919202:SID476023813,,8.199970640755867,,1.0,8.199970640755867,1,False,False,False
FAKRSMQSSFJEIM-RQJHMYQMSA-N,C[C@H](CS)C(=O)N1CCC[C@H]1C(=O)O,chembl+manual+pubchem,chembl,measured,chembl:CHEMBL1004838:CHEMBL1560:row95;chembl:CHEMBL1015636:CHEMBL1560:row680;chembl:CHEMBL1060018:CHEMBL1560:row415;chembl:CHEMBL2439837:CHEMBL1560:row1264;chembl:CHEMBL3224029:CHEMBL1560:row1224;chembl:CHEMBL3243748:CHEMBL1560:row37;chembl:CHEMBL3583583:CHEMBL1560:row1250;chembl:CHEMBL4144750:CHEMBL1560:row923;chembl:CHEMBL4229775:CHEMBL1560:row1377;chembl:CHEMBL5152106:CHEMBL1560:row1362;chembl:CHEMBL5229289:CHEMBL1560:row1300;chembl:CHEMBL5229289:CHEMBL1560:row88;chembl:CHEMBL5229316:CHEMBL1560:row684;chembl:CHEMBL5258025:CHEMBL1560:row223;chembl:CHEMBL6179071:CHEMBL1560:row1611;chembl:CHEMBL644576:CHEMBL1560:row1109;chembl:CHEMBL644577:CHEMBL1560:row1489;chembl:CHEMBL644701:CHEMBL1560:row351;chembl:CHEMBL645285:CHEMBL1560:row651;chembl:CHEMBL645287:CHEMBL1560:row513;chembl:CHEMBL645288:CHEMBL1560:row382;chembl:CHEMBL645289:CHEMBL1560:row1350;chembl:CHEMBL646945:CHEMBL1560:row193;chembl:CHEMBL648285:CHEMBL1560:row1513;chembl:CHEMBL648337:CHEMBL1560:row404;chembl:CHEMBL648346:CHEMBL1560:row257;chembl:CHEMBL648347:CHEMBL1560:row969;chembl:CHEMBL648350:CHEMBL1560:row83;chembl:CHEMBL648683:CHEMBL1560:row986;chembl:CHEMBL648689:CHEMBL1560:row627;chembl:CHEMBL648701:CHEMBL1560:row1194;chembl:CHEMBL876577:CHEMBL1560:row279;chembl:CHEMBL881232:CHEMBL1560:row583;chembl:CHEMBL984778:CHEMBL1560:row581;manual:50082851:731;manual:50346717:592;manual:50426178:797;manual:50561720:799;manual:50561727:723;manual:50598804:739;manual:50599116:717;manual:50635479:806;manual:50671595:793;manual:50723443:819;manual:50745428:761;manual:50746450:308;manual:50746640:751;manual:50753104:750;manual:50799332:796;manual:50833594:800;manual:50885102:7;manual:50991899:794;manual:50995200:109;manual:51006105:672;manual:51011060:809;manual:51126732:688;manual:51493988:233;manual:51508742:179;manual:51508760:690;manual:51527194:735;manual:51644441:141;manual:51655711:691;manual:CHEMBL1560:842;pubchem:AID1120970:SID103581295;pubchem:AID1127284:SID103581295;pubchem:AID1228660:SID103581295;pubchem:AID1350116:SID103581295;pubchem:AID1393305:SID103581295;pubchem:AID1895844:SID103581295;pubchem:AID1926205:SID103581295;pubchem:AID1926205:SID103581295;pubchem:AID1926232:SID103581295;pubchem:AID1954024:SID103581295;pubchem:AID2246938:SID103581295;pubchem:AID2272423:SID103581295;pubchem:AID254756:SID103581295;pubchem:AID338980:SID103581295;pubchem:AID340316:SID103581295;pubchem:AID362193:SID103581295;pubchem:AID37635:SID103581295;pubchem:AID37636:SID103581295;pubchem:AID38457:SID103581295;pubchem:AID38458:SID103581295;pubchem:AID38849:SID103581295;pubchem:AID38850:SID103581295;pubchem:AID38852:SID103581295;pubchem:AID38853:SID103581295;pubchem:AID38854:SID103581295;pubchem:AID38860:SID103581295;pubchem:AID39018:SID103581295;pubchem:AID39018:SID103581295;pubchem:AID39750:SID103581295;pubchem:AID39752:SID103581295;pubchem:AID39754:SID103581295;pubchem:AID39755:SID103581295;pubchem:AID39758:SID103581295;pubchem:AID39761:SID103581295;pubchem:AID39767:SID103581295;pubchem:AID433785:SID103581295;pubchem:AID775844:SID103581295;chembl:CHEMBL3088740:CHEMBL1560:row902;pubchem:AID1053270:SID103581295,7.68837535480105,8.698970004336019,1.0,1.0,8.193672679568534,1,False,False,True
BIPOJEMOOGZCMZ-SFTDATJTSA-N,CCN(C[C@H](CCc1ccccc1)C(=O)O)C(=O)N1Cc2ccccc2C[C@H]1C(=O)O,chembl+manual+pubchem,chembl,measured,chembl:CHEMBL648337:CHEMBL311471:row337;manual:50991875:692;pubchem:AID39018:SID103281533,8.18996921359416,,1.0,,8.18996921359416,1,False,False,False
AOIGNBXQHAONIJ-STQMWFEESA-N,CSCC[C@H](N[C@H]1CCc2ccccc2N(CC(=O)O)C1=O)C(=O)O,chembl+manual+pubchem,chembl,measured,chembl:CHEMBL644701:CHEMBL416979:row1125;manual:50745420:693;pubchem:AID38860:SID103220528,8.187086643357144,,1.0,,8.187086643357144,1,False,False,False
YXKNPBOMMAVIAP-XIRDDKMYSA-N,CCCCN1C[C@@H](C(=O)O)N(C(=O)[C@H](C)N[C@@H](CCc2ccccc2)C(=O)O)C1=O,chembl+manual+pubchem,chembl,measured,chembl:CHEMBL644735:CHEMBL317304:row1167;manual:50752389:694;pubchem:AID37639:SID103317059,8.173925197299173,,1.0,,8.173925197299173,1,False,False,False
AXTCRUUITQKBAV-KBPBESRZSA-N,NCCCC[C@H](N[C@H]1CCc2ccccc2N(CC(=O)O)C1=O)C(=O)O,chembl+manual+pubchem,chembl,measured,chembl:CHEMBL644701:CHEMBL430554:row169;manual:50745423:695;pubchem:AID38860:SID103220264,8.154901959985743,,1.0,,8.154901959985743,1,False,False,False
DHQXBKIHWXJRQL-OALUTQOASA-N,O=C(O)CN1C(=O)[C@@H](N[C@@H](CSCCc2ccccc2)C(=O)O)CCc2ccccc21,chembl+manual+pubchem,chembl,measured,chembl:CHEMBL644701:CHEMBL42976:row158;manual:50745417:699;pubchem:AID38860:SID103220803,8.154901959985743,,1.0,,8.154901959985743,1,False,False,False
QQKCLPWCRIGNMI-KKUMJFAQSA-N,O=C(N[C@H]1CCC(=O)N2CCC[C@@H](C(=O)O)N2C1=O)[C@@H](S)Cc1ccccc1,chembl+manual+pubchem,chembl,measured,chembl:CHEMBL648283:CHEMBL66481:row746;manual:50983698:696;pubchem:AID38455:SID103256016,8.154901959985743,,1.0,,8.154901959985743,1,False,False,False
YRNLFJRDXKUXFG-UHFFFAOYSA-N,NCCCCC(NC(=O)C1CCC1)C(=O)NC(Cc1ccccc1)C(=O)CCC(=O)N1CCCC1C(=O)O,chembl+pubchem,chembl,measured,chembl:CHEMBL644577:CHEMBL274550:row168;chembl:CHEMBL644578:CHEMBL274550:row751;pubchem:AID37636:SID103170165;pubchem:AID37637:SID103170165,8.137044183852476,,1.0,,8.137044183852476,1,False,False,False
ZYMZQHMSNAYCEI-BXVZCJGGSA-N,COc1ccc(CN2C(=O)/C(=N\C(=S)NCc3cc4ccccc4cc3O)c3ccccc32)cc1,chembl+manual+pubchem,chembl,measured,chembl:CHEMBL4135397:CHEMBL4174072:row799;manual:50986259:701;pubchem:AID1503699:SID404654490,8.11690664142431,,1.0,,8.11690664142431,1,False,False,False
LLFFWZDDRVOVRS-FIRPJDEBSA-N,C[C@H](N[C@H](C(=O)O)[C@H](Cc1ccccc1)NC(=O)c1ccccc1)C(=O)N1CCC[C@H]1C(=O)O,chembl+pubchem,chembl,measured,chembl:CHEMBL645287:CHEMBL2112769:row32;pubchem:AID38852:SID163322886,8.113509274827518,,1.0,,8.113509274827518,1,False,False,False
QMOWZMCEUUDPTM-YJLNNSPDSA-N,C[C@H](NC(=O)[C@@H](CS)Cc1ccccc1)C(=O)N1c2ccccc2C[C@H]1C(=O)O,chembl+manual+pubchem,chembl,measured,chembl:CHEMBL5258025:CHEMBL50582:row1390;manual:51527216:702;pubchem:AID1954024:SID103234918,8.10790539730952,,1.0,,8.10790539730952,1,False,False,False
RLAWWYSOJDYHDC-BZSNNMDCSA-N,NCCCC[C@H](N[C@@H](CCc1ccccc1)C(=O)O)C(=O)N1CCC[C@H]1C(=O)O,chembl+manual+pubchem,chembl+manual,measured,chembl:CHEMBL2445167:CHEMBL1237:row391;chembl:CHEMBL4135397:CHEMBL1237:row855;chembl:CHEMBL5152106:CHEMBL1237:row1361;chembl:CHEMBL5258025:CHEMBL1237:row1459;chembl:CHEMBL648337:CHEMBL1237:row1268;chembl:CHEMBL648529:CHEMBL1237:row753;chembl:CHEMBL648689:CHEMBL1237:row951;chembl:CHEMBL648691:CHEMBL1237:row156;chembl:CHEMBL883277:CHEMBL1237:row640;manual:50764699:584;manual:50799254:667;manual:50809146:585;manual:50813332:2;manual:50986261:703;manual:50991880:576;manual:50995194:650;manual:51200731:3;manual:51493987:1;manual:51527196:579;manual:SD_085:1002;pubchem:AID1503699:SID103378026;pubchem:AID1895844:SID103378026;pubchem:AID1954024:SID103378026;pubchem:AID39018:SID103378026;pubchem:AID39616:SID103378026;pubchem:AID39622:SID103378026;pubchem:AID39767:SID103378026;pubchem:AID39769:SID103378026;pubchem:AID780572:SID103378026;chembl:CHEMBL5042029:CHEMBL1237:row818;chembl:CHEMBL5042030:CHEMBL1237:row525;chembl:CHEMBL866171:CHEMBL1237:row1122;chembl:CHEMBL866172:CHEMBL1237:row1074;chembl:CHEMBL869865:CHEMBL1237:row1106;pubchem:AID1819416:SID103378026;pubchem:AID1819417:SID103378026;pubchem:AID271448:SID103378026;pubchem:AID271449:SID103378026;pubchem:AID271475:SID103378026,8.920818753952375,7.292429823902063,1.0,1.0,8.106624288927218,1,False,False,True
AXVDQOXRBHQTCS-UHFFFAOYSA-N,CC(C)CCC(NC(C)C(=O)N1CCCC1C(=O)O)C(=O)O,chembl+pubchem,chembl,measured,chembl:CHEMBL646945:CHEMBL108606:row903;pubchem:AID38849:SID103328746,8.100015437450608,,1.0,,8.100015437450608,1,False,False,False
FQEHGKXYHYNZCK-JYJNAYRXSA-N,O=C(N[C@H]1CCCN2CCC[C@@H](C(=O)O)N2C1=O)[C@@H](S)Cc1ccccc1,chembl+manual+pubchem,chembl,measured,chembl:CHEMBL648283:CHEMBL65545:row1088;manual:50983715:705;pubchem:AID38455:SID103256448,8.096910013008056,,1.0,,8.096910013008056,1,False,False,False
XUTWHCANXPTUTG-BGOWTXDTSA-N,CCOC(=O)C(CCc1ccccc1)NC(C)C(=O)N1C(C(=O)O)c2ccccc2C[C@H]1C(=O)O,manual,manual,measured,manual:SD_213:1051,8.080921907623926,,1.0,,8.080921907623926,1,False,False,False
JSDRRTOADPPCHY-HSQYWUDLSA-N,CCOC(=O)[C@H](CCc1ccccc1)N[C@@H](C)C(=O)N1Cc2ccccc2C[C@H]1C(=O)O,chembl+manual+pubchem,chembl,measured,chembl:CHEMBL644700:CHEMBL1592:row1345;chembl:CHEMBL648350:CHEMBL1592:row1071;chembl:CHEMBL648689:CHEMBL1592:row587;chembl:CHEMBL648701:CHEMBL1592:row234;manual:50029887:707;manual:50030012:708;manual:50757247:709;manual:50799336:710;pubchem:AID38859:SID103590286;pubchem:AID39750:SID103590286;pubchem:AID39758:SID103590286;pubchem:AID39767:SID103590286,8.080921907623926,,1.0,,8.080921907623926,1,False,False,False
MGQMBWGOPWCIRN-COXVUDFISA-N,CC(C)c1ccc(CS[C@H]2CC[C@@H](C(=O)O)N2C(=O)[C@H](C)CS)cc1,chembl+manual+pubchem,chembl,measured,chembl:CHEMBL1004838:CHEMBL449792:row624;manual:50426201:711;pubchem:AID362193:SID103642618,8.075720713938118,,1.0,,8.075720713938118,1,False,False,False
UAJCZGOCKUWCRG-UHFFFAOYSA-N,CC(NC(C(=O)O)C1CCCN1C(=O)NC(CCCCN)C(=O)N1C(=O)CCC1C(=O)O)C(=O)N1CCCC1C(=O)O,chembl+pubchem,chembl,measured,chembl:CHEMBL645287:CHEMBL434617:row663;pubchem:AID38852:SID103375694,8.070581074285707,,1.0,,8.070581074285707,1,False,False,False
VUCYCNRONPBINV-IRXDYDNUSA-N,O=C(O)CN1C(=O)[C@@H](N[C@@H](Cc2ccccc2)C(=O)O)CCc2ccccc21,chembl+manual+pubchem,chembl,measured,chembl:CHEMBL644701:CHEMBL290802:row531;manual:50745433:712;pubchem:AID38860:SID103220358,8.070581074285707,,1.0,,8.070581074285707,1,False,False,False
UMYATHACFZUSIJ-BBDZFPCASA-N,CC[C@H](N[C@@H](CCc1ccccc1)C(=O)O)C(=O)N1C[C@@H](NC(=O)C[C@H](N)Cc2cc(F)c(F)cc2F)C[C@H]1C(=O)O,chembl+manual+pubchem,chembl,measured,chembl:CHEMBL4021433:CHEMBL4086264:row1006;manual:50761152:713;pubchem:AID1466507:SID381854090,8.065501548756432,,1.0,,8.065501548756432,1,False,False,False
HDIPKMHZRNJMPR-IRXDYDNUSA-N,CC[C@H](S)C(=O)N[C@@H](Cc1ccc(-c2ccccc2)cc1)C(=O)O,chembl+pubchem,chembl,measured,chembl:CHEMBL933039:CHEMBL257726:row678;pubchem:AID317219:SID103573868,,8.065501548756432,,1.0,8.065501548756432,1,False,False,False
HANSKDOIKKLXTL-OLFWJLLRSA-N,O=C1/C(=N\C(=S)NCc2cc3ccccc3cc2O)c2ccccc2N1C(=O)c1ccccc1,chembl+manual+pubchem,chembl,measured,chembl:CHEMBL4135397:CHEMBL4163792:row1336;manual:50986260:714;pubchem:AID1503699:SID404671984,8.053498609430413,,1.0,,8.053498609430413,1,False,False,False
ORFGPZNJDHOWLV-RITPCOANSA-N,C[C@H](CS)C(=O)N1C(=O)CC[C@H]1C(=O)O,chembl+manual+pubchem,chembl,measured,chembl:CHEMBL645285:CHEMBL311525:row704;chembl:CHEMBL648337:CHEMBL311525:row630;manual:50991964:715;pubchem:AID38850:SID103281056;pubchem:AID39018:SID103281056,8.047866792018674,,1.0,,8.047866792018674,1,False,False,False
BBXMTNLJEHRMMT-OALUTQOASA-N,CCCC[C@H](S)C(=O)N[C@@H](Cc1ccc(-c2ccccc2)cc1)C(=O)O,chembl+pubchem,chembl,measured,chembl:CHEMBL933039:CHEMBL257270:row958;pubchem:AID317219:SID103573865,,8.031517051446064,,1.0,8.031517051446064,1,False,False,False
AGNPXYZDRLQCOR-UHFFFAOYSA-N,CC(=O)N1CCCC1C(NC(C)C(=O)N1CCCC1C(=O)O)C(=O)O,chembl+pubchem,chembl,measured,chembl:CHEMBL645287:CHEMBL342652:row500;pubchem:AID38852:SID103376169,8.0268721464003,,1.0,,8.0268721464003,1,False,False,False
PMAMHXNBDDBSRQ-WMLDXEAASA-N,C[C@H](NC(=O)[C@@H](CSC(=O)O)Cc1ccc2c(c1)OCO2)C(=O)OCc1ccccc1,chembl+pubchem,chembl,measured,chembl:CHEMBL649540:CHEMBL325055:row220;pubchem:AID39772:SID103339641,,8.008773924307505,,1.0,8.008773924307505,1,False,False,False
JIMWBORPLXBPBJ-XLVZBRSZSA-N,COc1ccc(N2C(=O)/C(=N/C(=S)NCc3cc4ccccc4cc3O)c3ccccc32)cc1,chembl+manual+pubchem,chembl,measured,chembl:CHEMBL4135397:CHEMBL4175518:row1207;manual:50986257:718;pubchem:AID1503699:SID404655523,8.00788851221305,,1.0,,8.00788851221305,1,False,False,False
CTSKSCPCVAXLDX-UHFFFAOYSA-N,CC1CCCC(NC(CCc2ccccc2)C(=O)O)C(=O)N1CC(=O)O,chembl+pubchem,chembl,measured,chembl:CHEMBL646945:CHEMBL110439:row44;pubchem:AID38849:SID103328417,8.0,,1.0,,8.0,1,False,False,False
MZGWCUBVECVEFC-GJZGRUSLSA-N,CCCN1C(=O)CC[C@H](NC(=O)[C@@H](S)Cc2ccccc2)C(=O)N1CC(=O)O,chembl+manual+pubchem,chembl,measured,chembl:CHEMBL648283:CHEMBL62417:row747;manual:50983704:720;pubchem:AID38455:SID103255833,8.0,,1.0,,8.0,1,False,False,False
LTTYIYZWMPMIFF-UXHICEINSA-N,CC(C)C[C@H](C[Si](O)(O)CNC(=O)CCc1ccccc1)C(=O)NC(=O)N[C@@H](CC(C)C)C(=O)O,chembl+pubchem,chembl,measured,chembl:CHEMBL6179070:CHEMBL6193492:row1616;pubchem:AID2272422:SID528386978,,8.0,,1.0,8.0,1,False,False,False
WISWGINCJUEDBR-OALUTQOASA-N,O=C(O)CN1Cc2ccccc2C[C@H](N[C@@H](CCc2ccccc2)C(=O)O)C1=O,chembl+pubchem,chembl,measured,chembl:CHEMBL5258029:CHEMBL5279614:row706;pubchem:AID1954028:SID494418380,,8.0,,1.0,8.0,1,False,False,False
UZOJXKBIISIKQW-GEVKEYJPSA-N,O=C(NC(Cc1ccc(OCc2ccccc2)cc1)C(=O)CCC(=O)N1CCC[C@H]1C(=O)O)c1ccccc1,chembl+manual+pubchem,chembl,measured,chembl:CHEMBL648346:CHEMBL172801:row157;manual:50599133:722;pubchem:AID39754:SID103433133,8.0,,1.0,,8.0,1,False,False,False
GUCVFMVKCYXYNT-UHFFFAOYSA-N,CC(NC(=O)C1CCCCC1S)C(=O)N1CCCC1C(=O)O,chembl+manual+pubchem,chembl,measured,chembl:CHEMBL646945:CHEMBL107700:row1417;manual:50995210:719;pubchem:AID38849:SID103328700,8.0,,1.0,,8.0,1,False,False,False
WZJFKVHMXBGZBQ-UHFFFAOYSA-N,O=C(NC(Cc1ccccc1)C(=O)CCC(=O)N1CCCC1C(=O)O)c1ccccc1,chembl+manual+pubchem,chembl,measured,chembl:CHEMBL646945:CHEMBL10465:row1346;manual:50995205:726;pubchem:AID38849:SID103170078,8.0,,1.0,,8.0,1,False,False,False
BSQTWZJZKHVTTN-ROUUACIJSA-N,O=C(O)CN1C(=O)[C@@H](N[C@@H](COCc2ccccc2)C(=O)O)CCc2ccccc21,chembl+manual+pubchem,chembl,measured,chembl:CHEMBL644701:CHEMBL42683:row54;manual:50745435:724;pubchem:AID38860:SID103220545,8.0,,1.0,,8.0,1,False,False,False
PLVGAAWTABLUDL-ANYOKISRSA-N,O=C(NC(Cc1ccccc1)CP(=O)(O)CC(=O)N1CCC[C@H]1C(=O)O)c1ccccc1,chembl+manual+pubchem,chembl,measured,chembl:CHEMBL648337:CHEMBL310841:row561;manual:50991893:725;pubchem:AID39018:SID103280575,8.0,,1.0,,8.0,1,False,False,False
WISWGINCJUEDBR-MRTLOADZSA-N,O=C(O)CN1Cc2ccccc2CC(N[C@H](CCc2ccccc2)C(=O)O)C1=O,chembl+pubchem,chembl,measured,chembl:CHEMBL648284:CHEMBL107695:row461;pubchem:AID38456:SID103325312,,8.0,,1.0,8.0,1,False,False,False
AISIPTVVQKNVFI-GFMRDNFCSA-N,CC(=O)N1C(=O)/C(=N\C(=S)NCc2cc3ccccc3cc2O)c2ccccc21,chembl+manual+pubchem,chembl,measured,chembl:CHEMBL4135397:CHEMBL4167651:row929;manual:50986256:730;pubchem:AID1503699:SID404657305,7.97183558057553,,1.0,,7.97183558057553,1,False,False,False
CKJXIEFPECQCPK-SNRMKQJTSA-N,C[C@H](N[C@@H](Cc1ccccc1)C(=O)O)C(=O)N1C(=O)N(Cc2ccccc2)C[C@H]1C(=O)O,chembl+manual+pubchem,chembl,measured,chembl:CHEMBL644735:CHEMBL101409:row1080;manual:50752400:729;pubchem:AID37639:SID103317013,7.958607314841775,,1.0,,7.958607314841775,1,False,False,False
SXYMRXZUEOVWKY-UHFFFAOYSA-N,NCCCCC(NC(=O)C1CCC1)C(=O)NC(Cc1ccccc1)C(=O)CCC(=O)N1CCCC1C(=O)NO,chembl+pubchem,chembl,measured,chembl:CHEMBL644578:CHEMBL275702:row425;pubchem:AID37637:SID103170842,7.958607314841775,,1.0,,7.958607314841775,1,False,False,False
GRBBZVKJQNEWDO-DAFNUICNSA-N,CCCN1C(=O)/C(=N\C(=S)NCc2cc3ccccc3cc2O)c2ccccc21,chembl+manual+pubchem,chembl,measured,chembl:CHEMBL4135397:CHEMBL4171024:row754;manual:50986255:734;pubchem:AID1503699:SID404656181,7.928117992693875,,1.0,,7.928117992693875,1,False,False,False
HPLIOAAHFNYSEA-KKUMJFAQSA-N,O=C(N[C@H]1CCCN2CC[C@@H](C(=O)O)N2C1=O)[C@@H](S)Cc1ccccc1,chembl+manual+pubchem,chembl,measured,chembl:CHEMBL648283:CHEMBL66254:row123;manual:50983705:738;pubchem:AID38455:SID103256450,7.920818753952375,,1.0,,7.920818753952375,1,False,False,False
YRSVDSQRGBYVIY-LOACHALJSA-N,CC1(C)CCCC(NC(=O)[C@@H](S)Cc2ccccc2)C(=O)N1CC(=O)O,chembl+manual+pubchem,chembl,measured,chembl:CHEMBL648689:CHEMBL114658:row1053;manual:50799322:744;pubchem:AID39767:SID103339209,7.920818753952375,,1.0,,7.920818753952375,1,False,False,False
ICSDSFFBTUMVKX-UQLRSZRFSA-N,O=C(N[C@@H](Cc1ccccc1)P(=O)(O)CC(Cc1ccc(-c2ccccc2)cc1)C(=O)N[C@@H](Cc1c[nH]c2ccccc12)C(=O)O)OCc1ccccc1,chembl+pubchem,chembl,measured,chembl:CHEMBL1045247:CHEMBL570740:row1405;pubchem:AID444546:SID103703096,,7.920818753952375,,1.0,7.920818753952375,1,False,False,False
STQFKBJPBVBXSG-GFOWMXPYSA-N,O=C(NC(Cc1ccccc1)C(=O)CSCC(=O)N1CCC[C@@H]1C(=O)O)c1ccccc1,manual+pubchem,pubchem,measured,manual:50041100:742;manual:CHEMBL177842:845;pubchem:AID39756:SID103437845,7.920818753952375,,1.0,,7.920818753952375,1,False,False,False
UNKHTRKJYVPDRF-SFTDATJTSA-N,O=C(N[C@@H](CCc1ccccc1)CP(=O)(O)CC(=O)N1CCC[C@H]1C(=O)O)c1ccccc1,chembl+manual+pubchem,chembl,measured,chembl:CHEMBL2156010:CHEMBL2153745:row48;manual:50958022:737;pubchem:AID689997:SID163337539,7.920818753952375,,1.0,,7.920818753952375,1,False,False,False
TYXFDFMUHPWCDX-WMZOPIPTSA-N,O=C(O)CN1C(=O)[C@@H](NC(=O)[C@@H](S)Cc2ccccc2)CCc2ccccc21,chembl+manual+pubchem,chembl,measured,chembl:CHEMBL5258025:CHEMBL299639:row1130;chembl:CHEMBL645286:CHEMBL299639:row682;chembl:CHEMBL648282:CHEMBL299639:row127;chembl:CHEMBL648283:CHEMBL299639:row416;manual:50983639:745;manual:50983676:741;manual:50983697:743;manual:51527213:746;pubchem:AID1954024:SID103235123;pubchem:AID38454:SID103235123;pubchem:AID38455:SID103235123;pubchem:AID38851:SID103235123,7.920818753952375,,1.0,,7.920818753952375,1,False,False,False
UAEWWVGRJQPRGP-CPSIJMPNSA-N,NCCCCC(NC(=O)OCc1ccccc1)C(=O)N[C@H](CCC(=O)N1CCC[C@H]1C(=O)O)C(=O)O,chembl+manual+pubchem,chembl,measured,chembl:CHEMBL648337:CHEMBL420391:row200;manual:50991914:732;pubchem:AID39018:SID103280362,7.92009553233328,,1.0,,7.92009553233328,1,False,False,False
BNBIQTQPUMEZAM-JQOZAWANSA-N,NCCCCC(N)C(=O)N[C@H](CCC(=O)N1[C@H](C(=O)O)C[C@@H]2CCCC[C@@H]21)C(=O)O,chembl+manual+pubchem,chembl,measured,chembl:CHEMBL648337:CHEMBL430630:row405;manual:50991915:733;pubchem:AID39018:SID103280821,7.92009553233328,,1.0,,7.92009553233328,1,False,False,False
UWWDHYUMIORJTA-HSQYWUDLSA-N,CCOC(=O)[C@H](CCc1ccccc1)N[C@@H](C)C(=O)N1Cc2cc(OC)c(OC)cc2C[C@H]1C(=O)O,chembl+manual+pubchem,chembl,measured,chembl:CHEMBL648350:CHEMBL1165:row912;chembl:CHEMBL648689:CHEMBL1165:row387;manual:50030008:88;manual:50799340:617;pubchem:AID39758:SID103339306;pubchem:AID39767:SID103339306,7.918419312511491,,1.0,,7.918419312511491,1,False,False,True
SCLVAMUVMTZGEU-UHFFFAOYSA-N,O=C(O)C1CC2(CN1C(=O)CP(=O)(O)CCCCc1ccccc1)SCCS2,chembl+pubchem,chembl,measured,chembl:CHEMBL646945:CHEMBL108988:row926;pubchem:AID38849:SID103328416,7.899974269892137,,1.0,,7.899974269892137,1,False,False,False
XYVFGQVIZOKXTN-UHFFFAOYSA-N,CC(CS)C(=O)N1c2ccccc2CC1C(=O)O,chembl+manual+pubchem,chembl,measured,chembl:CHEMBL646945:CHEMBL23849:row893;manual:50995216:747;pubchem:AID38849:SID103191484,7.899974269892137,,1.0,,7.899974269892137,1,False,False,False
ZXIPIFAKGUQPGC-OALUTQOASA-N,O=C(O)CN1C(=O)[C@@H](N[C@@H](Cc2c[nH]c3ccccc23)C(=O)O)CCc2ccccc21,chembl+manual+pubchem,chembl,measured,chembl:CHEMBL644701:CHEMBL44077:row293;manual:50745425:752;pubchem:AID38860:SID103220321,7.886056647693163,,1.0,,7.886056647693163,1,False,False,False
ZGRWPIBEYNPMJC-MOPGFXCFSA-N,O=C(O)CN1C(=O)[C@H](N[C@@H](CC2=c3ccccc3=NC2)C(=O)O)CCc2ccccc21,manual,manual,measured,manual:SD_232:1070,7.886056647693163,,1.0,,7.886056647693163,1,False,False,False
PRNNUULGNBSAAT-FMEYXAORSA-N,C[C@H]1Oc2ccccc2N(CC(=O)O)C(=O)[C@H]1NC(=O)[C@@H](S)Cc1ccccc1,chembl+manual+pubchem,chembl,measured,chembl:CHEMBL648282:CHEMBL53879:row650;manual:50983661:749;pubchem:AID38454:SID103235812,7.886056647693163,,1.0,,7.886056647693163,1,False,False,False
RYZQAFZHSBVEIT-HOCLYGCPSA-N,O=C(O)CN1C(=O)[C@@H](NC(=O)[C@@H](S)Cc2ccccc2)CSc2ccccc21,chembl+manual+pubchem,chembl,measured,chembl:CHEMBL648282:CHEMBL298388:row282;manual:50983666:754;pubchem:AID38454:SID103235121,7.886056647693163,,1.0,,7.886056647693163,1,False,False,False
REYZTLDFNDLPPL-RROWVDKYSA-N,O=C(N[C@@H](Cc1ccccc1)P(=O)(O)CC(CC1CC(c2ccccc2)=NO1)C(=O)N[C@@H](Cc1c[nH]c2ccccc12)C(=O)O)OCc1ccccc1,chembl+pubchem,chembl,measured,chembl:CHEMBL1045247:CHEMBL570842:row974;pubchem:AID444546:SID103703091,,7.886056647693163,,1.0,7.886056647693163,1,False,False,False
WKNDKOZNFFZORF-SFTDATJTSA-N,O=C(O)CN1C(=O)[C@@H](N[C@@H](CCCCNC(=O)OCc2ccccc2)C(=O)O)CCc2ccccc21,chembl+manual+pubchem,chembl,measured,chembl:CHEMBL644701:CHEMBL432689:row633;manual:50745422:753;pubchem:AID38860:SID103220043,7.886056647693163,,1.0,,7.886056647693163,1,False,False,False
YPWYWKIJWOXKKV-QYZOEREBSA-N,O=C(NCC(=O)N1[C@@H](c2cccc(O)c2)CC[C@H]1C(=O)O)[C@@H](S)Cc1ccc(O)cc1,chembl+manual+pubchem,chembl,measured,chembl:CHEMBL6119899:CHEMBL329823:row1440;chembl:CHEMBL6119900:CHEMBL329823:row1441;manual:51644112:784;manual:51644118:716;pubchem:AID2246723:SID103295451;pubchem:AID2246724:SID103295451,7.872363747448347,,1.0,,7.872363747448347,1,False,False,False
SSFFBSQJBLDEMQ-YOEHRIQHSA-N,C[C@H](NC(=O)[C@@H](S)Cc1ccccc1)C(=O)N(CC(=O)O)c1ccccc1,chembl+manual+pubchem,chembl,measured,chembl:CHEMBL645286:CHEMBL300016:row675;manual:50983669:758;pubchem:AID38851:SID103235650,7.853871964321762,,1.0,,7.853871964321762,1,False,False,False
JNGVBETXENHKFM-UHFFFAOYSA-N,CCOC(=O)C(CCc1ccccc1)OC(C)C(=O)N1Cc2ccccc2CC1C(=O)O,chembl+manual+pubchem,chembl,measured,chembl:CHEMBL648701:CHEMBL25782:row931;manual:50746466:756;pubchem:AID39750:SID103193032,7.853871964321762,,1.0,,7.853871964321762,1,False,False,False
MPECDBDZHABNOE-IQVJOUTCSA-N,CCOC(=O)C(CCc1ccccc1)OC(C)C(=O)N1CC2CCCCC2C[C@H]1C(=O)O,manual,manual,measured,manual:SD_199:1037,7.853871964321762,,1.0,,7.853871964321762,1,False,False,False
PFSPSDHEYBMTQM-HJOGWXRNSA-N,O=C(N[C@@H](Cc1cccc2ccccc12)C(=O)N1CCC[C@H]1C(=O)O)[C@@H](S)Cc1ccccc1,manual+pubchem,pubchem,measured,manual:50476458:757;manual:CHEMBL351318:879;pubchem:AID38461:SID103416148,7.853871964321762,,1.0,,7.853871964321762,1,False,False,False
GBKMVBCTZCVKSV-RDJZCZTQSA-N,O=C(O)CCN1C(=O)[C@@H](NC(=O)[C@@H](S)Cc2ccccc2)CSc2ccccc21,chembl+manual+pubchem,chembl,measured,chembl:CHEMBL648282:CHEMBL299441:row175;manual:50983641:755;pubchem:AID38454:SID103235464,7.853871964321762,,1.0,,7.853871964321762,1,False,False,False
YFJIXFQFMNCVGL-JPHUTSFASA-N,CC(C)CC(NC(=O)c1ccccc1)[Si](C)(O)CC(C)C(=O)N1CCC[C@H]1C(=O)O,chembl+manual+pubchem,chembl,measured,chembl:CHEMBL6179068:CHEMBL6190664:row1594;manual:51655706:760;pubchem:AID2272420:SID528387895,7.853871964321762,,1.0,,7.853871964321762,1,False,False,False
UACOVYDVQRXMCG-BEVDRBHNSA-N,C[C@H](NC(=O)[C@@H](CS)Cc1ccccc1)C(=O)N1Cc2ccccc2C[C@H]1C(=O)O,chembl+manual+pubchem,chembl,measured,chembl:CHEMBL5258025:CHEMBL49920:row1463;manual:51527215:759;pubchem:AID1954024:SID103235092,7.853871964321762,,1.0,,7.853871964321762,1,False,False,False
SGWDRFQPAPSOTL-GOTSBHOMSA-N,CCOC(=O)[C@H](CCCCNC(=O)OCc1ccccc1)N[C@H]1CCc2ccccc2N(CC(=O)O)C1=O,chembl+manual+pubchem,chembl,measured,chembl:CHEMBL644701:CHEMBL289618:row199;manual:50745424:764;pubchem:AID38860:SID103220427,7.823908740944319,,1.0,,7.823908740944319,1,False,False,False
JSFVSBZHKDHCGQ-AMVUTOCUSA-N,O=C(NC(Cc1cccnc1)C(=O)CCC(=O)N1CCC[C@H]1C(=O)OCc1ccccc1)c1ccccc1,chembl+manual+pubchem,chembl,measured,chembl:CHEMBL648346:CHEMBL172015:row1360;manual:50599128:766;pubchem:AID39754:SID103433139,7.823908740944319,,1.0,,7.823908740944319,1,False,False,False
PYESGOUFJMVZTF-MNEFBYGVSA-N,CC(C)c1ccc(CCCS[C@H]2CC[C@@H](C(=O)O)N2C(=O)[C@H](C)CS)cc1,chembl+manual+pubchem,chembl,measured,chembl:CHEMBL1004838:CHEMBL499611:row729;manual:50426199:763;pubchem:AID362193:SID103642620,7.823908740944319,,1.0,,7.823908740944319,1,False,False,False
ATLNZYKOZFFGQB-OLFWJLLRSA-N,O=C1/C(=N\C(=S)NCc2cc3ccccc3cc2O)c2ccccc2N1c1ccccc1Cl,chembl+manual+pubchem,chembl,measured,chembl:CHEMBL4135397:CHEMBL4163798:row845;manual:50986252:762;pubchem:AID1503699:SID404664305,7.820735535660974,,1.0,,7.820735535660974,1,False,False,False
HLRKZJGFBFPUHG-LYJTUWAMSA-N,O=C(N[C@H](CCC(=O)N1[C@H](C(=O)O)C[C@@H]2CCCC[C@@H]21)C(=O)O)C1CCCN1C(=O)OCc1ccccc1,chembl+manual+pubchem,chembl,measured,chembl:CHEMBL648337:CHEMBL78353:row355;manual:50991954:765;pubchem:AID39018:SID103280666,7.819874124835946,,1.0,,7.819874124835946,1,False,False,False
INKBVRKDEQLILX-FHWLQOOXSA-N,NCCCC[C@H](OP(=O)(O)CCCCc1ccccc1)C(=O)N1C[C@@H](O)C[C@H]1C(=O)O,chembl+manual+pubchem,chembl,measured,chembl:CHEMBL648337:CHEMBL35419:row268;manual:50991866:767;pubchem:AID39018:SID103209328,7.79997073344623,,1.0,,7.79997073344623,1,False,False,False
DLMMMBXYCBMUDE-STQMWFEESA-N,CN1C(=O)CC[C@H](NC(=O)[C@@H](S)Cc2ccccc2)C(=O)N1CC(=O)O,chembl+manual+pubchem,chembl,measured,chembl:CHEMBL648283:CHEMBL304881:row85;manual:50983699:768;pubchem:AID38455:SID103256483,7.795880017344075,,1.0,,7.795880017344075,1,False,False,False
VDEOJAQFLHVZHV-KBPBESRZSA-N,CN1CCC[C@H](NC(=O)[C@@H](S)Cc2ccccc2)C(=O)N1CC(=O)O,chembl+manual+pubchem,chembl,measured,chembl:CHEMBL648283:CHEMBL63001:row154;manual:50983700:769;pubchem:AID38455:SID103255792,7.795880017344075,,1.0,,7.795880017344075,1,False,False,False
ITMFWUAKJPURIP-NQZSKNRMSA-N,O=C(N[C@@H](Cc1ccccc1)P(=O)(O)CC(Cc1cc(-c2ccccc2)no1)C(=O)N[C@@H](Cc1c[nH]c2ccccc12)C(=O)O)OCc1ccccc1,chembl+pubchem,chembl,measured,chembl:CHEMBL1045247:CHEMBL570843:row853;pubchem:AID444546:SID103703095,,7.795880017344075,,1.0,7.795880017344075,1,False,False,False
OJDOJGWVKJJLMB-HNNXBMFYSA-N,O=C(CS)N[C@@H](Cc1ccc(-c2ccccc2)cc1)C(=O)O,chembl+pubchem,chembl,measured,chembl:CHEMBL933039:CHEMBL258333:row728;pubchem:AID317219:SID103573910,,7.795880017344075,,1.0,7.795880017344075,1,False,False,False
ALRGMGVUAWHELZ-UHFFFAOYSA-N,CC(CS)C(=O)N(CC(=O)O)C1CCCC1,manual,manual,measured,manual:SD_253:1091,7.795880017344075,,1.0,,7.795880017344075,1,False,False,False
FPUIOUHUIOAZBC-CVEARBPZSA-N,O=C(O)CN1C(=O)[C@@H](NC(=O)[C@@H](CS)Cc2ccccc2)CSc2ccccc21,chembl+manual+pubchem,chembl,measured,chembl:CHEMBL648282:CHEMBL51780:row228;manual:50983640:770;pubchem:AID38454:SID103235148,7.769551078621726,,1.0,,7.769551078621726,1,False,False,False
MODSILRAHWLEIJ-UBHSHLNASA-N,C[C@H](N[C@@H](CNC(=O)c1ccccc1)C(=O)O)C(=O)N1CCC[C@H]1C(=O)O,chembl+pubchem,chembl,measured,chembl:CHEMBL645287:CHEMBL2112767:row468;pubchem:AID38852:SID163326306,7.769551078621726,,1.0,,7.769551078621726,1,False,False,False
BVEZVWDJQNJONB-OHRKKDJYSA-N,C[C@H](CS)C(=O)N1C[C@H](NC(=O)C(CS)Cc2ccccc2)C[C@H]1C(=O)O,chembl+manual+pubchem,chembl,measured,chembl:CHEMBL648286:CHEMBL91623:row174;manual:50724342:772;pubchem:AID38460:SID103298383,7.7447274948966935,,1.0,,7.7447274948966935,1,False,False,False
NKBFLPNYTZKMLW-HJOGWXRNSA-N,O=C(N[C@@H](Cc1ccc2ccccc2c1)C(=O)N1CCC[C@H]1C(=O)O)[C@@H](S)Cc1ccccc1,manual+pubchem,pubchem,measured,manual:50476448:771;manual:CHEMBL423635:878;pubchem:AID38461:SID103416147,7.7447274948966935,,1.0,,7.7447274948966935,1,False,False,False
GDGPVPYTXHNOSO-UHFFFAOYSA-N,CC(CS)C(=O)N1Cc2ccccc2CC1C(=O)O,chembl+manual+pubchem,chembl,measured,chembl:CHEMBL648350:CHEMBL279737:row991;manual:50746617:775;pubchem:AID39758:SID103191027,7.7447274948966935,,1.0,,7.7447274948966935,1,False,False,False
RRWODDRPKAWHEH-WNYOCNMUSA-N,C[C@H]1Oc2ccccc2N(CCC(=O)O)C(=O)[C@H]1NC(=O)[C@@H](S)Cc1ccccc1,chembl+manual+pubchem,chembl,measured,chembl:CHEMBL648282:CHEMBL52733:row1117;manual:50983648:773;pubchem:AID38454:SID103235783,7.7447274948966935,,1.0,,7.7447274948966935,1,False,False,False
HAHASCMUEWBAFT-UHFFFAOYSA-N,CC(CS)C(=O)N(CC(=O)O)C1CCC1,manual,manual,measured,manual:SD_251:1089,7.7447274948966935,,1.0,,7.7447274948966935,1,False,False,False
GDGPVPYTXHNOSO-SKDRFNHKSA-N,C[C@H](CS)C(=O)N1Cc2ccccc2C[C@H]1C(=O)O,chembl+manual+pubchem,chembl,measured,chembl:CHEMBL5258025:CHEMBL79189:row1461;chembl:CHEMBL648337:CHEMBL79189:row1059;manual:50991927:785;manual:51527199:774;pubchem:AID1954024:SID103281018;pubchem:AID39018:SID103281018,7.722392297436963,,1.0,,7.722392297436963,1,False,False,False
XVYVZHGKBZAHPX-COOPMVRXSA-N,O=C1/C(=N\C(=S)NCc2cc3ccccc3cc2O)c2ccccc2N1c1ccccc1,chembl+manual+pubchem,chembl,measured,chembl:CHEMBL4135397:CHEMBL4167252:row1329;manual:50986254:778;pubchem:AID1503699:SID404657919,7.721932669111338,,1.0,,7.721932669111338,1,False,False,False
XPCFTKFZXHTYIP-PMACEKPBSA-N,CCOC(=O)[C@H](CCc1ccccc1)N[C@H]1CCc2ccccc2N(CC(=O)O)C1=O,chembl+manual+pubchem,chembl+manual,measured,chembl:CHEMBL648689:CHEMBL838:row1098;manual:50799268:593;manual:SD_087:1004;pubchem:AID39767:SID103220490,7.721607608846487,,1.0,,7.721607608846487,1,False,False,True
SVOJTIVTACYKJC-JLSDUUJJSA-N,CC(C)c1ccc(CCS[C@H]2CC[C@@H](C(=O)O)N2C(=O)[C@H](C)CS)cc1,chembl+manual+pubchem,chembl,measured,chembl:CHEMBL1004838:CHEMBL525948:row649;manual:50426200:780;pubchem:AID362193:SID103642619,7.721246399047171,,1.0,,7.721246399047171,1,False,False,False
PSIFNNKUMBGKDQ-UHFFFAOYSA-N,CCCCc1nc(Cl)c(CO)n1Cc1ccc(-c2ccccc2-c2nnn[nH]2)cc1,chembl+manual+pubchem,chembl,measured,chembl:CHEMBL648689:CHEMBL191:row385;manual:50799358:779;pubchem:AID39767:SID103546496,7.721246399047171,,1.0,,7.721246399047171,1,False,False,False
QNKOPOVZWSEPHB-KDJZUGQXSA-N,O=C(N[C@@H](Cc1ccccc1)P(=O)(O)CC(CC1CC(c2ccc(C(F)(F)F)cc2)=NO1)C(=O)N[C@@H](Cc1c[nH]c2ccccc12)C(=O)O)OCc1ccccc1,chembl+pubchem,chembl,measured,chembl:CHEMBL1045247:CHEMBL570704:row787;pubchem:AID444546:SID103703093,,7.698970004336019,,1.0,7.698970004336019,1,False,False,False
JIBWSSPYJVGWAI-HFCFLWKCSA-N,O=C(CCC(=O)N1CCC[C@H]1C(=O)O)C(Cc1ccccc1)NC(=O)C1CCCO1,chembl+manual+pubchem,chembl,measured,chembl:CHEMBL648346:CHEMBL368784:row313;manual:50599114:786;pubchem:AID39754:SID103435245,7.698970004336019,,1.0,,7.698970004336019,1,False,False,False
DQZOBCXSUVKSEO-IHRRRGAJSA-N,O=C(N[C@H]1CCC(=O)N2CC[C@@H](C(=O)O)N2C1=O)[C@@H](S)Cc1ccccc1,chembl+manual+pubchem,chembl,measured,chembl:CHEMBL648283:CHEMBL305108:row312;manual:50983706:783;pubchem:AID38455:SID103255975,7.698970004336019,,1.0,,7.698970004336019,1,False,False,False
DQQAGWYNBSJKIU-RISCZKNCSA-N,CCc1ccc(CSC[C@H](NC(=O)[C@H](C)CS)C(=O)O)cc1,chembl+manual+pubchem,chembl,measured,chembl:CHEMBL1013488:CHEMBL511184:row364;manual:50441737:787;pubchem:AID396487:SID103629769,7.6777807052660805,,1.0,,7.6777807052660805,1,False,False,False
ISXNHFVFHVLVBQ-LRDDRELGSA-N,C[C@H](S)C(=O)N[C@@H](Cc1ccc(-c2ccccc2)cc1)C(=O)O,chembl+pubchem,chembl,measured,chembl:CHEMBL933039:CHEMBL257727:row959;pubchem:AID317219:SID103573870,,7.6777807052660805,,1.0,7.6777807052660805,1,False,False,False
BTBGJDYOVWSUBK-FZWOKBRSSA-N,CSCC[C@@H]1NC(=O)[C@H](CC(C)C)NC(=O)[C@H]([C@@H](C)O)NC(=O)[C@H](Cc2c[nH]cn2)NC(=O)[C@@H]2CSCCC(=O)N3CN(CN(C3)C(=O)CCSC[C@@H](C(=O)N[C@@H](C)C(N)=O)NC(=O)[C@H](CC(C)C)NC(=O)[C@H](Cc3c[nH]cn3)NC(=O)[C@H](CCCNC(=N)N)NC(=O)[C@@H]3CCCN3C1=O)C(=O)CCSC[C@H](NC(=O)[C@H](C)N)C(=O)NCC(=O)N[C@@H](CCCNC(=N)N)C(=O)N[C@@H](CCC(N)=O)C(=O)N[C@@H](Cc1ccccc1)C(=O)N2,chembl+manual+pubchem,chembl,measured,chembl:CHEMBL5350896:CHEMBL5403774:row654;manual:51551191:789;pubchem:AID1997769:SID504795573,7.657577319177793,,1.0,,7.657577319177793,1,False,False,False
DDYFSJLRMHFOPK-KBPBESRZSA-N,O=C(O)CN1CCCC[C@H](NC(=O)[C@@H](S)Cc2ccccc2)C1=O,chembl+manual+pubchem,chembl,measured,chembl:CHEMBL645286:CHEMBL299169:row219;manual:50983693:788;pubchem:AID38851:SID103235315,7.657577319177793,,1.0,,7.657577319177793,1,False,False,False
REUFMJWXJQZYAJ-UIDZLYTESA-N,CC[C@H](C)C(N[C@@H](C)C(=O)O)C(=O)N[C@@H](Cc1ccc(-c2ccccc2)cc1)C(=O)O,chembl+manual+pubchem,chembl,measured,chembl:CHEMBL876577:CHEMBL94173:row87;manual:50561726:791;pubchem:AID38458:SID103302089,7.657577319177793,,1.0,,7.657577319177793,1,False,False,False
KYQJRYLFLSJUAL-WMZOPIPTSA-N,O=C(O)CN1C(=O)[C@@H](NC(=O)[C@@H](S)CC2CCCCC2)CCc2ccccc21,chembl+manual+pubchem,chembl,measured,chembl:CHEMBL645286:CHEMBL299438:row1031;manual:50983681:790;pubchem:AID38851:SID103235695,7.657577319177793,,1.0,,7.657577319177793,1,False,False,False
MZOQJWDNYAZPNA-NMWGTECJSA-N,CN1C(=O)/C(=N\C(=S)NCc2cc3ccccc3cc2O)c2ccccc21,chembl+manual+pubchem,chembl,measured,chembl:CHEMBL4135397:CHEMBL4163389:row928;manual:50986262:792;pubchem:AID1503699:SID404662883,7.651695136951839,,1.0,,7.651695136951839,1,False,False,False
FAKRSMQSSFJEIM-ULUSZKPHSA-N,C[C@H](CS)C(=O)N1CCCC1C(=O)O,chembl+pubchem,chembl,measured,chembl:CHEMBL883277:CHEMBL162360:row171;pubchem:AID39622:SID103410642,7.638272163982407,,1.0,,7.638272163982407,1,False,False,False
DMDAAWYUUQFVGJ-YSSFQJQWSA-N,CC(C)[C@H](N[C@@H](C)C(=O)O)C(=O)N[C@@H](Cc1ccc(-c2ccccc2)cc1)C(=O)O,chembl+manual+pubchem,chembl,measured,chembl:CHEMBL876577:CHEMBL92632:row408;manual:50561725:801;pubchem:AID38458:SID103302088,7.638272163982407,,1.0,,7.638272163982407,1,False,False,False
XLJKHNWPARRRJB-UHFFFAOYSA-N,[Co+2],manual,manual,measured,manual:50809154:798,7.638272163982407,,1.0,,7.638272163982407,1,False,False,False
PMDNRSJARFTVGH-UHFFFAOYSA-N,C=C(C(C)CS)N(CC([O])=O)c1ccc(F)cc1,manual,manual,measured,manual:SD_298:1136,7.638272163982407,,1.0,,7.638272163982407,1,False,False,False
ZOVVXQFUXIVSFR-FZMZJTMJSA-N,CC(C)CN(C[C@H](O)C(=O)O)C(=O)N[C@@H](Cc1ccc(O)c(O)c1)C(=O)O,chembl+manual+pubchem,chembl,measured,chembl:CHEMBL930672:CHEMBL258278:row106;manual:50859977:795;pubchem:AID320030:SID103573331,7.638272163982407,,1.0,,7.638272163982407,1,False,False,False
YEXQQQZDCCDPJD-UHFFFAOYSA-N,CCOC(=O)C(CCc1ccccc1)OC(C)C(=O)N1C(C(=O)O)CC2CCCCC21,chembl+manual+pubchem,chembl,measured,chembl:CHEMBL648701:CHEMBL284898:row486;manual:50746453:803;pubchem:AID39750:SID103193375,7.619788758288394,,1.0,,7.619788758288394,1,False,False,False
RYRGBDZKTRJOQS-ONGXEEELSA-N,C[C@H](S)C(=O)N[C@H]1CCc2ccccc2N(CC(=O)O)C1=O,chembl+manual+pubchem,chembl,measured,chembl:CHEMBL645286:CHEMBL50480:row601;manual:50983673:802;pubchem:AID38851:SID103235602,7.619788758288394,,1.0,,7.619788758288394,1,False,False,False
KJGGXEGBIHOCTB-DFJPGDIZSA-N,CCOC(=O)C(CCc1ccccc1)OC(C)C(=O)N1CC2CCCCC2[C@H]1C(=O)O,manual,manual,measured,manual:SD_198:1036,7.619788758288394,,1.0,,7.619788758288394,1,False,False,False
JQGVFJSLEWEGEE-JVCXMKTPSA-N,Cc1ccc(C(=O)N2C(=O)/C(=N\C(=S)NCc3cc4ccccc4cc3O)c3ccccc32)cc1,chembl+manual+pubchem,chembl,measured,chembl:CHEMBL4135397:CHEMBL4166152:row597;manual:50986258:804;pubchem:AID1503699:SID404657511,7.615825861192967,,1.0,,7.615825861192967,1,False,False,False
SICGILBDGWFFNA-FGIOIFSOSA-N,O=C(N[C@@H](Cc1ccccc1)P(=O)(O)CC(CC1CC(c2ccc(-c3ccccc3)cc2)=NO1)C(=O)N[C@@H](Cc1c[nH]c2ccccc12)C(=O)O)OCc1ccccc1,chembl+pubchem,chembl,measured,chembl:CHEMBL1045247:CHEMBL570722:row975;pubchem:AID444546:SID103703094,,7.6020599913279625,,1.0,7.6020599913279625,1,False,False,False
RDMQYBSCQCMLQC-NNBQYGFHSA-N,O=C(O)CN1C(=O)C(NC(=O)[C@@H](S)Cc2ccccc2)CCCc2ccccc21,chembl+manual+pubchem,chembl,measured,chembl:CHEMBL645286:CHEMBL50814:row51;manual:50983690:805;pubchem:AID38851:SID103235076,7.6020599913279625,,1.0,,7.6020599913279625,1,False,False,False
NVOGZCACYSGYEQ-OALUTQOASA-N,CC(C)[C@H](NCP(=O)(O)O)C(=O)N[C@@H](Cc1ccc(-c2ccccc2)cc1)C(=O)O,chembl+manual+pubchem,chembl,measured,chembl:CHEMBL876577:CHEMBL89563:row6;manual:50561834:807;pubchem:AID38458:SID103295435,7.6020599913279625,,1.0,,7.6020599913279625,1,False,False,False
AFQRQONIFUVVEI-SKDRFNHKSA-N,C[C@H](CS)C(=O)N1c2ccccc2CC[C@H]1C(=O)O,chembl+manual+pubchem,chembl,measured,chembl:CHEMBL5258025:CHEMBL5275273:row1172;manual:51527198:808;pubchem:AID1954024:SID494414850,7.6020599913279625,,1.0,,7.6020599913279625,1,False,False,False
VUEMZVPEAVUVHY-UHFFFAOYSA-N,CC(NP(=O)(O)CCc1ccccc1)C(=O)N1CCCC1C(=O)O,chembl+manual+pubchem,chembl,measured,chembl:CHEMBL646945:CHEMBL62955:row631;manual:50995203:810;pubchem:AID38849:SID103255320,7.599980364934842,,1.0,,7.599980364934842,1,False,False,False
JRAQIPPUUOUHFM-AAFJCEBUSA-N,O=C(O)C(=O)N[C@H](Cc1ccc(-c2ccccc2)cc1)CC(O)C(=O)O,pubchem,pubchem,measured,pubchem:AID1919202:SID381621112;pubchem:AID1919723:SID381621112,,7.579633382694096,,1.0,7.579633382694096,1,False,False,False
PFSPSDHEYBMTQM-KMDXXIMOSA-N,O=C(N[C@@H](Cc1cccc2ccccc12)C(=O)N1CCC[C@H]1C(=O)O)[C@H](S)Cc1ccccc1,manual+pubchem,pubchem,measured,manual:50476436:812;manual:CHEMBL350378:875;pubchem:AID38461:SID103416472,7.568636235841013,,1.0,,7.568636235841013,1,False,False,False
DOBNVUFHFMVMDB-KXBFYZLASA-N,C[C@@H](C[C@@H](Cc1ccc(-c2ccccc2)cc1)NC(=O)CCC(=O)O)C(=O)O,manual+pubchem,pubchem,measured,manual:1316477:813;pubchem:AID1919722:SID103942991,7.568636235841013,,1.0,,7.568636235841013,1,False,False,False
BROFGMFOFNHCBY-KXBFYZLASA-N,C[C@@H](C[C@@H](Cc1ccc(-c2ccccc2)cc1)C(=O)CCC(=O)O)C(=O)O,manual+pubchem,pubchem,measured,manual:1237906:811;pubchem:AID1919202:SID476023771,7.568636235841013,,1.0,,7.568636235841013,1,False,False,False
YQDOHAUNEYURLH-YOEHRIQHSA-N,O=C(O)CN1C(=O)[C@@H](NC(=O)[C@@H](S)Cc2ccccc2)COc2ccccc21,chembl+manual+pubchem,chembl,measured,chembl:CHEMBL648282:CHEMBL54036:row863;manual:50983642:814;pubchem:AID38454:SID103235811,7.552841968657781,,1.0,,7.552841968657781,1,False,False,False
WMJSQLHYOQNHIT-XMMISQBUSA-N,O=C(CCC(=O)C(Cc1ccccc1)NC(=O)c1ccccc1)N[C@H](Cc1ccccc1)C(=O)O,chembl+manual+pubchem,chembl,measured,chembl:CHEMBL648346:CHEMBL366455:row20;manual:50599120:815;pubchem:AID39754:SID103434797,7.552841968657781,,1.0,,7.552841968657781,1,False,False,False
YIIMJDHGEFYSBL-GAZPGATBSA-N,CC[C@H](C)[C@H](NC(C)=O)C(=O)N[C@@H](CC(C)C)C(=O)N[C@@H](Cc1ccc(O)cc1)P(=O)(O)O,chembl+manual+pubchem,chembl,measured,chembl:CHEMBL3269460:CHEMBL3264009:row1036;chembl:CHEMBL3269461:CHEMBL3264009:row905;manual:50090222:740;manual:50090270:106;pubchem:AID1137670:SID242637248;pubchem:AID1137671:SID242637248;chembl:CHEMBL3269460:CHEMBL3264009:row1258;chembl:CHEMBL3269461:CHEMBL3264009:row810;pubchem:AID1137670:SID242637248;pubchem:AID1137671:SID242637248,7.520002580835792,7.579633382694096,1.0,1.0,7.549817981764944,1,False,False,False
XCJANLVRPWZEHK-MSOLQXFVSA-N,O=C(O)CN1C(=O)[C@H](N[C@@H](CSCc2ccccc2)C(=O)O)CCc2ccccc21,manual,manual,measured,manual:SD_225:1063,7.5376020021010435,,1.0,,7.5376020021010435,1,False,False,False
IQHFJQXJLKTGJO-KRWDZBQOSA-N,CC(C)CN(CP(=O)(O)O)C(=O)N[C@@H](Cc1ccc2ccccc2c1)C(=O)O,chembl+manual+pubchem,chembl,measured,chembl:CHEMBL930672:CHEMBL442455:row492;manual:50859984:817;pubchem:AID320030:SID103573609,7.5376020021010435,,1.0,,7.5376020021010435,1,False,False,False
SJZSCNBOYIWMHJ-UHFFFAOYSA-N,CCCCOC(=O)NC(Cc1ccccc1)C(=O)CC(C)C(=O)N1CCCC1C(=O)O,manual+pubchem,pubchem,measured,manual:CHEMBL24750:838;pubchem:AID39752:SID103193377,7.5376020021010435,,1.0,,7.5376020021010435,1,False,False,False
ICVAKVXFPOSUDK-MHEXWIEDSA-N,CC(C)[C@H](S)C(=O)NC1CCc2cccc3c2N(C1=O)[C@H](C(=O)O)C3,manual+pubchem,pubchem,measured,manual:50479608:822;manual:CHEMBL98876:855;pubchem:AID38877:SID103312075,7.522878745280337,,1.0,,7.522878745280337,1,False,False,False
OQXFHYHUXJEPQI-UHFFFAOYSA-N,CC(CS)C(=O)N(CC(=O)O)C1CC1,manual,manual,measured,manual:SD_247:1085,7.522878745280337,,1.0,,7.522878745280337,1,False,False,False
YSFYVNRABGRTNY-UBHSHLNASA-N,C[C@H](NC(=O)[C@@H](S)Cc1ccccc1)C(=O)N1CCC[C@H]1C(=O)O,chembl+manual+pubchem,chembl,measured,chembl:CHEMBL5258025:CHEMBL287896:row226;chembl:CHEMBL648282:CHEMBL287896:row124;chembl:CHEMBL881232:CHEMBL287896:row695;manual:50833633:820;manual:50983662:821;manual:51527214:823;pubchem:AID1954024:SID103218773;pubchem:AID254756:SID103218773;pubchem:AID38454:SID103218773,7.522878745280337,,1.0,,7.522878745280337,1,False,False,False
RKNMYGVSICBNLT-KSFNBINOSA-N,CCCC(N[C@@H](C)C(=O)N1[C@H](C(=O)O)C[C@@H]2CCCC[C@@H]21)P(=O)(O)O,chembl+manual+pubchem,chembl,measured,chembl:CHEMBL2445165:CHEMBL2442646:row105;manual:51200729:818;pubchem:AID780570:SID174525327,7.522878745280337,,1.0,,7.522878745280337,1,False,False,False
KSVRHWYBXURNCF-UHFFFAOYSA-N,CC(CS)C(=O)N(CC(=O)O)C1Cc2ccccc2C1,manual,manual,measured,manual:SD_267:1105,7.508638306165727,,1.0,,7.508638306165727,1,False,False,False
CDDHYPGPHOOMFW-YJBOKZPZSA-N,O=C(O)CCN1C(=O)[C@@H](NC(=O)[C@@H](S)Cc2ccccc2)COc2ccccc21,chembl+manual+pubchem,chembl,measured,chembl:CHEMBL648282:CHEMBL301751:row1116;manual:50983643:824;pubchem:AID38454:SID103235814,7.508638306165727,,1.0,,7.508638306165727,1,False,False,False
BDYGMDMPZALDDI-UHFFFAOYSA-N,CC(CS)C(=O)N(CC(=O)O)C1CCCCCC1,manual,manual,measured,manual:SD_257:1095,7.508638306165727,,1.0,,7.508638306165727,1,False,False,False
ZFRNBYWFOLDQKG-FDMHNHSTSA-N,CC[C@H](C)[C@H](NC(C)=O)C(=O)N[C@@H](Cc1ccc(O)cc1)C(=O)N[C@@H](Cc1ccc(O)cc1)P(=O)(O)O,chembl+manual+pubchem,chembl,measured,chembl:CHEMBL3269460:CHEMBL1233799:row1046;chembl:CHEMBL3269461:CHEMBL1233799:row664;manual:50090219:135;manual:50090220:728;pubchem:AID1137670:SID104249963;pubchem:AID1137671:SID104249963;chembl:CHEMBL3269460:CHEMBL1233799:row1249;chembl:CHEMBL3269461:CHEMBL1233799:row1009;pubchem:AID1137670:SID104249963;pubchem:AID1137671:SID104249963,7.458607314841775,7.541773025725037,1.0,1.0,7.500190170283406,1,False,False,False
HMWIHWAAIYAMFZ-UHFFFAOYSA-N,O=C(O)CCc1cc(O)c2n(c1=O)C(C(=O)O)CC2,chembl+pubchem,chembl,measured,chembl:CHEMBL646945:CHEMBL107635:row954;pubchem:AID38849:SID103328099,7.50003813440381,,1.0,,7.50003813440381,1,False,False,False
ORFGPZNJDHOWLV-UHFFFAOYSA-N,CC(CS)C(=O)N1C(=O)CCC1C(=O)O,chembl+manual+pubchem,chembl,measured,chembl:CHEMBL646945:CHEMBL110375:row309;manual:50995202:826;pubchem:AID38849:SID103328811,7.50003813440381,,1.0,,7.50003813440381,1,False,False,False
YJNWDJIIFRGLRO-FFYHKYONSA-N,O=C(N[C@@H](Cc1ccccc1)P(=O)(O)C[C@H](Cc1cc(-c2ccccc2)no1)C(=O)N[C@@H](Cc1ccccc1)C(=O)O)OCc1ccccc1,chembl+pubchem,chembl,measured,chembl:CHEMBL1045247:CHEMBL567628:row542;chembl:CHEMBL1045251:CHEMBL567628:row1002;chembl:CHEMBL1045252:CHEMBL567628:row973;chembl:CHEMBL1045253:CHEMBL567628:row1407;chembl:CHEMBL1045256:CHEMBL567628:row971;pubchem:AID444546:SID103703100;pubchem:AID444550:SID103703100;pubchem:AID444551:SID103703100;pubchem:AID444552:SID103703100;pubchem:AID444555:SID103703100,,7.494850021680094,,1.0,7.494850021680094,1,False,False,True
USAXCUHSDRCEKI-NVEZCULWSA-N,CC(CS)C(=O)N(CC(=O)O)[C@@H]1C[C@H]2CC[C@@H]1C2,manual,manual,measured,manual:SD_259:1097,7.494850021680094,,1.0,,7.494850021680094,1,False,False,False
HDYXNOIOUJSIFC-VABKMULXSA-N,NCCCC[C@H](NC(=O)[C@@H](S)Cc1ccccc1)C(=O)N[C@@H](Cc1c[nH]c2ccccc12)C(=O)O,chembl+manual+pubchem,chembl,measured,chembl:CHEMBL6119899:CHEMBL6151132:row1577;chembl:CHEMBL6119900:CHEMBL6151132:row1596;manual:51644114:158;manual:51644120:698;pubchem:AID2246723:SID528379498;pubchem:AID2246724:SID528379498,7.489405350465031,,1.0,,7.489405350465031,1,False,False,True
JXUITWFZUXOHSN-SVDRJTPKSA-N,C[C@H](N)C(=O)N[C@H]1CSCCC(=O)N2CN3CN(C2)C(=O)CCSC[C@H](NC(=O)[C@H](CCCNC(=N)N)NC(=O)[C@@H]2CCCN2C(=O)[C@H](Cc2ccccc2)NC(=O)[C@H](CC(=O)O)NC(=O)[C@H](CCCNC(=N)N)NC(=O)[C@H](Cc2c[nH]cn2)NC1=O)C(=O)N[C@@H]([C@@H](C)O)C(=O)N[C@@H](Cc1c[nH]c2ccccc12)C(=O)N[C@@H](CCC(=O)O)C(=O)N[C@@H]([C@@H](C)O)C(=O)N[C@@H](CCC(N)=O)C(=O)N[C@@H](Cc1c[nH]c2ccccc12)C(=O)N[C@H](C(=O)N[C@@H](C)C(N)=O)CSCCC3=O,chembl+manual+pubchem,chembl,measured,chembl:CHEMBL5350896:CHEMBL5420202:row1205;manual:51551195:828;pubchem:AID1997769:SID504818558,7.481486060122112,,1.0,,7.481486060122112,1,False,False,False
VCPVOGSIRZPBGD-ROUUACIJSA-N,O=C(O)CN1Cc2ccccc2C[C@H](NC(=O)[C@@H](S)Cc2ccccc2)C1=O,chembl+manual+pubchem,chembl,measured,chembl:CHEMBL5258025:CHEMBL51576:row167;chembl:CHEMBL645286:CHEMBL51576:row1094;manual:50983691:827;manual:51527212:829;pubchem:AID1954024:SID103235279;pubchem:AID38851:SID103235279,7.481486060122112,,1.0,,7.481486060122112,1,False,False,False
PRQZJBRLTLSRGU-YWQVJIEVSA-N,CC[C@H](C)[C@H](NC(C)=O)C(=O)N[C@@H](Cc1ccccc1)C(=O)N[C@@H](Cc1ccc(O)cc1)P(=O)(O)O,chembl+manual+pubchem,chembl,measured,chembl:CHEMBL3269460:CHEMBL3264010:row259;chembl:CHEMBL3269461:CHEMBL3264010:row260;manual:50090272:697;manual:50090276:116;pubchem:AID1137670:SID242637249;pubchem:AID1137671:SID242637249;chembl:CHEMBL3269460:CHEMBL3264010:row1047;chembl:CHEMBL3269461:CHEMBL3264010:row696;pubchem:AID1137670:SID242637249;pubchem:AID1137671:SID242637249,7.605209643917787,7.34518491628705,1.0,1.0,7.475197280102419,1,False,False,True
BWBMGYXXENMIJX-PWSUYJOCSA-N,C[C@H](CS)C(=O)N[C@@H](CSCc1ccccc1)C(=O)O,chembl+manual+pubchem,chembl,measured,chembl:CHEMBL1013488:CHEMBL451209:row856;manual:50441807:830;pubchem:AID396487:SID103629559,7.468521082957745,,1.0,,7.468521082957745,1,False,False,False
DOBNVUFHFMVMDB-BEFAXECRSA-N,C[C@H](C[C@@H](Cc1ccc(-c2ccccc2)cc1)NC(=O)CCC(=O)O)C(=O)O,chembl+manual+pubchem,chembl+pubchem,measured,chembl:CHEMBL4406521:CHEMBL417007:row1493;manual:1316475:171;pubchem:AID1607332:SID103227773;pubchem:AID1919722:SID103942968;pubchem:AID1919202:SID103942968,6.721246399047171,8.199970640755867,1.0,1.0,7.460608519901519,1,False,False,False
MKODWSWFPOSLLD-PMACEKPBSA-N,CC(C)CN(C[C@H](O)C(=O)O)C(=O)N[C@@H](Cc1ccc(-c2ccccc2)cc1)C(=O)O,chembl+manual+pubchem,chembl,measured,chembl:CHEMBL930672:CHEMBL409720:row578;manual:50859990:833;pubchem:AID320030:SID103573418,7.455931955649724,,1.0,,7.455931955649724,1,False,False,False
FGFHICIYRMWGIF-UHFFFAOYSA-N,CC(CS)C(=O)N(CC(=O)O)C1CCCCC1,manual,manual,measured,manual:SD_255:1093,7.455931955649724,,1.0,,7.455931955649724,1,False,False,False
NKTBYQHQUNEYTN-GGXMVOPNSA-N,O=C(N[C@H](Cc1ccc(-c2cccc(Cl)c2)cc1)C[C@@H](O)C(=O)O)c1ccc2nnn(OCc3ccccc3)c2c1,pubchem,pubchem,measured,pubchem:AID1804988:SID441610712;pubchem:AID1806096:SID441610712,,7.449771646944906,,1.0,7.449771646944906,1,False,False,False
YZFDYPGDRYHPEQ-JKSUJKDBSA-N,O=C(O)C(=O)N[C@H](Cc1ccc(-c2ccccc2)cc1Cl)C[C@@H](CO)C(=O)O,pubchem,pubchem,measured,pubchem:AID1919202:SID441289685,,7.449771646944906,,1.0,7.449771646944906,1,False,False,False
POIKHACBOPACCB-DYESRHJHSA-N,C[C@](CO)(C[C@@H](Cc1ccc(-c2ccc(F)cc2)cc1)NC(=O)C(=O)O)C(=O)O,pubchem,pubchem,measured,pubchem:AID1919202:SID476023798,,7.449771646944906,,1.0,7.449771646944906,1,False,False,False
JRAQIPPUUOUHFM-UHFFFAOYSA-N,O=C(O)C(=O)NC(Cc1ccc(-c2ccccc2)cc1)CC(O)C(=O)O,pubchem,pubchem,measured,pubchem:AID1919202:SID441289662,,7.449771646944906,,1.0,7.449771646944906,1,False,False,False
PRNNUULGNBSAAT-IXDGSTSKSA-N,C[C@@H]1Oc2ccccc2N(CC(=O)O)C(=O)[C@H]1NC(=O)[C@@H](S)Cc1ccccc1,chembl+manual+pubchem,chembl,measured,chembl:CHEMBL648282:CHEMBL50559:row607;manual:50983647:31;pubchem:AID38454:SID103235499,7.443697499232712,,1.0,,7.443697499232712,1,False,False,False
DVGSPMNKYPLUAT-HKUYNNGSSA-N,O=C(O)CCN1C(=O)[C@@H](NC(=O)[C@@H](S)Cc2ccccc2)CCc2ccccc21,chembl+manual+pubchem,chembl,measured,chembl:CHEMBL648282:CHEMBL301364:row876;manual:50983653:34;pubchem:AID38454:SID103235498,7.443697499232712,,1.0,,7.443697499232712,1,False,False,False
QHBPFNHEJJZWMW-MOPGFXCFSA-N,O=C(O)CCN1C(=O)[C@@H](NC(=O)[C@@H](CS)Cc2ccccc2)CCc2ccccc21,chembl+manual+pubchem,chembl,measured,chembl:CHEMBL648282:CHEMBL51438:row476;manual:50983667:32;pubchem:AID38454:SID103235496,7.443697499232712,,1.0,,7.443697499232712,1,False,False,False
BSHDUMDXSRLRBI-UHFFFAOYSA-N,O=C(O)C1CSC(c2ccccc2O)N1C(=O)CCS,chembl+pubchem,chembl,measured,chembl:CHEMBL645285:CHEMBL110444:row435;chembl:CHEMBL646945:CHEMBL110444:row629;pubchem:AID38849:SID103328709;pubchem:AID38850:SID103328709,7.443571871667189,,1.0,,7.443571871667189,1,False,False,False
IFYLTXNCFVRALQ-OALUTQOASA-N,NCCCC[C@H](OP(=O)(O)CCCCc1ccccc1)C(=O)N1CCC[C@H]1C(=O)O,chembl+manual+pubchem,chembl,measured,chembl:CHEMBL648337:CHEMBL36503:row1298;manual:50991990:33;pubchem:AID39018:SID103209911,7.439973751087107,,1.0,,7.439973751087107,1,False,False,False
WHIHOGDWGBNLDT-SVBPBHIXSA-N,O=C1c2ccccc2-c2ccc(CN(C[C@H](O)C(=O)O)C(=O)N[C@@H](Cc3ccc4ccccc4c3)C(=O)O)cc21,chembl+manual+pubchem,chembl,measured,chembl:CHEMBL930672:CHEMBL258130:row577;manual:50859987:35;pubchem:AID320030:SID103573201,7.4089353929735005,,1.0,,7.4089353929735005,1,False,False,False
QVLBZMKHYLEWGB-QNSVNVJESA-N,O=C(O)CCC(=O)N[C@H](Cc1ccc(-c2ccccc2)cc1)CC(O)C(=O)O,pubchem,pubchem,measured,pubchem:AID1919202:SID476023817,,7.400116927926312,,1.0,7.400116927926312,1,False,False,False
MEDACFPWUJRLOU-UHFFFAOYSA-N,CC(OP(=O)(O)C(CCc1ccccc1)NC(=O)c1ccccc1)C(=O)N1CCCC1C(=O)O,chembl+manual+pubchem,chembl,measured,chembl:CHEMBL646945:CHEMBL109178:row469;manual:50995213:36;pubchem:AID38849:SID103328788,7.400007822415902,,1.0,,7.400007822415902,1,False,False,False
PHASTBJLWIZXKB-BJQOMGFOSA-N,C[C@H](NC(CCc1ccccc1)C(=O)O)C(=O)N(CC(=O)O)C1Cc2ccccc2C1,chembl+manual+pubchem,chembl,measured,chembl:CHEMBL648337:CHEMBL78341:row1183;manual:50991952:48;pubchem:AID39018:SID103281017,7.400007822415902,,1.0,,7.400007822415902,1,False,False,False
BJPLYVULVZSLCO-HOTGVXAUSA-N,CCOC(=O)[C@H](CCCCN)N[C@H]1CCc2ccccc2N(CC(=O)O)C1=O,chembl+manual+pubchem,chembl,measured,chembl:CHEMBL644701:CHEMBL417169:row1001;manual:50745419:44;pubchem:AID38860:SID103220546,7.3979400086720375,,1.0,,7.3979400086720375,1,False,False,False
MODSILRAHWLEIJ-UFPXDFCQSA-N,C[C@H](NC(CNC(=O)c1ccccc1)C(=O)O)C(=O)N1CCC[C@H]1C(=O)O,chembl+pubchem,chembl,measured,chembl:CHEMBL645287:CHEMBL2111941:row66;pubchem:AID38852:SID163312499,7.3979400086720375,,1.0,,7.3979400086720375,1,False,False,False
XJQJTTIEQXXSFY-SVBPBHIXSA-N,O=C1c2ccccc2C(=O)c2cc(CN(C[C@H](O)C(=O)O)C(=O)N[C@@H](Cc3ccc4ccccc4c3)C(=O)O)ccc21,chembl+manual+pubchem,chembl,measured,chembl:CHEMBL930672:CHEMBL273140:row107;manual:50859976:37;pubchem:AID320030:SID103573109,7.3979400086720375,,1.0,,7.3979400086720375,1,False,False,False
JXCFHCFAYKJVSI-BZSNNMDCSA-N,O=C(N[C@H]1CCc2cccc3c2N(C1=O)[C@H](C(=O)O)C3)[C@@H](S)Cc1ccccc1,manual+pubchem,pubchem,measured,manual:50568431:49;manual:CHEMBL2112403:857;pubchem:AID38877:SID163336631,7.3979400086720375,,1.0,,7.3979400086720375,1,False,False,False
WGYVKXQHRQXHDV-LPDACBTHSA-N,C[C@H](NC(CCc1ccccc1)P(=O)(O)O)C(=O)N1[C@H](C(=O)O)C[C@@H]2CCCC[C@@H]21,chembl+manual+pubchem,chembl,measured,chembl:CHEMBL2445165:CHEMBL2442647:row390;manual:51200732:47;pubchem:AID780570:SID174494335,7.3979400086720375,,1.0,,7.3979400086720375,1,False,False,False
MSXGVTUDEXFITQ-AAEUAGOBSA-N,C[C@H](NP(=O)(O)OCc1ccccc1)C(=O)N1CCC[C@H]1C(=O)O,chembl+manual+pubchem,chembl,measured,chembl:CHEMBL648337:CHEMBL79131:row265;manual:50991991:66;pubchem:AID39018:SID103280822,7.389978975335855,,1.0,,7.389978975335855,1,False,False,False
IAFVRFJGXZLXTJ-MSRBLGPRSA-N,CC[C@@H](C)[C@H](S)C(=O)NC1CCc2cccc3c2N(C1=O)[C@H](C(=O)O)C3,manual+pubchem,pubchem,measured,manual:50568432:65;manual:CHEMBL319836:860;pubchem:AID38877:SID103312132,7.3872161432802645,,1.0,,7.3872161432802645,1,False,False,False
YOWOQWLJRHUIFT-HDZPVEPVSA-N,C[C@H](N[C@@H](CCc1ccccc1)C(=O)O)C(=O)N1C[C@@H](NC(=O)C(CS)Cc2ccccc2)C[C@H]1C(=O)O,chembl+manual+pubchem,chembl,measured,chembl:CHEMBL648286:CHEMBL312918:row880;manual:50724339:67;pubchem:AID38460:SID103298217,7.376750709602099,,1.0,,7.376750709602099,1,False,False,False
OCCYDXOFQKDGHX-LBAQZLPGSA-N,O=C(NC(Cc1ccccc1)C(=O)CCCC(=O)N1CCC[C@H]1C(=O)O)c1ccccc1,chembl+manual+pubchem,chembl,measured,chembl:CHEMBL648346:CHEMBL172783:row1301;manual:50599117:68;pubchem:AID39754:SID103433317,7.376750709602099,,1.0,,7.376750709602099,1,False,False,False
HIELEDJWYDZOEX-SFYZADRCSA-N,C[C@H](CS)C(=O)N1C[Si](C)(C)C[C@H]1C(=O)O,chembl+manual+pubchem,chembl,measured,chembl:CHEMBL4229775:CHEMBL4248427:row1232;manual:51126789:71;pubchem:AID1393305:SID404703114,7.366531544420414,,1.0,,7.366531544420414,1,False,False,False
JPOQESCOTWRLDA-GVLBTVBKSA-N,C[C@H](N[C@@H](CCc1ccccc1)C(=O)O)C(=O)N1C[C@@H](NC(=O)NC(CS)Cc2ccccc2)C[C@H]1C(=O)O,chembl+manual+pubchem,chembl,measured,chembl:CHEMBL648286:CHEMBL329801:row450;manual:50724334:72;pubchem:AID38460:SID103298185,7.366531544420414,,1.0,,7.366531544420414,1,False,False,False
HIELEDJWYDZOEX-MQWKRIRWSA-N,CC(CS)C(=O)N1C[Si](C)(C)C[C@H]1C(=O)O,chembl+manual+pubchem,chembl,measured,chembl:CHEMBL6179071:CHEMBL6193619:row1595;manual:51655712:70;pubchem:AID2272423:SID528383731,7.366531544420414,,1.0,,7.366531544420414,1,False,False,False
AXLSRWNJCJLBGC-UHFFFAOYSA-N,C=C(C(C)CS)N(CC([O])=O)c1cc(C)cc(C)c1,manual,manual,measured,manual:SD_291:1129,7.356547323513812,,1.0,,7.356547323513812,1,False,False,False
CUKQMSYVQGXHKG-JVPBZIDWSA-N,C[C@H](N[C@@H](CCc1ccccc1)C(=O)O)C(=O)N1Cc2ccccc2[C@H]1C(=O)O,chembl+manual+pubchem,chembl,measured,chembl:CHEMBL5258025:CHEMBL5267769:row1462;manual:51527205:74;pubchem:AID1954024:SID494406767,7.356547323513812,,1.0,,7.356547323513812,1,False,False,False
XGYXZZNEBKNVOA-NDXORKPFSA-N,CCOC(=O)[C@H](CCc1ccccc1)N[C@@H](C)C(=O)N1Cc2ccccc2[C@H]1C(=O)O,chembl+manual+pubchem,chembl,measured,chembl:CHEMBL648350:CHEMBL2115478:row122;manual:50030011:73;pubchem:AID39758:SID163312840,7.356547323513812,,1.0,,7.356547323513812,1,False,False,False
BNGVWMNLGADUIP-DKLXNKCPSA-N,C[C@H](N[C@@H](Cc1ccccc1)C(=O)N[C@@H](Cc1ccc(-c2ccccc2)cc1)C(=O)O)P(=O)(O)O,chembl+manual+pubchem,chembl,measured,chembl:CHEMBL876577:CHEMBL92126:row1303;manual:50561739:75;pubchem:AID38458:SID103302911,7.356547323513812,,1.0,,7.356547323513812,1,False,False,False
IGSRBHAOMLDLQK-UHFFFAOYSA-N,CC(=O)SCC(C)C(=O)N(CC(=O)O)c1cc(C)cc(C)c1,manual,manual,measured,manual:SD_292:1130,7.356547323513812,,1.0,,7.356547323513812,1,False,False,False
HXSOGWMGAAJSIY-RTBURBONSA-N,CC(C)OC(=O)[C@H](O)C[C@@H](Cc1ccc(-c2cccc(Cl)c2)cc1)NC(=O)C(=O)O,pubchem,pubchem,measured,pubchem:AID1919202:SID381621118;pubchem:AID1919723:SID381621118,,7.354704478725331,,1.0,7.354704478725331,1,False,False,False
CRYGCPYTHSHCKP-SJORKVTESA-N,CC(C)(c1ccc(-c2ccccc2)cc1)[C@H](C[C@@H](O)C(=O)O)NC(=O)C(=O)O,pubchem,pubchem,measured,pubchem:AID1919202:SID381621148;pubchem:AID1919723:SID381621148,,7.354704478725331,,1.0,7.354704478725331,1,False,False,False
CZFGWEONSMKJRA-UHFFFAOYSA-N,CC(O)(CN(Cc1ccc(-c2ccccc2)cc1)NC(=O)C(=O)O)C(=O)O,pubchem,pubchem,measured,pubchem:AID1919202:SID381621145;pubchem:AID1919723:SID381621145,,7.354704478725331,,1.0,7.354704478725331,1,False,False,False
XXQDAAMXJXLXDD-KBPBESRZSA-N,CC(C)C[C@H](N[C@H]1CCc2ccccc2N(CC(=O)O)C1=O)C(=O)O,chembl+manual+pubchem,chembl,measured,chembl:CHEMBL644701:CHEMBL40806:row178;manual:50745429:76;pubchem:AID38860:SID103220290,7.346787486224656,,1.0,,7.346787486224656,1,False,False,False
KXRIOZZBVJVHQC-VPGYJZJUSA-N,CC(=O)SCC(C)C(=O)N(CC(=O)O)[C@@H]1CCC2CC1C2(C)C,manual,manual,measured,manual:SD_266:1104,7.346787486224656,,1.0,,7.346787486224656,1,False,False,False
VAFYRBBLYXKEBH-LBAQZLPGSA-N,Cc1ccccc1C(=O)NC(Cc1ccccc1)C(=O)CCC(=O)N1CCC[C@H]1C(=O)O,chembl+manual+pubchem,chembl,measured,chembl:CHEMBL648346:CHEMBL173376:row1497;manual:50599132:77;pubchem:AID39754:SID103432764,7.337242168318426,,1.0,,7.337242168318426,1,False,False,False
CFXDAJRKCYEWFN-OYKVQYDMSA-N,CCCCCC(=O)N[C@@H](Cc1ccccc1)C(=O)CCC(=O)N1CCCC1C(=O)O,manual+pubchem,pubchem,measured,manual:CHEMBL24614:835;pubchem:AID39752:SID103193360,7.327902142064283,,1.0,,7.327902142064283,1,False,False,False
OMYMGFLPGNJKPU-UHFFFAOYSA-N,CC(=O)SCC(C)C(=O)N(CC(=O)O)c1ccc2c(c1)CCC2,manual,manual,measured,manual:SD_294:1132,7.318758762624412,,1.0,,7.318758762624412,1,False,False,False
LPUDGHQMOAHMMF-JBACZVJFSA-N,CS(=O)(=O)N[C@@H](CCCCN)C(=O)NC[C@H](CC1(C(=O)N[C@@H](Cc2ccc(O)cc2)C(=O)O)CCCC1)C(=O)O,chembl+pubchem,chembl,measured,chembl:CHEMBL4406513:CHEMBL42583:row1481;chembl:CHEMBL4406514:CHEMBL42583:row767;pubchem:AID1607324:SID103222196;pubchem:AID1607325:SID103222196,,7.312296233345608,,1.0,7.312296233345608,1,False,False,True
MPJOJAKECQHSSG-WTIBDHCWSA-N,O=C(O)[C@@H]1CCCN1C(=O)C1CCC1S,chembl+pubchem,chembl,measured,chembl:CHEMBL648337:CHEMBL78435:row406;pubchem:AID39018:SID103281019,7.309981219211305,,1.0,,7.309981219211305,1,False,False,False
BNECOBGISSOLPT-VXKWHMMOSA-N,O=C(O)[C@H](Cc1ccc(-c2ccccc2)cc1)NC(=O)[C@@H](S)Cc1ccccc1,chembl+manual+pubchem,chembl+pubchem,measured,manual:50476455:110;manual:CHEMBL350414:870;pubchem:AID38461:SID103416919;chembl:CHEMBL933039:CHEMBL350414:row793;pubchem:AID317219:SID103416919,7.096910013008056,7.522878745280337,1.0,1.0,7.309894379144197,1,False,False,False
QEQFAJJLASYODH-ZONLJJFTSA-N,C[C@H](NC(=O)[C@H](Cc1ccccc1)NC(=O)[C@H](CCCCN)NC(=O)[C@@H]1CCC(=O)N1)C(=O)N1CCC[C@H]1C(=O)O,chembl+pubchem,chembl,measured,chembl:CHEMBL645287:CHEMBL2370850:row82;pubchem:AID38852:SID174500356,7.301029995663981,,1.0,,7.301029995663981,1,False,False,False
KSDXHWOIFKMBGX-XPGWFJOJSA-N,CC[C@@H](C)[C@H](NCP(=O)(O)O)C(=O)N[C@@H](Cc1ccc(-c2ccccc2)cc1)C(=O)O,chembl+manual+pubchem,chembl,measured,chembl:CHEMBL876577:CHEMBL90545:row1282;manual:50561741:79;pubchem:AID38458:SID103302173,7.301029995663981,,1.0,,7.301029995663981,1,False,False,False
WEYWTPCHMFHABR-MRTLOADZSA-N,O=C(O)CCCC(=O)N[C@H](Cc1ccc(-c2ccccc2)cc1)CC(O)C(=O)O,pubchem,pubchem,measured,pubchem:AID1919202:SID476023818,,7.300162274132754,,1.0,7.300162274132754,1,False,False,False
YSFYVNRABGRTNY-LXKBMQFRSA-N,C[C@@H](NC(=O)C(S)Cc1ccccc1)C(=O)N1CCC[C@H]1C(=O)O,chembl+manual+pubchem,chembl,measured,chembl:CHEMBL648337:CHEMBL77556:row413;manual:50991973:80;pubchem:AID39018:SID103280933,7.299988937677887,,1.0,,7.299988937677887,1,False,False,False
HSEOJPROQPVZIC-UHFFFAOYSA-N,CC(=O)SCC(C)C(=O)N(CC(=O)O)c1cccc(F)c1,manual,manual,measured,manual:SD_297:1135,7.292429823902063,,1.0,,7.292429823902063,1,False,False,False
HTEXKUKUMOZCFK-IDSXKDCHSA-N,CCC[C@H](N[C@@H](CCc1ccccc1)C(=O)O)C(=O)N1C[C@@H](NC(=O)C[C@H](N)Cc2cc(F)c(F)cc2F)C[C@H]1C(=O)O,chembl+manual+pubchem,chembl,measured,chembl:CHEMBL4021433:CHEMBL4078112:row93;manual:50761154:81;pubchem:AID1466507:SID381863247,7.292429823902063,,1.0,,7.292429823902063,1,False,False,False
LVQWOSPIEDBWDT-XRJCJLGXSA-N,C[C@H](NC(CCc1ccccc1)P(=O)(O)O)C(=O)N1CCC[C@H]1C(=O)O,chembl+manual+pubchem,chembl,measured,chembl:CHEMBL648337:CHEMBL80646:row632;manual:50991984:82;pubchem:AID39018:SID103280363,7.289967300934246,,1.0,,7.289967300934246,1,False,False,False
YSCAUSDTOSSZRE-ROUUACIJSA-N,CC(C)CN(C[C@H](O)C(=O)O)C(=O)N[C@@H](Cc1ccc2ccccc2c1)C(=O)O,chembl+manual+pubchem,chembl,measured,chembl:CHEMBL930672:CHEMBL450935:row148;manual:50859983:85;pubchem:AID320030:SID103573661,7.2839966563652006,,1.0,,7.2839966563652006,1,False,False,False
BGSKHHVRRAUKPB-UHFFFAOYSA-N,CC(=O)SCC(C)C(=O)N(CC(=O)O)C1CC2CC23CCC13,manual,manual,measured,manual:SD_261:1099,7.2839966563652006,,1.0,,7.2839966563652006,1,False,False,False
WGECAUDWTONXKZ-UHFFFAOYSA-N,CC(C(=O)O)C1CCCCC(CS)C1=O,chembl+manual+pubchem,chembl,measured,chembl:CHEMBL648337:CHEMBL311988:row703;manual:50991963:83;pubchem:AID39018:SID103280889,7.280006173632396,,1.0,,7.280006173632396,1,False,False,False
AFAFFSSNAUKMNO-HBMCJLEFSA-N,CN[C@H](C(=O)N[C@@H](Cc1ccc(O)cc1)C(=O)N[C@@H](Cc1ccc(O)cc1)P(=O)(O)O)C(C)C,chembl+manual+pubchem,chembl,measured,chembl:CHEMBL3269460:CHEMBL3264008:row665;chembl:CHEMBL3269461:CHEMBL3264008:row1227;manual:50090253:84;manual:50090257:87;pubchem:AID1137670:SID242637247;pubchem:AID1137671:SID242637247,7.275801448271116,,1.0,,7.275801448271116,1,False,False,False
IEBMXVZQILSQHG-SVBPBHIXSA-N,O=C(O)[C@H](Cc1ccc(-c2ccccc2)cc1)NC(=O)[C@H](Cc1ccc2ccccc2c1)NCP(=O)(O)O,chembl+manual+pubchem,chembl,measured,chembl:CHEMBL876577:CHEMBL92326:row1111;manual:50561731:86;pubchem:AID38458:SID103302799,7.275724130399211,,1.0,,7.275724130399211,1,False,False,False
VYELMBFDWSLQJI-UHFFFAOYSA-N,O=C(O)C(=O)NC(Cc1ccc(-c2ccc(F)cc2)c(Cl)c1)CC(CO)C(=O)O,pubchem,pubchem,measured,pubchem:AID1919723:SID484206679,,7.259637310505756,,1.0,7.259637310505756,1,False,False,False
POIKHACBOPACCB-UTKZUKDTSA-N,C[C@@](CO)(C[C@@H](Cc1ccc(-c2ccc(F)cc2)cc1)NC(=O)C(=O)O)C(=O)O,pubchem,pubchem,measured,pubchem:AID1919723:SID381621143,,7.259637310505756,,1.0,7.259637310505756,1,False,False,False
FWUJXVTVXVCWLQ-UHFFFAOYSA-N,CC(CS)C(=O)N(CCc1cccs1)CC(=O)O,manual,manual,measured,manual:SD_276:1114,7.259637310505756,,1.0,,7.259637310505756,1,False,False,False
BRFHDYHPVSODIF-UHFFFAOYSA-N,CSCCCN(CC(=O)O)C(=O)C(C)CS,manual,manual,measured,manual:SD_270:1108,7.259637310505756,,1.0,,7.259637310505756,1,False,False,False
BQCCHANYSPTLJA-AQOJYXMDSA-N,O=C(O)C(CCc1ccccc1)N[C@H]1CCN2CCC[C@@H](C(=O)O)N2C1=O,chembl+manual+pubchem,chembl,measured,chembl:CHEMBL648337:CHEMBL77446:row368;manual:50991943:89;pubchem:AID39018:SID103280925,7.250031916490597,,1.0,,7.250031916490597,1,False,False,False
ARLLTWAARBFLHJ-GSDHBNRESA-N,O=C(N[C@@H](Cc1ccc(-c2ccccc2)cc1)C(=O)N1CCC[C@H]1C(=O)O)[C@@H](S)Cc1ccccc1,manual+pubchem,pubchem,measured,manual:50476459:90;manual:CHEMBL165888:868;pubchem:AID38461:SID103415867,7.2441251443275085,,1.0,,7.2441251443275085,1,False,False,False
AEJMWTIBRVQCOF-KBPBESRZSA-N,CC(C)CN(C[C@H](O)C(=O)O)C(=O)N[C@@H](Cc1ccc(O)cc1)C(=O)O,chembl+manual+pubchem,chembl,measured,chembl:CHEMBL930672:CHEMBL270576:row395;manual:50859989:92;pubchem:AID320030:SID103573373,7.221848749616356,,1.0,,7.221848749616356,1,False,False,False
IXIRWVIYLLRFNN-STQMWFEESA-N,O=C(O)CN1NCCC[C@H](NC(=O)[C@@H](S)Cc2ccccc2)C1=O,chembl+manual+pubchem,chembl,measured,chembl:CHEMBL648283:CHEMBL417034:row153;manual:50983714:91;pubchem:AID38455:SID103255866,7.221848749616356,,1.0,,7.221848749616356,1,False,False,False
AWJRIAGDGSEDMH-UHFFFAOYSA-N,CC.CC(=O)SCC(C)C(=O)N(CC(=O)O)c1ccc(C(C)C)cc1,manual,manual,measured,manual:SD_302:1140,7.221848749616356,,1.0,,7.221848749616356,1,False,False,False
DCJYUKWGMKQHGE-UDZUZDSLSA-N,C[C@H](NC(=O)[C@H](Cc1c[nH]c2ccccc12)NC(=O)[C@H](CCCCN)NC(=O)[C@@H](N)CCC(=O)O)C(=O)N1CCC[C@H]1C(=O)O,chembl+pubchem,chembl,measured,chembl:CHEMBL883277:CHEMBL327401:row1505;pubchem:AID39622:SID103301394,7.221848749616356,,1.0,,7.221848749616356,1,False,False,False
PPRRVNBFLHYEOF-GSDHBNRESA-N,CC(C)[C@H](S)C(=O)N[C@@H](Cc1ccc(-c2ccccc2)cc1)C(=O)N[C@@H](Cc1ccc(O)cc1)C(=O)O,manual+pubchem,pubchem,measured,manual:50476440:94;manual:CHEMBL358338:874;pubchem:AID38461:SID103391367,7.2076083105017466,,1.0,,7.2076083105017466,1,False,False,False
JXCFHCFAYKJVSI-SQNIBIBYSA-N,O=C(N[C@@H]1CCc2cccc3c2N(C1=O)[C@H](C(=O)O)C3)[C@@H](S)Cc1ccccc1,manual+pubchem,pubchem,measured,manual:50568433:93;manual:CHEMBL2111596:862;pubchem:AID38877:SID163326155,7.2076083105017466,,1.0,,7.2076083105017466,1,False,False,False
JOAYRZNLIOEINU-UHFFFAOYSA-N,O=C(SC1CCCC1C(=O)N1CCCC1C(=O)O)c1ccccc1,chembl+pubchem,chembl,measured,chembl:CHEMBL646945:CHEMBL111578:row1095;pubchem:AID38849:SID103328757,7.199970640755866,,1.0,,7.199970640755866,1,False,False,False
ZSRSLWKGWFFVCM-GDVGLLTNSA-N,NC(CS)C(=O)N1CCC[C@H]1C(=O)O,chembl+manual+pubchem,chembl,measured,chembl:CHEMBL648337:CHEMBL412666:row1058;manual:50991896:95;pubchem:AID39018:SID103281112,7.199970640755866,,1.0,,7.199970640755866,1,False,False,False
QRVPNSMLMPOHRT-UHFFFAOYSA-N,CCCCc1ccc(N(CC(=O)O)C(=O)C(C)CSC(C)=O)cc1,manual,manual,measured,manual:SD_301:1139,7.1938200260161125,,1.0,,7.1938200260161125,1,False,False,False
SOGKSVJBPXZDIL-MGURRDGZSA-N,O=C(O)[C@@H]1CCCN1C(=O)C1CCCC1S,chembl+manual+pubchem,chembl,measured,chembl:CHEMBL648337:CHEMBL431983:row222;manual:50991900:99;pubchem:AID39018:SID103281055,7.189969213594161,,1.0,,7.189969213594161,1,False,False,False
QJZUXIPDHISQFZ-FKBYEOEOSA-N,CCCC[C@H](N[C@@H](CCc1ccccc1)C(=O)O)C(=O)N[C@@H](Cc1ccc(O)cc1)C(=O)O,chembl+pubchem,chembl,measured,chembl:CHEMBL5042029:CHEMBL5077796:row1565;chembl:CHEMBL5042030:CHEMBL5077796:row1498;pubchem:AID1819416:SID475981217;pubchem:AID1819417:SID475981217,,7.18837535480105,,1.0,7.18837535480105,1,False,False,False
OHEMLLQWDPOUER-BGNMZJEESA-N,CC[C@H](C)C(NCC(=O)O)C(=O)N[C@@H](Cc1ccc(-c2ccccc2)cc1)C(=O)O,chembl+manual+pubchem,chembl,measured,chembl:CHEMBL876577:CHEMBL328737:row411;manual:50561732:100;pubchem:AID38458:SID103302638,7.187086643357144,,1.0,,7.187086643357144,1,False,False,False
WPGNBXOKKGNCRD-PMACEKPBSA-N,O=C(N[C@@H](Cc1ccccc1)C(=O)CNCC(=O)N1CCC[C@H]1C(=O)O)c1ccccc1,manual+pubchem,pubchem,measured,manual:50474999:102;manual:CHEMBL97191:865;pubchem:AID38459:SID103309343,7.154901959985743,,1.0,,7.154901959985743,1,False,False,False
HLVPIMXVFCLKAM-BQBZGAKWSA-N,O=C(O)[C@@H]1CCCN2C(=O)C[C@@H](CS)C(=O)N12,chembl+manual+pubchem,chembl,measured,chembl:CHEMBL648337:CHEMBL79190:row1091;manual:50991867:103;manual:50995207:144;pubchem:AID39018:SID103281462,7.15002808767115,,1.0,,7.15002808767115,1,False,False,False
BAUPNCSSOJSBCN-YYWHXJBOSA-N,C[C@@H](C[Si](O)(O)[C@@H](Cc1ccccc1)NC(=O)c1ccccc1)C(=O)N1CCC[C@H]1C(=O)O,chembl+manual+pubchem,chembl,measured,chembl:CHEMBL2208710:CHEMBL328814:row851;manual:50977414:105;pubchem:AID711569:SID103310269,7.142667503568731,,1.0,,7.142667503568731,1,False,False,False
CXBHQULQNOOTII-UHFFFAOYSA-N,CC(CS)C(=O)N(CC(=O)O)C(C)C,manual,manual,measured,manual:SD_245:1083,7.142667503568731,,1.0,,7.142667503568731,1,False,False,False
XLHBUNPXTBYPMK-XJDOXCRVSA-N,O=C(NC(CCc1ccccc1)P(=O)(O)CC(=O)N1CCC[C@H]1C(=O)O)c1ccccc1,chembl+manual+pubchem,chembl,measured,chembl:CHEMBL648337:CHEMBL309798:row357;manual:50991960:104;pubchem:AID39018:SID103280248,7.140021558357979,,1.0,,7.140021558357979,1,False,False,False
YSERSWXWBJFHEC-GJZGRUSLSA-N,O=C1N[C@H](C(=O)O)CCCCCc2cccc(c2)C[C@H]1CS,chembl+manual+pubchem,chembl,measured,chembl:CHEMBL2208604:CHEMBL148840:row514;chembl:CHEMBL644707:CHEMBL148840:row403;manual:50093721:310;manual:50977371:653;pubchem:AID38866:SID103393166;pubchem:AID711508:SID103393166,7.1259059864969,,1.0,,7.1259059864969,1,False,False,True
NEFQJOOROFDSGD-UHFFFAOYSA-N,CCN(CC(=O)O)C(=O)C(C)CS,manual,manual,measured,manual:SD_244:1082,7.1249387366083,,1.0,,7.1249387366083,1,False,False,False
GOENAUONFPAZBX-UHFFFAOYSA-N,CC(C(=O)O)N(C(=O)CCS)C1CC1,manual,manual,measured,manual:SD_249:1087,7.102372908709558,,1.0,,7.102372908709558,1,False,False,False
UPEZQPMUYZATJA-UHFFFAOYSA-N,CC(=O)SCC(C)C(=O)N(CC(=O)O)C1CCCC1,manual,manual,measured,manual:SD_254:1092,7.086186147616283,,1.0,,7.086186147616283,1,False,False,False
DKIMDRWUHPPJGD-LBAQZLPGSA-N,COC(=O)[C@@H]1CCCN1C(=O)CCC(=O)C(Cc1ccccc1)NC(=O)c1ccccc1,chembl+manual+pubchem,chembl,measured,chembl:CHEMBL648346:CHEMBL177394:row552;manual:50599124:112;pubchem:AID39754:SID103436673,7.086186147616283,,1.0,,7.086186147616283,1,False,False,False
WZJFKVHMXBGZBQ-ANYOKISRSA-N,O=C(NC(Cc1ccccc1)C(=O)CCC(=O)N1CCC[C@H]1C(=O)O)c1ccccc1,chembl+pubchem,chembl,measured,chembl:CHEMBL644578:CHEMBL416147:row1412;pubchem:AID37637:SID103170755;chembl:CHEMBL644712:CHEMBL416147:row427;pubchem:AID38872:SID103170755,7.154901959985743,7.0,1.0,1.0,7.0774509799928715,1,False,False,False
ZIIWVXPQVFNPJJ-UHFFFAOYSA-N,CC(=O)SCC(C)C(=O)N(CCC1CC2CC(C1)C2(C)C)CC(=O)O,manual,manual,measured,manual:SD_263:1101,7.070581074285707,,1.0,,7.070581074285707,1,False,False,False
LQWNYMDUNAIMSA-UHFFFAOYSA-N,CC(OC(CCc1ccccc1)C(=O)O)C(=O)N1Cc2ccccc2CC1C(=O)O,chembl+manual+pubchem,chembl,measured,chembl:CHEMBL648701:CHEMBL26226:row711;manual:50746454:113;pubchem:AID39750:SID103192933,7.0655015487564325,,1.0,,7.0655015487564325,1,False,False,False
LIJZWEBJPLIHNV-DNKZHYAASA-N,O=C(NC(Cc1ccc(OCc2ccccc2)cc1)C(=O)CCC(=O)N1CCC[C@H]1C(=O)OCc1ccccc1)c1ccccc1,chembl+manual+pubchem,chembl,measured,chembl:CHEMBL648346:CHEMBL172356:row522;manual:50599119:114;pubchem:AID39754:SID103434985,7.0655015487564325,,1.0,,7.0655015487564325,1,False,False,False
IMPJIKIXNAGRCR-RRFVUZEHSA-N,O=C(N[C@@H](Cc1ccccc1)P(=O)(O)[C@@H]1CCC[C@H]1C(=O)N[C@@H](Cc1c[nH]c2ccccc12)C(=O)O)OCc1ccccc1,chembl+pubchem,chembl,measured,chembl:CHEMBL1045247:CHEMBL571716:row398;chembl:CHEMBL1045257:CHEMBL571716:row474;pubchem:AID444546:SID103703195;pubchem:AID444556:SID103703195,,7.06246936830415,,1.0,7.06246936830415,1,False,False,True
BVEZVWDJQNJONB-YWQJXVSHSA-N,C[C@H](CS)C(=O)N1C[C@@H](NC(=O)C(CS)Cc2ccccc2)C[C@H]1C(=O)O,chembl+manual+pubchem,chembl,measured,chembl:CHEMBL648286:CHEMBL328327:row102;manual:50724332:115;pubchem:AID38460:SID103298885,7.060480747381382,,1.0,,7.060480747381382,1,False,False,False
GWOKPYPGELGLLB-UHFFFAOYSA-N,CC(=O)SCC(C)C(=O)N(CC(=O)O)C1CCCCCC1,manual,manual,measured,manual:SD_258:1096,7.055517327849832,,1.0,,7.055517327849832,1,False,False,False
BSCJMQSIIVGXKM-VYCPFJESSA-N,O=C(NC1CCc2cccc3c2N(C1=O)[C@H](C(=O)O)C3)[C@@H](S)Cc1ccc(-c2ccccc2)cc1,manual+pubchem,pubchem,measured,manual:50005871:117;manual:CHEMBL319744:854;pubchem:AID38877:SID103311366,7.050609993355087,,1.0,,7.050609993355087,1,False,False,False
XYPZEWFZPBNHRJ-JXFKEZNVSA-N,C[C@@H](C[C@@H](Cc1ccc(-c2ccccc2)cc1)NC(=O)CCCC(=O)O)C(=O)O,manual+pubchem,pubchem,measured,manual:1316478:119;pubchem:AID1919722:SID484206650,7.045757490560675,,1.0,,7.045757490560675,1,False,False,False
AXQXSMSWAHKPFZ-JXFKEZNVSA-N,C[C@@H](C[C@@H](Cc1ccc(-c2ccccc2)cc1)C(=O)CCCC(=O)O)C(=O)O,manual+pubchem,pubchem,measured,manual:1237907:118;pubchem:AID1919202:SID476023772,7.045757490560675,,1.0,,7.045757490560675,1,False,False,False
HLBPRUWPRRRMCK-QUFPSDLASA-N,CC(N[C@H](C)C(=O)N1CCC[C@H]1C(=O)O)C(=O)O,chembl+manual+pubchem,chembl,measured,chembl:CHEMBL648529:CHEMBL152758:row716;chembl:CHEMBL883277:CHEMBL152758:row53;manual:50060198:121;manual:50809163:120;pubchem:AID39616:SID103400417;pubchem:AID39622:SID103400417,7.045757490560675,,1.0,,7.045757490560675,1,False,False,False
SLHZGQUSIZGOKT-UHFFFAOYSA-N,O=C(O)CN1CCCCCC(NC(CCc2ccccc2)C(=O)O)C1=O,chembl+manual+pubchem,chembl,measured,chembl:CHEMBL644703:CHEMBL86518:row1500;chembl:CHEMBL644704:CHEMBL86518:row1501;manual:50612221:671;manual:50747097:320;pubchem:AID38862:SID103294971;pubchem:AID38863:SID103294971,7.044154920623069,,1.0,,7.044154920623069,1,False,False,True
XBSAFVSKJABWDV-KDOFPFPSSA-N,C[C@H](C[C@@H](Cc1ccc(-c2ccccc2)cc1)NC(=O)CC(=O)O)C(=O)O,manual+pubchem,pubchem,measured,manual:1316473:125;pubchem:AID1919722:SID103942969,7.036212172654444,,1.0,,7.036212172654444,1,False,False,False
KSLGTDWGRDTBSU-HOTGVXAUSA-N,CC(C)Oc1ccc(C[C@H](NC(=O)[C@@H](NCP(=O)(O)O)C(C)C)C(=O)O)cc1,chembl+manual+pubchem,chembl,measured,chembl:CHEMBL876577:CHEMBL328030:row932;manual:50561835:122;pubchem:AID38458:SID103302845,7.036212172654444,,1.0,,7.036212172654444,1,False,False,False
SLHZGQUSIZGOKT-HZPDHXFCSA-N,O=C(O)CN1CCCCC[C@@H](N[C@H](CCc2ccccc2)C(=O)O)C1=O,chembl+manual+pubchem,chembl,measured,chembl:CHEMBL644704:CHEMBL3350294:row451;manual:50030081:123;pubchem:AID38863:SID312365786,7.036212172654444,,1.0,,7.036212172654444,1,False,False,False
OLCPFVJJGLRGPS-KDOFPFPSSA-N,C[C@H](C[C@@H](Cc1ccc(-c2ccccc2)cc1)C(=O)CC(=O)O)C(=O)O,manual+pubchem,pubchem,measured,manual:1237902:124;pubchem:AID1919202:SID476023767,7.036212172654444,,1.0,,7.036212172654444,1,False,False,False
HRWCVUIFMSZDJS-SZMVWBNQSA-N,CCOC(=O)[C@H](CCc1ccccc1)N[C@@H](C)C(=O)N1CC2(C[C@H]1C(=O)O)SCCS2,manual,manual,measured,manual:SD_191:1029,7.036212172654444,,1.0,,7.036212172654444,1,False,False,False
SMBDWEURJAAOAQ-GOTSBHOMSA-N,O=C(O)[C@H](Cc1ccc(-c2ccccc2)cc1)NC(=O)[C@@H](S)CCc1ccccc1,chembl+pubchem,chembl,measured,chembl:CHEMBL933039:CHEMBL402987:row1199;pubchem:AID317219:SID103574439,,7.031517051446065,,1.0,7.031517051446065,1,False,False,False
TZTHZQINDIJPGY-UHFFFAOYSA-N,COCCN(CC(=O)O)C(=O)C(C)CS,manual,manual,measured,manual:SD_269:1107,7.022276394711152,,1.0,,7.022276394711152,1,False,False,False
AYECQRAXWBGXSZ-DFJPGDIZSA-N,CCOC(=O)C(CCc1ccccc1)NC(C)C(=O)N1CC2CCCCC2[C@H]1C(=O)O,manual,manual,measured,manual:SD_215:1053,7.0,,1.0,,7.0,1,False,False,False
VXFJYXUZANRPDJ-WGNBPIHKSA-N,CCOC(=O)[C@H](CCc1ccccc1)N[C@@H](C)C(=O)N1C2CCCCC2C[C@H]1C(=O)O,chembl+manual+pubchem,chembl,measured,chembl:CHEMBL648701:CHEMBL2079671:row1193;manual:50029886:128;pubchem:AID39750:SID160702485,7.0,,1.0,,7.0,1,False,False,False
IDGYKBNUWJVOHV-MFKMUULPSA-N,COc1ccc(CSC[C@H](NC(=O)[C@H](C)CS)C(=O)O)cc1,chembl+manual+pubchem,chembl,measured,chembl:CHEMBL1013488:CHEMBL511344:row365;manual:50441743:132;pubchem:AID396487:SID103629833,7.0,,1.0,,7.0,1,False,False,False
OUUUZZUBFNSEHN-ZDUSSCGKSA-N,CCCCc1nc(Cl)c(C(=O)N[C@@H](Cc2ccccc2)C(=O)O)n1C,manual,manual,measured,manual:SD_012:994,7.0,,1.0,,7.0,1,False,False,False
CRXVFHGVQJYDBU-YOFPWHPASA-N,NC(Cc1ccccc1)C(=O)N[C@H](CCC(=O)N1[C@H](C(=O)O)C[C@@H]2CCCC[C@@H]21)C(=O)O,chembl+manual+pubchem,chembl,measured,chembl:CHEMBL648337:CHEMBL310869:row1097;manual:50991878:131;pubchem:AID39018:SID103280603,7.0,,1.0,,7.0,1,False,False,False
SJZKJUPLQDZQPD-KBPBESRZSA-N,CC(C)[C@H](NCP(=O)(O)O)C(=O)N[C@@H](CCc1ccccc1)C(=O)O,chembl+manual+pubchem,chembl,measured,chembl:CHEMBL876577:CHEMBL93562:row965;manual:50561842:126;pubchem:AID38458:SID103302539,7.0,,1.0,,7.0,1,False,False,False
DVYQZBMHVMYYAF-UFYCRDLUSA-N,CC(C)[C@H](S)C(=O)N[C@@H](Cc1ccc(-c2ccccc2)cc1)C(=O)N[C@@H](CO)C(=O)O,manual+pubchem,pubchem,measured,manual:50476461:133;manual:CHEMBL161879:871;pubchem:AID38461:SID103416072,7.0,,1.0,,7.0,1,False,False,False
XSKPAKOKPXEERW-WRWORJQWSA-N,C[C@@]1(CCS)C(=O)N2CC=C[C@@H](C(=O)O)N2C1=O,chembl+manual+pubchem,chembl,measured,chembl:CHEMBL648337:CHEMBL78903:row494;manual:50991887:127;pubchem:AID39018:SID103280267,7.0,,1.0,,7.0,1,False,False,False
XOWJUPUOFBJQIE-YLGOGADGSA-N,O=C(NC1CCc2cccc3c2N(C1=O)[C@H](C(=O)O)C3)[C@@H](S)C1CCCCC1,manual+pubchem,pubchem,"limit, active",manual:CHEMBL329474:861;pubchem:AID38877:SID103312184,7.0,,1.0,,7.0,1,False,False,False
RDZJYRCUGADIDN-AXPLDACSSA-N,CC[C@H](C)[C@H](NC(=O)[C@H](CCC(N)=O)NC(=O)[C@@H]1CCCN1C(=O)[C@H](CCCN=C(N)N)NC(=O)[C@@H]1CCCN1C(=O)[C@H](Cc1c[nH]c2ccccc12)NC(=O)[C@@H](N)CCC(=O)O)C(=O)N1CCC[C@H]1C(=O)N1CCC[C@H]1C(=O)O,chembl+pubchem,chembl,measured,chembl:CHEMBL644715:CHEMBL216386:row1123;pubchem:AID38875:SID103348162,,7.0,,1.0,7.0,1,False,False,False
AWXMUVBCGJJEFI-SKDRFNHKSA-N,C[C@H](CS)C(=O)N[C@@H](CSCc1ccc(F)cc1)C(=O)O,chembl+manual+pubchem,chembl,measured,chembl:CHEMBL1013488:CHEMBL467755:row11;manual:50441785:130;pubchem:AID396487:SID103629706,7.0,,1.0,,7.0,1,False,False,False
IWMWMWOLUJRIHO-UHFFFAOYSA-N,O=C(O)CN1CCCCCCC(NC(CCc2ccccc2)C(=O)O)C1=O,chembl+manual+pubchem,chembl,measured,chembl:CHEMBL644703:CHEMBL86915:row1139;chembl:CHEMBL644704:CHEMBL86915:row1344;manual:50612219:706;manual:50747090:307;pubchem:AID38862:SID103294998;pubchem:AID38863:SID103294998,6.988785814407256,,1.0,,6.988785814407256,1,False,False,True
CERYYXRBRYOZMX-HOTGVXAUSA-N,CC(C)CN(C[C@H](O)C(=O)O)C(=O)N[C@@H](Cc1c[nH]c2ccccc12)C(=O)O,chembl+manual+pubchem,chembl,measured,chembl:CHEMBL930672:CHEMBL255568:row245;manual:50859978:134;pubchem:AID320030:SID103573522,6.987162775294828,,1.0,,6.987162775294828,1,False,False,False
SYACYTRJPUYQOP-LBOXEOMUSA-N,CC(S)(Cc1ccccc1)C(=O)N[C@H]1CCc2ccccc2N(CC(=O)O)C1=O,chembl+manual+pubchem,chembl,measured,chembl:CHEMBL645286:CHEMBL48534:row528;chembl:CHEMBL645286:CHEMBL48534:row927;manual:50002924:168;manual:50983675:96;pubchem:AID38851:SID103235564;pubchem:AID38851:SID103235564,6.969104180407994,,1.0,,6.969104180407994,1,False,False,False
UOJKOYVPHFAXMP-ROUUACIJSA-N,CC(C)CN(C[C@H](O)C(=O)O)C(=O)N[C@@H](Cc1cccc2ccccc12)C(=O)O,chembl+manual+pubchem,chembl,measured,chembl:CHEMBL930672:CHEMBL409920:row588;manual:50859991:137;pubchem:AID320030:SID103573424,6.958607314841775,,1.0,,6.958607314841775,1,False,False,False
WNBTXZFHTRRRBT-UHFFFAOYSA-N,COc1cccc(N(CC(=O)O)C(=O)C(C)CSC(C)=O)c1,manual,manual,measured,manual:SD_295:1133,6.958607314841775,,1.0,,6.958607314841775,1,False,False,False
JFRPFZJSSBSVOO-UHFFFAOYSA-N,CC(OC(CCc1ccccc1)C(=O)O)C(=O)N1CCCC1C(=O)O,chembl+manual+pubchem,chembl,measured,chembl:CHEMBL648701:CHEMBL285897:row72;manual:50746460:136;pubchem:AID39750:SID103192821,6.958607314841775,,1.0,,6.958607314841775,1,False,False,False
JEFMMCBLWNOUTC-DAFNUICNSA-N,CC(=O)CN1C(=O)/C(=N\C(=S)NCc2cc3ccccc3cc2O)c2ccccc21,chembl+manual+pubchem,chembl,measured,chembl:CHEMBL4135397:CHEMBL4159339:row843;manual:50986263:138;pubchem:AID1503699:SID404664749,6.950781977329818,,1.0,,6.950781977329818,1,False,False,False
XTSOOWSZQOXSCQ-UHFFFAOYSA-N,O=C(O)CN1CCCCC(NC(CCc2ccccc2)C(=O)O)C1=O,chembl+manual+pubchem,chembl,measured,chembl:CHEMBL644703:CHEMBL85175:row748;chembl:CHEMBL644704:CHEMBL85175:row38;manual:50030077:777;manual:50747098:267;pubchem:AID38862:SID103294366;pubchem:AID38863:SID103294366,6.938074179516457,,1.0,,6.938074179516457,1,False,False,True
ZMFXEDLVSXEQSM-GOTSBHOMSA-N,O=C(O)[C@H](Cc1ccc(-c2ccccc2)cc1)NC(=O)[C@H](Cc1ccccc1)NCP(=O)(O)O,chembl+manual+pubchem,chembl,measured,chembl:CHEMBL876577:CHEMBL93180:row1060;manual:50561817:139;pubchem:AID38458:SID103302620,6.931814138253839,,1.0,,6.931814138253839,1,False,False,False
KLCDUNQMSZJEDY-HOTGVXAUSA-N,O=C1N[C@H](C(=O)O)CCCCCCc2cccc(c2)C[C@H]1CS,chembl+manual+pubchem,chembl,measured,chembl:CHEMBL644707:CHEMBL147526:row836;manual:50093710:140;pubchem:AID38866:SID103393697,6.928117992693875,,1.0,,6.928117992693875,1,False,False,False
OSTXOFBATBEQSL-OALUTQOASA-N,CC(C)[C@H](NCP(=O)(O)O)C(=O)N[C@@H](Cc1ccc(C2CCCCC2)cc1)C(=O)O,chembl+manual+pubchem,chembl,measured,chembl:CHEMBL876577:CHEMBL93167:row541;manual:50561838:142;pubchem:AID38458:SID103302613,6.913640169325252,,1.0,,6.913640169325252,1,False,False,False
HLVPIMXVFCLKAM-UHFFFAOYSA-N,O=C(O)C1CCCN2C(=O)CC(CS)C(=O)N12,chembl+pubchem,chembl,measured,chembl:CHEMBL646945:CHEMBL325544:row605;pubchem:AID38849:SID103328769,6.900008766455316,,1.0,,6.900008766455316,1,False,False,False
SOGKSVJBPXZDIL-UHFFFAOYSA-N,O=C(O)C1CCCN1C(=O)C1CCCC1S,chembl+pubchem,chembl,measured,chembl:CHEMBL646945:CHEMBL321012:row1418;pubchem:AID38849:SID103328745,6.900008766455316,,1.0,,6.900008766455316,1,False,False,False
CITSYFVNXVVLPL-UHFFFAOYSA-N,CC(CS)C(=O)N(CCC1CCCO1)CC(=O)O,manual,manual,measured,manual:SD_272:1110,6.886056647693163,,1.0,,6.886056647693163,1,False,False,False
RXMKLFVSZVLRCV-DOMZBBRYSA-N,C[C@H](CS)C(=O)N[C@@H](CSCc1ccc(C(C)(C)C)cc1)C(=O)O,chembl+manual+pubchem,chembl,measured,chembl:CHEMBL1013488:CHEMBL463320:row1196;manual:50441740:146;pubchem:AID396487:SID103629772,6.886056647693163,,1.0,,6.886056647693163,1,False,False,False
LJJKNPQAGWVLDQ-SNVBAGLBSA-N,O=C(O)CNC(=O)[C@@H](CS)Cc1ccccc1,chembl+pubchem,chembl,measured,chembl:CHEMBL5258029:CHEMBL298827:row1472;pubchem:AID1954028:SID103241499,,6.886056647693163,,1.0,6.886056647693163,1,False,False,False
SGBISVZAEWIZDT-UHFFFAOYSA-N,CC(=O)SCC(C)C(=O)N(CC(=O)O)c1ccc(C)cc1,manual,manual,measured,manual:SD_290:1128,6.886056647693163,,1.0,,6.886056647693163,1,False,False,False
JOXYJWCHVDBFQT-UHFFFAOYSA-N,CC(=O)SCC(C)C(=O)N1Cc2ccccc2CC1C(=O)O,chembl+manual+pubchem,chembl,measured,chembl:CHEMBL648350:CHEMBL58720:row1044;manual:50746639:145;pubchem:AID39758:SID103248155,6.886056647693163,,1.0,,6.886056647693163,1,False,False,False
KHXJUBSGGXLCFM-UHFFFAOYSA-N,CC(CS)C(=O)N(C)CC(=O)O,manual,manual,measured,manual:SD_243:1081,6.886056647693163,,1.0,,6.886056647693163,1,False,False,False
CVTQKTZYWUYCJJ-DKLXNKCPSA-N,C[C@H](c1ccccc1)[C@H](NCP(=O)(O)O)C(=O)N[C@@H](Cc1ccc(-c2ccccc2)cc1)C(=O)O,chembl+manual+pubchem,chembl,measured,chembl:CHEMBL876577:CHEMBL329530:row202;manual:50561730:147;pubchem:AID38458:SID103302947,6.860120913598763,,1.0,,6.860120913598763,1,False,False,False
YUDBOKPHDYWHTN-SIDSJNRISA-N,CC(SC(CCc1ccccc1)C(=O)O)C(=O)N1C2CCCCC2C[C@H]1C(=O)O,chembl+manual+pubchem,chembl,measured,chembl:CHEMBL648701:CHEMBL1907755:row535;manual:50746452:148;pubchem:AID39750:SID136929458,6.853871964321762,,1.0,,6.853871964321762,1,False,False,False
GBXSMTUPTTWBMN-XIRDDKMYSA-N,CCOC(=O)[C@H](CCc1ccccc1)N[C@@H](C)C(=O)N1CCC[C@H]1C(=O)O,chembl+manual+pubchem,chembl+manual,measured,chembl:CHEMBL644698:CHEMBL578:row1189;chembl:CHEMBL644701:CHEMBL578:row456;chembl:CHEMBL645288:CHEMBL578:row21;chembl:CHEMBL648350:CHEMBL578:row151;chembl:CHEMBL648683:CHEMBL578:row867;chembl:CHEMBL648689:CHEMBL578:row1321;chembl:CHEMBL648701:CHEMBL578:row1104;chembl:CHEMBL883277:CHEMBL578:row860;manual:50561719:581;manual:50635478:303;manual:50745421:666;manual:50746465:152;manual:50746620:153;manual:50753110:306;manual:50757250:150;manual:50799309:665;manual:50809138:305;manual:SD_196:1034;manual:SD_306:1144;pubchem:AID38457:SID103179319;pubchem:AID38853:SID103179319;pubchem:AID38857:SID103179319;pubchem:AID38860:SID103179319;pubchem:AID39622:SID103179319;pubchem:AID39750:SID103179319;pubchem:AID39758:SID103179319;pubchem:AID39761:SID103179319;pubchem:AID39767:SID103179319,6.853871964321762,,1.0,,6.853871964321762,1,False,False,True
SLKDSLAWMQSCJY-GDNWTEEJSA-N,CC(=O)SCC(C)C(=O)N(CC(=O)O)C[C@H]1CC2CC(C1C)C2(C)C,manual,manual,measured,manual:SD_265:1103,6.853871964321762,,1.0,,6.853871964321762,1,False,False,False
XDWAJBYTDJKAAW-SKDRFNHKSA-N,C[C@H](CS)C(=O)N[C@@H](CSCc1ccc(I)cc1)C(=O)O,chembl+manual+pubchem,chembl,measured,chembl:CHEMBL1013488:CHEMBL459959:row1450;manual:50441734:151;pubchem:AID396487:SID103629709,6.853871964321762,,1.0,,6.853871964321762,1,False,False,False
PFTMAIADZAEIOG-BITBVIDPSA-N,CC(SC(CCc1ccccc1)C(=O)O)C(=O)N1CC2CCCCC2[C@H]1C(=O)O,manual,manual,measured,manual:SD_207:1045,6.853871964321762,,1.0,,6.853871964321762,1,False,False,False
CQUBYVBAVDFISD-MDQASCPGSA-N,C[C@H](CS)C(=O)N1C[C@@H](NC(=O)NC(CS)Cc2ccccc2)C[C@H]1C(=O)O,chembl+manual+pubchem,chembl,measured,chembl:CHEMBL648286:CHEMBL330316:row434;manual:50724333:155;pubchem:AID38460:SID103298381,6.8326826652518236,,1.0,,6.8326826652518236,1,False,False,False
RZJKWVPUWYLTJN-VXKWHMMOSA-N,O=C(O)[C@H](Cc1ccc(-c2ccccc2)cc1)NC(=O)[C@H](Cc1ccc2c(c1)OCO2)NCP(=O)(O)O,chembl+manual+pubchem,chembl,measured,chembl:CHEMBL876577:CHEMBL328463:row277;manual:50561736:156;pubchem:AID38458:SID103302603,6.8326826652518236,,1.0,,6.8326826652518236,1,False,False,False
UHRQYULIFWVZLW-ANYOKISRSA-N,NC(=O)[C@@H]1CCCN1C(=O)CCC(=O)C(Cc1ccccc1)NC(=O)c1ccccc1,chembl+manual+pubchem,chembl,measured,chembl:CHEMBL648346:CHEMBL368640:row557;manual:50599125:157;pubchem:AID39754:SID103436684,6.823908740944319,,1.0,,6.823908740944319,1,False,False,False
LDTBYYZCQGQWMK-NSOVKSMOSA-N,O=C(O)[C@H](Cc1ccc2ccccc2c1)NC(=O)N(Cc1ccc2c(c1)Cc1ccccc1-2)C[C@H](O)C(=O)O,chembl+manual+pubchem,chembl,measured,chembl:CHEMBL930672:CHEMBL256895:row149;manual:50859986:159;pubchem:AID320030:SID103573709,6.823908740944319,,1.0,,6.823908740944319,1,False,False,False
UUHKAZAEDAOOHJ-MYIOLCAUSA-N,CC(S)C(=O)N[C@@H](Cc1c[nH]c2ccccc12)C(=O)O,chembl+manual+pubchem,chembl,measured,chembl:CHEMBL648337:CHEMBL309799:row538;chembl:CHEMBL648337:CHEMBL309799:row935;manual:50060382:98;manual:50060384:101;pubchem:AID39018:SID103280588;pubchem:AID39018:SID103280588,6.814983443410396,,1.0,,6.814983443410396,1,False,False,False
OABPNHDJHMUHTK-HVEDROQYSA-N,C[C@H](N[C@@H](CCc1ccccc1)C(=O)O)C(=O)N1C[C@@H](NC(=O)C[C@H](N)Cc2cc(F)c(F)cc2F)C[C@H]1C(=O)O,chembl+manual+pubchem,chembl,measured,chembl:CHEMBL4021433:CHEMBL4067185:row858;manual:50761206:160;pubchem:AID1466507:SID381837865,6.801342913045577,,1.0,,6.801342913045577,1,False,False,False
MPJOJAKECQHSSG-UHFFFAOYSA-N,O=C(O)C1CCCN1C(=O)C1CCC1S,chembl+pubchem,chembl,measured,chembl:CHEMBL646945:CHEMBL106193:row353;pubchem:AID38849:SID103328718,6.799998134593398,,1.0,,6.799998134593398,1,False,False,False
PIDWCDCEILBSGS-GOTSBHOMSA-N,COc1ccccc1C[C@H](NCP(=O)(O)O)C(=O)N[C@@H](Cc1ccc(-c2ccccc2)cc1)C(=O)O,chembl+manual+pubchem,chembl,measured,chembl:CHEMBL876577:CHEMBL93785:row65;manual:50561722:163;pubchem:AID38458:SID103302975,6.795880017344075,,1.0,,6.795880017344075,1,False,False,False
AJDGOTYEQFIRKP-XHLRWWMNSA-N,CC(CS)C(=O)N(CC(=O)O)C[C@H]1CC2CC(C1C)C2(C)C,manual,manual,measured,manual:SD_264:1102,6.795880017344075,,1.0,,6.795880017344075,1,False,False,False
WNSYCMPKITTXAY-UHFFFAOYSA-N,O=C(CC(S)C(F)(F)F)NC(Cc1ccc(O)cc1)C(=O)O,chembl+manual+pubchem,chembl,measured,chembl:CHEMBL1060018:CHEMBL540674:row802;manual:50885086:162;pubchem:AID433785:SID103681983,6.795880017344075,,1.0,,6.795880017344075,1,False,False,False
MCMNZNQOFWVZBD-XWMUTSTRSA-N,C[C@H](S)C(=O)NC1CCc2cccc3c2N(C1=O)[C@H](C(=O)O)C3,manual+pubchem,pubchem,measured,manual:50479593:164;manual:CHEMBL100044:852;pubchem:AID38877:SID103312046,6.782516055786093,,1.0,,6.782516055786093,1,False,False,False
GKZRLQNLSYIUMB-UHFFFAOYSA-N,CC(CS)C(=O)N(CCc1ccco1)CC(=O)O,manual,manual,measured,manual:SD_274:1112,6.769551078621726,,1.0,,6.769551078621726,1,False,False,False
IMPJIKIXNAGRCR-HVWCXUFESA-N,O=C(N[C@@H](Cc1ccccc1)P(=O)(O)C1CCC[C@H]1C(=O)N[C@@H](Cc1c[nH]c2ccccc12)C(=O)O)OCc1ccccc1,chembl+pubchem,chembl,measured,chembl:CHEMBL2155979:CHEMBL2153740:row613;chembl:CHEMBL2155980:CHEMBL2153740:row1159;pubchem:AID689966:SID163327134;pubchem:AID689967:SID163327134,,6.761439372640169,,1.0,6.761439372640169,1,False,False,True
KLCDUNQMSZJEDY-CVEARBPZSA-N,O=C1N[C@H](C(=O)O)CCCCCCc2cccc(c2)C[C@@H]1CS,chembl+manual+pubchem,chembl,measured,chembl:CHEMBL644707:CHEMBL357584:row1177;manual:50093720:165;pubchem:AID38866:SID103393564,6.756961951313706,,1.0,,6.756961951313706,1,False,False,False
GZYRWDGMLKVWBN-FKBYEOEOSA-N,CC(C)[C@H](S)C(=O)N[C@@H](Cc1ccc(-c2ccccc2)cc1)C(=O)N[C@H](C(=O)O)C(C)C,manual+pubchem,pubchem,measured,manual:50476442:166;manual:CHEMBL163182:877;pubchem:AID38461:SID103416065,6.756961951313706,,1.0,,6.756961951313706,1,False,False,False
OUSUIQLLVUDFMT-VQVTYTSYSA-N,CC[C@@H](C)[C@H](S)C(=O)N[C@@H](C)C(=O)O,chembl+pubchem,chembl,measured,chembl:CHEMBL928316:CHEMBL254900:row286;pubchem:AID314425:SID103560471,,6.7447274948966935,,1.0,6.7447274948966935,1,False,False,False
WDLWGUAARSAWBF-UHFFFAOYSA-N,O=C(CCC(=O)C(Cc1ccccc1)NC(=O)c1ccccc1)NC(Cc1ccccc1)C(=O)OCc1ccccc1,chembl+manual+pubchem,chembl,measured,chembl:CHEMBL648346:CHEMBL369590:row117;manual:50599118:167;pubchem:AID39754:SID103434986,6.7447274948966935,,1.0,,6.7447274948966935,1,False,False,False
YZHQLHZXTSWUDM-FXSPECFOSA-N,O=C(N[C@@H](Cc1ccc(-c2ccccc2)cc1)C(=O)N1CCC[C@H]1C(=O)O)[C@@H](S)c1ccc2c(c1)OCO2,manual+pubchem,pubchem,measured,manual:50476445:169;manual:CHEMBL349594:873;pubchem:AID38461:SID103416119,6.73754891026957,,1.0,,6.73754891026957,1,False,False,False
BROFGMFOFNHCBY-BEFAXECRSA-N,C[C@H](C[C@@H](Cc1ccc(-c2ccccc2)cc1)C(=O)CCC(=O)O)C(=O)O,manual+pubchem,pubchem,measured,manual:1237904:170;pubchem:AID1919202:SID476023769,6.721246399047171,,1.0,,6.721246399047171,1,False,False,False
KRBVEPZLJICFID-UHFFFAOYSA-N,C=C(C(C)CS)N(CC([O])=O)c1cccc(C)c1,manual,manual,measured,manual:SD_287:1125,6.721246399047171,,1.0,,6.721246399047171,1,False,False,False
HGXGSGUNJQVINN-UHFFFAOYSA-N,C=C(C(C)CS)N(CC([O])=O)c1ccc(CCCC)cc1,manual,manual,measured,manual:SD_300:1138,6.721246399047171,,1.0,,6.721246399047171,1,False,False,False
SMHWZVUXZOMKAT-ROUUACIJSA-N,CC(C)(C)CN(C[C@H](O)C(=O)O)C(=O)N[C@@H](Cc1ccc2ccccc2c1)C(=O)O,chembl+manual+pubchem,chembl,measured,chembl:CHEMBL930672:CHEMBL273142:row244;manual:50859988:172;pubchem:AID320030:SID103573285,6.718966632752273,,1.0,,6.718966632752273,1,False,False,False
QUDMHFVRKBVGBY-FQEVSTJZSA-N,CN1CCN(c2cccc3nc(CN(C)[C@H]4CCCc5cccnc54)c(CO)n23)CC1,chembl+manual+pubchem,chembl,measured,chembl:CHEMBL1246026:CHEMBL1242210:row203;manual:50597275:173;pubchem:AID509133:SID123096842,6.714442690992226,,1.0,,6.714442690992226,1,False,False,False
VWTTZNYOLWVZMX-LRRQEPCHSA-N,CC(C)c1ccc(C(C)SC[C@H](NC(=O)[C@H](C)CS)C(=O)O)cc1,chembl+manual+pubchem,chembl,measured,chembl:CHEMBL1013488:CHEMBL458238:row547;manual:50441753:178;pubchem:AID396487:SID103629898,6.698970004336019,,1.0,,6.698970004336019,1,False,False,False
VNEWJBSOCHQZLJ-TZHYSIJRSA-N,O=C(O)CC(=O)N[C@H](Cc1ccc(-c2ccccc2)cc1)CC(O)C(=O)O,pubchem,pubchem,measured,pubchem:AID1919202:SID476023816,,6.698970004336019,,1.0,6.698970004336019,1,False,False,False
JSDRRTOADPPCHY-WTOYTKOKSA-N,CCOC(=O)[C@@H](CCc1ccccc1)N[C@@H](C)C(=O)N1Cc2ccccc2C[C@H]1C(=O)O,chembl+manual+pubchem,chembl,measured,chembl:CHEMBL648350:CHEMBL2114322:row686;manual:50030009:176;pubchem:AID39758:SID163336853,6.698970004336019,,1.0,,6.698970004336019,1,False,False,False
HYIXVZHJZDSDBA-ZCFIWIBFSA-N,O=C(O)[C@H]1CCCN1C(=O)CCS,chembl+pubchem,chembl,measured,chembl:CHEMBL645285:CHEMBL305938:row1393;pubchem:AID38850:SID103280618;pubchem:AID39018:SID103280618,6.698970004336019,,1.0,,6.698970004336019,1,False,False,False
BKIADFDXLKFQRT-JVPBZIDWSA-N,CC[C@H](C)[C@H](S)C(=O)N[C@@H](Cc1ccc(-c2ccccc2)cc1)C(=O)O,chembl+pubchem,chembl,measured,chembl:CHEMBL933039:CHEMBL269996:row677;pubchem:AID317219:SID103573824,,6.698970004336019,,1.0,6.698970004336019,1,False,False,False
PRAUQXGSSFLOAP-ROUUACIJSA-N,CC(C)[C@H](S)C(=O)N[C@@H](Cc1ccc(-c2ccccc2)cc1)C(=O)O,chembl+pubchem,chembl,measured,chembl:CHEMBL933039:CHEMBL269997:row727;pubchem:AID317219:SID103573825,,6.698970004336019,,1.0,6.698970004336019,1,False,False,False
XLDXYHRDTJBVEB-BZSNNMDCSA-N,NCCC[C@H](N[C@@H](CCc1ccccc1)C(=O)O)C(=O)N1CC2(C[C@H]1C(=O)O)SCCS2,manual,manual,measured,manual:SD_194:1032,6.698970004336019,,1.0,,6.698970004336019,1,False,False,False
LUFPGGGCYURSDX-ACRUOGEOSA-N,CCOC(=O)[C@H](CCc1ccccc1)N[C@@H](CCCCN)C(=O)N1CC2(C[C@H]1C(=O)O)SCCS2,chembl+manual+pubchem,chembl,measured,chembl:CHEMBL645288:CHEMBL415881:row823;manual:50753108:175;pubchem:AID38853:SID103220190,6.698970004336019,,1.0,,6.698970004336019,1,False,False,False
TVAXYPNXLWJUKU-UHFFFAOYSA-N,CCCCOC(=O)NC(Cc1ccccc1)C(=O)CCC(=O)N1CCCC1C(=O)O,manual+pubchem,pubchem,measured,manual:CHEMBL26289:844;pubchem:AID39752:SID103193222,6.6777807052660805,,1.0,,6.6777807052660805,1,False,False,False
ZSKJDRPLOVJZSR-DOMZBBRYSA-N,CCCc1ccc(CSC[C@H](NC(=O)[C@H](C)CS)C(=O)O)cc1,chembl+manual+pubchem,chembl,measured,chembl:CHEMBL1013488:CHEMBL461021:row230;manual:50441738:180;pubchem:AID396487:SID103629770,6.6777807052660805,,1.0,,6.6777807052660805,1,False,False,False
UVFBPEBPXILYRM-UIOOFZCWSA-N,O=C(O)[C@H](Cc1ccc(-c2ccccc2)cc1)NC(=O)[C@@H](S)Cc1ccc2ccccc2c1,chembl+pubchem,chembl,measured,chembl:CHEMBL933039:CHEMBL272925:row1265;pubchem:AID317219:SID103574440,,6.6777807052660805,,1.0,6.6777807052660805,1,False,False,False
VXOCIBBWDLKODX-UHFFFAOYSA-N,CC(CS)C(=O)NCC(=O)O,manual,manual,measured,manual:SD_242:1080,6.6777807052660805,,1.0,,6.6777807052660805,1,False,False,False
CRXVFHGVQJYDBU-OYSTVDSJSA-N,N[C@@H](Cc1ccccc1)C(=O)N[C@H](CCC(=O)N1[C@H](C(=O)O)C[C@@H]2CCCC[C@@H]21)C(=O)O,chembl+manual+pubchem,chembl,measured,chembl:CHEMBL648337:CHEMBL310139:row1010;manual:50991936:181;pubchem:AID39018:SID103280602,6.659992382003327,,1.0,,6.659992382003327,1,False,False,False
FOJRYJADYAOGSC-UHFFFAOYSA-N,CCOC(=O)C(CCc1ccccc1)OC(C)C(=O)N1CCCC1C(=O)O,chembl+manual+pubchem,chembl,measured,chembl:CHEMBL648701:CHEMBL284494:row1311;manual:50746463:183;pubchem:AID39750:SID103193398,6.657577319177793,,1.0,,6.657577319177793,1,False,False,False
UOQBBOUITFIGTK-QJFYWVNRSA-N,CCOC(=O)C(CCc1ccccc1)[S+]([O-])C(C)C(=O)N1C2CCCCC2C[C@H]1C(=O)O,chembl+manual+pubchem,chembl,measured,chembl:CHEMBL648701:CHEMBL1907752:row1479;manual:50746458:184;pubchem:AID39750:SID136932712,6.657577319177793,,1.0,,6.657577319177793,1,False,False,False
UUUHXMGGBIUAPW-CSCXCSGISA-N,CC[C@H](C)[C@H](NC(=O)[C@H](CCC(N)=O)NC(=O)[C@@H]1CCCN1C(=O)[C@H](CCCNC(=N)N)NC(=O)[C@@H]1CCCN1C(=O)[C@H](Cc1c[nH]c2ccccc12)NC(=O)[C@@H]1CCC(=O)N1)C(=O)N1CCC[C@H]1C(=O)N1CCC[C@H]1C(=O)O,chembl+pubchem,chembl,measured,chembl:CHEMBL644576:CHEMBL408983:row463;pubchem:AID37635:SID103202295,6.657577319177793,,1.0,,6.657577319177793,1,False,False,False
FZXAXWFWGFLJIC-UHFFFAOYSA-N,CC(=O)SCCC(=O)N(C1CC1)C(C)C(=O)O,manual,manual,measured,manual:SD_250:1088,6.657577319177793,,1.0,,6.657577319177793,1,False,False,False
YMMJWPHJWAMKSF-WTZHAPHZSA-N,CCOCC(CCc1ccccc1)SOC(C)C(=O)N1C2CCCCC2C[C@H]1C(=O)O,manual,manual,measured,manual:SD_210:1048,6.657577319177793,,1.0,,6.657577319177793,1,False,False,False
PBODOLPKDOKHOV-UHFFFAOYSA-N,CC(=O)SCC(C)C(=O)N(CC(=O)O)C1CCC1,manual,manual,measured,manual:SD_252:1090,6.657577319177793,,1.0,,6.657577319177793,1,False,False,False
ARLLTWAARBFLHJ-KKUQBAQOSA-N,O=C(N[C@@H](Cc1ccc(-c2ccccc2)cc1)C(=O)N1CCC[C@H]1C(=O)O)[C@H](S)Cc1ccccc1,manual+pubchem,pubchem,measured,manual:50476444:185;manual:CHEMBL351878:869;pubchem:AID38461:SID103416587,6.640164517660112,,1.0,,6.640164517660112,1,False,False,False
OCAZUTUOYLAIOA-OSRSDYAFSA-N,CC(=O)N[C@@H](CC(=O)O)C(=O)N[C@@H](Cc1ccccc1)P(=O)(O)C[C@@H](C)C(=O)N[C@@H](C)C(N)=O,chembl+pubchem,chembl,measured,chembl:CHEMBL2155979:CHEMBL1235767:row1453;chembl:CHEMBL2155980:CHEMBL1235767:row1234;pubchem:AID689966:SID104251912;pubchem:AID689967:SID104251912,,6.6399203482970215,,1.0,6.6399203482970215,1,False,False,True
RWLJBZOPAXVRRT-LBAQZLPGSA-N,O=C(NC(Cc1ccccc1)C(=O)CCC(=O)N1CCC[C@H]1C(=O)O)OCc1ccccc1,chembl+manual+pubchem,chembl,measured,chembl:CHEMBL648346:CHEMBL176970:row1323;manual:50599123:188;pubchem:AID39754:SID103433814,6.619788758288394,,1.0,,6.619788758288394,1,False,False,False
OCDSLXZWNPDFJC-GJZGRUSLSA-N,CC(C)[C@H](NCP(=O)(O)O)C(=O)N[C@@H](Cc1c[nH]c2ccccc12)C(=O)O,chembl+manual+pubchem,chembl,measured,chembl:CHEMBL876577:CHEMBL92949:row86;manual:50561844:187;pubchem:AID38458:SID103302612,6.619788758288394,,1.0,,6.619788758288394,1,False,False,False
JACLNVPWBGMSHO-YPMHNXCESA-N,Cc1ccc(CSC[C@H](NC(=O)[C@H](C)CS)C(=O)O)cc1,chembl+manual+pubchem,chembl,measured,chembl:CHEMBL1013488:CHEMBL459960:row363;manual:50441735:186;pubchem:AID396487:SID103629710,6.619788758288394,,1.0,,6.619788758288394,1,False,False,False
HRBJATPCNVWLGP-CCKFTAQKSA-N,CC[C@@H](C)[C@H](S)C(=O)N[C@@H](Cc1ccc(Oc2ccccc2)cc1)C(=O)O,chembl+pubchem,chembl,measured,chembl:CHEMBL928316:CHEMBL254282:row805;pubchem:AID314425:SID103560486,,6.6020599913279625,,1.0,6.6020599913279625,1,False,False,False
JAZLBAMIOMLJKI-SKDRFNHKSA-N,C[C@H](CS)C(=O)N[C@@H](CSCc1ccc(Cl)cc1)C(=O)O,chembl+manual+pubchem,chembl,measured,chembl:CHEMBL1013488:CHEMBL444474:row614;manual:50441732:189;pubchem:AID396487:SID103629707,6.6020599913279625,,1.0,,6.6020599913279625,1,False,False,False
OKMLPKRGXRLVMI-VDTYLAMSSA-N,CC[C@@H](C)[C@H](S)C(=O)NCC(=O)O,chembl+pubchem,chembl,measured,chembl:CHEMBL928316:CHEMBL401086:row794;pubchem:AID314425:SID103560470,,6.6020599913279625,,1.0,6.6020599913279625,1,False,False,False
YOWOQWLJRHUIFT-AMFMAGFRSA-N,C[C@H](N[C@@H](CCc1ccccc1)C(=O)O)C(=O)N1C[C@H](NC(=O)C(CS)Cc2ccccc2)C[C@H]1C(=O)O,chembl+manual+pubchem,chembl,measured,chembl:CHEMBL648286:CHEMBL88328:row1512;manual:50724327:190;pubchem:AID38460:SID103298186,6.5968794788241825,,1.0,,6.5968794788241825,1,False,False,False
VJUCQNWYFINHQM-KZUDCZAMSA-N,O=C(O)[C@@H]1Cc2cccc3c2N1C(=O)C(NC(=O)C1(S)CCCC1)CC3,manual+pubchem,pubchem,measured,manual:50479595:191;manual:CHEMBL99861:858;pubchem:AID38877:SID103312234,6.5968794788241825,,1.0,,6.5968794788241825,1,False,False,False
CRYLUVCSBBABPY-CJNGLKHVSA-N,CC(C)c1ccc(C(C)(C)SC[C@H](NC(=O)[C@H](C)CS)C(=O)O)cc1,chembl+manual+pubchem,chembl,measured,chembl:CHEMBL1013488:CHEMBL456723:row1452;manual:50441759:194;pubchem:AID396487:SID103629954,6.585026652029182,,1.0,,6.585026652029182,1,False,False,False
AHYHTSYNOHNUSH-ZHKILOBTSA-N,C[C@H](N[C@@H](CCc1ccccc1)C(=O)O)C(=O)N1C2CCCCC2C[C@H]1C(=O)O,chembl+manual+pubchem,chembl,measured,chembl:CHEMBL648701:CHEMBL2079670:row1166;manual:50029888:193;pubchem:AID39750:SID160686192,6.585026652029182,,1.0,,6.585026652029182,1,False,False,False
KBMIDQAQIWEGNJ-SKDRFNHKSA-N,C[C@H](CS)C(=O)N[C@@H](CSCc1ccc(OC(F)(F)F)cc1)C(=O)O,chembl+manual+pubchem,chembl,measured,chembl:CHEMBL1013488:CHEMBL515834:row1197;manual:50441744:192;pubchem:AID396487:SID103629834,6.585026652029182,,1.0,,6.585026652029182,1,False,False,False
DJTUXLGDNAMVJS-UHFFFAOYSA-N,CC(=O)SCC(C)C(=O)N(CC(=O)O)C1CCCCC1,manual,manual,measured,manual:SD_256:1094,6.568636235841013,,1.0,,6.568636235841013,1,False,False,False
OZHXHHKPWBGXNA-UHFFFAOYSA-N,C=CCN(CC(=O)O)C(=O)C(C)CS,manual,manual,measured,manual:SD_281:1119,6.568636235841013,,1.0,,6.568636235841013,1,False,False,False
BEGAJSOBXUVZKP-ABAIWWIYSA-N,O=C1[C@@H]2C[C@@H](O)CN2C(=O)c2ccccc2N1Cc1cc(Br)cs1,manual,manual,measured,manual:SD_091:1008,6.565431095965801,,1.0,,6.565431095965801,1,False,False,False
SVXBTHULZGXAEU-PYVLESRRSA-N,CCCC[C@H](N[C@@H](CCc1ccccc1)C(=O)O)C(=O)N1C[C@@H](NC(=O)C[C@H](N)Cc2cc(F)c(F)cc2F)C[C@H]1C(=O)O,chembl+manual+pubchem,chembl,measured,chembl:CHEMBL4021433:CHEMBL4090635:row1255;manual:50761207:195;pubchem:AID1466507:SID381853665,6.554395796726403,,1.0,,6.554395796726403,1,False,False,False
AJFQVKUJEYTCQF-UHFFFAOYSA-N,CC(=O)SCC(C)C(=O)N(CC(=O)O)C1CCS(=O)(=O)C1,manual,manual,measured,manual:SD_279:1117,6.552841968657781,,1.0,,6.552841968657781,1,False,False,False
UVSVKNSUELWONQ-UHFFFAOYSA-N,CC(CS)C(=O)N(CC(=O)O)C1CCS(=O)(=O)C1,manual,manual,measured,manual:SD_278:1116,6.552841968657781,,1.0,,6.552841968657781,1,False,False,False
UZSANIKXISYLDQ-UHFFFAOYSA-N,O=C(CC(S)C(F)(F)F)NC(Cc1ccccc1)C(=O)NC(Cc1ccc(O)cc1)C(=O)O,chembl+manual+pubchem,chembl,measured,chembl:CHEMBL1060018:CHEMBL560409:row372;manual:50885098:196;pubchem:AID433785:SID103685391,6.552841968657781,,1.0,,6.552841968657781,1,False,False,False
ZMXGKCCFGMLSRA-SKDRFNHKSA-N,C[C@H](CS)C(=O)N[C@@H](CSCc1ccc(Br)cc1)C(=O)O,chembl+manual+pubchem,chembl,measured,chembl:CHEMBL1013488:CHEMBL513671:row615;manual:50441733:198;pubchem:AID396487:SID103629708,6.552841968657781,,1.0,,6.552841968657781,1,False,False,False
ROZIBURWCFZVCR-KDOFPFPSSA-N,C[C@H](CS)C(=O)N[C@@H](CSCc1ccc(-c2ccccc2)cc1)C(=O)O,chembl+manual+pubchem,chembl,measured,chembl:CHEMBL1013488:CHEMBL463520:row562;manual:50441741:199;pubchem:AID396487:SID103629773,6.552841968657781,,1.0,,6.552841968657781,1,False,False,False
RTXAZUNBJFJIBI-XPGWFJOJSA-N,C[C@H](CS)C(=O)N1[C@@H](SCc2ccc(C3CCCCC3)cc2)CC[C@H]1C(=O)O,chembl+manual+pubchem,chembl,measured,chembl:CHEMBL1004838:CHEMBL502817:row96;manual:50426194:197;pubchem:AID362193:SID103642706,6.552841968657781,,1.0,,6.552841968657781,1,False,False,False
JXCFHCFAYKJVSI-UQJFVLDMSA-N,O=C(NC1CCc2cccc3c2N(C1=O)[C@H](C(=O)O)C3)[C@H](S)Cc1ccccc1,manual+pubchem,pubchem,measured,manual:50479597:201;manual:CHEMBL318192:859;pubchem:AID38877:SID103312235,6.548213564475709,,1.0,,6.548213564475709,1,False,False,False
TYXFDFMUHPWCDX-FUHWJXTLSA-N,O=C(O)CN1C(=O)[C@@H](NC(=O)[C@H](S)Cc2ccccc2)CCc2ccccc21,chembl+manual+pubchem,chembl,measured,chembl:CHEMBL645286:CHEMBL422944:row1068;manual:50983677:202;pubchem:AID38851:SID103235075,6.546681659952962,,1.0,,6.546681659952962,1,False,False,False
USBOCZIRMRDNKY-PKOBYXMFSA-N,COc1ccc(CSC[C@@H](NC(=O)[C@H](CS)Cc2ccccc2)C(=O)O)cc1,chembl+manual+pubchem,chembl,measured,chembl:CHEMBL648450:CHEMBL310200:row617;manual:50061995:203;pubchem:AID37784:SID103285232,6.5376020021010435,,1.0,,6.5376020021010435,1,False,False,False
FTZIHGUFMWZVIM-DJHGOXGWSA-N,O=C(N[C@H]1CCc2cccc3c2N(C1=O)[C@H](C(=O)O)C3)C(CS)Cc1ccc(-c2ccccc2)cc1,manual+pubchem,pubchem,measured,manual:50479599:108;manual:50479602:107;manual:CHEMBL2112402:853;manual:CHEMBL2112402:863;pubchem:AID38877:SID163312554;pubchem:AID38877:SID163312554,6.532145626078668,,1.0,,6.532145626078668,1,False,False,True
ZOLOJYDPQCQSLJ-UHFFFAOYSA-N,CC(=O)SCC(C)C(=O)N(CC(=O)O)c1ccccc1,manual,manual,measured,manual:SD_284:1122,6.522878745280337,,1.0,,6.522878745280337,1,False,False,False
KYSRQHDFTNPRNI-UHFFFAOYSA-N,CC(CS)C(=O)N(CC(=O)O)c1ccccc1,manual,manual,measured,manual:SD_283:1121,6.522878745280337,,1.0,,6.522878745280337,1,False,False,False
IVSIKUBKIZKDQJ-PYMCNQPYSA-N,CC(NC(=O)c1ccccc1)C(=O)CCC(=O)N1CCC[C@H]1C(=O)O,chembl+manual+pubchem,chembl,measured,chembl:CHEMBL648346:CHEMBL172913:row1110;manual:50599127:205;pubchem:AID39754:SID103433267,6.522878745280337,,1.0,,6.522878745280337,1,False,False,False
GUVQXFFNMGCNPF-MFKMUULPSA-N,CSc1ccc(CSC[C@H](NC(=O)[C@H](C)CS)C(=O)O)cc1,chembl+manual+pubchem,chembl,measured,chembl:CHEMBL1013488:CHEMBL511849:row1451;manual:50441750:209;pubchem:AID396487:SID103629895,6.522878745280337,,1.0,,6.522878745280337,1,False,False,False
PGJZLTNQRTXDPB-UHFFFAOYSA-N,O=C(CC(S)C(F)(F)F)NC(Cc1ccc(F)cc1)C(=O)O,chembl+manual+pubchem,chembl,measured,chembl:CHEMBL1060018:CHEMBL551145:row1083;manual:50885089:211;pubchem:AID433785:SID103690691,6.522878745280337,,1.0,,6.522878745280337,1,False,False,False
CLFZKEZRSHMJQM-UHFFFAOYSA-N,CCC(C)C(NC(=O)C(Cc1ccccc1)C(C)S)C(=O)NC(Cc1ccc(O)cc1)C(=O)O,chembl+manual+pubchem,chembl,measured,chembl:CHEMBL648692:CHEMBL172978:row318;manual:50074906:208;pubchem:AID39770:SID103432391,6.522878745280337,,1.0,,6.522878745280337,1,False,False,False
JYIHSQOKHPXEQO-MFKMUULPSA-N,C[C@H](CS)C(=O)N[C@@H](CSCc1ccc(C#N)cc1)C(=O)O,chembl+manual+pubchem,chembl,measured,chembl:CHEMBL1013488:CHEMBL457796:row731;manual:50441748:206;pubchem:AID396487:SID103629838,6.522878745280337,,1.0,,6.522878745280337,1,False,False,False
VANJHJLXOWKZKA-DOMZBBRYSA-N,CC(C)c1ccc(CSC[C@H](NC(=O)[C@H](C)CS)C(=O)O)cc1,chembl+manual+pubchem,chembl,measured,chembl:CHEMBL1013488:CHEMBL461022:row864;manual:50441739:212;pubchem:AID396487:SID103629771,6.522878745280337,,1.0,,6.522878745280337,1,False,False,False
JZXQEVNCLGXAGD-UHFFFAOYSA-N,CCOC(=O)C(CCc1ccccc1)NC(C)C(=O)N1Cc2cc(OC)c(OC)cc2CC1C(=O)OCc1ccccc1,chembl+manual+pubchem,chembl,measured,chembl:CHEMBL648350:CHEMBL58340:row849;manual:50746638:210;pubchem:AID39758:SID103248115,6.522878745280337,,1.0,,6.522878745280337,1,False,False,False
FDBOBPZULQKKBC-MFKMUULPSA-N,C[C@H](CS)C(=O)N[C@@H](CSCc1ccc(S(C)(=O)=O)cc1)C(=O)O,chembl+manual+pubchem,chembl,measured,chembl:CHEMBL1013488:CHEMBL458237:row546;manual:50441751:207;pubchem:AID396487:SID103629896,6.522878745280337,,1.0,,6.522878745280337,1,False,False,False
NKBFLPNYTZKMLW-KMDXXIMOSA-N,O=C(N[C@@H](Cc1ccc2ccccc2c1)C(=O)N1CCC[C@H]1C(=O)O)[C@H](S)Cc1ccccc1,manual+pubchem,pubchem,measured,manual:50476451:213;manual:CHEMBL166083:866;pubchem:AID38461:SID103416503,6.517126416391246,,1.0,,6.517126416391246,1,False,False,False
TYXFDFMUHPWCDX-AEFFLSMTSA-N,O=C(O)CN1C(=O)[C@H](NC(=O)[C@@H](S)Cc2ccccc2)CCc2ccccc21,chembl+manual+pubchem,chembl,measured,chembl:CHEMBL645286:CHEMBL50315:row1266;manual:50983687:214;pubchem:AID38851:SID103235615,6.51427857351842,,1.0,,6.51427857351842,1,False,False,False
DOLNCCYFNWYJPI-DQYPLSBCSA-N,CC[C@@H](C)[C@H](S)C(=O)N[C@@H](Cc1ccc2ccccc2c1)C(=O)O,chembl+pubchem,chembl,measured,chembl:CHEMBL928316:CHEMBL253428:row679;pubchem:AID314425:SID103560477,,6.508638306165727,,1.0,6.508638306165727,1,False,False,False
LJJKNPQAGWVLDQ-UHFFFAOYSA-N,O=C(O)CNC(=O)C(CS)Cc1ccccc1,chembl+pubchem,chembl,measured,chembl:CHEMBL4406521:CHEMBL10247:row311;chembl:CHEMBL618671:CHEMBL10247:row1270;chembl:CHEMBL646945:CHEMBL10247:row27;chembl:CHEMBL648689:CHEMBL10247:row591;chembl:CHEMBL648692:CHEMBL10247:row471;pubchem:AID1607332:SID103169954;pubchem:AID38849:SID103169954;pubchem:AID39767:SID103169954;pubchem:AID39770:SID103169954;pubchem:AID9849:SID103169954,6.499996931948306,,1.0,,6.499996931948306,1,False,False,True
CDKGUBGMNJVADH-FKBYEOEOSA-N,CC(C)[C@H](S)C(=O)N[C@@H](Cc1ccc(-c2ccccc2)cc1)C(=O)N1CCC[C@H]1C(=O)O,manual+pubchem,pubchem,measured,manual:50476456:216;manual:CHEMBL163621:867;pubchem:AID38461:SID103416035,6.496209316942819,,1.0,,6.496209316942819,1,False,False,False
LMWXKJGGEYQKHD-SKDRFNHKSA-N,C[C@H](CS)C(=O)N[C@@H](CSCc1ccc([N+](=O)[O-])cc1)C(=O)O,chembl+manual+pubchem,chembl,measured,chembl:CHEMBL1013488:CHEMBL456278:row232;manual:50441749:217;pubchem:AID396487:SID103629894,6.494850021680094,,1.0,,6.494850021680094,1,False,False,False
QGZQLDTWDPQTFE-SMOXQLQSSA-N,C[C@H](NC(CCN)C(=O)O)C(=O)N1CCC[C@H]1C(=O)O,chembl+manual+pubchem,chembl,measured,chembl:CHEMBL648337:CHEMBL79212:row447;manual:50991884:218;pubchem:AID39018:SID103280330,6.490004907986601,,1.0,,6.490004907986601,1,False,False,False
IXTVKPZUQDUYAH-UWJYYQICSA-N,C[C@@H](C[C@@H](Cc1ccc(-c2ccccc2)cc1)C(=O)CCCCC(=O)O)C(=O)O,manual+pubchem,pubchem,measured,manual:1237908:219;pubchem:AID1919202:SID476023773,6.489454989793388,,1.0,,6.489454989793388,1,False,False,False
IWURQOHGXLKXDJ-UTKZUKDTSA-N,C[C@H](C[C@@H](Cc1ccc(-c2ccccc2)cc1)NC(=O)CCCCC(=O)O)C(=O)O,manual+pubchem,pubchem,measured,manual:1316479:220;pubchem:AID1919722:SID103942983,6.489454989793388,,1.0,,6.489454989793388,1,False,False,False
GUNQROGTUYRSGK-LYKKTTPLSA-N,CC(=O)NC(Cc1ccccc1)C(=O)CCC(=O)N1CCC[C@H]1C(=O)O,chembl+manual+pubchem,chembl,measured,chembl:CHEMBL648346:CHEMBL172917:row221;manual:50599112:221;pubchem:AID39754:SID103434866,6.481486060122113,,1.0,,6.481486060122113,1,False,False,False
DUZRYPPMYXFQCS-UHFFFAOYSA-N,C=C(C(C)CS)N(CC([O])=O)c1ccc2c(c1)CCC2,manual,manual,measured,manual:SD_293:1131,6.481486060122113,,1.0,,6.481486060122113,1,False,False,False
UFLPIELGAQYNCT-DSITVLBTSA-N,NCCCC[C@H](OP(=O)(O)CCCCc1ccccc1)C(=O)N1C[C@H](c2ccccc2)C[C@H]1C(=O)O,chembl+manual+pubchem,chembl,measured,chembl:CHEMBL648337:CHEMBL284272:row1326;manual:50991977:222;pubchem:AID39018:SID103209469,6.470005326930858,,1.0,,6.470005326930858,1,False,False,False
QUFYTJGODGEVAY-WBTZKQGOSA-N,CCC(SC[C@H](NC(=O)[C@H](C)CS)C(=O)O)c1ccc(C(C)C)cc1,chembl+manual+pubchem,chembl,measured,chembl:CHEMBL1013488:CHEMBL458447:row548;manual:50441754:225;pubchem:AID396487:SID103629899,6.468521082957745,,1.0,,6.468521082957745,1,False,False,False
GRJHSZYKCJKCBK-SKDRFNHKSA-N,C[C@H](CS)C(=O)N[C@@H](CSCc1ccc(C(F)(F)F)cc1)C(=O)O,chembl+manual+pubchem,chembl,measured,chembl:CHEMBL1013488:CHEMBL459961:row730;manual:50441736:224;pubchem:AID396487:SID103629711,6.468521082957745,,1.0,,6.468521082957745,1,False,False,False
XENJKTJZYMBEBZ-UHFFFAOYSA-N,CC(=O)SCC(C)C(=O)N(CC(=O)O)C1Cc2ccccc2C1,manual,manual,measured,manual:SD_268:1106,6.468521082957745,,1.0,,6.468521082957745,1,False,False,False
MWVRRZHTZSJKSX-RISCZKNCSA-N,CCOc1ccc(CSC[C@H](NC(=O)[C@H](C)CS)C(=O)O)cc1,chembl+manual+pubchem,chembl,measured,chembl:CHEMBL1013488:CHEMBL457571:row790;manual:50441745:223;pubchem:AID396487:SID103629835,6.468521082957745,,1.0,,6.468521082957745,1,False,False,False
QNWHLBSNWDAJMZ-HBMCJLEFSA-N,CN[C@H](C(=O)N[C@@H](Cc1ccccc1)C(=O)N[C@@H](Cc1ccc(O)cc1)P(=O)(O)O)C(C)C,chembl+manual+pubchem,chembl,measured,chembl:CHEMBL3269460:CHEMBL3264007:row697;chembl:CHEMBL3269461:CHEMBL3264007:row258;manual:50090234:182;manual:50090261:254;pubchem:AID1137670:SID242637246;pubchem:AID1137671:SID242637246,6.443362653767824,,1.0,,6.443362653767824,1,False,False,False
QHGKIXNQIGMTDW-KDOFPFPSSA-N,C[C@H](CS)C(=O)N[C@@H](CSCc1ccc(Oc2ccccc2)cc1)C(=O)O,chembl+manual+pubchem,chembl,measured,chembl:CHEMBL1013488:CHEMBL514268:row231;manual:50441746:226;pubchem:AID396487:SID103629836,6.431798275933005,,1.0,,6.431798275933005,1,False,False,False
FWNWATHTRVGPDX-RITPCOANSA-N,C[C@H](CS)C(=O)N1CSC[C@H]1C(=O)O,chembl+pubchem,chembl,measured,chembl:CHEMBL5229289:CHEMBL445830:row1474;pubchem:AID1926205:SID103590445,6.429994423238211,,1.0,,6.429994423238211,1,False,False,False
KWJXQSQVOWQQJY-PBHICJAKSA-N,COc1cc(CN2C(=O)[C@@H]3C[C@@H](O)CN3C(=O)c3ccccc32)cc(OC)c1OC,manual,manual,measured,manual:SD_090:1007,6.424812155072339,,1.0,,6.424812155072339,1,False,False,False
YZHQLHZXTSWUDM-JCYRPKCISA-N,O=C(N[C@@H](Cc1ccc(-c2ccccc2)cc1)C(=O)N1CCC[C@H]1C(=O)O)[C@H](S)c1ccc2c(c1)OCO2,manual+pubchem,pubchem,measured,manual:50476437:227;manual:CHEMBL163468:876;pubchem:AID38461:SID103416549,6.422508200162775,,1.0,,6.422508200162775,1,False,False,False
ITMQFUGUIZVZNR-SFTDATJTSA-N,O=C(O)[C@H](Cc1ccc(-c2ccccc2)cc1)NC(=O)[C@H](Cc1cccs1)NCP(=O)(O)O,chembl+manual+pubchem,chembl,measured,chembl:CHEMBL876577:CHEMBL330507:row1033;manual:50561740:228;pubchem:AID38458:SID103301660,6.414539270491499,,1.0,,6.414539270491499,1,False,False,False
BIYFVTFYFGFDLD-CZVYVAOFSA-N,CC(NC(=O)OCc1ccccc1)C(=O)N[C@H](CCC(=O)N1CCC[C@H]1C(=O)O)C(=O)O,chembl+manual+pubchem,chembl,measured,chembl:CHEMBL648337:CHEMBL78996:row71;manual:50991958:229;pubchem:AID39018:SID103280145,6.409994580348671,,1.0,,6.409994580348671,1,False,False,False
JHEKOWDFMNIEBV-UHFFFAOYSA-N,O=C(CC(S)C(F)(F)F)NC(Cc1c[nH]c2ccccc12)C(=O)O,chembl+manual+pubchem,chembl,measured,chembl:CHEMBL1060018:CHEMBL551622:row420;manual:50885092:230;pubchem:AID433785:SID103687203,6.3979400086720375,,1.0,,6.3979400086720375,1,False,False,False
YPYMWLSMAWHLNN-COXVUDFISA-N,C[C@H](CS)C(=O)N1[C@@H](SCc2ccc(C(C)(C)C)cc2)CC[C@H]1C(=O)O,chembl+manual+pubchem,chembl,measured,chembl:CHEMBL1004838:CHEMBL500409:row2;manual:50426195:231;pubchem:AID362193:SID103642705,6.3872161432802645,,1.0,,6.3872161432802645,1,False,False,False
KSLQUEKUGQKSAJ-ICCXJUOJSA-N,CC[C@@H](C)[C@H](S)C(=O)N[C@@H](Cc1ccc(O)cc1)C(=O)O,chembl+pubchem,chembl,measured,chembl:CHEMBL928316:CHEMBL253224:row1240;pubchem:AID314425:SID103560474,,6.3872161432802645,,1.0,6.3872161432802645,1,False,False,False
MAVHEVQROSUZGT-VMPREFPWSA-N,O=C(O)[C@H](Cc1ccc(-c2ccccc2)cc1)NC(=O)[C@H](Cc1ccc(-c2ccccc2)cc1)NCP(=O)(O)O,chembl+manual+pubchem,chembl,measured,chembl:CHEMBL876577:CHEMBL418959:row5;manual:50561733:232;pubchem:AID38458:SID103302604,6.382999658879101,,1.0,,6.382999658879101,1,False,False,False
TVLDNLINZRNKES-PBHICJAKSA-N,O=C1[C@@H]2C[C@@H](O)CN2C(=O)c2ccccc2N1Cc1cccc(Br)c1,manual,manual,measured,manual:SD_088:1005,6.3788237182249645,,1.0,,6.3788237182249645,1,False,False,False
OZVSYWQMNWTLKR-NAVMLSPISA-N,CCCC(SC[C@H](NC(=O)[C@H](C)CS)C(=O)O)c1ccc(C(C)C)cc1,chembl+manual+pubchem,chembl,measured,chembl:CHEMBL1013488:CHEMBL458450:row549;manual:50441755:234;pubchem:AID396487:SID103629950,6.376750709602099,,1.0,,6.376750709602099,1,False,False,False
XGAOFGPISXHGSA-JTQLQIEISA-N,O=C(CCS)N[C@@H](Cc1ccccc1)C(=O)O,chembl+manual+pubchem,chembl,measured,chembl:CHEMBL648337:CHEMBL312094:row1372;manual:50991912:235;pubchem:AID39018:SID103280831,6.369999510099088,,1.0,,6.369999510099088,1,False,False,False
RQPDCTYLGWGIDC-NAVMLSPISA-N,CC(C)c1ccc(C(SC[C@H](NC(=O)[C@H](C)CS)C(=O)O)C(C)C)cc1,chembl+manual+pubchem,chembl,measured,chembl:CHEMBL1013488:CHEMBL458451:row233;manual:50441756:237;pubchem:AID396487:SID103629951,6.366531544420414,,1.0,,6.366531544420414,1,False,False,False
HIPGEDJGPPKXTE-JFXOEICMSA-N,COP(=O)(O)C(CCc1ccccc1)N[C@@H](C)C(=O)N1CCC[C@H]1C(=O)O,chembl+manual+pubchem,chembl,measured,chembl:CHEMBL648337:CHEMBL78385:row987;manual:50991996:238;pubchem:AID39018:SID103280926,6.359995853468939,,1.0,,6.359995853468939,1,False,False,False
YNTNUAUVNZTXCX-IOCOHYSWSA-N,CC(CS)C(=O)N(CC[C@@H]1CC2CC(C1C)C2(C)C)CC(=O)O,manual,manual,measured,manual:SD_262:1100,6.356547323513812,,1.0,,6.356547323513812,1,False,False,False
DRKDCOUMTGAAKG-UHFFFAOYSA-N,CCOC(=O)C(CCc1ccccc1)NC(C)C(=O)N1Cc2ccccc2CC1C(=O)OCC,chembl+manual+pubchem,chembl,measured,chembl:CHEMBL648350:CHEMBL412893:row142;manual:50746641:239;pubchem:AID39758:SID103248509,6.356547323513812,,1.0,,6.356547323513812,1,False,False,False
HMWIHWAAIYAMFZ-QMMMGPOBSA-N,O=C(O)CCc1cc(O)c2n(c1=O)[C@H](C(=O)O)CC2,chembl+manual+pubchem,chembl,measured,chembl:CHEMBL648337:CHEMBL308267:row980;manual:50991971:240;manual:50995212:825;pubchem:AID39018:SID103280052,6.339998279897117,,1.0,,6.339998279897117,1,False,False,False
FSCJXQKDXZLROY-LPBNZCGVSA-N,CCOC(=O)C(CCc1ccccc1)SC(C)C(=O)N1Cc2ccccc2C[C@H]1C(=O)O,chembl+manual+pubchem,chembl,measured,chembl:CHEMBL648701:CHEMBL1907754:row47;manual:50746456:242;manual:SD_203:1041;pubchem:AID39750:SID136932714,6.337242168318426,,1.0,,6.337242168318426,1,False,False,False
VYTTUYRKQJLJKH-WOJBJXKFSA-N,Cc1ccc(CSC[C@@H](NC(=O)[C@@H](CS)Cc2ccccc2)C(=O)O)cc1C,chembl+manual+pubchem,chembl,measured,chembl:CHEMBL648450:CHEMBL80055:row947;manual:50062025:241;pubchem:AID37784:SID103285270,6.337242168318426,,1.0,,6.337242168318426,1,False,False,False
KGOLFZSTQPOJBW-HZPDHXFCSA-N,O=C1N[C@@H](C(=O)O)Cc2ccccc2CCCCCC[C@@H]1CS,chembl+manual+pubchem,chembl,measured,chembl:CHEMBL644707:CHEMBL149367:row310;manual:50093719:243;pubchem:AID38866:SID103392323,6.327902142064283,,1.0,,6.327902142064283,1,False,False,False
VMBLGPAYYKVWDU-GOTSBHOMSA-N,O=C(O)[C@H](Cc1ccc(-c2ccccc2)cc1)NC(=O)[C@H](Cc1ccc(Cl)cc1)NCP(=O)(O)O,chembl+manual+pubchem,chembl,measured,chembl:CHEMBL876577:CHEMBL329464:row795;manual:50561837:244;pubchem:AID38458:SID103302811,6.325138859262188,,1.0,,6.325138859262188,1,False,False,False
BKIADFDXLKFQRT-CCKFTAQKSA-N,CC[C@@H](C)[C@H](S)C(=O)N[C@@H](Cc1ccc(-c2ccccc2)cc1)C(=O)O,chembl+pubchem,chembl,measured,chembl:CHEMBL928316:CHEMBL252391:row806;chembl:CHEMBL933039:CHEMBL252391:row218;pubchem:AID314425:SID103560468;pubchem:AID317219:SID103560468,,6.309803919971486,,1.0,6.309803919971486,1,False,False,False
OYOZJKFWWAKHED-ZEQRLZLVSA-N,Cc1ccccc1C[C@H](NCP(=O)(O)O)C(=O)N[C@@H](Cc1ccc(-c2ccccc2)cc1)C(=O)O,chembl+manual+pubchem,chembl,measured,chembl:CHEMBL876577:CHEMBL91399:row721;manual:50561841:245;pubchem:AID38458:SID103302997,6.302770657240282,,1.0,,6.302770657240282,1,False,False,False
ITMFWUAKJPURIP-NINLVYDZSA-N,O=C(N[C@@H](Cc1ccccc1)P(=O)(O)C[C@H](Cc1cc(-c2ccccc2)no1)C(=O)N[C@@H](Cc1c[nH]c2ccccc12)C(=O)O)OCc1ccccc1,chembl+pubchem,chembl,measured,chembl:CHEMBL1045247:CHEMBL577754:row118;chembl:CHEMBL1045251:CHEMBL577754:row612;chembl:CHEMBL1045252:CHEMBL577754:row288;chembl:CHEMBL1045253:CHEMBL577754:row901;chembl:CHEMBL1045256:CHEMBL577754:row900;pubchem:AID444546:SID103703098;pubchem:AID444550:SID103703098;pubchem:AID444551:SID103703098;pubchem:AID444552:SID103703098;pubchem:AID444555:SID103703098,,6.301029995663981,,1.0,6.301029995663981,1,False,False,True
POSPGLXCXWRLJG-UCWRFOARSA-N,C[C@H](CS)C(=O)N1Cc2[nH]c3ccccc3c2CC1C(=O)O,chembl+manual+pubchem,chembl,measured,chembl:CHEMBL644707:CHEMBL148616:row604;manual:50093706:246;pubchem:AID38866:SID103393021,6.301029995663981,,1.0,,6.301029995663981,1,False,False,False
DLJQWTYQJUYEKO-AMFMAGFRSA-N,C[C@H](N[C@@H](CCc1ccccc1)C(=O)O)C(=O)N1C[C@H](OC(=O)NC(CS)Cc2ccccc2)C[C@H]1C(=O)O,chembl+manual+pubchem,chembl,measured,chembl:CHEMBL648286:CHEMBL422419:row1137;manual:50724344:247;pubchem:AID38460:SID103298224,6.295849483160201,,1.0,,6.295849483160201,1,False,False,False
HLSVAMGQMKPXOP-RISCZKNCSA-N,C[C@H](CS)C(=O)N[C@@H](CSCc1ccc(N(C)C)cc1)C(=O)O,chembl+manual+pubchem,chembl,measured,chembl:CHEMBL1013488:CHEMBL457317:row1076;manual:50441806:249;pubchem:AID396487:SID103629558,6.2839966563652006,,1.0,,6.2839966563652006,1,False,False,False
JCVOQMKUHSUGEJ-UHFFFAOYSA-N,CCOC(=O)C(CCc1ccccc1)NC(C)C(=O)N1Cc2cc(OC)c(OC)cc2CC1C(=O)OCC,chembl+manual+pubchem,chembl,measured,chembl:CHEMBL648350:CHEMBL60702:row362;manual:50746632:248;pubchem:AID39758:SID103248277,6.2839966563652006,,1.0,,6.2839966563652006,1,False,False,False
DTAMTFWHWXFPBF-INIZCTEOSA-N,CCCCc1nc(Cl)c(C(=O)N[C@@H](Cc2cc3ccccc3[nH]2)C(=O)OC)n1C,manual,manual,measured,manual:SD_009:991,6.274905478918531,,1.0,,6.274905478918531,1,False,False,False
IUFNBYIQGPSJHJ-UHFFFAOYSA-N,CC(=O)SCC(C)C(=O)N(CC(=O)O)C1CC1,manual,manual,measured,manual:SD_248:1086,6.267606240177032,,1.0,,6.267606240177032,1,False,False,False
BQHZBGXKRPTFPK-MHJFOBGBSA-N,O=C(NC(Cc1ccccc1)C(=O)CCC(=O)N1CC(O)C[C@H]1C(=O)O)c1ccccc1,chembl+manual+pubchem,chembl,measured,chembl:CHEMBL648346:CHEMBL172600:row1324;manual:50599121:250;pubchem:AID39754:SID103433460,6.267606240177032,,1.0,,6.267606240177032,1,False,False,False
NRBULABTUTWKCG-SFTDATJTSA-N,CCOC(=O)[C@H](Cc1c[nH]c2ccccc12)N[C@H]1CCc2ccccc2N(CC(=O)O)C1=O,chembl+manual+pubchem,chembl,measured,chembl:CHEMBL644701:CHEMBL296331:row948;manual:50745416:252;pubchem:AID38860:SID103220319,6.267606240177032,,1.0,,6.267606240177032,1,False,False,False
UHZFVGXJPUTNHL-NHCUHLMSSA-N,CCOC(=O)[C@@H](CC1=c2ccccc2=NC1)N[C@@H]1CCc2ccccc2N(CC(=O)O)C1=O,manual,manual,measured,manual:SD_233:1071,6.267606240177032,,1.0,,6.267606240177032,1,False,False,False
GCXZPZAQMOQPHW-ZDUSSCGKSA-N,O=C(O)[C@@H]1Cc2c([nH]c3ccccc23)CN1C(=O)CCS,chembl+manual+pubchem,chembl,measured,chembl:CHEMBL5258025:CHEMBL5283805:row994;manual:51527204:251;pubchem:AID1954024:SID494401565,6.267606240177032,,1.0,,6.267606240177032,1,False,False,False
NXOWMKUZYDYGFZ-UHFFFAOYSA-N,CC(=O)SCC(C)C(=O)N(CC(=O)O)c1ccccc1C,manual,manual,measured,manual:SD_286:1124,6.259637310505756,,1.0,,6.259637310505756,1,False,False,False
RUTFYHHMLQZRQB-XPGWFJOJSA-N,CC[C@@H](C)[C@H](S)C(=O)N[C@@H](Cc1ccc(OCc2ccccc2)cc1)C(=O)O,chembl+pubchem,chembl,measured,chembl:CHEMBL928316:CHEMBL254703:row1259;pubchem:AID314425:SID103560494,,6.2441251443275085,,1.0,6.2441251443275085,1,False,False,False
DPPTZNUVUSKYMF-WXHSDQCUSA-N,CC[C@@H](C)[C@H](S)C(=O)N[C@@H](Cc1ccccc1)C(=O)O,chembl+pubchem,chembl,measured,chembl:CHEMBL928316:CHEMBL400526:row1241;pubchem:AID314425:SID103560473,,6.2441251443275085,,1.0,6.2441251443275085,1,False,False,False
JVZOJVSKVSEJNC-BLZCZZARSA-N,CC(SC(CCc1ccccc1)C(=O)O)C(=O)N1CCC[C@H]1C(=O)O,chembl+manual+pubchem,chembl,measured,chembl:CHEMBL648701:CHEMBL1907762:row937;manual:50746464:253;manual:SD_206:1044;pubchem:AID39750:SID136926286,6.236572006437063,,1.0,,6.236572006437063,1,False,False,False
BNECOBGISSOLPT-FCHUYYIVSA-N,O=C(N[C@@H](Cc1ccc(-c2ccccc2)cc1)C(=O)O)[C@H](S)Cc1ccccc1,chembl+manual+pubchem,chembl+pubchem,measured,manual:50476447:262;manual:CHEMBL163454:872;pubchem:AID38461:SID103416944;chembl:CHEMBL933039:CHEMBL163454:row719;pubchem:AID317219:SID103416944,6.162411561764489,6.2839966563652006,1.0,1.0,6.223204109064845,1,False,False,False
OFXXBGPTOQAYRW-UHFFFAOYSA-N,CC(=O)SCC(C)C(=O)N(CC(=O)O)c1ccc(F)cc1,manual,manual,measured,manual:SD_299:1137,6.221848749616356,,1.0,,6.221848749616356,1,False,False,False
NUVYVVIGVXNLNF-IHRRRGAJSA-N,NCCC[C@H](NC(=O)[C@@H](N)Cc1ccsc1)C(=O)N1CCC[C@H]1C(=O)O,chembl+manual+pubchem,chembl,measured,chembl:CHEMBL861823:CHEMBL383507:row1102;manual:50337722:255;pubchem:AID263524:SID103485616,6.221848749616356,,1.0,,6.221848749616356,1,False,False,False
YWBHCYRCVYEOPE-HJOGWXRNSA-N,CCCC[C@H](N[C@@H](CCc1ccccc1)C(=O)O)C(=O)N[C@@H](Cc1c[nH]c2ccccc12)C(=O)O,chembl+pubchem,chembl,measured,chembl:CHEMBL5042029:CHEMBL5075705:row115;chembl:CHEMBL5042030:CHEMBL5075705:row1035;pubchem:AID1819416:SID475980088;pubchem:AID1819417:SID475980088,,6.210680395015964,,1.0,6.210680395015964,1,False,False,True
RAIQRUJVVMJSAK-UHFFFAOYSA-N,O=C(O)C1Cc2sccc2CN1C(=O)CCS,chembl+manual+pubchem,chembl,measured,chembl:CHEMBL5258025:CHEMBL23467:row1363;manual:51527203:256;pubchem:AID1954024:SID103191325,6.2076083105017466,,1.0,,6.2076083105017466,1,False,False,False
MZEPZVJJEQVZKB-OALUTQOASA-N,O=C(O)[C@H](Cc1ccc(-c2ccccc2)cc1)NC(=O)[C@@H](S)C1CCC1,chembl+pubchem,chembl,measured,chembl:CHEMBL933039:CHEMBL257229:row726;pubchem:AID317219:SID103573783,,6.2076083105017466,,1.0,6.2076083105017466,1,False,False,False
MBUNQOGWMVDDDM-UHFFFAOYSA-N,CCN1CCCC1CN(CC(=O)O)C(=O)C(C)CS,manual,manual,measured,manual:SD_280:1118,6.1938200260161125,,1.0,,6.1938200260161125,1,False,False,False
GODDKMSRPVPPPQ-VGWMRTNUSA-N,CC(C)C[C@H](S)C(=O)N1CCC[C@H]1C(=O)N1CCC[C@H]1C(=O)N(C)[C@@H](C)C(=O)O,bindingdb+chembl+manual+pubchem,chembl,measured,bindingdb:350122:IC50;chembl:CHEMBL3887730:CHEMBL3954917:row899;manual:350122:257;pubchem:AID1802026:SID318472240,6.1938200260161125,,1.0,,6.1938200260161125,1,False,False,False
NEKIPPRVZAZNIY-LURJTMIESA-N,O=C(O)[C@@H]1C=CCN1C(=O)CCS,chembl+manual+pubchem,chembl,measured,chembl:CHEMBL648337:CHEMBL306556:row373;manual:50991978:258;pubchem:AID39018:SID103279717,6.190002844637807,,1.0,,6.190002844637807,1,False,False,False
YSPAKWMWSFPXDS-AWEZNQCLSA-N,CCCCc1nc(Cl)c(C(=O)N[C@@H](Cc2ccccc2)C(=O)OC)n1C,manual,manual,measured,manual:SD_008:990,6.189095719331299,,1.0,,6.189095719331299,1,False,False,False
JENPNPNDDGPOOW-BGERDNNASA-N,CCCCCCCC(=O)N[C@@H](Cc1ccccc1)C(=O)CCC(=O)N1CCCC1C(=O)O,manual+pubchem,pubchem,measured,manual:CHEMBL24504:841;pubchem:AID39752:SID103193379,6.187086643357144,,1.0,,6.187086643357144,1,False,False,False
AADSFVPFJQPCAI-ATEUGARGSA-N,O=C(/C=C\S)C1CC[C@@H](C(=O)O)C1,chembl+pubchem,chembl,measured,chembl:CHEMBL645285:CHEMBL128223:row103;pubchem:AID38850:SID103362633,6.187086643357144,,1.0,,6.187086643357144,1,False,False,False
HPMFXCYVKKQLSR-LQGLAIQGSA-N,C[C@H](OCc1ccccc1)[C@H](NCP(=O)(O)O)C(=O)N[C@@H](Cc1ccc(-c2ccccc2)cc1)C(=O)O,chembl+manual+pubchem,chembl,measured,chembl:CHEMBL876577:CHEMBL366503:row933;manual:50561721:259;pubchem:AID38458:SID103437995,6.1830961606243395,,1.0,,6.1830961606243395,1,False,False,False
FKINCRVYAPJWGX-VIFPVBQESA-N,CCCCc1nc(Cl)c(C(=O)N[C@@H](CCSC)C(=O)O)n1C,manual,manual,measured,manual:SD_011:993,6.182434630440219,,1.0,,6.182434630440219,1,False,False,False
UTFPDQLPXOXPSM-PBHICJAKSA-N,O=C1[C@@H]2C[C@@H](O)CN2C(=O)c2ccccc2N1Cc1ccc(Br)cc1,manual,manual,measured,manual:SD_089:1006,6.181774106386045,,1.0,,6.181774106386045,1,False,False,False
GHGSOISSAWQQSU-GUYCJALGSA-N,C[C@H](NCP(=O)(O)O)C(=O)N[C@@H](Cc1ccc(-c2ccccc2)cc1)C(=O)O,chembl+manual+pubchem,chembl,measured,chembl:CHEMBL876577:CHEMBL91218:row554;manual:50561845:260;pubchem:AID38458:SID103302494,6.180456064458132,,1.0,,6.180456064458132,1,False,False,False
RWIYSIKEXVLOCD-KKXDTOCCSA-N,C[C@H](O)[C@H](NCP(=O)(O)O)C(=O)N[C@@H](Cc1ccc(-c2ccccc2)cc1)C(=O)O,chembl+manual+pubchem,chembl,measured,chembl:CHEMBL876577:CHEMBL327799:row201;manual:50561735:261;pubchem:AID38458:SID103302624,6.1771783546968955,,1.0,,6.1771783546968955,1,False,False,False
ZNARJYBXPNSEKX-MABNFEJOSA-N,C[C@H](CS)C(=O)N1C[C@@H](NC(=O)C(CS)Cc2ccc(-c3ccccc3)cc2)C[C@H]1C(=O)O,chembl+manual+pubchem,chembl,measured,chembl:CHEMBL648286:CHEMBL89547:row1402;manual:50724330:263;pubchem:AID38460:SID103298593,6.157390760389438,,1.0,,6.157390760389438,1,False,False,False
DOBNVUFHFMVMDB-DNVCBOLYSA-N,C[C@H](C[C@H](Cc1ccc(-c2ccccc2)cc1)NC(=O)CCC(=O)O)C(=O)O,manual+pubchem,pubchem,measured,manual:1316476:266;pubchem:AID1919722:SID103942972,6.154901959985743,,1.0,,6.154901959985743,1,False,False,False
VVPLZIBCVXZTPQ-PMACEKPBSA-N,O=C(O)[C@H](Cc1ccc(-c2ccccc2)cc1)NC(=O)[C@@H](S)C1CCCC1,chembl+pubchem,chembl,measured,chembl:CHEMBL933039:CHEMBL404117:row1082;pubchem:AID317219:SID103573784,,6.154901959985743,,1.0,6.154901959985743,1,False,False,False
VJLQZOGJQSGWQV-NAKRPEOUSA-N,C[C@H](N[C@H](C(=O)O)[C@@H]1CCCN1)C(=O)N1CCC[C@H]1C(=O)O,chembl+pubchem,chembl,measured,chembl:CHEMBL645287:CHEMBL3037879:row383;pubchem:AID38852:SID174494564,6.154901959985743,,1.0,,6.154901959985743,1,False,False,False
BROFGMFOFNHCBY-DNVCBOLYSA-N,C[C@H](C[C@H](Cc1ccc(-c2ccccc2)cc1)C(=O)CCC(=O)O)C(=O)O,manual+pubchem,pubchem,measured,manual:1237905:265;pubchem:AID1919202:SID476023770,6.154901959985743,,1.0,,6.154901959985743,1,False,False,False
PWJCWRKOASSUHL-GARJFASQSA-N,CCCC[C@H](N)C(=O)N[C@@H](C)C(=O)N1CCC[C@@H]1C(=O)O,chembl+manual+pubchem,chembl,measured,chembl:CHEMBL644708:CHEMBL340152:row1112;manual:50059531:264;pubchem:AID38868:SID103363325,6.154901959985743,,1.0,,6.154901959985743,1,False,False,False
OBWQYTZSBJXFIF-UHFFFAOYSA-N,O=C(CCS)OC(Cc1ccccc1)C(=O)O,chembl+pubchem,chembl,measured,chembl:CHEMBL648337:CHEMBL80667:row1483;pubchem:AID39018:SID103280131,6.149997413907539,,1.0,,6.149997413907539,1,False,False,False
MYJYWAFMHQMLBI-YFKPBYRVSA-N,O=C(O)[C@@H]1C=CCn2c(=O)n(CS)c(=O)n21,chembl+manual+pubchem,chembl,measured,chembl:CHEMBL648337:CHEMBL80939:row346;manual:50991881:268;manual:50995208:341;pubchem:AID39018:SID103281498,6.149997413907539,,1.0,,6.149997413907539,1,False,False,False
LPOQRJAOIAXGPJ-UHFFFAOYSA-N,CC(C)CC(S)C(Cc1ccccc1)C(=O)NC(Cc1ccc(O)cc1)C(=O)O,chembl+manual+pubchem,chembl,measured,chembl:CHEMBL646967:CHEMBL171850:row163;manual:50074879:270;pubchem:AID39611:SID103432229,6.1487416512809245,,1.0,,6.1487416512809245,1,False,False,False
KGOLFZSTQPOJBW-CVEARBPZSA-N,O=C1N[C@H](C(=O)O)Cc2ccccc2CCCCCC[C@@H]1CS,chembl+manual+pubchem,chembl,measured,chembl:CHEMBL644707:CHEMBL147755:row1267;manual:50093743:271;pubchem:AID38866:SID103391825,6.139661993429006,,1.0,,6.139661993429006,1,False,False,False
NINBLKUXZROFMZ-KELSAIANSA-N,C[C@H](NC(=O)[C@H](Cc1c[nH]c2ccccc12)NC(=O)[C@H](CCCCN)NC(=O)[C@@H]1CCC(=O)N1)C(=O)N1CCC[C@H]1C(=O)O,chembl+pubchem,chembl,measured,chembl:CHEMBL644576:CHEMBL264538:row714;pubchem:AID37635:SID103202021,6.136677139879544,,1.0,,6.136677139879544,1,False,False,False
VVIGQDQMSRGEBC-PMACEKPBSA-N,CCCC[C@H](NCP(=O)(O)O)C(=O)N[C@@H](Cc1ccc(-c2ccccc2)cc1)C(=O)O,chembl+manual+pubchem,chembl,measured,chembl:CHEMBL876577:CHEMBL313419:row976;manual:50561831:272;pubchem:AID38458:SID103302622,6.13608262304214,,1.0,,6.13608262304214,1,False,False,False
WZJFKVHMXBGZBQ-PMACEKPBSA-N,O=C(N[C@@H](Cc1ccccc1)C(=O)CCC(=O)N1CCC[C@H]1C(=O)O)c1ccccc1,chembl+manual+pubchem,chembl,measured,chembl:CHEMBL644576:CHEMBL435360:row1147;chembl:CHEMBL644577:CHEMBL435360:row1000;chembl:CHEMBL645287:CHEMBL435360:row1288;chembl:CHEMBL648337:CHEMBL435360:row1279;chembl:CHEMBL648346:CHEMBL435360:row599;manual:50041097:636;manual:50599111:637;manual:50991907:736;manual:CHEMBL435360:843;manual:CHEMBL435360:849;pubchem:AID37635:SID103202323;pubchem:AID37636:SID103202323;pubchem:AID38852:SID103202323;pubchem:AID39018:SID103202323;pubchem:AID39752:SID103202323;pubchem:AID39754:SID103202323;pubchem:AID39756:SID103202323;chembl:CHEMBL869865:CHEMBL435360:row889;pubchem:AID271475:SID103202323,7.92009553233328,4.3448615651886175,1.0,0.0,6.1324785487609486,1,False,False,True
HSJQIQUIXIQNLN-XPGWFJOJSA-N,CC[C@@H](C)[C@H](S)C(=O)N[C@@H](Cc1cccc(OCc2ccccc2)c1)C(=O)O,chembl+pubchem,chembl,measured,chembl:CHEMBL928316:CHEMBL254495:row765;pubchem:AID314425:SID103560491,,6.1249387366083,,1.0,6.1249387366083,1,False,False,False
KYLMCMYDQDSVTM-UHFFFAOYSA-N,CC(=O)SCC(C)C(=O)N(CC(=O)O)c1cccc(C)c1,manual,manual,measured,manual:SD_288:1126,6.1249387366083,,1.0,,6.1249387366083,1,False,False,False
OSWOLDPQZJTLPW-UHFFFAOYSA-N,CC(=O)SCC(C)C(=O)N(CCc1cccs1)CC(=O)O,manual,manual,measured,manual:SD_277:1115,6.1249387366083,,1.0,,6.1249387366083,1,False,False,False
LYUKXFZORMISHI-NSHDSACASA-N,O=C(CS)N[C@@H](Cc1c[nH]c2ccccc12)C(=O)O,chembl+manual+pubchem,chembl,measured,chembl:CHEMBL648337:CHEMBL312120:row236;manual:50991997:273;pubchem:AID39018:SID103280622,6.119998611678231,,1.0,,6.119998611678231,1,False,False,False
KWBQBHZSTYVPSB-BPAFIMBUSA-N,CC[C@@H](C)[C@H](S)C(=O)N[C@@H](Cc1ccccc1OCc1ccccc1)C(=O)O,chembl+pubchem,chembl,measured,chembl:CHEMBL928316:CHEMBL254493:row1238;pubchem:AID314425:SID103560487,,6.113509274827518,,1.0,6.113509274827518,1,False,False,False
POOHUDYDBYYUQO-UHFFFAOYSA-N,CC(=O)SCC(C)C(=O)Nc1ccccc1,chembl+manual+pubchem,chembl,measured,chembl:CHEMBL648691:CHEMBL322069:row292;chembl:CHEMBL652025:CHEMBL322069:row869;manual:50813319:204;manual:50813334:325;pubchem:AID39625:SID103336523;pubchem:AID39769:SID103336523,6.110924374808178,,1.0,,6.110924374808178,1,False,False,False
UGGHNDGDVCUWQX-WDSKDSINSA-N,C[C@H](NP(=O)(O)O)C(=O)N1CCC[C@H]1C(=O)O,chembl+manual+pubchem,chembl,measured,chembl:CHEMBL648337:CHEMBL78443:row1179;manual:50991966:274;pubchem:AID39018:SID103280914,6.109998386815364,,1.0,,6.109998386815364,1,False,False,False
ISTKWBSLHGAZTL-UHFFFAOYSA-N,CCC(C)C(CC(S)Cc1ccccc1)C(=O)NC(Cc1ccc(O)cc1)C(=O)O,chembl+manual+pubchem,chembl,measured,chembl:CHEMBL646968:CHEMBL55583:row480;manual:50768424:275;pubchem:AID39612:SID103241581,6.096910013008056,,1.0,,6.096910013008056,1,False,False,False
AGHTYLMQJBOVQI-UHFFFAOYSA-N,O=C(CC(S)C(F)(F)F)NC(Cc1ccccc1)C(=O)O,chembl+manual+pubchem,chembl,measured,chembl:CHEMBL1060018:CHEMBL560685:row1149;manual:50885083:276;pubchem:AID433785:SID103681973,6.080921907623926,,1.0,,6.080921907623926,1,False,False,False
KVETWRVBONCQHK-VDTYLAMSSA-N,C[C@H](CS)C(=O)N1CCS[C@H]1C(=O)O,chembl+pubchem,chembl,measured,chembl:CHEMBL5229289:CHEMBL5272875:row820;pubchem:AID1926205:SID494399693,6.0800019690359814,,1.0,,6.0800019690359814,1,False,False,False
DQYQHPUASSQDSB-VXKWHMMOSA-N,O=C(O)[C@H](Cc1ccc(-c2ccccc2)cc1)NC(=O)[C@@H](S)CC1CCCCC1,chembl+pubchem,chembl,measured,chembl:CHEMBL933039:CHEMBL271224:row724;pubchem:AID317219:SID103574475,,6.075720713938118,,1.0,6.075720713938118,1,False,False,False
JIAFOCJABIEPNM-BYPYZUCNSA-N,C[C@H](NC(=O)CCS)C(=O)O,chembl+manual+pubchem,chembl,measured,chembl:CHEMBL648337:CHEMBL78440:row982;manual:50991995:277;pubchem:AID39018:SID103280167,6.069998998990925,,1.0,,6.069998998990925,1,False,False,False
HQZJWSMNDGZOHU-UHFFFAOYSA-N,O=C(O)CN1CCCC(NC(CCc2ccccc2)C(=O)O)C1=O,chembl+manual+pubchem,chembl,measured,chembl:CHEMBL644703:CHEMBL314706:row478;chembl:CHEMBL644704:CHEMBL314706:row1050;manual:50030078:317;manual:50030080:236;pubchem:AID38862:SID103295036;pubchem:AID38863:SID103295036,6.068041311521069,,1.0,,6.068041311521069,1,False,False,False
CULZBNYMCVLGBF-UHFFFAOYSA-N,CSCCCN(CC(=O)O)C(=O)C(C)CSC(C)=O,manual,manual,measured,manual:SD_271:1109,6.045757490560675,,1.0,,6.045757490560675,1,False,False,False
JXNGDSIPMBNTNL-HJOGWXRNSA-N,NCCCC[C@H](N[C@@H](CCc1ccccc1)C(=O)O)C(=O)N[C@@H](Cc1c[nH]c2ccccc12)C(=O)O,chembl+manual+pubchem,chembl,measured,chembl:CHEMBL6119899:CHEMBL212710:row1514;chembl:CHEMBL6119900:CHEMBL212710:row1578;manual:51644109:360;manual:51644115:111;pubchem:AID2246723:SID103497263;pubchem:AID2246724:SID103497263;chembl:CHEMBL5042029:CHEMBL212710:row114;chembl:CHEMBL5042030:CHEMBL212710:row1506;chembl:CHEMBL866171:CHEMBL212710:row485;pubchem:AID1819416:SID103497263;pubchem:AID1819417:SID103497263;pubchem:AID271448:SID103497263,6.302774159586892,5.769551078621726,1.0,0.0,6.036162619104308,1,False,False,True
UHSLUGVLSJUOHH-CWVNLOTRSA-N,CC[C@@H](C)[C@H](S)C(=O)N[C@@H](Cc1ccc(OCc2ccc(F)cc2F)cc1)C(=O)O,chembl+pubchem,chembl,measured,chembl:CHEMBL928316:CHEMBL398771:row708;pubchem:AID314425:SID103560500,,6.022276394711152,,1.0,6.022276394711152,1,False,False,False
WPGNBXOKKGNCRD-GFOWMXPYSA-N,O=C(NC(Cc1ccccc1)C(=O)CNCC(=O)N1CCC[C@@H]1C(=O)O)c1ccccc1,manual+pubchem,pubchem,measured,manual:50041098:279;manual:CHEMBL360536:846;pubchem:AID39756:SID103436918,6.017728766960431,,1.0,,6.017728766960431,1,False,False,False
ATVSTHAKNHXDKP-PMACEKPBSA-N,CC(C)C[C@H](NCP(=O)(O)O)C(=O)N[C@@H](Cc1ccc(-c2ccccc2)cc1)C(=O)O,chembl+pubchem,chembl,"limit, inactive",chembl:CHEMBL876577:CHEMBL92676:row643;pubchem:AID38458:SID103302623,6.0,,0.0,,6.0,0,False,False,False
FUXIPODKBLQFAK-JOCHJYFZSA-N,O=C(Nc1ccc(S(=O)(=O)N[C@H](Cc2c[nH]c3ccccc23)C(=O)O)cc1)c1ccc(Br)cc1,chembl+pubchem,chembl,"limit, inactive",chembl:CHEMBL644702:CHEMBL155874:row60;pubchem:AID38861:SID103408486,6.0,,0.0,,6.0,0,False,False,False
XFGVZQGVPSMUPV-RBUKOAKNSA-N,CC(C)(C)[C@H](NCP(=O)(O)O)C(=O)N[C@@H](Cc1ccc(-c2ccccc2)cc1)C(=O)O,chembl+pubchem,chembl,"limit, inactive",chembl:CHEMBL876577:CHEMBL93206:row278;pubchem:AID38458:SID103302946,6.0,,0.0,,6.0,0,False,False,False
RZCHYBYQQJXXGU-CCKFTAQKSA-N,CC[C@@H](C)[C@H](S)C(=O)N[C@@H](Cc1cccc(-c2ccccc2)c1)C(=O)O,chembl+pubchem,chembl,measured,chembl:CHEMBL928316:CHEMBL401397:row1239;pubchem:AID314425:SID103560482,,6.0,,1.0,6.0,1,False,False,False
HTFIACKHINSWKI-GOTSBHOMSA-N,O=C(O)[C@H](Cc1ccc(-c2ccccc2)cc1)NC(=O)[C@H](Cc1ccc(O)cc1)NCP(=O)(O)O,chembl+pubchem,chembl,"limit, inactive",chembl:CHEMBL876577:CHEMBL420253:row934;pubchem:AID38458:SID103301659,6.0,,0.0,,6.0,0,False,False,False
KNLFTWXLSQFHIO-KIYNQFGBSA-N,CC(C)(S)C(=O)NC1CCc2cccc3c2N(C1=O)[C@H](C(=O)O)C3,manual+pubchem,pubchem,"limit, inactive",manual:CHEMBL93816:856;pubchem:AID38877:SID103311574,6.0,,0.0,,6.0,0,False,False,False
ISNHZTGWQYYHNX-LJQANCHMSA-N,Cc1ccc(-c2ccc(S(=O)(=O)N[C@H](Cc3c[nH]c4ccccc34)C(=O)O)s2)cc1,chembl+pubchem,chembl,"limit, inactive",chembl:CHEMBL644702:CHEMBL345200:row0;pubchem:AID38861:SID103408825,6.0,,0.0,,6.0,0,False,False,False
CTGTUEAFFDISNJ-QGZVFWFLSA-N,CSc1ccc(-n2nnc(-c3ccc(S(=O)(=O)N[C@@H](C(=O)O)C(C)C)cc3)n2)cc1,chembl+pubchem,chembl,"limit, inactive",chembl:CHEMBL644702:CHEMBL160153:row99;pubchem:AID38861:SID103409037,6.0,,0.0,,6.0,0,False,False,False
JDHBSANRAFEDMI-QGZVFWFLSA-N,CSc1ccc(-c2ccc(S(=O)(=O)N[C@@H](C(=O)O)C(C)C)cc2)cc1,chembl+pubchem,chembl,"limit, inactive",chembl:CHEMBL644702:CHEMBL440921:row1164;pubchem:AID38861:SID103409183,6.0,,0.0,,6.0,0,False,False,False
XGYXZZNEBKNVOA-ORYQWCPZSA-N,CCOC(=O)[C@H](CCc1ccccc1)N[C@@H](C)C(=O)N1Cc2ccccc2[C@@H]1C(=O)O,chembl+pubchem,chembl,"limit, inactive",chembl:CHEMBL648350:CHEMBL2115076:row878;pubchem:AID39758:SID163333499,6.0,,0.0,,6.0,0,False,False,False
GISOOERDEXSUJU-VXKWHMMOSA-N,O=C(O)[C@H](Cc1ccc(-c2ccccc2)cc1)NC(=O)[C@H](Cc1ccccc1O)NCP(=O)(O)O,chembl+pubchem,chembl,"limit, inactive",chembl:CHEMBL876577:CHEMBL329136:row409;pubchem:AID38458:SID103301683,6.0,,0.0,,6.0,0,False,False,False
PLBVLVOORHYKJM-VXKWHMMOSA-N,O=C(O)[C@H](Cc1ccc(-c2ccccc2)cc1)NC(=O)[C@@H](NCP(=O)(O)O)C1CCCCC1,chembl+pubchem,chembl,"limit, inactive",chembl:CHEMBL876577:CHEMBL92638:row983;pubchem:AID38458:SID103302949,6.0,,0.0,,6.0,0,False,False,False
HGYGLTSWQBVWFB-ZVAWYAOSSA-N,O=C(O)[C@@H]1Cc2cccc3c2N1C(=O)C(NC(=O)C1(S)Cc2ccccc2C1)CC3,manual+pubchem,pubchem,"limit, inactive",manual:CHEMBL316595:851;pubchem:AID38877:SID103311839,6.0,,0.0,,6.0,0,False,False,False
IKNOVKGMOHXNDO-IBGZPJMESA-N,O=C(O)[C@H](Cc1ccc(-c2ccccc2)cc1)NC(=O)C1(NCP(=O)(O)O)CCCC1,chembl+pubchem,chembl,"limit, inactive",chembl:CHEMBL876577:CHEMBL329666:row759;pubchem:AID38458:SID103302996,6.0,,0.0,,6.0,0,False,False,False
YWCLDDLVLSQGSZ-JOCHJYFZSA-N,Cc1ccc(C#Cc2ccc(S(=O)(=O)N[C@H](Cc3c[nH]c4ccccc34)C(=O)O)s2)cc1,chembl+pubchem,chembl,"limit, inactive",chembl:CHEMBL644702:CHEMBL297792:row1;pubchem:AID38861:SID103231075,6.0,,0.0,,6.0,0,False,False,False
DIAKVMVEHAUODE-GJZGRUSLSA-N,COC(=O)[C@H](CC(C)C)N[C@H]1CCc2ccccc2N(CC(=O)O)C1=O,chembl+manual+pubchem,chembl,measured,chembl:CHEMBL644701:CHEMBL290328:row1491;manual:50745426:296;pubchem:AID38860:SID103220265,6.0,,1.0,,6.0,1,False,False,False
MEAOSULJCSUBOP-QKDODKLFSA-N,CC(C)[C@H](NCP(=O)(O)O)C(=O)N[C@@H](Cc1ccc(-c2ccccc2)cc1)C(=O)N[C@@H](Cc1ccc(O)cc1)C(=O)O,chembl+pubchem,chembl,"limit, inactive",chembl:CHEMBL876577:CHEMBL329894:row596;pubchem:AID38458:SID103303105,6.0,,0.0,,6.0,0,False,False,False
NLABJQQLMHAJIL-JOCHJYFZSA-N,O=C(O)[C@@H](Cc1c[nH]c2ccccc12)NS(=O)(=O)c1ccc(-c2nnn(-c3ccccc3)n2)cc1,chembl+pubchem,chembl,"limit, inactive",chembl:CHEMBL644702:CHEMBL345597:row98;pubchem:AID38861:SID103408849,6.0,,0.0,,6.0,0,False,False,False
HKDDPXBAKXLRGJ-LDVJMBRRSA-N,CC(C)[C@H](NCP(=O)(O)O)C(=O)N[C@@H](Cc1ccc(-c2ccccc2)cc1)C(=O)N1C[C@H](O)C[C@H]1C(=O)O,chembl+pubchem,chembl,"limit, inactive",chembl:CHEMBL876577:CHEMBL329372:row125;pubchem:AID38458:SID103302435,6.0,,0.0,,6.0,0,False,False,False
LXMRJGDZPNJAFZ-PMACEKPBSA-N,O=C(O)[C@H](Cc1ccc(-c2ccccc2)cc1)NC(=O)[C@H](Cc1c[nH]cn1)NCP(=O)(O)O,chembl+pubchem,chembl,"limit, inactive",chembl:CHEMBL876577:CHEMBL315669:row913;pubchem:AID38458:SID103301202,6.0,,0.0,,6.0,0,False,False,False
KKZFIJSLXCDYKY-MRVPVSSYSA-N,N[C@@H](Cc1ccc(O)cc1)P(=O)(O)O,chembl+pubchem,chembl,"limit, inactive",chembl:CHEMBL3269463:CHEMBL3264357:row1039;pubchem:AID1137673:SID242637600,6.0,,0.0,,6.0,0,False,False,False
YQRNEFFCJKUMIN-UHFFFAOYSA-N,O=C(O)CN1CCCC(CS)C1=O,chembl+manual+pubchem,chembl,measured,chembl:CHEMBL648347:CHEMBL11707:row126;manual:50598805:291;pubchem:AID39755:SID103172419,6.0,,1.0,,6.0,1,False,False,False
DYMMAGGCPNJADM-UHFFFAOYSA-N,O=C(CC(S)C(F)(F)C(F)(F)F)NC(Cc1ccccc1)C(=O)O,chembl+manual+pubchem,chembl,measured,chembl:CHEMBL1060018:CHEMBL558146:row760;manual:50885095:301;pubchem:AID433785:SID103694272,5.995678626217358,,0.0,,5.995678626217358,0,False,False,False
ZOUTYVWHWSUKPL-NCWAPJAISA-N,CC(CS)C(=O)N[C@@H](Cc1c[nH]c2ccccc12)C(=O)O,chembl+manual+pubchem,chembl,measured,chembl:CHEMBL648337:CHEMBL78489:row1414;chembl:CHEMBL648337:CHEMBL78489:row441;manual:50060381:832;manual:50671584:831;pubchem:AID39018:SID103280368;pubchem:AID39018:SID103280368,5.970023093259531,,0.0,,5.970023093259531,0,False,False,True
BVTSBOHKQXLEPE-CCKFTAQKSA-N,CC[C@@H](C)[C@H](S)C(=O)N[C@@H](Cc1cccc(Oc2ccccc2)c1)C(=O)O,chembl+pubchem,chembl,measured,chembl:CHEMBL928316:CHEMBL252003:row285;pubchem:AID314425:SID103560485,,5.958607314841775,,0.0,5.958607314841775,0,False,False,False
UWWDHYUMIORJTA-WTOYTKOKSA-N,CCOC(=O)[C@@H](CCc1ccccc1)N[C@@H](C)C(=O)N1Cc2cc(OC)c(OC)cc2C[C@H]1C(=O)O,chembl+manual+pubchem,chembl,measured,chembl:CHEMBL648350:CHEMBL2115075:row79;manual:50030014:302;pubchem:AID39758:SID163336898,5.958607314841775,,0.0,,5.958607314841775,0,False,False,False
GTCDDBZIEKAAGW-ONGXEEELSA-N,CCCCc1nc(Cl)c(C(=O)N[C@H](C(=O)O)[C@@H](C)CC)n1C,manual,manual,measured,manual:SD_010:992,5.950781977329818,,0.0,,5.950781977329818,0,False,False,False
PNJGXGZUEYIKJG-IKXRKXCTSA-N,O=C(NC(Cc1ccccc1)/C(CCC(=O)N1CCC[C@H]1C(=O)O)=N/O)c1ccccc1,chembl+pubchem,chembl,measured,chembl:CHEMBL648346:CHEMBL366727:row314;pubchem:AID39754:SID103435777,5.920818753952375,,0.0,,5.920818753952375,0,False,False,False
MHXJEKVJUXLGCM-NRFANRHFSA-N,O=C(NC(Cc1ccccc1)=C(CCC(=O)N1CCC[C@H]1C(=O)O)NO)c1ccccc1,manual,manual,measured,manual:50599126:304,5.920818753952375,,0.0,,5.920818753952375,0,False,False,False
LCNWKJSQAZGQOZ-UHFFFAOYSA-N,CC(C)C(NC(=O)C(Cc1ccccc1)C(C)S)C(=O)NC(Cc1ccc(O)cc1)C(=O)O,chembl+manual+pubchem,chembl,measured,chembl:CHEMBL648692:CHEMBL176960:row533;manual:50074884:309;pubchem:AID39770:SID103434239,5.886056647693163,,0.0,,5.886056647693163,0,False,False,False
LLFFWZDDRVOVRS-LRGNLBRXSA-N,C[C@H](N[C@@H](C(=O)O)[C@H](Cc1ccccc1)NC(=O)c1ccccc1)C(=O)N1CCC[C@H]1C(=O)O,chembl+pubchem,chembl,measured,chembl:CHEMBL645287:CHEMBL2111942:row120;pubchem:AID38852:SID163312500,5.853871964321762,,0.0,,5.853871964321762,0,False,False,False
QMMRHASQEVCJGR-UBHSHLNASA-N,C[C@H](NC(=O)[C@@H](N)Cc1ccccc1)C(=O)N1CCC[C@H]1C(=O)O,chembl+pubchem,chembl,measured,chembl:CHEMBL644576:CHEMBL28361:row1339;chembl:CHEMBL645287:CHEMBL28361:row401;pubchem:AID37635:SID103201712;pubchem:AID38852:SID103201712,5.853871964321762,,0.0,,5.853871964321762,0,False,False,False
OAHMAZGALQNGGJ-ONGXEEELSA-N,C[C@H](N)C(=O)N1C(=O)N(Cc2ccccc2)C[C@H]1C(=O)O,chembl+manual+pubchem,chembl,measured,chembl:CHEMBL644734:CHEMBL421581:row1168;manual:50752403:311;pubchem:AID37638:SID103317020,5.823908740944319,,0.0,,5.823908740944319,0,False,False,False
FAPDIFQKAUWYTG-ZETCQYMHSA-N,CC(C)[C@H](NC(=O)CCS)C(=O)O,chembl+manual+pubchem,chembl,measured,chembl:CHEMBL648337:CHEMBL78812:row938;manual:50991968:313;pubchem:AID39018:SID103280874,5.800000874803203,,0.0,,5.800000874803203,0,False,False,False
IWXNKCVTYVGGPQ-CPRJBALCSA-N,Cc1ccccc1C(=O)NC(Cc1ccccc1)C(=O)CCC(=O)N1CCC[C@H]1C(=O)OCc1ccccc1,chembl+manual+pubchem,chembl,measured,chembl:CHEMBL648346:CHEMBL176729:row575;manual:50599130:316;pubchem:AID39754:SID103435121,5.795880017344075,,0.0,,5.795880017344075,0,False,False,False
KMJFJBMSSCZXHP-UHFFFAOYSA-N,O=C(NC(Cc1ccccc1)C(=O)CCC(=O)N1CCCC1C(=O)NO)c1ccccc1,chembl+pubchem,chembl,measured,chembl:CHEMBL644578:CHEMBL274553:row891;pubchem:AID37637:SID103170727,5.795880017344075,,0.0,,5.795880017344075,0,False,False,False
UOYLYUUXHAMKKO-UHFFFAOYSA-N,O=C(O)C(Cc1ccc(O)cc1)NC(=O)C(Cc1ccccc1)C(S)CCc1ccccc1,chembl+manual+pubchem,chembl,measured,chembl:CHEMBL646967:CHEMBL175110:row340;manual:50074897:315;pubchem:AID39611:SID103434347,5.795880017344075,,0.0,,5.795880017344075,0,False,False,False
LZDNBBYBDGBADK-KBPBESRZSA-N,CC(C)[C@H](N)C(=O)N[C@@H](Cc1c[nH]c2ccccc12)C(=O)O,chembl+manual+pubchem,chembl,measured,chembl:CHEMBL644708:CHEMBL91777:row489;chembl:CHEMBL644734:CHEMBL91777:row170;chembl:CHEMBL858254:CHEMBL91777:row76;manual:50059532:318;manual:50623446:314;manual:50993146:312;pubchem:AID37638:SID103301949;pubchem:AID38868:SID103301949;pubchem:AID38876:SID103301949,5.795880017344075,,0.0,,5.795880017344075,0,False,False,False
ITDNBONJRSUFBI-DPVFXHEMSA-N,CC(C)c1ccc(C(SC[C@H](NC(=O)[C@H](C)CS)C(=O)O)c2ccccc2)cc1,chembl+manual+pubchem,chembl,measured,chembl:CHEMBL1013488:CHEMBL516325:row31;manual:50441758:319;pubchem:AID396487:SID103629953,5.769551078621726,,0.0,,5.769551078621726,0,False,False,False
RBSIIEZEHKNSIW-CWVNLOTRSA-N,CC[C@@H](C)[C@H](S)C(=O)N[C@@H](Cc1ccc(OCc2ccc(F)c(F)c2)cc1)C(=O)O,chembl+pubchem,chembl,measured,chembl:CHEMBL928316:CHEMBL251808:row808;pubchem:AID314425:SID103560503,,5.7447274948966935,,0.0,5.7447274948966935,0,False,False,False
ASOTUXAPLNMLBP-DQYPLSBCSA-N,CC[C@@H](C)[C@H](S)C(=O)N[C@@H](Cc1cccc2ccccc12)C(=O)O,chembl+pubchem,chembl,measured,chembl:CHEMBL928316:CHEMBL400527:row466;pubchem:AID314425:SID103560476,,5.7447274948966935,,0.0,5.7447274948966935,0,False,False,False
ARBBMPDGVLNWHA-UHFFFAOYSA-N,O=C(O)C1c2ccccc2CCN1C(=O)CCS,chembl+manual+pubchem,chembl,measured,chembl:CHEMBL5258025:CHEMBL23351:row993;manual:51527200:321;pubchem:AID1954024:SID103191386,5.7447274948966935,,0.0,,5.7447274948966935,0,False,False,False
HYIXVZHJZDSDBA-LURJTMIESA-N,O=C(O)[C@@H]1CCCN1C(=O)CCS,chembl+manual+pubchem,chembl,measured,chembl:CHEMBL648337:CHEMBL10962:row239;chembl:CHEMBL648337:CHEMBL10962:row736;manual:50060383:177;manual:50060387:174;pubchem:AID38850:SID103170762;pubchem:AID39018:SID103170762;pubchem:AID39018:SID103170762,5.73499585428485,,0.0,,5.73499585428485,0,False,False,True
JJGOAVUFOUNTLF-UHFFFAOYSA-N,CC(=O)SCC(C)C(=O)N(CCC1CCCO1)CC(=O)O,manual,manual,measured,manual:SD_273:1111,5.721246399047171,,0.0,,5.721246399047171,0,False,False,False
YTGJWQPHMWSCST-UHFFFAOYSA-N,CC(S)C(=O)NCC(=O)O,manual,manual,measured,manual:SD_307:1145,5.721246399047171,,0.0,,5.721246399047171,0,False,False,False
GHAAEYINJLFABM-DQEYMECFSA-N,O=C(O)[C@H](Cc1ccc2ccccc2c1)NC(=O)N(CCN1C(=O)c2cccc3cccc(c23)C1=O)C[C@H](O)C(=O)O,chembl+manual+pubchem,chembl,measured,chembl:CHEMBL930672:CHEMBL271718:row1133;manual:50859985:323;pubchem:AID320030:SID103573660,5.703334809738469,,0.0,,5.703334809738469,0,False,False,False
BVRPESWOSNFUCJ-LKTVYLICSA-N,CC[C@H](C)[C@H](N)C(=O)N[C@@H](Cc1c[nH]c2ccccc12)C(=O)O,chembl+manual+pubchem,chembl,measured,chembl:CHEMBL858254:CHEMBL56923:row555;manual:50993167:324;pubchem:AID38876:SID103241864,5.700000503883016,,0.0,,5.700000503883016,0,False,False,False
VLZZWEPWFKXZDG-DFJPGDIZSA-N,CCOC(=O)C(CCc1ccccc1)SC(C)C(=O)N1CC2CCCCC2[C@H]1C(=O)O,manual,manual,measured,manual:SD_202:1040,5.698970004336019,,0.0,,5.698970004336019,0,False,False,False
QLVPIBHXPCSQDU-IIDKFEAHSA-N,CCOC(=O)C(CCc1ccccc1)SC(C)C(=O)N1C2CCCCC2C[C@H]1C(=O)O,chembl+manual+pubchem,chembl,measured,chembl:CHEMBL648701:CHEMBL1907760:row304;manual:50746467:326;pubchem:AID39750:SID136936133,5.698970004336019,,0.0,,5.698970004336019,0,False,False,False
CATXUJUJHBQVDD-PWZKMPOXSA-N,C[C@H](NC(=O)[C@@H](N)CCCCN)C(=O)N[C@@H](CCCCN)C(=O)N[C@@H](Cc1c[nH]c2ccccc12)C(=O)O,chembl+manual+pubchem,chembl,measured,chembl:CHEMBL6179895:CHEMBL6192024:row1515;manual:51656020:328;pubchem:AID2273247:SID528348958,5.694648630553377,,0.0,,5.694648630553377,0,False,False,False
AFPQGXPNGGHYHA-ALERXTORSA-N,O=C(N[C@H]1CCS[C@H]2CCC[C@@H](C(=O)O)N2C1=O)[C@H](Cc1ccccc1)SS[C@@H](Cc1ccccc1)C(=O)N[C@H]1CCS[C@H]2CCC[C@@H](C(=O)O)N2C1=O,chembl+manual+pubchem,chembl,measured,chembl:CHEMBL4269905:CHEMBL4294217:row1128;chembl:CHEMBL4269906:CHEMBL4294217:row940;chembl:CHEMBL4269907:CHEMBL4294217:row204;chembl:CHEMBL4269908:CHEMBL4294217:row788;manual:51141977:330;manual:51141979:348;manual:51141983:329;manual:51141984:322;pubchem:AID1423283:SID404718482;pubchem:AID1423284:SID404718482;pubchem:AID1423285:SID404718482;pubchem:AID1423286:SID404718482,5.667679012221937,,0.0,,5.667679012221937,0,False,False,False
QIBQCWHSECQTRC-BRTNGCMZSA-N,CCCCCCCCC(N[C@@H](C)C(=O)N1C(=O)N(Cc2ccccc2)C[C@@]1(C)C(=O)O)C(=O)OCC,manual,manual,measured,manual:SD_189:1027,5.657577319177793,,0.0,,5.657577319177793,0,False,False,False
SATOCOXCQAYELA-BVSLBCMMSA-N,CCCCCCCC[C@H](N[C@@H](C)C(=O)N1C(=O)N(Cc2ccccc2)C[C@H]1C(=O)O)C(=O)OCC,chembl+manual+pubchem,chembl,measured,chembl:CHEMBL644735:CHEMBL328811:row436;manual:50752396:331;pubchem:AID37639:SID103316928,5.657577319177793,,0.0,,5.657577319177793,0,False,False,False
BGCYZMXAVKUSEX-UHFFFAOYSA-N,CCC(C)C1CC(Cc2ccccc2)SC1=O,chembl+manual+pubchem,chembl,measured,chembl:CHEMBL646968:CHEMBL55103:row1062;manual:50768441:333;pubchem:AID39612:SID103241119,5.638272163982407,,0.0,,5.638272163982407,0,False,False,False
WSGXUIQTEZDVHJ-GARJFASQSA-N,CC(C)C[C@H](N)C(=O)N[C@@H](C)C(=O)N1CCC[C@@H]1C(=O)O,chembl+manual+pubchem,chembl,measured,chembl:CHEMBL644708:CHEMBL340119:row698;manual:50059535:332;pubchem:AID38868:SID103363334,5.638272163982407,,0.0,,5.638272163982407,0,False,False,False
GORGSUGLHDAEQO-UHFFFAOYSA-N,O=C(O)CCC(=O)CCS,chembl+manual+pubchem,chembl,measured,chembl:CHEMBL648337:CHEMBL80729:row1312;manual:50991918:335;pubchem:AID39018:SID103281143,5.620000528471499,,0.0,,5.620000528471499,0,False,False,False
KWVWNDUVOWLFFV-BQBZGAKWSA-N,C[C@H](NCC(=O)O)C(=O)N1CCC[C@H]1C(=O)O,chembl+manual+pubchem,chembl,measured,chembl:CHEMBL648337:CHEMBL65423:row1182;manual:50991930:334;pubchem:AID39018:SID103257635,5.620000528471499,,0.0,,5.620000528471499,0,False,False,False
UERNDUXVRTZBPS-RDBSUJKOSA-N,CCCCCCCC[C@H](N[C@H](C)C(=O)N1C(=O)N(C)C[C@H]1C(=O)O)C(=O)O,chembl+manual+pubchem,chembl,measured,chembl:CHEMBL644735:CHEMBL100966:row1004;manual:50752393:340;pubchem:AID37639:SID103317060,5.619788758288394,,0.0,,5.619788758288394,0,False,False,False
KWVWNDUVOWLFFV-RQJHMYQMSA-N,C[C@@H](NCC(=O)O)C(=O)N1CCC[C@H]1C(=O)O,chembl+manual+pubchem,chembl,measured,chembl:CHEMBL648529:CHEMBL358439:row367;chembl:CHEMBL883277:CHEMBL358439:row348;manual:50764706:337;manual:50809159:336;pubchem:AID39616:SID103400013;pubchem:AID39622:SID103400013,5.619788758288394,,0.0,,5.619788758288394,0,False,False,False
JUKHDGIMURKPAP-UXPWSPDFSA-N,C[C@@H](N[C@@H](CCc1ccccc1)C(=O)O)C(=O)N1C(=O)N(Cc2ccccc2)C[C@H]1C(=O)O,chembl+manual+pubchem,chembl,measured,chembl:CHEMBL644735:CHEMBL100586:row205;manual:50752397:339;pubchem:AID37639:SID103316972,5.619788758288394,,0.0,,5.619788758288394,0,False,False,False
NAAWHTFUWQMDMG-UHFFFAOYSA-N,O=C(NC(Cc1ccc(O)cc1)C(=O)O)C(Cc1ccccc1)CC(S)Cc1ccccc1,chembl+manual+pubchem,chembl,measured,chembl:CHEMBL646968:CHEMBL301703:row537;manual:50768430:338;pubchem:AID39612:SID103241630,5.619788758288394,,0.0,,5.619788758288394,0,False,False,False
WVLQTFUZRYRSBE-HBMCJLEFSA-N,Cc1ccc([C@H]2CC[C@@H](C(=O)O)N2C(=O)CN[C@@H](CCc2ccccc2)C(=O)O)cc1,chembl+manual+pubchem,chembl,measured,chembl:CHEMBL6119899:CHEMBL5075686:row1572;chembl:CHEMBL6119900:CHEMBL5075686:row1590;manual:51644110:399;manual:51644116:381;pubchem:AID2246723:SID475979446;pubchem:AID2246724:SID475979446;chembl:CHEMBL5042029:CHEMBL5075686:row1204;chembl:CHEMBL5042030:CHEMBL5075686:row819;pubchem:AID1819416:SID475979446;pubchem:AID1819417:SID475979446,5.30453244644831,5.912534203235778,0.0,0.0,5.608533324842044,0,False,False,False
QCQZSPOSSIOOJT-VBFAWGIDSA-N,NCCCCC(NC(=O)OCc1ccccc1)C(=O)N[C@H](CCC(=O)N1c2ccccc2C[C@H]1C(=O)O)C(=O)O,chembl+manual+pubchem,chembl,measured,chembl:CHEMBL648337:CHEMBL310624:row955;manual:50991953:343;pubchem:AID39018:SID103280759,5.59999938302362,,0.0,,5.59999938302362,0,False,False,False
MYJYWAFMHQMLBI-UHFFFAOYSA-N,O=C(O)C1C=CCn2c(=O)n(CS)c(=O)n21,chembl+pubchem,chembl,measured,chembl:CHEMBL646945:CHEMBL322291:row176;pubchem:AID38849:SID103328663,5.59999938302362,,0.0,,5.59999938302362,0,False,False,False
UGWBRAYXRQCGOJ-BLAYRMRBSA-N,O=C(N[C@H](CCC(=O)N1CCC[C@H]1C(=O)O)C(=O)O)C1CCCN1C(=O)OCc1ccccc1,chembl+manual+pubchem,chembl,measured,chembl:CHEMBL648337:CHEMBL80503:row269;manual:50991890:342;pubchem:AID39018:SID103280360,5.59999938302362,,0.0,,5.59999938302362,0,False,False,False
ZXACSTLHQMJTKE-UHFFFAOYSA-N,Cc1ccc(N(CC(=O)O)C(=O)C(C)N)cc1,chembl+manual+pubchem,chembl,measured,chembl:CHEMBL648337:CHEMBL80240:row625;manual:50991994:344;pubchem:AID39018:SID103280981,5.589999287456538,,0.0,,5.589999287456538,0,False,False,False
BSXVKGXFKUIGTB-YUMQZZPRSA-N,C[C@H](NC(=O)CCS)C(=O)N1CCC[C@H]1C(=O)O,chembl+manual+pubchem,chembl,measured,chembl:CHEMBL648337:CHEMBL79016:row147;manual:50991955:345;pubchem:AID39018:SID103280823,5.589999287456538,,0.0,,5.589999287456538,0,False,False,False
SPKWKCKXVBTLTB-UAOJZALGSA-N,CC[C@@H](C)[C@H](S)C(=O)N[C@@H](Cc1ccc(OCc2ccc(C(F)(F)F)cc2)cc1)C(=O)O,chembl+pubchem,chembl,measured,chembl:CHEMBL928316:CHEMBL251809:row1237;pubchem:AID314425:SID103560504,,5.585026652029182,,0.0,5.585026652029182,0,False,False,False
CLYQVSLBVFEZBT-HOTGVXAUSA-N,CCCC[C@H](N[C@H]1CCc2ccccc2N(CC(=O)O)C1=O)C(=O)OCC,chembl+manual+pubchem,chembl,measured,chembl:CHEMBL644701:CHEMBL40709:row496;manual:50745427:346;pubchem:AID38860:SID103220292,5.585026652029182,,0.0,,5.585026652029182,0,False,False,False
LZDVGHOBYFYGHX-OALUTQOASA-N,CC(C)(C)C[C@H](S)C(=O)N[C@@H](Cc1ccc(-c2ccccc2)cc1)C(=O)O,chembl+pubchem,chembl,measured,chembl:CHEMBL933039:CHEMBL271223:row956;pubchem:AID317219:SID103574474,,5.568636235841013,,0.0,5.568636235841013,0,False,False,False
GKCBQPXKGNTQKX-VDGAXYAQSA-N,C[C@H](NC(=O)[C@H](Cc1ccccc1)NC(=O)c1ccccc1)C(=O)N1CCC[C@H]1C(=O)O,chembl+pubchem,chembl,measured,chembl:CHEMBL645287:CHEMBL2370854:row619;pubchem:AID38850:SID103362613;pubchem:AID38852:SID174505514,5.568636235841013,,0.0,,5.568636235841013,0,False,False,False
YEXFSKCFFQBJBR-UHFFFAOYSA-N,CC(C)CC(S)CC(=O)NC(Cc1ccccc1)C(=O)NC(Cc1ccc(O)cc1)C(=O)O,chembl+manual+pubchem,chembl,measured,chembl:CHEMBL1060018:CHEMBL367174:row1195;chembl:CHEMBL648692:CHEMBL367174:row672;manual:50074882:349;manual:50885081:347;pubchem:AID39770:SID103431058;pubchem:AID433785:SID103431058,5.552841968657781,,0.0,,5.552841968657781,0,False,False,False
UWKBMLKSEHDNOL-UHFFFAOYSA-N,CCC(C)C(CC(S)Cc1ccccc1)C(=O)N1CCCC1C(=O)O,chembl+manual+pubchem,chembl,measured,chembl:CHEMBL884037:CHEMBL55613:row563;manual:50768425:350;pubchem:AID39614:SID103241638,5.552841968657781,,0.0,,5.552841968657781,0,False,False,False
FSCGLKWYHHSLST-UHFFFAOYSA-N,O=C(O)CNC(=O)CCS,chembl+manual+pubchem,chembl,measured,chembl:CHEMBL648337:CHEMBL77677:row238;manual:50991894:351;pubchem:AID39018:SID103280168,5.550000451689026,,0.0,,5.550000451689026,0,False,False,False
JFGSPCGBBXYKKA-UHFFFAOYSA-N,CCOC(=O)C(CCc1ccccc1)SC(C)C(=O)N1CCCC1C(=O)O,chembl+manual+pubchem,chembl,measured,chembl:CHEMBL648701:CHEMBL25996:row1143;manual:50746461:353;pubchem:AID39750:SID103193335,5.5376020021010435,,0.0,,5.5376020021010435,0,False,False,False
QNFZZYTZOCVPOY-UHFFFAOYSA-N,CCC(C)C(CC(S)CCc1ccccc1)C(=O)NC(Cc1ccc(O)cc1)C(=O)O,chembl+manual+pubchem,chembl,measured,chembl:CHEMBL646968:CHEMBL54823:row676;manual:50768433:352;pubchem:AID39612:SID103241118,5.5376020021010435,,0.0,,5.5376020021010435,0,False,False,False
XDDZUOCRGMSFNO-BEFAXECRSA-N,C[C@H](CS)C(=O)N[C@@H](CSC(C)(C)c1ccc(C2CCCCC2)cc1)C(=O)O,chembl+manual+pubchem,chembl,measured,chembl:CHEMBL1013488:CHEMBL456045:row616;manual:50441761:354;pubchem:AID396487:SID103630022,5.522878745280337,,0.0,,5.522878745280337,0,False,False,False
XGCQKFFIRIFVIZ-UHFFFAOYSA-N,Cc1c(C#Cc2ccc(CN3CCC(CO)CC3)cc2)cc(C(F)F)c2cn(C(C(=O)Nc3nccs3)c3ncn4c3CCC43CC3)nc12,chembl+pubchem,chembl,"limit, inactive",chembl:CHEMBL5120439:CHEMBL5177023:row1508;pubchem:AID1865369:SID482058490,5.522878745280337,,0.0,,5.522878745280337,0,False,False,False
CBWPVSIFVARHJV-UHFFFAOYSA-N,CN(CC(=O)O)C(=O)CCS,chembl+manual+pubchem,chembl,measured,chembl:CHEMBL648337:CHEMBL78074:row582;manual:50991969:356;pubchem:AID39018:SID103280651,5.5200002474083645,,0.0,,5.5200002474083645,0,False,False,False
LWANWPZJHGQFSN-NXYGQSRBSA-N,CC(C)CC(NC(=O)c1ccccc1)[Si](O)(O)CC(C)C(=O)N1CCC[C@H]1C(=O)O,chembl+manual+pubchem,chembl,measured,chembl:CHEMBL6179068:CHEMBL95817:row1380;manual:51655707:357;pubchem:AID2272420:SID103311259,5.517126416391246,,0.0,,5.517126416391246,0,False,False,False
HUHPJCXENHMHHQ-ZOYAPWFGSA-N,CC(=O)C[C@@]1(O)C(=O)C2=C3O[C@H](C)C(C)(C)[C@]3(O)C(=O)c3c(C)cc(O)c(c32)C1=O,chembl+manual+pubchem,chembl,measured,chembl:CHEMBL5108704:CHEMBL5207978:row589;manual:51462812:361;pubchem:AID1853826:SID482085883,5.508638306165727,,0.0,,5.508638306165727,0,False,False,False
QCVGQLXYGHTMTR-XZOQPEGZSA-N,Cc1ccc(CSC[C@@H](NC(=O)[C@H](CS)Cc2ccc3ccccc3c2)C(=O)O)cc1,chembl+manual+pubchem,chembl,measured,chembl:CHEMBL648450:CHEMBL430431:row608;manual:50062008:358;pubchem:AID37784:SID103285452,5.508638306165727,,0.0,,5.508638306165727,0,False,False,False
ARCROKJASMENMS-UHFFFAOYSA-N,CC1(CS)C(=O)N2CCCC(C(=O)O)N2C1=O,chembl+manual+pubchem,chembl,measured,chembl:CHEMBL646945:CHEMBL105790:row352;manual:50995204:362;pubchem:AID38849:SID103328768,5.499999678657065,,0.0,,5.499999678657065,0,False,False,False
YIMJMPFFIWOIDL-WMQCIHAUSA-N,C[C@@H](CC(=O)[C@@H](Cc1ccccc1)NC(=O)c1ccccc1)C(=O)N1CCC[C@H]1C(=O)O,chembl+manual+pubchem,chembl,measured,chembl:CHEMBL2208710:CHEMBL328537:row499;manual:50977413:363;manual:CHEMBL328537:840;pubchem:AID39752:SID103310892;pubchem:AID711569:SID103310892,5.494850021680094,,0.0,,5.494850021680094,0,False,False,False
LNBUEXVUHUUIFS-UHFFFAOYSA-N,CCC(C)C(S)CC(C(=O)NC(Cc1ccc(O)cc1)C(=O)O)C(C)CC,chembl+manual+pubchem,chembl,measured,chembl:CHEMBL646968:CHEMBL53678:row910;manual:50768432:364;pubchem:AID39612:SID103241580,5.468521082957745,,0.0,,5.468521082957745,0,False,False,False
GQQVAGJSBUXNTK-INIZCTEOSA-N,CC(C)(S)C(=O)N[C@@H](Cc1ccc(-c2ccccc2)cc1)C(=O)O,chembl+pubchem,chembl,measured,chembl:CHEMBL933039:CHEMBL404044:row1421;pubchem:AID317219:SID103573867,,5.468521082957745,,0.0,5.468521082957745,0,False,False,False
JRTPYBYERPTFAH-UHFFFAOYSA-N,CCC(C)C(S)CC(Cc1ccccc1)C(=O)NC(Cc1ccc(O)cc1)C(N)=O,chembl+manual+pubchem,chembl,measured,chembl:CHEMBL884037:CHEMBL54796:row1163;manual:50768440:367;pubchem:AID39614:SID103241634,5.455931955649724,,0.0,,5.455931955649724,0,False,False,False
FZWRQARVDCPFGW-UHFFFAOYSA-N,O=C(O)CCNC(=O)C(Cc1ccccc1)CC(S)Cc1ccccc1,chembl+manual+pubchem,chembl,measured,chembl:CHEMBL646968:CHEMBL54477:row574;manual:50768416:366;pubchem:AID39612:SID103241631,5.455931955649724,,0.0,,5.455931955649724,0,False,False,False
PZZIXZZTBLTDAE-UHFFFAOYSA-N,CC(NC(=O)C(Cc1ccccc1)CC(S)c1ccccc1)C(=O)O,chembl+manual+pubchem,chembl,measured,chembl:CHEMBL884037:CHEMBL54942:row1382;manual:50768420:365;pubchem:AID39614:SID103241707,5.455931955649724,,0.0,,5.455931955649724,0,False,False,False
AZLPOPCIOIPEGT-UHFFFAOYSA-N,O=C(O)C1CCCN1C(=O)C(Cc1ccccc1)CC(S)Cc1ccccc1,chembl+manual+pubchem,chembl,measured,chembl:CHEMBL646968:CHEMBL54457:row1067;manual:50768405:368;pubchem:AID39612:SID103241495,5.443697499232712,,0.0,,5.443697499232712,0,False,False,False
XRKXJJYSKUIIEN-LLVKDONJSA-N,C[C@H](CSC(=O)C(C)(C)C)C(=O)N(CC(=O)O)C1CCCC1,manual,manual,measured,manual:SD_305:1143,5.443697499232712,,0.0,,5.443697499232712,0,False,False,False
VOMPFMYNBPYSRC-XSFKQQOJSA-N,CCCCC(SC[C@H](NC(=O)[C@H](C)CS)C(=O)O)c1ccc(C(C)C)cc1,chembl+manual+pubchem,chembl,measured,chembl:CHEMBL1013488:CHEMBL505067:row732;manual:50441757:369;pubchem:AID396487:SID103629952,5.443697499232712,,0.0,,5.443697499232712,0,False,False,False
VXCDQCASTSHRNW-UHFFFAOYSA-N,O=C(O)CN1CCC(CS)C1=O,chembl+manual+pubchem,chembl,measured,chembl:CHEMBL648347:CHEMBL11507:row1022;manual:50598803:370;pubchem:AID39755:SID103172518,5.431798275933005,,0.0,,5.431798275933005,0,False,False,False
XRKXJJYSKUIIEN-UHFFFAOYSA-N,CC(CSC(=O)C(C)(C)C)C(=O)N(CC(=O)O)C1CCCC1,manual,manual,measured,manual:SD_304:1142,5.431798275933005,,0.0,,5.431798275933005,0,False,False,False
MUFXDFWAJSPHIQ-XDTLVQLUSA-N,CC[C@H](C)[C@H](N)C(=O)N[C@@H](Cc1ccc(O)cc1)C(=O)O,chembl+manual+pubchem,chembl,measured,chembl:CHEMBL644708:CHEMBL91090:row566;chembl:CHEMBL858254:CHEMBL91090:row1134;manual:50059536:371;manual:50993188:372;pubchem:AID38868:SID103301843;pubchem:AID38876:SID103301843,5.430899271864529,,0.0,,5.430899271864529,0,False,False,False
WTOUTMLLIMSOGX-UHFFFAOYSA-N,CC(NC(=O)C(Cc1ccccc1)CC(S)Cc1ccccc1)C(=O)O,chembl+manual+pubchem,chembl,measured,chembl:CHEMBL646969:CHEMBL293794:row758;manual:50768410:373;pubchem:AID39613:SID103241914,5.42021640338319,,0.0,,5.42021640338319,0,False,False,False
KMDATCKYERUNCW-UHFFFAOYSA-N,CC(NC(=O)C(Cc1ccccc1)C(S)CCc1ccccc1)C(=O)O,chembl+manual+pubchem,chembl,measured,chembl:CHEMBL646967:CHEMBL54601:row1318;chembl:CHEMBL884037:CHEMBL54601:row1113;manual:50074883:380;manual:50768404:375;pubchem:AID39611:SID103241492;pubchem:AID39614:SID103241492,5.3979400086720375,,0.0,,5.3979400086720375,0,False,False,False
YBIZKEFULFLDEE-XRJCJLGXSA-N,CC(C)CC(S)[C@H](Cc1ccccc1)C(=O)N[C@@H](C)C(=O)O,chembl+manual+pubchem,chembl,measured,chembl:CHEMBL646967:CHEMBL173919:row399;manual:50074893:374;pubchem:AID39611:SID103432064,5.3979400086720375,,0.0,,5.3979400086720375,0,False,False,False
NYKJVSGWSCCDIA-UHFFFAOYSA-N,Oc1cc(O)c2c(c1)OC(c1ccc(O)c(O)c1)C(O)C2c1cc(O)cc2c1C(c1cc(O)cc3c1C(c1cc(O)cc4c1CC(c1ccc(O)c(O)c1)C(O)O4)C(c1ccc(O)c(O)c1)C(O)O3)C(c1ccc(O)c(O)c1)C(O)O2,manual,manual,measured,manual:PT_0357:1162,5.3979400086720375,,0.0,,5.3979400086720375,0,False,False,False
VDATWKAMPFJTGR-UHFFFAOYSA-N,CCC(C)C(CC(S)Cc1ccccc1)C(=O)O,chembl+manual+pubchem,chembl,measured,chembl:CHEMBL884037:CHEMBL53141:row1005;manual:50768421:376;pubchem:AID39614:SID103241426,5.3979400086720375,,0.0,,5.3979400086720375,0,False,False,False
SVLSVKUAIUBCEK-KDOFPFPSSA-N,C[C@H](CS)C(=O)N[C@@H](CSCc1ccc(C2CCCCC2)cc1)C(=O)O,chembl+manual+pubchem,chembl,measured,chembl:CHEMBL1013488:CHEMBL512941:row789;manual:50441742:379;pubchem:AID396487:SID103629774,5.3979400086720375,,0.0,,5.3979400086720375,0,False,False,False
SZYXPUAQRACFJD-GJZGRUSLSA-N,O=C1N[C@H](C(=O)O)CCCCCc2ccccc2C[C@H]1CS,chembl+manual+pubchem,chembl,measured,chembl:CHEMBL2208604:CHEMBL357311:row532;chembl:CHEMBL644707:CHEMBL357311:row952;manual:50093730:327;manual:50977372:405;pubchem:AID38866:SID103392249;pubchem:AID711508:SID103392249,5.3979400086720375,,0.0,,5.3979400086720375,0,False,False,False
IHTWVOPNLZPQFP-UHFFFAOYSA-N,CCC(C)C(S)CC(C(=O)NC(Cc1ccc(O)cc1)C(N)=O)C(C)CC,chembl+manual+pubchem,chembl,measured,chembl:CHEMBL646968:CHEMBL53621:row291;manual:50768403:377;pubchem:AID39612:SID103241578,5.3979400086720375,,0.0,,5.3979400086720375,0,False,False,False
KZAYYAIBZWKHEY-UAOJZALGSA-N,CC[C@@H](C)[C@H](S)C(=O)N[C@@H](Cc1ccc(OCc2ccc(F)cc2)cc1)C(=O)O,chembl+pubchem,chembl,measured,chembl:CHEMBL928316:CHEMBL254911:row12;pubchem:AID314425:SID103560498,,5.3979400086720375,,0.0,5.3979400086720375,0,False,False,False
BVDOPARIEDEZMW-SZMVWBNQSA-N,NCCC[C@H](NC(=O)[C@@H](N)Cc1c[nH]c2ccc(O)cc12)C(=O)N1CCC[C@H]1C(=O)O,chembl+manual+pubchem,chembl,measured,chembl:CHEMBL861823:CHEMBL381557:row1496;manual:50337724:378;pubchem:AID263524:SID103485128,5.3979400086720375,,0.0,,5.3979400086720375,0,False,False,False
QMMRHASQEVCJGR-FPMFFAJLSA-N,C[C@H](NC(=O)[C@@H](N)Cc1ccccc1)C(=O)N1CCC[C@@H]1C(=O)O,chembl+manual+pubchem,chembl,measured,chembl:CHEMBL644708:CHEMBL128399:row573;manual:50059533:382;pubchem:AID38868:SID103363306,5.376750709602099,,0.0,,5.376750709602099,0,False,False,False
GCAAQVSJZSXZDY-LGHGCNMCSA-N,CCC(C)C(S)CC(Cc1ccccc1)C(=O)N[C@@H](Cc1ccc(O)cc1)C(=O)O,chembl+manual+pubchem,chembl,measured,chembl:CHEMBL646968:CHEMBL55721:row289;manual:50768414:383;pubchem:AID39612:SID103241577,5.356547323513812,,0.0,,5.356547323513812,0,False,False,False
MRMCDOJCJDRNSO-UHFFFAOYSA-N,CC(C)C(C(=O)NC(Cc1ccc(O)cc1)C(=O)O)C(S)CCc1ccccc1,chembl+manual+pubchem,chembl,measured,chembl:CHEMBL646967:CHEMBL172787:row146;manual:50074889:384;pubchem:AID39611:SID103432170,5.346787486224656,,0.0,,5.346787486224656,0,False,False,False
KSGDJHIHNLVWIO-UHFFFAOYSA-N,C=CCN(CC(=O)O)C(=O)C(C)CSC(C)=O,manual,manual,measured,manual:SD_282:1120,5.346787486224656,,0.0,,5.346787486224656,0,False,False,False
JFSNTOSBEGBZFC-LBPRGKRZSA-N,O=C(CCS)N[C@@H](Cc1c[nH]c2ccccc12)C(=O)O,chembl+manual+pubchem,chembl,measured,chembl:CHEMBL648337:CHEMBL311064:row539;manual:50060385:385;pubchem:AID39018:SID103280121;pubchem:AID39018:SID103280121,5.3400001801593495,,0.0,,5.3400001801593495,0,False,False,False
WUFFJVWURZBZGV-CJNGLKHVSA-N,CCN(CC)c1ccc(CSC[C@H](NC(=O)[C@H](C)CS)C(=O)O)cc1,chembl+manual+pubchem,chembl,measured,chembl:CHEMBL1013488:CHEMBL457795:row1198;manual:50441747:386;pubchem:AID396487:SID103629837,5.337242168318426,,0.0,,5.337242168318426,0,False,False,False
LPXVVEDQPNJYOF-OGVSOVDVSA-N,CCOC(=O)C(CCc1ccccc1)SC(C)C(=O)N1CSC[C@@H]1C(=O)O,chembl+manual+pubchem,chembl,measured,chembl:CHEMBL648701:CHEMBL1907759:row536;manual:50746468:387;pubchem:AID39750:SID136932715,5.318758762624412,,0.0,,5.318758762624412,0,False,False,False
VCEONNJJOZVVIA-SFYZADRCSA-N,C[C@H](CCC(=O)O)C(=O)N1CCC[C@H]1C(=O)O,chembl+manual+pubchem,chembl,measured,chembl:CHEMBL648337:CHEMBL78780:row1280;chembl:CHEMBL883277:CHEMBL78780:row350;manual:50809152:389;manual:50991916:388;pubchem:AID39018:SID103281036;pubchem:AID39622:SID103281036,5.309901879901357,,0.0,,5.309901879901357,0,False,False,False
VCEONNJJOZVVIA-JAMMHHFISA-N,C[C@@H](CCC(=O)O)C(=O)N1CCCC1C(=O)O,chembl+manual+pubchem,chembl,measured,chembl:CHEMBL648529:CHEMBL62678:row152;manual:50764702:390;pubchem:AID39616:SID103255589,5.309803919971486,,0.0,,5.309803919971486,0,False,False,False
NJJGKDPBXMIWPF-LJHODMEESA-N,CC[C@@H](C)[C@H](S)C(=O)N[C@@H](Cc1ccccc1Oc1ccccc1)C(=O)O,chembl+pubchem,chembl,measured,chembl:CHEMBL928316:CHEMBL251804:row397;pubchem:AID314425:SID103560484,,5.301029995663981,,0.0,5.301029995663981,0,False,False,False
GLQLKLKRRUZFQD-BIHRQFPBSA-N,CC(C)C[C@H](NC(=O)[C@H](Cc1c[nH]c2ccccc12)NC(=O)[C@@H](N)CCCCN)C(=O)N1CCC[C@H]1C(=O)O,chembl+manual+pubchem,chembl,measured,chembl:CHEMBL6179936:CHEMBL6191332:row1487;manual:51656033:391;pubchem:AID2273288:SID528346599,5.301029995663981,,0.0,,5.301029995663981,0,False,False,False
YBIZKEFULFLDEE-AEGPPILISA-N,CC(C)C[C@@H](S)[C@H](Cc1ccccc1)C(=O)N[C@@H](C)C(=O)O,chembl+manual+pubchem,chembl,measured,chembl:CHEMBL646967:CHEMBL174237:row628;manual:50074905:392;pubchem:AID39611:SID103432273,5.301029995663981,,0.0,,5.301029995663981,0,False,False,False
FQYQMFCIJNWDQZ-CYDGBPFRSA-N,CC[C@H](C)[C@H](N)C(=O)N1CCC[C@H]1C(=O)N1CCC[C@H]1C(=O)O,chembl+manual+pubchem,chembl,measured,chembl:CHEMBL6179936:CHEMBL190994:row1488;manual:51656035:393;pubchem:AID2273288:SID103459170,5.301029995663981,,0.0,,5.301029995663981,0,False,False,False
ITHJRJBUTDRAMW-JYJNAYRXSA-N,CCCCCCCC[C@H](N[C@@H](C)C(=O)N1C(=O)N(C)C[C@H]1C(=O)O)C(=O)OCC,chembl+manual+pubchem,chembl,measured,chembl:CHEMBL644735:CHEMBL316865:row1191;manual:50752386:394;pubchem:AID37639:SID103316909,5.292429823902063,,0.0,,5.292429823902063,0,False,False,False
JEEMRADBDSPXHV-ONXXYLMWSA-N,CC(C)C[C@H](N)C(=O)N[C@@H](C)C(=O)N1CCC[C@H]1C(=O)N[C@@H](Cc1ccc(O)cc1)C(=O)N[C@@H](Cc1c[nH]c2ccccc12)C(=O)O,chembl+manual+pubchem,chembl,measured,chembl:CHEMBL6179901:CHEMBL6192435:row1478;manual:51656032:395;pubchem:AID2273253:SID528348636,5.266000713461613,,0.0,,5.266000713461613,0,False,False,False
UVEYYWXYZSRTAB-QMXSGTOZSA-N,CC(C)C[C@H](NC(=O)[C@H](Cc1c[nH]c2ccccc12)NC(=O)[C@H](CCCCN)NC(=O)[C@H](Cc1ccccc1)NC(=O)[C@@H]1CCCN1C(=O)[C@H](CC(N)=O)NC(=O)[C@@H](NC(=O)[C@@H](NC(=O)[C@@H](N)C(C)C)[C@@H](C)O)C(C)C)C(=O)N1CCC[C@H]1C(=O)O,chembl+manual+pubchem,chembl,measured,chembl:CHEMBL6179936:CHEMBL6189672:row1575;manual:51656036:396;pubchem:AID2273288:SID528347927,5.259637310505756,,0.0,,5.259637310505756,0,False,False,False
LGOIMTFCBAHRFN-ZFWWWQNUSA-N,C[C@H](NCCCc1ccccc1)C(=O)N1CCC[C@H]1C(=O)O,chembl+manual+pubchem,chembl,measured,chembl:CHEMBL648337:CHEMBL80147:row358;manual:50991992:397;pubchem:AID39018:SID103281223,5.2399999527072705,,0.0,,5.2399999527072705,0,False,False,False
WJSICLSVALYGEC-UHFFFAOYSA-N,C.CC(=O)SCCC(=O)N(CC(=O)O)C(C)C,manual,manual,measured,manual:SD_246:1084,5.229147988357856,,0.0,,5.229147988357856,0,False,False,False
RMMXLENWKUUMAY-UHFFFAOYSA-N,CCCc1nc2c(C)cc(-c3nc4ccccc4n3C)cc2n1Cc1ccc(-c2ccccc2C(=O)O)cc1,chembl+pubchem,chembl,measured,chembl:CHEMBL3088740:CHEMBL1017:row35;pubchem:AID1053270:SID103271997,,5.221848749616356,,0.0,5.221848749616356,0,False,False,False
SEWLVLMEAAFQQO-HUUCEWRRSA-N,O=C1N[C@@H](C(=O)O)Cc2ccccc2CCCCC[C@@H]1CS,chembl+manual+pubchem,chembl,measured,chembl:CHEMBL644707:CHEMBL148140:row424;manual:50093737:398;pubchem:AID38866:SID103392303,5.221848749616356,,0.0,,5.221848749616356,0,False,False,False
JSDRRTOADPPCHY-BULFRSBZSA-N,CCOC(=O)[C@H](CCc1ccccc1)N[C@@H](C)C(=O)N1Cc2ccccc2C[C@@H]1C(=O)O,chembl+manual+pubchem,chembl,measured,chembl:CHEMBL648350:CHEMBL2115288:row1511;manual:50030010:400;pubchem:AID39758:SID163326502,5.214670164989233,,0.0,,5.214670164989233,0,False,False,False
QXLWGPXGKOGWFM-UHFFFAOYSA-N,CCCCC(NC(=O)C(Cc1ccccc1)C(C)S)C(=O)NC(Cc1ccc(O)cc1)C(=O)O,chembl+manual+pubchem,chembl,measured,chembl:CHEMBL648692:CHEMBL174066:row953;manual:50074898:401;pubchem:AID39770:SID103430965,5.214670164989233,,0.0,,5.214670164989233,0,False,False,False
PYQVIKXUNJUEIP-NQCNTLBGSA-N,CCCCCCCCCC(=O)N[C@@H](Cc1ccccc1)C(=O)CCC(=O)N1CCCC1C(=O)O,manual+pubchem,pubchem,measured,manual:CHEMBL418571:834;pubchem:AID39752:SID103192965,5.187086643357144,,0.0,,5.187086643357144,0,False,False,False
FEPZYYAKCZZNAH-VGWMRTNUSA-N,C[C@H](NC(=O)[C@@H](N)CCCCN)C(=O)N[C@@H](CCCCN)C(=O)N1CCC[C@H]1C(=O)O,chembl+manual+pubchem,chembl,measured,chembl:CHEMBL6179895:CHEMBL6189833:row1612;manual:51656017:402;pubchem:AID2273247:SID528346683,5.140861702705469,,0.0,,5.140861702705469,0,False,False,False
XDFSSPLDOBRGPF-BBFIGBGXSA-N,CCOC(=O)C(CCc1ccccc1)N[C@@H](C)C(=O)N1C(=O)N(Cc2ccccc2)C[C@@]1(C)C(=O)O,manual,manual,measured,manual:SD_190:1028,5.102372908709558,,0.0,,5.102372908709558,0,False,False,False
YGPISQLKIFLHNT-NYVOZVTQSA-N,CCOC(=O)[C@H](CCc1ccccc1)N[C@@H](C)C(=O)N1C(=O)N(Cc2ccccc2)C[C@H]1C(=O)O,chembl+manual+pubchem,chembl,measured,chembl:CHEMBL644735:CHEMBL328847:row1032;manual:50752392:403;pubchem:AID37639:SID103316955,5.102372908709558,,0.0,,5.102372908709558,0,False,False,False
ODOSCUPDIXDNHR-BKLSDQPFSA-N,CC(S)C(=O)N[C@@H](CS)C(=O)O,chembl+pubchem,chembl,measured,chembl:CHEMBL648337:CHEMBL309914:row1347;pubchem:AID39018:SID103280043;pubchem:AID39018:SID103280043,5.100000128334196,,0.0,,5.100000128334196,0,False,False,False
SZYXPUAQRACFJD-CABCVRRESA-N,O=C1N[C@H](C(=O)O)CCCCCc2ccccc2C[C@@H]1CS,chembl+manual+pubchem,chembl,measured,chembl:CHEMBL644707:CHEMBL342091:row1349;manual:50093728:407;pubchem:AID38866:SID103392221,5.096910013008056,,0.0,,5.096910013008056,0,False,False,False
DOFAQXCYFQKSHT-SRVKXCTJSA-N,CC(C)[C@H](N)C(=O)N1CCC[C@H]1C(=O)N1CCC[C@H]1C(=O)O,chembl+manual+pubchem,chembl,measured,chembl:CHEMBL6179936:CHEMBL190414:row1399;manual:51656034:406;pubchem:AID2273288:SID103459071,5.096910013008056,,0.0,,5.096910013008056,0,False,False,False
GCAAQVSJZSXZDY-HTUXVTFRSA-N,CCC(C)C(S)CC(Cc1ccccc1)C(=O)N[C@H](Cc1ccc(O)cc1)C(=O)O,chembl+manual+pubchem,chembl,measured,chembl:CHEMBL646968:CHEMBL55520:row119;manual:50768436:404;pubchem:AID39612:SID103241868,5.096910013008056,,0.0,,5.096910013008056,0,False,False,False
RCGJPNJZYOWIBH-UHFFFAOYSA-N,Oc1cc(O)c2c(c1)OC(c1ccc(O)c(O)c1)C(O)C2c1cc(O)cc2c1C(c1cc(O)cc3c1C(c1cc(O)cc4c1C(c1cc(O)cc5c1C(c1cc(O)cc6c1CC(c1ccc(O)c(O)c1)C(O)O6)C(c1ccc(O)c(O)c1)C(O)O5)C(c1ccc(O)c(O)c1)C(O)O4)C(c1ccc(O)c(O)c1)C(O)O3)C(c1ccc(O)c(O)c1)C(O)O2,manual,manual,measured,manual:PT_0358:1163,5.096910013008056,,0.0,,5.096910013008056,0,False,False,False
FRYRZVPIOLRNTA-YFKPBYRVSA-N,O=C(O)[C@@H]1CCCN1C(=O)CP(=O)(O)O,chembl+manual+pubchem,chembl,measured,chembl:CHEMBL648337:CHEMBL263556:row412;manual:50991871:408;pubchem:AID39018:SID103280231,5.079999880484295,,0.0,,5.079999880484295,0,False,False,False
PMLLVYVSCDTJSN-ZSXSBBPPSA-N,CC(C)(C)OC(=O)[C@@H]1CCCN1C(=O)CCC(=O)C(Cc1ccc(OCc2ccccc2)cc1)NC(=O)c1ccccc1,chembl+manual+pubchem,chembl,measured,chembl:CHEMBL648346:CHEMBL369809:row700;manual:50599122:409;pubchem:AID39754:SID103435542,5.0655015487564325,,0.0,,5.0655015487564325,0,False,False,False
LILPTCHQLRKZNG-CKKRXTSSSA-N,Oc1ccc([C@@H]2Oc3ccc(/C=C/c4cc(O)cc(O)c4)cc3[C@H]2c2cc(O)cc(O)c2)cc1,chembl+manual+pubchem,chembl,measured,chembl:CHEMBL6120114:CHEMBL4209546:row1537;manual:51644460:410;pubchem:AID2246938:SID404676244,5.060480747381382,,0.0,,5.060480747381382,0,False,False,False
ZQIWHIVXBQEYTN-WDSOQIARSA-N,CC(=O)N[C@@H](CC(=O)O)C(=O)NC[C@H](CC1(C(=O)N[C@@H](Cc2ccc(O)cc2)C(=O)O)CCCC1)C(=O)O,chembl+pubchem,chembl,measured,chembl:CHEMBL4406513:CHEMBL4462603:row335;chembl:CHEMBL4406514:CHEMBL4462603:row1482;pubchem:AID1607324:SID440138547;pubchem:AID1607325:SID440138547,,5.052731207502127,,0.0,5.052731207502127,0,False,False,False
UVLMBMAKGAUBDU-OALUTQOASA-N,O=C(N[C@@H](Cc1ccccc1)C(=O)NCC(=O)N1CCC[C@H]1C(=O)O)c1ccccc1,chembl+manual+pubchem,chembl,measured,chembl:CHEMBL644576:CHEMBL32032:row1124;manual:50475002:412;manual:CHEMBL32032:864;pubchem:AID37635:SID103202321;pubchem:AID38459:SID103202321,5.026872146400302,,0.0,,5.026872146400302,0,False,False,False
KLZWOWYOHUKJIG-BPUTZDHNSA-N,CCOC(=O)[C@H](CCc1ccccc1)N[C@@H](C)C(=O)N1C(=O)N(C)C[C@H]1C(=O)O,chembl+manual+pubchem,chembl,measured,chembl:CHEMBL644734:CHEMBL317094:row1114;manual:50752401:413;pubchem:AID37638:SID103316990,5.00436480540245,,0.0,,5.00436480540245,0,False,False,False
ZTXADXBIGLLOFX-UHFFFAOYSA-N,ONC=Nc1ccc(N2CCOCC2)c(Cl)c1,bindingdb,bindingdb,"limit, inactive",bindingdb:188885:Ki,,5.0,,0.0,5.0,0,False,False,False
ZOFFBAOTPKMRBJ-SFTDATJTSA-N,O=C(O)[C@H](Cc1ccc(-c2ccccc2)cc1)NC(=O)[C@@H](S)c1ccccc1,chembl+pubchem,chembl,"limit, inactive",chembl:CHEMBL933039:CHEMBL437595:row757;pubchem:AID317219:SID103574476,,5.0,,0.0,5.0,0,False,False,False
BGXUYEFABCYDQT-UHFFFAOYSA-O,CC(=O)NC(Cc1cnc[nH]1)C(=O)N1CCC=C1[P+](O)(O)CC(Cc1cc(-c2ccccc2)no1)C(=O)O,pubchem,pubchem,"limit, inactive",pubchem:AID1798086:SID49700588,,5.0,,0.0,5.0,0,False,False,False
QIEUSINHLSOINW-FXHMIMKSSA-N,C[C@H](CS)C(=O)N[C@@H](CSC(c1ccccc1)c1ccc(C2CCCCC2)cc1)C(=O)O,chembl+pubchem,chembl,"limit, inactive",chembl:CHEMBL1013488:CHEMBL456044:row791;pubchem:AID396487:SID103630021,5.0,,0.0,,5.0,0,False,False,False
IPBPBZKYCUFDQW-UHFFFAOYSA-N,CCOC(=O)C(CCc1ccccc1)N(C)C(C)C(=O)N1Cc2ccccc2CC1C(=O)O,chembl+pubchem,chembl,"limit, inactive",chembl:CHEMBL648350:CHEMBL291552:row130;pubchem:AID39758:SID103248390,5.0,,0.0,,5.0,0,False,False,False
RIDPKPDSZKQZEK-UHFFFAOYSA-N,CC(C)CC(S)CC(=O)NC(Cc1ccccc1)C(=O)O,chembl+manual+pubchem,chembl,measured,chembl:CHEMBL1060018:CHEMBL173287:row1181;chembl:CHEMBL646967:CHEMBL173287:row69;manual:50074887:431;pubchem:AID39611:SID103431656;pubchem:AID433785:SID103431656,5.0,,0.0,,5.0,0,False,False,False
FRYKQEYHZSBOGF-UHFFFAOYSA-O,CC(=O)NC(CC(C)C)C(=O)N1CCC=C1[P+](O)(O)CC(Cc1cc(-c2ccccc2)no1)C(=O)O,pubchem,pubchem,"limit, inactive",pubchem:AID1798086:SID49700587,,5.0,,0.0,5.0,0,False,False,False
KSCNYKDWJTZFRI-CVEARBPZSA-N,O=C1N[C@H](C(=O)O)CCCCCCc2ccccc2C[C@@H]1CS,chembl+pubchem,chembl,"limit, inactive",chembl:CHEMBL644707:CHEMBL149841:row837;pubchem:AID38866:SID103392325,5.0,,0.0,,5.0,0,False,False,False
WUGMRIBZSVSJNP-UFBFGSQYSA-N,C[C@H](N)C(=O)N[C@@H](Cc1c[nH]c2ccccc12)C(=O)O,chembl+manual+pubchem,chembl,measured,chembl:CHEMBL858254:CHEMBL91792:row1099;manual:50993266:430;pubchem:AID38876:SID103301192,5.0,,0.0,,5.0,0,False,False,False
BSJZYWSFNCKCDR-VWLOTQADSA-N,CCOc1nc(CC)c(CNC(=O)[C@@H](S)CC(C)C)n1Cc1ccc(-c2ccccc2C(=O)O)cc1F,chembl+pubchem,chembl,"limit, inactive",chembl:CHEMBL4311874:CHEMBL4435800:row1126;pubchem:AID1515583:SID440111474,5.0,,0.0,,5.0,0,False,False,False
MCEAHFJYQBFRCJ-KBPBESRZSA-N,O=C1N[C@H](C(=O)O)CCCCc2ccccc2C[C@H]1CS,chembl+pubchem,chembl,"limit, inactive",chembl:CHEMBL644707:CHEMBL346424:row540;pubchem:AID38866:SID103392220,5.0,,0.0,,5.0,0,False,False,False
OSODFFPGABAETC-HOTGVXAUSA-N,NCCC[C@H](NC(=O)CCc1nc2ccccc2[nH]1)C(=O)N1CCC[C@H]1C(=O)O,chembl+manual+pubchem,chembl,measured,chembl:CHEMBL861823:CHEMBL204944:row569;manual:50337723:421;pubchem:AID263524:SID103484973,5.0,,0.0,,5.0,0,False,False,False
IKDDCVJPKZLOLC-UHFFFAOYSA-O,CC(=O)NC(CC(C)C)C(=O)N1CCC=C1[P+](O)(O)CC(Cc1ccccc1)C(=O)O,pubchem,pubchem,"limit, inactive",pubchem:AID1798086:SID49700578,,5.0,,0.0,5.0,0,False,False,False
UGWQYRFICLHSNX-WHFBIAKZSA-N,C[C@H](N)C(=O)N1C(=O)N(C)C[C@H]1C(=O)O,chembl+manual+pubchem,chembl,measured,chembl:CHEMBL644734:CHEMBL102044:row91;manual:50752385:414;pubchem:AID37638:SID103317019,5.0,,0.0,,5.0,0,False,False,False
SXPHVBIVFMQAKB-UHFFFAOYSA-O,CC(=O)NC(Cc1cnc[nH]1)C(=O)N1CCC=C1[P+](O)(O)CC(Cc1ccccc1)C(=O)O,pubchem,pubchem,"limit, inactive",pubchem:AID1798086:SID49700584,,5.0,,0.0,5.0,0,False,False,False
PGJBPWZKMUPWKT-FHWLQOOXSA-N,CN[C@@H](Cc1c[nH]c2ccccc12)C(=O)N[C@@H](CCCN)C(=O)N1CCC[C@H]1C(=O)O,chembl+manual+pubchem,chembl,measured,chembl:CHEMBL861823:CHEMBL378864:row544;manual:50337721:420;pubchem:AID263524:SID103485198,5.0,,0.0,,5.0,0,False,False,False
KSCNYKDWJTZFRI-HOTGVXAUSA-N,O=C1N[C@H](C(=O)O)CCCCCCc2ccccc2C[C@H]1CS,chembl+pubchem,chembl,"limit, inactive",chembl:CHEMBL644707:CHEMBL146573:row939;pubchem:AID38866:SID103391877,5.0,,0.0,,5.0,0,False,False,False
QAQRHURCJWHRJU-MNNMKWMVSA-N,O=C(O)C(CCc1ccccc1)N[C@@H](Cc1ccccc1)C(=O)NC[C@H](O)C(=O)O,chembl+pubchem,chembl,"limit, inactive",chembl:CHEMBL648689:CHEMBL113759:row128;pubchem:AID39767:SID103339020,5.0,,0.0,,5.0,0,False,False,False
MCEAHFJYQBFRCJ-KGLIPLIRSA-N,O=C1N[C@H](C(=O)O)CCCCc2ccccc2C[C@@H]1CS,chembl+pubchem,chembl,"limit, inactive",chembl:CHEMBL644707:CHEMBL150222:row34;pubchem:AID38866:SID103392247,5.0,,0.0,,5.0,0,False,False,False
NTCCRGGIJNDEAB-IRXDYDNUSA-N,CC(C)C[C@H](N[C@@H](Cc1cncn1Cc1cc(Cl)cc(Cl)c1)C(=O)O)C(=O)O,chembl+manual+pubchem,chembl,measured,chembl:CHEMBL5216075:CHEMBL429844:row446;manual:51505712:417;pubchem:AID1916553:SID103560567,5.0,,0.0,,5.0,0,False,False,False
YBIZKEFULFLDEE-QEJZJMRPSA-N,CC(C)C[C@H](S)[C@H](Cc1ccccc1)C(=O)N[C@@H](C)C(=O)O,chembl+manual+pubchem,chembl,measured,chembl:CHEMBL646967:CHEMBL2110258:row883;manual:50059498:415;pubchem:AID39611:SID160671763,5.0,,0.0,,5.0,0,False,False,False
JZYWSTGTBRHGTL-BIXXXADNSA-N,COC(=O)[C@@H]1CCCN1C(=O)[C@@H](Cc1ccccc1)N(C)C(=O)[C@H](C)NC(=O)[C@@H](NC(=O)C[C@H](O)[C@H](CC(C)C)NC(=O)[C@H](CC(N)=O)NC(=O)[C@H](CC(C)C)NC(=O)[C@H](OC(=O)[C@@H](OC(=O)[C@H](C(C)C)N(C)C)C(C)C)C(C)C)[C@@H](C)O,chembl+manual+pubchem,chembl,measured,chembl:CHEMBL1039225:CHEMBL567893:row796;manual:50905172:425;pubchem:AID448854:SID103704733,5.0,,0.0,,5.0,0,False,False,False
VJXGETICKRSWGC-IAGOWNOFSA-N,O=C1N[C@@H](C(=O)O)Cc2ccccc2CCCCCCC[C@@H]1CS,chembl+pubchem,chembl,"limit, inactive",chembl:CHEMBL644707:CHEMBL423574:row936;pubchem:AID38866:SID103391850,5.0,,0.0,,5.0,0,False,False,False
LTDDEGDJFGEMLS-CZUORRHYSA-N,CC(C)c1ccc(CSC(C)(C)[C@H](NC(=O)[C@H](C)CS)C(=O)O)cc1,chembl+pubchem,chembl,"limit, inactive",chembl:CHEMBL1013488:CHEMBL511339:row366;pubchem:AID396487:SID103629897,5.0,,0.0,,5.0,0,False,False,False
HZNHVGDPAISWIY-RQJHMYQMSA-N,C[C@H](CC(=O)O)C(=O)N1CCC[C@H]1C(=O)O,chembl+manual+pubchem,chembl,measured,chembl:CHEMBL648337:CHEMBL78805:row439;manual:50991883:434;pubchem:AID39018:SID103281037,4.989999996723885,,0.0,,4.989999996723885,0,False,False,False
FAKRSMQSSFJEIM-NKWVEPMBSA-N,C[C@@H](CS)C(=O)N1CCC[C@@H]1C(=O)O,chembl+manual+pubchem,chembl,measured,chembl:CHEMBL648337:CHEMBL76577:row237;manual:50991962:435;pubchem:AID39018:SID103280619,4.960000077688649,,0.0,,4.960000077688649,0,False,False,False
MFFMDFFZMYYVKS-SECBINFHSA-N,N[C@@H](CC(=O)N1CCn2c(nnc2C(F)(F)F)C1)Cc1cc(F)c(F)cc1F,chembl+manual+pubchem,chembl,measured,chembl:CHEMBL4021433:CHEMBL1422:row834;manual:50761151:437;pubchem:AID1466507:SID103502876,4.958607314841775,,0.0,,4.958607314841775,0,False,False,False
WMSNQEDFXILECN-UHFFFAOYSA-N,CC(S)C(Cc1ccccc1)C(=O)NCC(=O)O,chembl+manual+pubchem,chembl,measured,chembl:CHEMBL648692:CHEMBL366937:row884;manual:50074904:436;pubchem:AID39770:SID103432609,4.958607314841775,,0.0,,4.958607314841775,0,False,False,False
HUHPJCXENHMHHQ-QUKVIPBPSA-N,CC(=O)C[C@]1(O)C(=O)C2=C3O[C@H](C)C(C)(C)[C@]3(O)C(=O)c3c(C)cc(O)c(c32)C1=O,chembl+manual+pubchem,chembl,measured,chembl:CHEMBL5108704:CHEMBL5177969:row550;manual:51462813:438;pubchem:AID1853826:SID482057466,4.947690900352677,,0.0,,4.947690900352677,0,False,False,False
YBIZKEFULFLDEE-UHFFFAOYSA-N,CC(C)CC(S)C(Cc1ccccc1)C(=O)NC(C)C(=O)O,chembl+manual+pubchem,chembl,measured,chembl:CHEMBL646967:CHEMBL55286:row647;manual:50074886:445;pubchem:AID39611:SID103241494,4.920818753952375,,0.0,,4.920818753952375,0,False,False,False
YTFHSWFLCVLJNL-NXOAAHMSSA-N,CC(C)C[C@H](S)C(=O)N1CCC[C@H]1C(=O)N1CCC[C@H]1C(=O)N1CCC[C@@H]1C(=O)O,bindingdb+chembl+manual+pubchem,chembl,measured,bindingdb:350121:IC50;chembl:CHEMBL3887730:CHEMBL3932740:row1367;manual:350121:446;pubchem:AID1802026:SID318472239,4.920818753952375,,0.0,,4.920818753952375,0,False,False,False
LILPTCHQLRKZNG-LPGNHZEISA-N,Oc1ccc([C@H]2Oc3ccc(/C=C/c4cc(O)cc(O)c4)cc3[C@@H]2c2cc(O)cc(O)c2)cc1,chembl+manual+pubchem,chembl,measured,chembl:CHEMBL6120114:CHEMBL518935:row1430;manual:51644461:447;pubchem:AID2246938:SID103616162,4.91721462968355,,0.0,,4.91721462968355,0,False,False,False
YPLGVMIJHPJLRA-UHFFFAOYSA-N,CCCCC(CC(=O)NO)S(=O)(=O)c1ccc2ccccc2c1,chembl+manual+pubchem,chembl,measured,chembl:CHEMBL648688:CHEMBL78001:row877;manual:50795118:448;pubchem:AID39766:SID103276129,4.906578314837765,,0.0,,4.906578314837765,0,False,False,False
YNXICQQMHMEJPT-LEAZDLGRSA-N,C[C@H](NC(=O)[C@@H](N)CCCCN)C(=O)N[C@@H](CCCCN)C(=O)N[C@@H](Cc1ccccc1)C(=O)O,chembl+manual+pubchem,chembl,measured,chembl:CHEMBL6179895:CHEMBL6190223:row1395;manual:51656021:449;pubchem:AID2273247:SID528385940,4.903785414653595,,0.0,,4.903785414653595,0,False,False,False
CSRWDVBETXKASM-SFTDATJTSA-N,O=C(O)[C@H](Cc1ccc(-c2ccccc2)cc1)NC(=O)[C@@H](S)C1CCCCC1,chembl+pubchem,chembl,measured,chembl:CHEMBL933039:CHEMBL257026:row725;pubchem:AID317219:SID103573781,,4.886056647693163,,0.0,4.886056647693163,0,False,False,False
JQQBXPCJFAKSPG-SVYIMCMUSA-N,O=C1O[C@H]2[C@@H]3OC(=O)c4cc(O)c(O)c(O)c4-c4c(cc(O)c(O)c4O)C(=O)OC[C@H]2O[C@@H](OC(=O)c2cc(O)c(O)c(O)c2)[C@@H]3OC(=O)c2cc(O)c(O)c3c2[C@@H]2C1=CC(=O)[C@](O)(O3)C2(O)O,manual+pubchem,manual,measured,manual:PT_0011:880;pubchem:AID338980:SID103582352,4.878768544850378,,0.0,,4.878768544850378,0,False,False,False
GWXUHSQQMMFIEF-GOTSBHOMSA-N,CC(C)(C)OC(=O)N[C@@H](Cc1ccccc1)C(=O)CCC(=O)N[C@@H](Cc1c[nH]c2ccccc12)C(=O)O,chembl+pubchem,chembl,measured,chembl:CHEMBL869865:CHEMBL215163:row558;pubchem:AID271475:SID103497865,,4.876148359032914,,0.0,4.876148359032914,0,False,False,False
QNFWERYZJLBANZ-UHFFFAOYSA-N,O=c1cc(N2CCOCC2)oc2ccccc12,chembl+manual+pubchem,chembl,measured,chembl:CHEMBL832631:CHEMBL367315:row1084;manual:50830129:450;pubchem:AID241822:SID103431341,4.872895201635193,,0.0,,4.872895201635193,0,False,False,False
KCXVZYZYPLLWCC-UHFFFAOYSA-N,O=C(O)CN(CCN(CC(=O)O)CC(=O)O)CC(=O)O,chembl+manual+pubchem,chembl,measured,chembl:CHEMBL4144750:CHEMBL858:row84;manual:51011059:452;pubchem:AID1350116:SID103224342,4.853871964321762,,0.0,,4.853871964321762,0,False,False,False
VIULVJZBDAPFFD-UHFFFAOYSA-N,CC(CS)C(=O)N1Cc2ccccc2C1C(=O)O,chembl+manual+pubchem,chembl,measured,chembl:CHEMBL5258025:CHEMBL62203:row166;chembl:CHEMBL648350:CHEMBL62203:row214;manual:50746633:453;manual:51527202:451;pubchem:AID1954024:SID103248215;pubchem:AID39758:SID103248215,4.853871964321762,,0.0,,4.853871964321762,0,False,False,False
FJCTWYALBIKBLC-LCQOSCCDSA-N,Cc1ccc(S(=O)(=O)N(C)NC(=O)C2C[C@@H](S)CN2S(=O)(=O)c2ccc3ccccc3c2)cc1,chembl+manual+pubchem,chembl,measured,chembl:CHEMBL832631:CHEMBL425383:row1145;manual:50830141:455;pubchem:AID241822:SID103464731,4.835647144215563,,0.0,,4.835647144215563,0,False,False,False
NLBPJLBGGISTIW-UHFFFAOYSA-N,CC(CSC(=O)CC(C)(C)C)C(=O)N(CC(=O)O)C1CCCC1,manual,manual,measured,manual:SD_303:1141,4.823908740944319,,0.0,,4.823908740944319,0,False,False,False
GIJLWESQACPTDV-UHFFFAOYSA-N,O=C(O)CN1CCC(NC(CCc2ccccc2)C(=O)O)C1=O,chembl+manual+pubchem,chembl,measured,chembl:CHEMBL644703:CHEMBL86891:row110;chembl:CHEMBL644704:CHEMBL86891:row1410;manual:50030076:466;manual:50612220:467;pubchem:AID38862:SID103294329;pubchem:AID38863:SID103294329,4.821032576499773,,0.0,,4.821032576499773,0,False,False,False
QADCERNTBWTXFV-JSGCOSHPSA-N,NC(N)=NCCC[C@H](N)C(=O)N[C@@H](Cc1c[nH]c2ccccc12)C(=O)O,chembl+manual+pubchem,chembl,measured,chembl:CHEMBL858254:CHEMBL91160:row418;manual:50993199:457;pubchem:AID38876:SID103301948,4.800000052738446,,0.0,,4.800000052738446,0,False,False,False
DBKNLHKEVPZVQC-LPEHRKFASA-N,C[C@H](NC(=O)[C@@H](N)CCCN=C(N)N)C(=O)N1CCC[C@@H]1C(=O)O,chembl+manual+pubchem,chembl,measured,chembl:CHEMBL644708:CHEMBL129432:row920;manual:50059537:458;pubchem:AID38868:SID103363527,4.795880017344075,,0.0,,4.795880017344075,0,False,False,False
YBIZKEFULFLDEE-CFVMTHIKSA-N,CC(C)C[C@H](S)[C@@H](Cc1ccccc1)C(=O)N[C@@H](C)C(=O)O,chembl+manual+pubchem,chembl,measured,chembl:CHEMBL646966:CHEMBL2110347:row374;manual:50059500:459;pubchem:AID39610:SID160698592,4.79317412396815,,0.0,,4.79317412396815,0,False,False,False
MOROYVABMGWQHJ-DAFODLJHSA-N,Oc1ccc(/C=C/c2cc(O)c(I)c(O)c2I)cc1,chembl+manual+pubchem,chembl,measured,chembl:CHEMBL6120114:CHEMBL6168910:row1608;manual:51644454:460;pubchem:AID2246938:SID528388676,4.790484985457369,,0.0,,4.790484985457369,0,False,False,False
LILPTCHQLRKZNG-OWOJBTEDSA-N,Oc1ccc(C2Oc3ccc(/C=C/c4cc(O)cc(O)c4)cc3C2c2cc(O)cc(O)c2)cc1,chembl+manual+pubchem,chembl,measured,chembl:CHEMBL6120114:CHEMBL6160332:row1543;chembl:CHEMBL6120119:CHEMBL6160332:row1554;chembl:CHEMBL6120122:CHEMBL6160332:row1574;manual:51644447:411;manual:51644462:507;manual:51644464:461;pubchem:AID2246938:SID528382849;pubchem:AID2246943:SID528382849;pubchem:AID2246946:SID528382849;chembl:CHEMBL6120123:CHEMBL6160332:row1556;chembl:CHEMBL6120124:CHEMBL6160332:row1603;pubchem:AID2246947:SID528382849;pubchem:AID2246948:SID528382849,4.767003889607846,4.786500520621732,0.0,0.0,4.776752205114789,0,False,False,False
AKZQAHWBLDZWPN-PZJWPPBQSA-N,O=Cc1ccc2c(c1)[C@H](c1cc(O)c(I)c(O)c1)[C@@H](c1ccc(O)cc1)O2,chembl+manual+pubchem,chembl,measured,chembl:CHEMBL6120114:CHEMBL6173411:row1295;manual:51644448:462;pubchem:AID2246938:SID528363657,4.767003889607846,,0.0,,4.767003889607846,0,False,False,False
ICSOPOPMIRFSDB-FACPPWRESA-N,Oc1ccc(/C=C/c2cc(O)cc(O)c2-c2c(O)cc(O)cc2/C=C/c2ccc(O)cc2)cc1,chembl+manual+pubchem,chembl,measured,chembl:CHEMBL6120114:CHEMBL6152231:row1584;manual:51644442:463;pubchem:AID2246938:SID528382634,4.756961951313706,,0.0,,4.756961951313706,0,False,False,False
KRGPXXHMOXVMMM-CIUDSAMLSA-N,N[C@@H](CCN[C@@H](CCN1CC[C@H]1C(=O)O)C(=O)O)C(=O)O,chembl+manual+pubchem,chembl,measured,chembl:CHEMBL3583583:CHEMBL3581907:row1008;manual:50346715:464;pubchem:AID1228660:SID318373795,4.728158393463501,,0.0,,4.728158393463501,0,False,False,False
MTJIVKJTNIDUPQ-UHFFFAOYSA-N,CC(=O)SCC1CCCN(C(C(=O)O)c2ccccc2)C1=O,chembl+manual+pubchem,chembl,measured,chembl:CHEMBL648347:CHEMBL12006:row481;manual:50598801:465;pubchem:AID39755:SID103172511,4.721246399047171,,0.0,,4.721246399047171,0,False,False,False
YKAZZRWCNMLLKW-VKHMYHEASA-N,O=C(CS)N[C@@H](CS)C(=O)O,chembl+manual+pubchem,chembl,measured,chembl:CHEMBL648337:CHEMBL80384:row713;manual:50991870:468;pubchem:AID39018:SID103280335,4.719999935717911,,0.0,,4.719999935717911,0,False,False,False
JIKXDFOHRKWQIU-CCKFTAQKSA-N,CC[C@@H](C)[C@H](S)C(=O)N[C@@H](Cc1ccccc1-c1ccccc1)C(=O)O,chembl+pubchem,chembl,measured,chembl:CHEMBL928316:CHEMBL398545:row465;pubchem:AID314425:SID103560480,,4.698970004336019,,0.0,4.698970004336019,0,False,False,False
NPLGQVKZFGJWAI-STQMWFEESA-N,N[C@@H](Cc1ccccc1)C(=O)NCC(=O)N1CCC[C@H]1C(=O)O,chembl+pubchem,chembl,measured,chembl:CHEMBL644576:CHEMBL27560:row464;pubchem:AID37635:SID103202405,4.698970004336019,,0.0,,4.698970004336019,0,False,False,False
ZUWRAORRDMOPTP-OWOJBTEDSA-N,Oc1ccc(/C=C/c2cc(O)c(I)c(O)c2)cc1,chembl+manual+pubchem,chembl,measured,chembl:CHEMBL6120114:CHEMBL142945:row1427;manual:51644446:469;pubchem:AID2246938:SID103383453,4.690369832574101,,0.0,,4.690369832574101,0,False,False,False
VEYJKJORLPYVLO-RYUDHWBXSA-N,CC(C)[C@H](N)C(=O)N[C@@H](Cc1ccc(O)cc1)C(=O)O,chembl+manual+pubchem,chembl,measured,chembl:CHEMBL858254:CHEMBL90069:row360;manual:50993172:470;pubchem:AID38876:SID103301732,4.659999925349902,,0.0,,4.659999925349902,0,False,False,False
NEBOPDYAXPDYHQ-LURJTMIESA-N,O=C(O)CCC(=O)N1CCC[C@H]1C(=O)O,chembl+manual+pubchem,chembl,measured,chembl:CHEMBL3583583:CHEMBL310578:row1230;chembl:CHEMBL648337:CHEMBL310578:row400;manual:50346716:454;manual:50991921:484;pubchem:AID1228660:SID103280736;pubchem:AID39018:SID103280736,4.659316012970241,,0.0,,4.659316012970241,0,False,False,False
XUVSXSUAQLBJIY-UHFFFAOYSA-N,O=C(NC(Cc1ccccc1)C(=O)CCC(=O)N1CCCC1c1nn[nH]n1)c1ccccc1,chembl+pubchem,chembl,measured,chembl:CHEMBL644578:CHEMBL10973:row527;pubchem:AID37637:SID103170869,4.657577319177793,,0.0,,4.657577319177793,0,False,False,False
OCSCTVALVXUXFU-SSYAZFEXSA-N,Cc1ccc(S(=O)(=O)N(CC(=O)C(Cc2ccccc2)NC(=O)c2ccccc2)CC(=O)N2CCC[C@@H]2C(=O)O)cc1,manual+pubchem,pubchem,measured,manual:50041096:472;manual:CHEMBL366372:847;pubchem:AID39756:SID103438300,4.657577319177793,,0.0,,4.657577319177793,0,False,False,False
USVPXSDGAKWRCO-UHFFFAOYSA-N,CC(=O)SCCC(=O)N1Cc2ccccc2C1C(=O)O,chembl+manual+pubchem,chembl,measured,chembl:CHEMBL648350:CHEMBL61137:row626;manual:50746631:471;pubchem:AID39758:SID103248037,4.657577319177793,,0.0,,4.657577319177793,0,False,False,False
ZIUFQHOTGSSKBS-UHFFFAOYSA-N,O=c1c2cc(O)c(O)cc2oc2c(O)c(O)ccc12,chembl+manual+pubchem,chembl,measured,chembl:CHEMBL964320:CHEMBL477740:row585;manual:50504365:489;pubchem:AID335366:SID103638730;chembl:CHEMBL964324:CHEMBL477740:row302;pubchem:AID335370:SID103638730,4.450996737974212,4.847711655616943,0.0,0.0,4.649354196795578,0,False,False,False
YHEBRAZTFGKCIL-DAFODLJHSA-N,Oc1ccc(/C=C/c2cc(O)cc(O)c2I)cc1,chembl+manual+pubchem,chembl,measured,chembl:CHEMBL6120114:CHEMBL6171615:row1551;chembl:CHEMBL6120122:CHEMBL6171615:row1573;manual:51644452:456;manual:51644463:549;manual:51644465:488;pubchem:AID2246938:SID528384507;pubchem:AID2246943:SID528384507;pubchem:AID2246946:SID528384507,4.637857968120503,,0.0,,4.637857968120503,0,False,False,False
AGUASHNUCSCZGU-UHFFFAOYSA-N,CC(=O)SCC(C)C(=O)N1Cc2ccccc2C1C(=O)O,chembl+manual+pubchem,chembl,measured,chembl:CHEMBL648350:CHEMBL57200:row381;manual:50746621:473;pubchem:AID39758:SID103248059,4.619788758288394,,0.0,,4.619788758288394,0,False,False,False
WMIPGJFVJAHLCT-KZUDCZAMSA-N,NC(Cc1ccccc1)C(=O)CCC(=O)N1CCC[C@H]1C(=O)O,chembl+manual+pubchem,chembl,measured,chembl:CHEMBL648346:CHEMBL556775:row745;manual:50599131:474;pubchem:AID39754:SID103674987,4.6020599913279625,,0.0,,4.6020599913279625,0,False,False,False
XQUOBCBFYSAISV-CWVNLOTRSA-N,CC[C@@H](C)[C@H](S)C(=O)N[C@@H](Cc1ccc(OCc2cc(C(F)(F)F)cc(C(F)(F)F)c2)cc1)C(=O)O,chembl+pubchem,chembl,measured,chembl:CHEMBL928316:CHEMBL252009:row807;pubchem:AID314425:SID103560509,,4.6020599913279625,,0.0,4.6020599913279625,0,False,False,False
YVLVSCYCRVAQAF-JDLVMGNASA-N,C[C@H](NC(CCc1ccccc1)C(N)=O)C(=O)N1CCC[C@H]1C(=O)O,chembl+manual+pubchem,chembl,measured,chembl:CHEMBL648337:CHEMBL80193:row1366;manual:50991935:475;pubchem:AID39018:SID103280791,4.589999963296594,,0.0,,4.589999963296594,0,False,False,False
JXNGDSIPMBNTNL-VXNXHJTFSA-N,NCCCC[C@H](N[C@H](CCc1ccccc1)C(=O)O)C(=O)N[C@@H](Cc1c[nH]c2ccccc12)C(=O)O,chembl+pubchem,chembl,measured,chembl:CHEMBL866171:CHEMBL212711:row553;pubchem:AID271448:SID103497264,,4.580044251510242,,0.0,4.580044251510242,0,False,False,False
SNKFFCBZYFGCQN-VWUOOIFGSA-N,O=C(/C=C/c1ccc(O)c2c1[C@H](C(=O)O[C@H](Cc1ccc(O)c(O)c1)C(=O)O)[C@@H](c1ccc(O)c(O)c1)O2)O[C@H](Cc1ccc(O)c(O)c1)C(=O)O,manual,manual,measured,manual:PT_0024:881,4.555486793665957,,0.0,,4.555486793665957,0,False,False,False
RBNFVCNVJJKGEX-UHFFFAOYSA-N,CCCC(C(=O)O)N1CCCC(CSC(C)=O)C1=O,chembl+manual+pubchem,chembl,measured,chembl:CHEMBL648347:CHEMBL416706:row755;manual:50598806:476;pubchem:AID39755:SID103172517,4.522878745280337,,0.0,,4.522878745280337,0,False,False,False
AJHCSUXXECOXOY-NSHDSACASA-N,NCC(=O)N[C@@H](Cc1c[nH]c2ccccc12)C(=O)O,chembl+manual+pubchem,chembl,measured,chembl:CHEMBL858254:CHEMBL299759:row61;manual:50993187:477;pubchem:AID38876:SID103241907,4.519999959791458,,0.0,,4.519999959791458,0,False,False,False
NCQWMIDMMZIYGM-NSHDSACASA-N,CN(C(=O)CCS)[C@@H](Cc1ccccc1)C(=O)O,chembl+manual+pubchem,chembl,measured,chembl:CHEMBL648337:CHEMBL80657:row444;manual:50991993:478;pubchem:AID39018:SID103279679,4.510000060783275,,0.0,,4.510000060783275,0,False,False,False
VUIHOFONJHXOQE-ZPPOLDLBSA-N,CCCCCCC[C@H](N)[C@H](O)C(=O)N(C)[C@@H](CC[S+](C)[O-])C(=O)N[C@@H](Cc1ccc(O)cc1)C(=O)O,chembl+manual+pubchem,chembl,measured,chembl:CHEMBL4144750:CHEMBL4161811:row129;manual:51011061:479;pubchem:AID1350116:SID404662436,4.508638306165727,,0.0,,4.508638306165727,0,False,False,False
TZPQMHFSXQOAEF-ZYMOGRSISA-N,CCCc1cnc(N2C[C@H](S)CC2CNCc2cc(F)ccc2F)nc1,chembl+manual+pubchem,chembl,measured,chembl:CHEMBL832631:CHEMBL194651:row216;manual:50830145:480;pubchem:AID241822:SID103465482,4.501689446210399,,0.0,,4.501689446210399,0,False,False,False
PBKZFAANHLYJOZ-SFYZADRCSA-N,CC(C)C[C@H](CC(=O)O)C(=O)N[C@@H](CO)C(=O)O,chembl+pubchem,chembl,"limit, inactive",chembl:CHEMBL3223377:CHEMBL3222111:row1233;pubchem:AID1119530:SID242616783,4.499999953328896,,0.0,,4.499999953328896,0,False,False,False
PBKZFAANHLYJOZ-YUMQZZPRSA-N,CC(C)C[C@@H](CC(=O)O)C(=O)N[C@@H](CO)C(=O)O,chembl+pubchem,chembl,"limit, inactive",chembl:CHEMBL3223377:CHEMBL3221965:row822;pubchem:AID1119530:SID242616635,4.499999953328896,,0.0,,4.499999953328896,0,False,False,False
ZBKNPKITENESSB-SFYZADRCSA-N,CC(C)C[C@H](CC(=O)N[C@@H](CO)C(=O)O)C(=O)O,chembl+pubchem,chembl,"limit, inactive",chembl:CHEMBL3223377:CHEMBL3221964:row1056;pubchem:AID1119530:SID242616634,4.499999953328896,,0.0,,4.499999953328896,0,False,False,False
ZBKNPKITENESSB-YUMQZZPRSA-N,CC(C)C[C@@H](CC(=O)N[C@@H](CO)C(=O)O)C(=O)O,chembl+pubchem,chembl,"limit, inactive",chembl:CHEMBL3223377:CHEMBL3221963:row503;pubchem:AID1119530:SID242616633,4.499999953328896,,0.0,,4.499999953328896,0,False,False,False
FQWLMRXWKZGLFI-YVYUXZJTSA-N,Oc1ccc(/C=C/c2cc(O)cc3c2[C@@H](c2cc(O)cc(O)c2)[C@H](c2ccc(O)cc2)O3)cc1,chembl+manual+pubchem,chembl,measured,chembl:CHEMBL6120114:CHEMBL1224875:row1425;manual:51644443:481;pubchem:AID2246938:SID104245663,4.497572880015567,,0.0,,4.497572880015567,0,False,False,False
ZCTDTVUDURCGFX-UHFFFAOYSA-N,O=C(O)CCNC(=O)C(CS)Cc1ccccc1,chembl+manual+pubchem,chembl,measured,chembl:CHEMBL881232:CHEMBL196902:row1480;manual:50833644:482;pubchem:AID254756:SID103472298,4.494850021680094,,0.0,,4.494850021680094,0,False,False,False
ATGPLQUGVLBPLW-UHFFFAOYSA-N,CC(=O)SCC1CCN(CC(=O)O)C1=O,chembl+manual+pubchem,chembl,measured,chembl:CHEMBL648347:CHEMBL11783:row284;manual:50598808:483;pubchem:AID39755:SID103172473,4.481486060122112,,0.0,,4.481486060122112,0,False,False,False
OTAFLIIDAXMNRZ-PSCKXSSMSA-N,CCO[C@@H](c1cc(O)cc(O)c1)C(c1ccc(O)cc1)c1c(O)cc(O)cc1/C=C/c1ccc(O)cc1,chembl+manual+pubchem,chembl,measured,chembl:CHEMBL6120114:CHEMBL6152722:row1585;manual:51644451:485;pubchem:AID2246938:SID528375195,4.47755576649368,,0.0,,4.47755576649368,0,False,False,False
LSOINDCCNZYVMS-IRXDYDNUSA-N,CC(C)(C)OC(=O)N[C@@H](Cc1ccccc1)C(=O)CCC(=O)N1CCC[C@H]1C(=O)O,chembl+pubchem,chembl,measured,chembl:CHEMBL869865:CHEMBL386032:row484;pubchem:AID271475:SID103497517,,4.4736607226101555,,0.0,4.4736607226101555,0,False,False,False
TUUMURVUDGZZQZ-GFCCVEGCSA-N,CCCC[C@H](CC(=O)NO)S(=O)(=O)c1ccccc1,chembl+manual+pubchem,chembl,measured,chembl:CHEMBL648688:CHEMBL1788203:row1178;manual:50795096:486;pubchem:AID39766:SID131277843,4.468521082957745,,0.0,,4.468521082957745,0,False,False,False
JJUABRZMMRMUNU-UHFFFAOYSA-N,CC(=O)SCC1CCCN(C(C)C(=O)O)C1=O,chembl+manual+pubchem,chembl,measured,chembl:CHEMBL648347:CHEMBL416339:row479;manual:50598802:487;pubchem:AID39755:SID103172510,4.455931955649724,,0.0,,4.455931955649724,0,False,False,False
ZFPDMGSJOXTTDK-JYJNAYRXSA-N,NCC(=O)N[C@@H](CCC(=O)O)C(=O)N1CCC[C@H]1C(=O)N[C@@H](Cc1ccccc1)C(=O)O,chembl+manual+pubchem,chembl,measured,chembl:CHEMBL6179895:CHEMBL6193377:row1529;manual:51656016:490;pubchem:AID2273247:SID528385296,4.442252258358532,,0.0,,4.442252258358532,0,False,False,False
ZIQFGYOHGGAPTP-ZLONULMZSA-N,CCO[C@@H](c1cc(O)cc(O)c1)[C@@](O)(c1ccc(O)cc1)c1c(O)cc(O)cc1/C=C/c1ccc(O)cc1,chembl+manual+pubchem,chembl,measured,chembl:CHEMBL6120114:CHEMBL6163328:row1607;manual:51644450:491;pubchem:AID2246938:SID528381510,4.437707135543525,,0.0,,4.437707135543525,0,False,False,False
XQPOFONTMJXZRQ-HWYAHNCWSA-N,COC(=O)c1ccccc1NC(=O)CN(C)C(=O)C1C[C@@H](S)CN1S(=O)(=O)c1ccc2ccccc2c1,chembl+manual+pubchem,chembl,measured,chembl:CHEMBL832631:CHEMBL177000:row1401;manual:50830147:492;pubchem:AID241822:SID103440481,4.436518914605589,,0.0,,4.436518914605589,0,False,False,False
ITFXGUDPBMEBQT-LBPRGKRZSA-N,CC(C)(S)C(=O)N[C@@H](Cc1c[nH]c2ccccc12)C(=O)O,chembl+manual+pubchem,chembl,measured,chembl:CHEMBL648337:CHEMBL80981:row1180;manual:50991975:493;pubchem:AID39018:SID103280705,4.419999995796937,,0.0,,4.419999995796937,0,False,False,False
ONPZDOMZARQFEQ-FACPPWRESA-N,Oc1ccc(/C=C/c2cc(O)c(I)c(O)c2-c2c(/C=C/c3ccc(O)cc3)cc(O)c(I)c2O)cc1,chembl+manual+pubchem,chembl,measured,chembl:CHEMBL6120114:CHEMBL6161258:row1552;manual:51644457:494;pubchem:AID2246938:SID528382690,4.411168274405792,,0.0,,4.411168274405792,0,False,False,False
RUUJMVPJNBGASC-VIFPVBQESA-N,CC(C)(C)OC(=O)[C@@H]1CCCN1C(=O)CCS,chembl+manual+pubchem,chembl,measured,chembl:CHEMBL648337:CHEMBL311316:row262;manual:50991908:495;pubchem:AID39018:SID103281354,4.41000005022751,,0.0,,4.41000005022751,0,False,False,False
NTCCRGGIJNDEAB-DJNXLDHESA-N,CC(C)CC(N[C@@H](Cc1cncn1Cc1cc(Cl)cc(Cl)c1)C(=O)O)C(=O)O,chembl+manual+pubchem,chembl,measured,chembl:CHEMBL5216075:CHEMBL5220968:row685;manual:51505714:497;pubchem:AID1916553:SID482090398,4.399999967876858,,0.0,,4.399999967876858,0,False,False,False
NTCCRGGIJNDEAB-SJORKVTESA-N,CC(C)C[C@@H](N[C@@H](Cc1cncn1Cc1cc(Cl)cc(Cl)c1)C(=O)O)C(=O)O,chembl+manual+pubchem,chembl,measured,chembl:CHEMBL5216075:CHEMBL5220314:row874;manual:51505713:496;pubchem:AID1916553:SID482090369,4.399999967876858,,0.0,,4.399999967876858,0,False,False,False
TYAYDVXOPBERFS-RTWAWAEBSA-N,O=Cc1ccc2c(c1)[C@@H](c1cc(O)cc(O)c1)[C@H](c1ccc(O)cc1)O2,chembl+manual+pubchem,chembl,measured,chembl:CHEMBL6120114:CHEMBL6161756:row1426;manual:51644445:498;pubchem:AID2246938:SID528381137,4.380906669373257,,0.0,,4.380906669373257,0,False,False,False
DSIPAMNIXRGPJZ-SFTDATJTSA-N,CC(C)(C)OC(=O)N[C@@H](Cc1ccccc1)C(=O)CCC(=O)N[C@@H](Cc1ccccc1)C(=O)O,chembl+pubchem,chembl,measured,chembl:CHEMBL869865:CHEMBL212864:row1144;pubchem:AID271475:SID103497891,,4.366531544420414,,0.0,4.366531544420414,0,False,False,False
WPWUFUBLGADILS-WDSKDSINSA-N,C[C@H](N)C(=O)N1CCC[C@H]1C(=O)O,chembl+manual+pubchem,chembl,measured,chembl:CHEMBL644705:CHEMBL414828:row949;manual:50747101:499;manual:50752391:551;manual:50991923:565;pubchem:AID37639:SID103205181;pubchem:AID38864:SID103205181;pubchem:AID39018:SID103205181;chembl:CHEMBL644715:CHEMBL414828:row720;pubchem:AID38875:SID103205181,4.376750709602099,4.301029995663981,0.0,0.0,4.33889035263304,0,False,False,False
FJKGFECNHQNFLZ-LURJTMIESA-N,O=C(O)[C@@H]1CCCN1C(=O)CCP(=O)(O)O,chembl+manual+pubchem,chembl,measured,chembl:CHEMBL648337:CHEMBL312550:row235;manual:50991980:500;pubchem:AID39018:SID103280230,4.319999993033794,,0.0,,4.319999993033794,0,False,False,False
TYLXHTVATOWOEK-UHFFFAOYSA-N,CC(CS)C(=O)N1CCc2ccccc2C1,chembl+manual+pubchem,chembl,measured,chembl:CHEMBL648350:CHEMBL59354:row331;manual:50746643:501;pubchem:AID39758:SID103248377,4.318758762624412,,0.0,,4.318758762624412,0,False,False,False
CCEBJWKUMKKCDF-UHFFFAOYSA-N,O=c1c2ccc(O)c(O)c2oc2cc(O)cc(O)c12,chembl+manual+pubchem,chembl,measured,chembl:CHEMBL964320:CHEMBL448040:row242;manual:50504369:514;pubchem:AID335366:SID103618116;chembl:CHEMBL964324:CHEMBL448040:row303;pubchem:AID335370:SID103618116,4.1598939055432425,4.465973893943865,0.0,0.0,4.312933899743554,0,False,False,False
TVAODHVHCGFVSI-UHFFFAOYSA-N,CC(=O)SCC(C)C(=O)N1CCc2ccccc2C1,chembl+manual+pubchem,chembl,measured,chembl:CHEMBL648350:CHEMBL57202:row384;manual:50746616:503;pubchem:AID39758:SID103248061,4.309803919971486,,0.0,,4.309803919971486,0,False,False,False
KOFOGQLQSMHERG-QAETUUGQSA-N,CC(C)C[C@H](S)C(=O)N1CCC[C@H]1C(=O)N1CCC[C@H]1C(=O)N1CC[C@H](C(=O)O)C1,bindingdb+chembl+manual+pubchem,chembl,measured,bindingdb:350120:IC50;chembl:CHEMBL3887730:CHEMBL3960222:row421;manual:350120:502;pubchem:AID1802026:SID318472238,4.309803919971486,,0.0,,4.309803919971486,0,False,False,False
GWVIWKOMBURFEH-UHFFFAOYSA-N,O=C(CCn1c(-c2ccc(O)cc2)n[nH]c1=S)Nc1cccc(C(F)(F)F)c1,chembl+pubchem,chembl,"limit, inactive",chembl:CHEMBL6083689:CHEMBL6160376:row1392;pubchem:AID2213724:SID528352218,4.301029995663981,,0.0,,4.301029995663981,0,False,False,False
IUBISCMSFNLVRV-LUKWVAJMSA-N,CC(C)C[C@H](C(=O)O)N1CCO[C@@H](c2ccccc2)[C@H](NC(=O)[C@H](S)Cc2ccccc2)C1=O,chembl+pubchem,chembl,measured,chembl:CHEMBL644710:CHEMBL311838:row67;pubchem:AID38870:SID103276403,,4.301029995663981,,0.0,4.301029995663981,0,False,False,False
MFDOLMVGTJHCAM-UHFFFAOYSA-N,O=CC(Cc1ccccc1)NC(CCc1ccccc1)C(=O)O,chembl+pubchem,chembl,measured,chembl:CHEMBL652024:CHEMBL152307:row28;pubchem:AID39624:SID103400425,,4.301029995663981,,0.0,4.301029995663981,0,False,False,False
IUBISCMSFNLVRV-MLCQCVOFSA-N,CC(C)C[C@@H](C(=O)O)N1CCO[C@@H](c2ccccc2)[C@H](NC(=O)[C@@H](S)Cc2ccccc2)C1=O,chembl+pubchem,chembl,measured,chembl:CHEMBL5258029:CHEMBL5266415:row1464;pubchem:AID1954028:SID494406423,,4.301029995663981,,0.0,4.301029995663981,0,False,False,False
RIUWPQJZYUEURU-UHFFFAOYSA-N,O=C(CCC(=O)N1CCCC1C(=O)O)NO,chembl+manual+pubchem,chembl,measured,chembl:CHEMBL648529:CHEMBL291381:row467;manual:50764704:505;pubchem:AID39616:SID103255614,4.301029995663981,,0.0,,4.301029995663981,0,False,False,False
OMNVYXHOSHNURL-SCZZXKLOSA-N,C[C@@H](N)C(=O)N[C@@H](Cc1ccccc1)C(=O)O,chembl+manual+pubchem,chembl,measured,chembl:CHEMBL648337:CHEMBL78953:row990;manual:50671580:558;manual:50991906:557;pubchem:AID39018:SID103281100;pubchem:AID39018:SID103281100,4.279999967105453,,0.0,,4.279999967105453,0,False,False,False
GJNDXQBALKCYSZ-RYUDHWBXSA-N,CC(C)[C@H](N)C(=O)N[C@@H](Cc1ccccc1)C(=O)O,chembl+manual+pubchem,chembl,measured,chembl:CHEMBL858254:CHEMBL8486:row160;manual:50993186:506;pubchem:AID38876:SID103167246,4.279999967105453,,0.0,,4.279999967105453,0,False,False,False
ZHNQDNJEWOPPRT-UHFFFAOYSA-N,O=C(O)C1c2ccccc2CN1C(=O)CCS,chembl+manual+pubchem,chembl,measured,chembl:CHEMBL648350:CHEMBL417226:row143;manual:50746635:510;pubchem:AID39758:SID103248401,4.236572006437063,,0.0,,4.236572006437063,0,False,False,False
DMGKNMLYAQKRNE-UHFFFAOYSA-N,CC(CS)C(=O)N1CCc2ccccc2C1C(=O)O,chembl+manual+pubchem,chembl,measured,chembl:CHEMBL5258025:CHEMBL61916:row1173;chembl:CHEMBL648350:CHEMBL61916:row389;manual:50746637:509;manual:51527201:508;pubchem:AID1954024:SID103248213;pubchem:AID39758:SID103248213,4.236572006437063,,0.0,,4.236572006437063,0,False,False,False
OXOKGQHFKLZHSB-DAFODLJHSA-N,Oc1ccc(/C=C/c2cc(O)cc(O)c2Cl)cc1,chembl+manual+pubchem,chembl,measured,chembl:CHEMBL6120114:CHEMBL6151891:row1544;manual:51644456:511;pubchem:AID2246938:SID528377246,4.210419287835575,,0.0,,4.210419287835575,0,False,False,False
FPAPTZAOPMWDRV-ROUUACIJSA-N,N#CCC(=O)N[C@@H](Cc1ccccc1)C(=O)N[C@@H](Cc1ccccc1)C(=O)O,pubchem,pubchem,measured,pubchem:AID39775:SID103368903,,4.187086643357144,,0.0,4.187086643357144,0,False,False,False
YQSVZJGTHYNHTL-PMACEKPBSA-N,Cc1ccc(S(=O)(=O)N[C@@H](Cc2ccccc2)C(=O)NCC(=O)N2CCC[C@H]2C(=O)O)cc1,chembl+pubchem,chembl,measured,chembl:CHEMBL644576:CHEMBL29031:row1383;pubchem:AID37635:SID103202324,4.173925197299173,,0.0,,4.173925197299173,0,False,False,False
OFHKDLLHCJDJSR-BYPYZUCNSA-N,O=C(CCS)N[C@@H](CS)C(=O)O,chembl+manual+pubchem,chembl,measured,chembl:CHEMBL648337:CHEMBL309333:row950;manual:50991951:512;pubchem:AID39018:SID103280589,4.169999984192581,,0.0,,4.169999984192581,0,False,False,False
IBEOCWMHXLQQTF-WQRLSCOYSA-N,C[C@@H]1C[C@@H](O)[C@@H]([C@H](C)[C@H]2CCC3=C(C[C@H]4C3=CC(=O)[C@H]3C[C@@H](O)CC[C@@]34C)[C@H]2C)N(C)C1,manual,manual,measured,manual:IPT_035:987,4.167491087293763,,0.0,,4.167491087293763,0,False,False,False
DKBWLNDADVOGHF-XAJHFOFHSA-N,CC(C)C[C@H](S)C(=O)N1C[C@@H](F)C[C@H]1C(=O)N1CCC[C@H]1C(=O)N1CC[C@@H](C(=O)O)C1,bindingdb+chembl+manual+pubchem,chembl,measured,bindingdb:350119:IC50;chembl:CHEMBL3887730:CHEMBL4110944:row1457;manual:350119:513;pubchem:AID1802026:SID318472237,4.167491087293763,,0.0,,4.167491087293763,0,False,False,False
JPQDCFVLHOKHOW-ZETCQYMHSA-N,O=C(O)CCCC(=O)N1CCC[C@H]1C(=O)O,chembl+manual+pubchem,chembl,measured,chembl:CHEMBL883277:CHEMBL277919:row715;manual:50809149:515;pubchem:AID39622:SID103191861,4.154901959985743,,0.0,,4.154901959985743,0,False,False,False
IKGXIBQEEMLURG-NVPNHPEKSA-N,C[C@@H]1O[C@@H](OC[C@H]2O[C@@H](Oc3c(-c4ccc(O)c(O)c4)oc4cc(O)cc(O)c4c3=O)[C@H](O)[C@@H](O)[C@@H]2O)[C@H](O)[C@H](O)[C@H]1O,manual,manual,measured,manual:IPT_018:975,4.151379882565866,,0.0,,4.151379882565866,0,False,False,False
SAUKGYVJUGNZRP-HDMCBQFHSA-N,CC(C)C[C@H](NC(=O)CNC(=O)[C@H](CCC(=O)O)NC(=O)[C@@H]1CCCN1C(=O)[C@@H](N)C(C)C)C(=O)N[C@@H](CC(N)=O)C(=O)N[C@@H](CO)C(=O)N[C@@H](Cc1c[nH]c2ccccc12)C(=O)N1CCC[C@H]1C(=O)N[C@@H](Cc1ccccc1)C(=O)O,chembl+manual+pubchem,chembl,measured,chembl:CHEMBL6179895:CHEMBL6189709:row1394;manual:51656018:516;pubchem:AID2273247:SID528388799,4.134896025358872,,0.0,,4.134896025358872,0,False,False,False
IOPJJFFNJXHRQO-VKHMYHEASA-N,O=C(O)C[C@H](NC(=O)CS)C(=O)O,chembl+manual+pubchem,chembl,measured,chembl:CHEMBL648337:CHEMBL80242:row386;manual:50991898:517;pubchem:AID39018:SID103280336,4.110000009303415,,0.0,,4.110000009303415,0,False,False,False
ZJPGOXWRFNKIQL-HRCADAONSA-N,N[C@@H](Cc1ccccc1)C(=O)N1CCC[C@H]1C(=O)N1CCC[C@@H]1C(=O)O,chembl+manual+pubchem,chembl,measured,chembl:CHEMBL644708:CHEMBL338446:row1107;manual:50059534:518;pubchem:AID38868:SID103363374,4.107905397309519,,0.0,,4.107905397309519,0,False,False,False
TUUMURVUDGZZQZ-UHFFFAOYSA-N,CCCCC(CC(=O)NO)S(=O)(=O)c1ccccc1,chembl+manual+pubchem,chembl,measured,chembl:CHEMBL648688:CHEMBL263501:row454;manual:50795147:519;pubchem:AID39766:SID103276396,4.0915149811213505,,0.0,,4.0915149811213505,0,False,False,False
UFCLZKMFXSILNL-PSEXTPKNSA-N,O=C(/C=C/c1ccc(O)c(O)c1)O[C@@H]1[C@H](O)C[C@@](O)(C(=O)O)C[C@H]1OC(=O)/C=C/c1ccc(O)c(O)c1,manual,manual,measured,manual:IPT_029:985,4.081445469449727,,0.0,,4.081445469449727,0,False,False,False
WMJSQLHYOQNHIT-ZEQRLZLVSA-N,O=C(CCC(=O)[C@H](Cc1ccccc1)NC(=O)c1ccccc1)N[C@@H](Cc1ccccc1)C(=O)O,chembl+pubchem,chembl,measured,chembl:CHEMBL869865:CHEMBL213105:row890;pubchem:AID271475:SID103497482,,4.074172425375258,,0.0,4.074172425375258,0,False,False,False
ONIBWKKTOPOVIA-BYPYZUCNSA-N,O=C(O)[C@@H]1CCCN1,chembl+pubchem,chembl,measured,chembl:CHEMBL3088740:CHEMBL54922:row512;pubchem:AID1053270:SID103241620,,4.0655015487564325,,0.0,4.0655015487564325,0,False,False,False
ALZVPLKYDKJKQU-XVKPBYJWSA-N,C[C@H](N)C(=O)N[C@@H](Cc1ccc(O)cc1)C(=O)O,chembl+manual+pubchem,chembl,measured,chembl:CHEMBL858254:CHEMBL94016:row868;manual:50993271:520;pubchem:AID38876:SID103301641,4.059999994991732,,0.0,,4.059999994991732,0,False,False,False
UWWDHYUMIORJTA-BULFRSBZSA-N,CCOC(=O)[C@H](CCc1ccccc1)N[C@@H](C)C(=O)N1Cc2cc(OC)c(OC)cc2C[C@@H]1C(=O)O,chembl+manual+pubchem,chembl,measured,chembl:CHEMBL648350:CHEMBL3350318:row75;manual:50610706:521;pubchem:AID39758:SID312365810,4.045757490560675,,0.0,,4.045757490560675,0,False,False,False
OMZKWXAFDODBPH-UHFFFAOYSA-N,O=C(CN1Cc2c(Cl)cccc2NC1=O)NO,chembl+manual+pubchem,chembl,measured,chembl:CHEMBL648687:CHEMBL298647:row701;manual:50180563:522;pubchem:AID39765:SID103239809,4.045757490560675,,0.0,,4.045757490560675,0,False,False,False
LLSGJMMXMQYVKE-UHFFFAOYSA-N,Oc1cc(O)c2c(c1)OC(c1ccc(O)c(O)c1)C(O)C2c1cc(O)cc2c1CC(c1ccc(O)c(O)c1)C(O)O2,manual,manual,measured,manual:PT_0356:1161,4.013228265733755,,0.0,,4.013228265733755,0,False,False,False
DIJYNWHPGJHFCY-UHFFFAOYSA-N,CC1=C(C)S(=O)(=O)N(c2c(F)c(F)nc(F)c2F)C1=O,chembl+pubchem,chembl,"limit, inactive",chembl:CHEMBL969703:CHEMBL512758:row521;pubchem:AID364624:SID103586855,4.0,,0.0,,4.0,0,False,False,False
GXEFYASNJAKNDH-UHFFFAOYSA-N,O=C1C2=C(CCCC2)S(=O)(=O)N1c1cccc(Cl)n1,chembl+pubchem,chembl,"limit, inactive",chembl:CHEMBL969703:CHEMBL513281:row241;pubchem:AID364624:SID103586789,4.0,,0.0,,4.0,0,False,False,False
AIOPRUMQDAHASD-UHFFFAOYSA-N,O=C1C2=C(CCCC2)S(=O)(=O)N1c1ccncc1.[O-][Cl+3]([O-])([O-])O,chembl+pubchem,chembl,"limit, inactive",chembl:CHEMBL969703:CHEMBL512569:row645;pubchem:AID364624:SID103586858,4.0,,0.0,,4.0,0,False,False,False
MUSPJYDOUOCCFO-UHFFFAOYSA-N,CC(=O)SCC1CCCN(CC(=O)O)C1=O,chembl+manual+pubchem,chembl,measured,chembl:CHEMBL648347:CHEMBL11795:row380;manual:50598807:536;pubchem:AID39755:SID103172474,4.0,,0.0,,4.0,0,False,False,False
SAEGSBZKLAFBGI-UHFFFAOYSA-N,O=C(O)CCCN=C[PH](O)(O)CCc1ccccc1,manual,manual,measured,manual:50813322:528,4.0,,0.0,,4.0,0,False,False,False
WOVROQCAJRMPKP-MNUOIFNESA-N,CC(C)[C@@H](O)C[C@H](O)[C@H](CC1CCCCC1)NC(=O)[C@H](Cc1c[nH]cn1)NC(=O)c1cc2ccccc2[nH]1,chembl+pubchem,chembl,"limit, inactive",chembl:CHEMBL648690:CHEMBL54677:row545;pubchem:AID39768:SID103241740,4.0,,0.0,,4.0,0,False,False,False
RQNJZJWVHWXXPD-UHFFFAOYSA-N,CC(=O)SCC(C)C(=O)N1CCc2ccccc2C1C(=O)O,chembl+pubchem,chembl,"limit, inactive",chembl:CHEMBL648350:CHEMBL57201:row580;pubchem:AID39758:SID103248060,4.0,,0.0,,4.0,0,False,False,False
SQIUCETXNXHTSW-UHFFFAOYSA-N,CCCCC(CC(=O)NO)[S+]([O-])c1ccccc1,chembl+pubchem,chembl,"limit, inactive",chembl:CHEMBL648688:CHEMBL75433:row229;pubchem:AID39766:SID103276206,4.0,,0.0,,4.0,0,False,False,False
KLGZHRRNEWCZOG-UHFFFAOYSA-N,O=C1C2=C(CCCC2)S(=O)(=O)N1c1cccc(Br)n1,chembl+pubchem,chembl,"limit, inactive",chembl:CHEMBL969703:CHEMBL459683:row307;pubchem:AID364624:SID103586790,4.0,,0.0,,4.0,0,False,False,False
VOKJFQSOPRHDDM-UHFFFAOYSA-N,CC1=C(c2ccccc2)C(=O)N(c2c(F)c(F)nc(F)c2F)S1(=O)=O,chembl+pubchem,chembl,"limit, inactive",chembl:CHEMBL969703:CHEMBL461946:row766;pubchem:AID364624:SID103586856,4.0,,0.0,,4.0,0,False,False,False
AVDLWYHBABSSHC-CHWSQXEVSA-N,CCCC[C@H](CN(O)C=O)C(=O)N[C@H](C(=O)N(C)C)C(C)(C)C,chembl+pubchem,chembl,"limit, inactive",chembl:CHEMBL645455:CHEMBL431210:row281;pubchem:AID38855:SID103294319,4.0,,0.0,,4.0,0,False,False,False
ASXVEBPEZMSPHB-YJBOKZPZSA-N,C[C@H](NC(=O)[C@H](Cc1ccccc1)NC(=O)OCc1ccccc1)C(=O)CF,chembl+pubchem,chembl,"limit, inactive",chembl:CHEMBL4480333:CHEMBL2402203:row1226;pubchem:AID1637690:SID174507462,4.0,,0.0,,4.0,0,False,False,False
VILIDDZBEXSSLV-JKSUJKDBSA-N,CC(=O)S[C@@H]1C[C@@H](COCc2cc(F)c(F)cc2F)N(C(=O)Oc2cccc3c2OCCO3)C1,chembl+pubchem,chembl,"limit, inactive",chembl:CHEMBL832631:CHEMBL191879:row666;pubchem:AID241822:SID103464918,4.0,,0.0,,4.0,0,False,False,False
UZHWIRWAHWQBBD-VQTJNVASSA-N,O=C(S[C@@H]1C[C@@H](COCc2cc(F)c(F)cc2F)N(C(=O)Oc2cccc3c2OCCO3)C1)c1ccccc1,chembl+pubchem,chembl,"limit, inactive",chembl:CHEMBL832631:CHEMBL193490:row1158;pubchem:AID241822:SID103465183,4.0,,0.0,,4.0,0,False,False,False
VMVOHHPQIAPYHG-NRFANRHFSA-N,O=C(CF)CNC(=O)[C@H](Cc1ccccc1)NC(=O)c1cccc2ccccc12,chembl+pubchem,chembl,"limit, inactive",chembl:CHEMBL4480333:CHEMBL4520267:row1148;pubchem:AID1637690:SID440160682,4.0,,0.0,,4.0,0,False,False,False
CCGODDKNKIRBST-UHFFFAOYSA-N,O=C1c2ccccc2S(=O)(=O)N1c1c(F)c(F)nc(F)c1F,chembl+pubchem,chembl,"limit, inactive",chembl:CHEMBL969703:CHEMBL518500:row519;pubchem:AID364624:SID103586859,4.0,,0.0,,4.0,0,False,False,False
YGHHDWRITNGHCH-KRWDZBQOSA-N,O=C(CF)CNC(=O)[C@H](Cc1ccccc1)NC(=O)c1ccccc1,chembl+pubchem,chembl,"limit, inactive",chembl:CHEMBL4480333:CHEMBL4590201:row1555;pubchem:AID1637690:SID440225694,4.0,,0.0,,4.0,0,False,False,False
QEPAXTJXHXPFJN-KRWDZBQOSA-N,CNC(=O)[C@H](Cc1c[nH]cn1)NC(=O)CN(CCCc1ccccc1)CC(=O)O,chembl+pubchem,chembl,"limit, inactive",chembl:CHEMBL3243748:CHEMBL3235416:row762;pubchem:AID1127284:SID242622194,4.0,,0.0,,4.0,0,False,False,False
PTUCPHGSAFOJAU-MGONOCMRSA-N,NC(=O)[C@H](CCC(=O)O)NC(=O)[C@H](CCC(=O)O)NC(=O)[C@H](Cc1cc(-c2ccc(-c3cccc(Cl)c3)cc2)no1)CP(=O)(O)c1ccc(Br)cc1,chembl+pubchem,chembl,"limit, inactive",chembl:CHEMBL1002956:CHEMBL507420:row1073;pubchem:AID349386:SID103627400,,4.0,,0.0,4.0,0,False,False,False
KPTREEYKORVOGB-ARLHGKGLSA-N,CC(C)OC(=O)N1C[C@H](S)CC1CNCc1cc(F)ccc1F,chembl+pubchem,chembl,"limit, inactive",chembl:CHEMBL832631:CHEMBL192441:row1302;pubchem:AID241822:SID103464919,4.0,,0.0,,4.0,0,False,False,False
MNAUWMOCDLCGGF-UHFFFAOYSA-N,O=C(CN1Cc2c(Cl)cccc2NS1(=O)=O)NO,chembl+pubchem,chembl,"limit, inactive",chembl:CHEMBL648687:CHEMBL299946:row490;pubchem:AID39765:SID103240036,4.0,,0.0,,4.0,0,False,False,False
LUHJAOVICRNTRC-UHFFFAOYSA-N,CCCCC(CC(=O)NO)S(=O)(=O)C1CCCCC1,chembl+pubchem,chembl,"limit, inactive",chembl:CHEMBL648688:CHEMBL77258:row1403;pubchem:AID39766:SID103276086,4.0,,0.0,,4.0,0,False,False,False
BBWLECUMIKQXRH-UHFFFAOYSA-N,O=C1C2=C(CCCC2)S(=O)(=O)N1c1ncc(F)cc1F,chembl+pubchem,chembl,"limit, inactive",chembl:CHEMBL969703:CHEMBL459684:row687;pubchem:AID364624:SID103586791,4.0,,0.0,,4.0,0,False,False,False
LNJOFRZCHPJUGG-UHFFFAOYSA-N,O=C(O)CCCNCP(=O)(O)CCc1ccccc1,chembl+pubchem,chembl,measured,chembl:CHEMBL648691:CHEMBL114552:row707;pubchem:AID39769:SID103335777,4.0,,0.0,,4.0,0,False,False,False
TUUMURVUDGZZQZ-LBPRGKRZSA-N,CCCC[C@@H](CC(=O)NO)S(=O)(=O)c1ccccc1,chembl+pubchem,chembl,"limit, inactive",chembl:CHEMBL648688:CHEMBL2092878:row482;pubchem:AID39766:SID160670722,4.0,,0.0,,4.0,0,False,False,False
XJLATMLVMSFZBN-VYDXJSESSA-N,CCCCC[C@H](CC(=O)NO)C(=O)N[C@H](C(=O)N1CCC[C@H]1CO)C(C)C,chembl+pubchem,chembl,"limit, inactive",chembl:CHEMBL645455:CHEMBL308333:row316;pubchem:AID38855:SID103275522,4.0,,0.0,,4.0,0,False,False,False
RJLQCJGZDCLHKE-UHFFFAOYSA-N,O=C1C2=C(CCCC2)S(=O)(=O)N1c1c(F)c(F)nc(F)c1F,chembl+pubchem,chembl,"limit, inactive",chembl:CHEMBL969703:CHEMBL461945:row306;pubchem:AID364624:SID103586854,4.0,,0.0,,4.0,0,False,False,False
KVLXPTXVARQEJJ-UHFFFAOYSA-N,O=C(NC(Cc1ccccc1)C(=O)CCC(=O)N1CCCC1P(=O)(O)O)c1ccccc1,chembl+pubchem,chembl,measured,chembl:CHEMBL644578:CHEMBL10690:row455;pubchem:AID37637:SID103170735,4.0,,0.0,,4.0,0,False,False,False
PRZSYGOCKORJBH-UHFFFAOYSA-N,O=C1C2=C(CCCC2)S(=O)(=O)N1c1c(F)c(F)c(F)c(F)c1F,chembl+pubchem,chembl,"limit, inactive",chembl:CHEMBL969703:CHEMBL503392:row520;pubchem:AID364624:SID103586857,4.0,,0.0,,4.0,0,False,False,False
ZPPQIOUITZSYAO-UHFFFAOYSA-O,OCC1OC(Oc2cc3c(O)cc(O)cc3[o+]c2-c2ccc(O)c(O)c2)C(OC2OCC(O)C(O)C2O)C(O)C1O,manual,manual,measured,manual:PT_0343:1148,3.9281179926938745,,0.0,,3.9281179926938745,0,False,False,False
ZPPQIOUITZSYAO-AOBOYTTNSA-O,OC[C@H]1O[C@@H](Oc2cc3c(O)cc(O)cc3[o+]c2-c2ccc(O)c(O)c2)[C@H](O[C@@H]2OC[C@@H](O)[C@H](O)[C@H]2O)[C@@H](O)[C@@H]1O,manual,manual,measured,manual:IPT_002:959,3.9281179926938745,,0.0,,3.9281179926938745,0,False,False,False
RKWHWFONKJEUEF-UHFFFAOYSA-O,OCC1OC(Oc2cc3c(O)cc(O)cc3[o+]c2-c2ccc(O)c(O)c2)C(O)C(O)C1O,manual,manual,measured,manual:IPT_003:960;manual:PT_0344:1149,3.856985199745905,,0.0,,3.856985199745905,0,False,False,False
TWYYVOVDSNRIJM-UHFFFAOYSA-O,OCC1OC(Oc2cc3c(O)cc(O)cc3[o+]c2-c2cc(O)c(O)c(O)c2)C(OC2OCC(O)C(O)C2O)C(O)C1O,manual,manual,measured,manual:IPT_001:958,3.8477116556169433,,0.0,,3.8477116556169433,0,False,False,False
TWYYVOVDSNRIJM-AFAGGVQESA-O,OC[C@H]1O[C@@H](Oc2cc3c(O)cc(O)cc3[o+]c2-c2cc(O)c(O)c(O)c2)[C@H](O[C@@H]2OC[C@@H](O)[C@H](O)[C@H]2O)[C@@H](O)[C@@H]1O,manual,manual,measured,manual:PT_0342:1147,3.8477116556169433,,0.0,,3.8477116556169433,0,False,False,False
YFERBGPVRSLDSL-XVNBXDOJSA-N,CC1OC(Oc2c(-c3ccc(O)c(O)c3)oc3cc(O)cc(O)c3c2=O)C(OC2OC(COC(=O)/C=C/c3ccc(O)c(O)c3)C(O)C(O)C2O)C(O)C1O,manual,manual,measured,manual:PT_0350:1155,3.7986028756795487,,0.0,,3.7986028756795487,0,False,False,False
YFERBGPVRSLDSL-GVZNLTFMSA-N,C[C@@H]1O[C@@H](Oc2c(-c3ccc(O)c(O)c3)oc3cc(O)cc(O)c3c2=O)[C@H](O[C@@H]2O[C@H](COC(=O)/C=C/c3ccc(O)c(O)c3)[C@@H](O)[C@H](O)[C@H]2O)[C@H](O)[C@H]1O,manual,manual,measured,manual:IPT_008:965,3.7986028756795487,,0.0,,3.7986028756795487,0,False,False,False
FMQQLXJREAGPHS-OJWSHTDTSA-N,O=C(OC[C@H]1O[C@@H](Oc2c(-c3ccc(O)c(O)c3)oc3cc(O)cc(O)c3c2=O)[C@H](O)[C@@H](O)[C@H]1O)c1cc(O)c(O)c(O)c1,manual,manual,measured,manual:PT_0349:1154,3.795880017344075,,0.0,,3.795880017344075,0,False,False,False
QVIBLBOXANTNKJ-JKTXWULPSA-N,O=C(O[C@@H]1O[C@@H](Oc2c(-c3ccc(O)c(O)c3)oc3cc(O)cc(O)c3c2=O)[C@@H](O)[C@H](O)[C@@H]1O)c1cc(O)c(O)c(O)c1,manual,manual,measured,manual:IPT_007:964,3.795880017344075,,0.0,,3.795880017344075,0,False,False,False
IQDIERHFZVCNRZ-YUYPDVIUSA-N,C[C@H]1CC[C@@H]2N(C1)C[C@H]1[C@@H]3C[C@H]4[C@@H](CC(=O)[C@H]5C[C@@H](O)CC[C@@]54C)[C@@H]3CC[C@@H]1[C@]2(C)O,manual,manual,measured,manual:IPT_025:982,3.7825160557860937,,0.0,,3.7825160557860937,0,False,False,False
DUBCCGAQYVUYEU-ZUGPOPFOSA-N,O=C(O)[C@H]1O[C@@H](Oc2c(-c3ccc(O)c(O)c3)oc3cc(O)cc(O)c3c2=O)[C@H](O)[C@@H](O)[C@@H]1O,manual,manual,measured,manual:IPT_006:963;manual:PT_0348:1153;manual:PT_0360:1165,3.6989700043360187,,0.0,,3.6989700043360187,0,False,False,False
NLZCOTZRUWYPTP-MIUGBVLSSA-N,COc1ccc(-c2cc(=O)c3c(O)cc(O[C@@H]4O[C@H](CO)[C@@H](O)[C@H](O)[C@H]4O)cc3o2)cc1,manual,manual,measured,manual:IPT_019:976,3.619788758288394,,0.0,,3.619788758288394,0,False,False,False
TZBJGXHYKVUXJN-UHFFFAOYSA-N,O=c1c(-c2ccc(O)cc2)coc2cc(O)cc(O)c12,manual,manual,measured,manual:IPT_015:972,3.5954912708967006,,0.0,,3.5954912708967006,0,False,False,False
JPUKWEQWGBDDQB-DTGCRPNFSA-N,O=c1c(O[C@@H]2O[C@H](CO)[C@H](O)[C@H](O)[C@H]2O)c(-c2ccc(O)cc2)oc2cc(O)cc(O)c12,manual,manual,measured,manual:IPT_022:979,3.585026652029182,,0.0,,3.585026652029182,0,False,False,False
KZNIFHPLKGYRTM-UHFFFAOYSA-N,O=c1cc(-c2ccc(O)cc2)oc2cc(O)cc(O)c12,manual,manual,measured,manual:IPT_020:977;manual:PT_0345:1150,3.5528419686577806,,0.0,,3.5528419686577806,0,False,False,False
PEFNSGRTCBGNAN-QNDFHXLGSA-N,O=c1cc(-c2ccc(O)c(O)c2)oc2cc(O[C@@H]3O[C@H](CO)[C@@H](O)[C@H](O)[C@H]3O)cc(O)c12,manual,manual,measured,manual:IPT_005:962;manual:PT_0347:1152,3.5528419686577806,,0.0,,3.5528419686577806,0,False,False,False
LDTDRTSKWGQBAA-IPOZFMEPSA-N,O=c1cc(-c2ccc(O)c(O)c2)oc2cc(O[C@@H]3O[C@H](CO[C@@H]4O[C@H](CO)[C@@H](O)[C@H](O)[C@H]4O)[C@@H](O)[C@H](O)[C@H]3O)cc(O)c12,manual,manual,measured,manual:IPT_024:981,3.5528419686577806,,0.0,,3.5528419686577806,0,False,False,False
IQPNAANSBPBGFQ-UHFFFAOYSA-N,O=c1cc(-c2ccc(O)c(O)c2)oc2cc(O)cc(O)c12,manual,manual,measured,manual:IPT_004:961;manual:PT_0346:1151,3.537602002101044,,0.0,,3.537602002101044,0,False,False,False
PZZRDJXEMZMZFD-BWYUNELBSA-N,O=c1c(O[C@@H]2OC[C@@H](O)[C@H](O)[C@H]2O)c(-c2ccc(O)c(O)c2)oc2cc(O)cc(O)c12,manual,manual,measured,manual:PT_0354:1159,3.5086383061657274,,0.0,,3.5086383061657274,0,False,False,False
BDCDNTVZSILEOY-SGPCGWDZSA-N,O=c1c(OC2O[C@H](CO)[C@@H](O)[C@@H]2O)c(-c2ccc(O)c(O)c2)oc2cc(O)cc(O)c12,manual,manual,measured,manual:IPT_023:980,3.5086383061657274,,0.0,,3.5086383061657274,0,False,False,False
PZZRDJXEMZMZFD-KRLKJCFRSA-N,O=c1c(O[C@H]2OC[C@@H](O)[C@@H](O)[C@@H]2O)c(-c2ccc(O)c(O)c2)oc2cc(O)cc(O)c12,manual,manual,measured,manual:IPT_012:969,3.5086383061657274,,0.0,,3.5086383061657274,0,False,False,False
IUKLSMSEHKDIIP-BZMYINFQSA-N,C[C@H]1CC[C@@H]2N(C1)C[C@H]1[C@@H]3C[C@H]4[C@@H](C[C@H](O)[C@H]5C[C@@H](O)CC[C@@]54C)[C@@H]3CC[C@@H]1[C@]2(C)O,manual,manual,measured,manual:IPT_026:983,3.5047332556121895,,0.0,,3.5047332556121895,0,False,False,False
POQICXMTUPVZMX-SGPCGWDZSA-N,O=c1c(OC2O[C@H](CO)[C@@H](O)[C@@H]2O)c(-c2ccc(O)cc2)oc2cc(O)cc(O)c12,manual,manual,measured,manual:IPT_021:978,3.494850021680094,,0.0,,3.494850021680094,0,False,False,False
LSMKTLJKBSXMMR-UHFFFAOYSA-N,CC1OC(Oc2c(-c3ccc(O)c(O)c3)oc3cc(O)cc(O)c3c2=O)C(OC2OC(COC(=O)C=Cc3ccc(O)cc3)C(O)C(O)C2O)C(O)C1O,manual,manual,measured,manual:PT_0351:1156,3.453457336521869,,0.0,,3.453457336521869,0,False,False,False
LSMKTLJKBSXMMR-WLKGHKDFSA-N,C[C@@H]1O[C@@H](Oc2c(-c3ccc(O)c(O)c3)oc3cc(O)cc(O)c3c2=O)[C@H](O[C@@H]2O[C@H](COC(=O)/C=C/c3ccc(O)cc3)[C@@H](O)[C@H](O)[C@H]2O)[C@H](O)[C@H]1O,manual,manual,measured,manual:IPT_009:966,3.453457336521869,,0.0,,3.453457336521869,0,False,False,False
PAFLSMZLRSPALU-MRVPVSSYSA-N,O=C(O)[C@H](O)Cc1ccc(O)c(O)c1,manual,manual,measured,manual:IPT_030:986,3.442733471130096,,0.0,,3.442733471130096,0,False,False,False
RNVUDWOQYYWXBJ-BWYUNELBSA-N,O=c1c(O[C@@H]2OC[C@@H](O)[C@H](O)[C@H]2O)c(-c2ccc(O)cc2)oc2cc(O)cc(O)c12,manual,manual,measured,manual:PT_0355:1160,3.4056074496245734,,0.0,,3.4056074496245734,0,False,False,False
RNVUDWOQYYWXBJ-NNEMTEQFSA-N,O=c1c(OC2OC[C@@H](O)[C@@H](O)[C@@H]2O)c(-c2ccc(O)cc2)oc2cc(O)cc(O)c12,manual,manual,measured,manual:IPT_013:970,3.4056074496245734,,0.0,,3.4056074496245734,0,False,False,False
JPUKWEQWGBDDQB-QSOFNFLRSA-N,O=c1c(O[C@@H]2O[C@H](CO)[C@@H](O)[C@H](O)[C@H]2O)c(-c2ccc(O)cc2)oc2cc(O)cc(O)c12,manual,manual,measured,manual:IPT_037:988,3.3963685377484567,,0.0,,3.3963685377484567,0,False,False,False
CQLRUIIRRZYHHS-LFXZADKFSA-N,COc1cc(-c2oc3cc(O)cc(O)c3c(=O)c2O[C@@H]2O[C@H](CO)[C@@H](O)[C@H](O)[C@H]2O)ccc1O,manual,manual,measured,manual:PT_0352:1157,3.388276691992658,,0.0,,3.388276691992658,0,False,False,False
UWIQWJHBYRTKAL-KQOASZHBSA-N,O=C(O[C@H]1[C@H](Oc2c(-c3ccc(O)cc3)oc3cc(O)cc(O)c3c2=O)O[C@H](CO)[C@@H](O)[C@@H]1O)c1cc(O)c(O)c(O)c1,manual,manual,measured,manual:IPT_038:989,3.330990116949061,,0.0,,3.330990116949061,0,False,False,False
KYELXPJVGNZIGC-GKFGJCLESA-N,CC1=C2C[C@H]3[C@@H](CC(=O)[C@H]4C[C@@H](O)CC[C@@]43C)[C@@H]2CC[C@]12O[C@@H]1C[C@H](C)CN[C@H]1[C@H]2C,manual,manual,measured,manual:IPT_027:984,3.278585127375611,,0.0,,3.278585127375611,0,False,False,False
WTDRDQBEARUVNC-LURJTMIESA-N,N[C@@H](Cc1ccc(O)c(O)c1)C(=O)O,manual,manual,measured,manual:IPT_017:974,3.2172264839155735,,0.0,,3.2172264839155735,0,False,False,False
OVSQVDMCBVZWGM-QSOFNFLRSA-N,O=c1c(O[C@@H]2O[C@H](CO)[C@@H](O)[C@H](O)[C@H]2O)c(-c2ccc(O)c(O)c2)oc2cc(O)cc(O)c12,manual,manual,measured,manual:IPT_010:967;manual:IPT_011:968;manual:PT_0353:1158,3.1493537648169334,,0.0,,3.1493537648169334,0,False,False,False
AYMYWHCQALZEGT-ORCRQEGFSA-N,O=C(/C=C/c1ccc(O)c(O)c1)c1ccc(O)cc1O,manual,manual,measured,manual:IPT_014:971;manual:PT_0359:1164,3.136677139879544,,0.0,,3.136677139879544,0,False,False,False
WCGUUGGRBIKTOS-GPOJBZKASA-N,C[C@H]1[C@H](C)CC[C@]2(C(=O)O)CC[C@]3(C)C(=CC[C@@H]4[C@@]5(C)CC[C@H](O)C(C)(C)[C@@H]5CC[C@]43C)[C@H]12,manual,manual,measured,manual:IPT_016:973,2.9913998282380825,,0.0,,2.9913998282380825,0,False,False,False
AJXNWOLLHVBCNI-WIHSUSGWSA-N,CCOC(=O)C(CCc1ccccc1)S(=O)(=O)C(C)C(=O)N1CCC[C@H]1C(=O)O,chembl,chembl,"comment, inactive",chembl:CHEMBL884035:CHEMBL1907753:row462,,,0.0,,,0,False,False,False
AYGMEFRECNWRJC-UHFFFAOYSA-N,O=C(O)C1CSSC1,chembl,chembl,"comment, inactive",chembl:CHEMBL3583583:CHEMBL3581910:row835,,,0.0,,,0,False,False,False
CKLJMWTZIZZHCS-REOHCLBHSA-N,N[C@@H](CC(=O)O)C(=O)O,chembl,chembl,"comment, inactive",chembl:CHEMBL3583583:CHEMBL274323:row432,,,0.0,,,0,False,False,False
IRFLEJXVMMQAGR-UHFFFAOYSA-N,CC(SC(CCc1ccccc1)C(=O)O)C(=O)NC1(C(=O)O)CCCC1,chembl,chembl,"comment, inactive",chembl:CHEMBL884035:CHEMBL285008:row442,,,0.0,,,0,False,False,False
JHHCHPTVSLMRRG-UHFFFAOYSA-N,CC(=O)SCC1CCCN(CC(N)=O)C1=O,chembl,chembl,"comment, inactive",chembl:CHEMBL648347:CHEMBL12050:row504,,,0.0,,,0,False,False,False
JPBUOUZINFCNPT-BLZCZZARSA-N,CC(C(=O)N1CCC[C@H]1C(=O)O)S(=O)(=O)C(CCc1ccccc1)C(=O)O,chembl,chembl,"comment, inactive",chembl:CHEMBL884035:CHEMBL1907751:row838,,,0.0,,,0,False,False,False
ODKSFYDXXFIFQN-BYPYZUCNSA-N,N=C(N)NCCC[C@H](N)C(=O)O,chembl,chembl,"comment, inactive",chembl:CHEMBL3583583:CHEMBL1485:row1007,,,0.0,,,0,False,False,False
ODKSFYDXXFIFQN-SCSAIBSYSA-N,N=C(N)NCCC[C@@H](N)C(=O)O,chembl,chembl,"comment, inactive",chembl:CHEMBL3583583:CHEMBL212301:row1247,,,0.0,,,0,False,False,False
OEUZNIJCYHEODP-UHFFFAOYSA-N,CC(SC(CCc1ccccc1)C(=O)O)C(=O)NC1(C(=O)O)CCC(c2ccccc2)CC1,chembl,chembl,"comment, inactive",chembl:CHEMBL884035:CHEMBL26008:row1141,,,0.0,,,0,False,False,False
QYHUTQXOVWGOEV-UHFFFAOYSA-N,O=C(NC(Cc1ccccc1)C(=O)CCC(=O)N1CCCC1)c1ccccc1,chembl,chembl,"comment, inactive",chembl:CHEMBL648346:CHEMBL177870:row618,,,0.0,,,0,False,False,False
ZMCJOKMEFYSAOH-UHFFFAOYSA-N,NC1CCN(CC(=O)O)C1=O,chembl,chembl,"comment, inactive",chembl:CHEMBL644706:CHEMBL315579:row683,,,0.0,,,0,False,False,False
