"Molecule ChEMBL ID";"Molecule Name";"Molecule Max Phase";"Molecular Weight";"#RO5 Violations";"AlogP";"Compound Key";"Smiles";"Standard Type";"Standard Relation";"Standard Value";"Standard Units";"pChEMBL Value";"Data Validity Comment";"Comment";"Uo Units";"Ligand Efficiency BEI";"Ligand Efficiency LE";"Ligand Efficiency LLE";"Ligand Efficiency SEI";"Potential Duplicate";"Assay ChEMBL ID";"Assay Description";"Assay Type";"BAO Format ID";"BAO Label";"Assay Organism";"Assay Tissue ChEMBL ID";"Assay Tissue Name";"Assay Cell Type";"Assay Subcellular Fraction";"Assay Parameters";"Assay Variant Accession";"Assay Variant Mutation";"Target ChEMBL ID";"Target Name";"Target Organism";"Target Type";"Document ChEMBL ID";"Source ID";"Source Description";"Document Journal";"Document Year";"Cell ChEMBL ID";"Properties";"Action Type";"Standard Text Value";"Value"
"CHEMBL345200";"";"None";"440.55";"0";"4.18";"11d";"Cc1ccc(-c2ccc(S(=O)(=O)N[C@H](Cc3c[nH]c4ccccc34)C(=O)O)s2)cc1";"IC50";"'>'";"1000.0";"nM";"";"";"";"UO_0000065";"";"";"";"";"0";"CHEMBL644702";"Inhibitory activity against Angiotensin I converting enzyme";"B";"BAO_0000357";"single protein format";"None";"None";"None";"None";"None";"";"";"";"CHEMBL1808";"Angiotensin-converting enzyme";"Homo sapiens";"SINGLE PROTEIN";"CHEMBL1131478";"1";"Scientific Literature";"J Med Chem";"1998";"None";"";"";"";"1.0"
"CHEMBL297792";"S-3304";"1.0";"464.57";"0";"3.91";"13g";"Cc1ccc(C#Cc2ccc(S(=O)(=O)N[C@H](Cc3c[nH]c4ccccc34)C(=O)O)s2)cc1";"IC50";"'>'";"1000.0";"nM";"";"";"";"UO_0000065";"";"";"";"";"0";"CHEMBL644702";"Inhibitory activity against Angiotensin I converting enzyme";"B";"BAO_0000357";"single protein format";"None";"None";"None";"None";"None";"";"";"";"CHEMBL1808";"Angiotensin-converting enzyme";"Homo sapiens";"SINGLE PROTEIN";"CHEMBL1131478";"1";"Scientific Literature";"J Med Chem";"1998";"None";"";"";"";"1.0"
"CHEMBL500409";"";"None";"395.59";"0";"4.18";"3l";"C[C@H](CS)C(=O)N1[C@@H](SCc2ccc(C(C)(C)C)cc2)CC[C@H]1C(=O)O";"IC50";"'='";"410.0";"nM";"6.39";"";"";"UO_0000065";"16.15";"0.34";"2.21";"11.09";"0";"CHEMBL1004838";"Inhibition of ACE";"B";"BAO_0000357";"single protein format";"None";"None";"None";"None";"None";"";"";"";"CHEMBL1808";"Angiotensin-converting enzyme";"Homo sapiens";"SINGLE PROTEIN";"CHEMBL1156603";"1";"Scientific Literature";"Bioorg Med Chem Lett";"2008";"None";"";"";"";"410.0"
"CHEMBL19352";"";"None";"585.57";"2";"0.88";"23";"CC(C)CC(NC(Cc1ccccc1)NP(=O)([O-])CNC(=O)CNC(=O)C(N)Cc1ccc(O)cc1)C(=O)O.[Na+]";"Ratio";"'='";"58.2";"";"";"";"";"";"";"";"";"";"0";"CHEMBL848248";"Ratio of Ki (ACE) to that of Ki (enkephalinase).";"B";"BAO_0000357";"single protein format";"None";"None";"None";"None";"None";"";"";"";"CHEMBL1808";"Angiotensin-converting enzyme";"Homo sapiens";"SINGLE PROTEIN";"CHEMBL1123029";"1";"Scientific Literature";"J Med Chem";"1985";"None";"";"";"";"58.2"
"CHEMBL80830";"BUCILLAMINE";"3.0";"223.32";"0";"0.19";"THIOL_9";"CC(C)(S)C(=O)N[C@@H](CS)C(=O)O";"IC50";"'='";"7244359.6";"nM";"";"Outside typical range";"";"UO_0000065";"";"";"";"";"0";"CHEMBL648337";"Inhibitory activity against angiotensin converting enzyme (ACE)";"F";"BAO_0000019";"assay format";"None";"None";"None";"None";"None";"";"";"";"CHEMBL1808";"Angiotensin-converting enzyme";"Homo sapiens";"SINGLE PROTEIN";"CHEMBL1126767";"1";"Scientific Literature";"J Med Chem";"1993";"None";"";"";"";"2.14"
"CHEMBL418959";"";"None";"558.57";"1";"4.47";"10";"O=C(O)[C@H](Cc1ccc(-c2ccccc2)cc1)NC(=O)[C@H](Cc1ccc(-c2ccccc2)cc1)NCP(=O)(O)O";"IC50";"'='";"414.0";"nM";"6.38";"";"";"UO_0000065";"11.43";"0.22";"1.91";"4.69";"0";"CHEMBL876577";"In vitro inhibitory concentration against angiotensin-converting enzyme";"B";"BAO_0000224";"protein format";"None";"None";"None";"None";"None";"";"";"";"CHEMBL1808";"Angiotensin-converting enzyme";"Homo sapiens";"SINGLE PROTEIN";"CHEMBL1150039";"1";"Scientific Literature";"Bioorg Med Chem Lett";"1994";"None";"";"";"";"414.0"
"CHEMBL89563";"";"None";"434.43";"0";"2.21";"19";"CC(C)[C@H](NCP(=O)(O)O)C(=O)N[C@@H](Cc1ccc(-c2ccccc2)cc1)C(=O)O";"IC50";"'='";"25.0";"nM";"7.60";"";"";"UO_0000065";"17.50";"0.35";"5.39";"5.59";"0";"CHEMBL876577";"In vitro inhibitory concentration against angiotensin-converting enzyme";"B";"BAO_0000224";"protein format";"None";"None";"None";"None";"None";"";"";"";"CHEMBL1808";"Angiotensin-converting enzyme";"Homo sapiens";"SINGLE PROTEIN";"CHEMBL1150039";"1";"Scientific Literature";"Bioorg Med Chem Lett";"1994";"None";"";"";"";"25.0"
"CHEMBL2371918";"";"None";"388.47";"0";"0.00";"18";"NCCC[C@H](NC(=O)[C@@H]1Cc2ccccc2CN1)C(=O)N1CCC[C@H]1C(=O)O";"Activity";"'='";"10.1";"mU/ml";"";"";"";"";"";"";"";"";"0";"CHEMBL861822";"Activity against ACE in bovine kidney";"B";"BAO_0000221";"tissue-based format";"Bos taurus";"CHEMBL3638241";"Kidney";"None";"None";"";"";"";"CHEMBL1808";"Angiotensin-converting enzyme";"Homo sapiens";"SINGLE PROTEIN";"CHEMBL1146940";"1";"Scientific Literature";"Bioorg Med Chem Lett";"2006";"None";"";"";"";"10.1"
"CHEMBL383507";"";"None";"382.49";"0";"-0.08";"14";"NCCC[C@H](NC(=O)[C@@H](N)Cc1ccsc1)C(=O)N1CCC[C@H]1C(=O)O";"Activity";"'='";"3.41";"mU/ml";"";"";"";"";"";"";"";"";"0";"CHEMBL861822";"Activity against ACE in bovine kidney";"B";"BAO_0000221";"tissue-based format";"Bos taurus";"CHEMBL3638241";"Kidney";"None";"None";"";"";"";"CHEMBL1808";"Angiotensin-converting enzyme";"Homo sapiens";"SINGLE PROTEIN";"CHEMBL1146940";"1";"Scientific Literature";"Bioorg Med Chem Lett";"2006";"None";"";"";"";"3.41"
"CHEMBL80665";"";"None";"517.32";"1";"1.52";"17";"C[C@H](NC(CCC(=O)Nc1ccc(I)cc1)C(=O)O)C(=O)N1CCC[C@H]1C(=O)O";"IC50";"'='";"0.2291";"nM";"9.64";"";"";"UO_0000065";"";"";"";"";"0";"CHEMBL648337";"Inhibitory activity against angiotensin converting enzyme (ACE)";"F";"BAO_0000019";"assay format";"None";"None";"None";"None";"None";"";"";"";"CHEMBL1808";"Angiotensin-converting enzyme";"Homo sapiens";"SINGLE PROTEIN";"CHEMBL1126767";"1";"Scientific Literature";"J Med Chem";"1993";"None";"";"";"";"9.64"
"CHEMBL1519";"TRANDOLAPRIL";"4.0";"430.55";"0";"2.77";"115 (trandolapril)";"CCOC(=O)[C@H](CCc1ccccc1)N[C@@H](C)C(=O)N1[C@H](C(=O)O)C[C@H]2CCCC[C@@H]21";"IC50";"'='";"0.93";"nM";"9.03";"";"";"UO_0000065";"20.98";"0.40";"6.26";"9.41";"0";"CHEMBL648689";"Inhibitory activity against angiotensin I converting enzyme (ACE)";"B";"BAO_0000357";"single protein format";"None";"None";"None";"None";"None";"";"";"";"CHEMBL1808";"Angiotensin-converting enzyme";"Homo sapiens";"SINGLE PROTEIN";"CHEMBL1133572";"1";"Scientific Literature";"J Med Chem";"2000";"None";"";"";"";"0.93"
"CHEMBL467755";"";"None";"331.43";"0";"2.19";"11a";"C[C@H](CS)C(=O)N[C@@H](CSCc1ccc(F)cc1)C(=O)O";"IC50";"'='";"100.0";"nM";"7.00";"";"";"UO_0000065";"21.12";"0.46";"4.81";"10.54";"0";"CHEMBL1013488";"Inhibition of angiotensin-converting enzyme in whole blood by HPLC";"B";"BAO_0000221";"tissue-based format";"None";"CHEMBL3638178";"Blood";"None";"None";"";"";"";"CHEMBL1808";"Angiotensin-converting enzyme";"Homo sapiens";"SINGLE PROTEIN";"CHEMBL1154514";"1";"Scientific Literature";"Bioorg Med Chem Lett";"2009";"None";"";"";"";"100.0"
"CHEMBL254911";"";"None";"419.52";"0";"3.86";"1p";"CC[C@@H](C)[C@H](S)C(=O)N[C@@H](Cc1ccc(OCc2ccc(F)cc2)cc1)C(=O)O";"Ki";"'='";"4000.0";"nM";"5.40";"";"";"UO_0000065";"12.87";"0.25";"1.54";"7.14";"0";"CHEMBL928316";"Inhibition of human recombinant ACE by fluorescence assay";"B";"BAO_0000357";"single protein format";"Homo sapiens";"None";"None";"None";"None";"";"";"";"CHEMBL1808";"Angiotensin-converting enzyme";"Homo sapiens";"SINGLE PROTEIN";"CHEMBL1141500";"1";"Scientific Literature";"Bioorg Med Chem Lett";"2008";"None";"";"";"";"4000.0"
"CHEMBL12700";"";"None";"260.20";"0";"1.77";"5, 2,3,6,7-THX";"O=c1c2cc(O)c(O)cc2oc2cc(O)c(O)cc12";"Inhibition";"'='";"11.68";"%";"";"";"";"UO_0000187";"";"";"";"";"0";"CHEMBL964321";"Inhibition of ACE at 100 uM";"B";"BAO_0000357";"single protein format";"None";"None";"None";"None";"None";"";"";"";"CHEMBL1808";"Angiotensin-converting enzyme";"Homo sapiens";"SINGLE PROTEIN";"CHEMBL1159033";"1";"Scientific Literature";"J Nat Prod";"1992";"None";"";"";"";"11.68"
"CHEMBL187265";"";"None";"260.20";"0";"1.77";"4, 1,3,6,7-THX";"O=c1c2cc(O)c(O)cc2oc2cc(O)cc(O)c12";"Inhibition";"'='";"15.48";"%";"";"";"";"UO_0000187";"";"";"";"";"0";"CHEMBL964321";"Inhibition of ACE at 100 uM";"B";"BAO_0000357";"single protein format";"None";"None";"None";"None";"None";"";"";"";"CHEMBL1808";"Angiotensin-converting enzyme";"Homo sapiens";"SINGLE PROTEIN";"CHEMBL1159033";"1";"Scientific Literature";"J Nat Prod";"1992";"None";"";"";"";"15.48"
"CHEMBL477740";"";"None";"260.20";"0";"1.77";"1, 3,4,6,7-THX";"O=c1c2cc(O)c(O)cc2oc2c(O)c(O)ccc12";"Inhibition";"'='";"95.0";"%";"";"";"";"UO_0000187";"";"";"";"";"0";"CHEMBL964323";"Inhibition of ACE at 400 uM";"B";"BAO_0000357";"single protein format";"None";"None";"None";"None";"None";"";"";"";"CHEMBL1808";"Angiotensin-converting enzyme";"Homo sapiens";"SINGLE PROTEIN";"CHEMBL1159033";"1";"Scientific Literature";"J Nat Prod";"1992";"None";"";"";"";"95.0"
"CHEMBL448040";"";"None";"260.20";"0";"1.77";"2, 1,3,5,6-THX";"O=c1c2ccc(O)c(O)c2oc2cc(O)cc(O)c12";"Inhibition";"'='";"67.66";"%";"";"";"";"UO_0000187";"";"";"";"";"0";"CHEMBL964322";"Inhibition of ACE at 200 uM";"B";"BAO_0000357";"single protein format";"None";"None";"None";"None";"None";"";"";"";"CHEMBL1808";"Angiotensin-converting enzyme";"Homo sapiens";"SINGLE PROTEIN";"CHEMBL1159033";"1";"Scientific Literature";"J Nat Prod";"1992";"None";"";"";"";"67.66"
"CHEMBL205314";"";"None";"443.55";"0";"1.12";"2";"NCCCC[C@H](NC(=O)C[C@@H](N)Cc1c[nH]c2ccccc12)C(=O)N1CCC[C@H]1C(=O)O";"Inhibition";"'='";"30.2";"%";"";"";"";"UO_0000187";"";"";"";"";"0";"CHEMBL861823";"Inhibition of ACE in bovine kidney";"B";"BAO_0000221";"tissue-based format";"Bos taurus";"CHEMBL3638241";"Kidney";"None";"None";"";"";"";"CHEMBL1808";"Angiotensin-converting enzyme";"Homo sapiens";"SINGLE PROTEIN";"CHEMBL1146940";"1";"Scientific Literature";"Bioorg Med Chem Lett";"2006";"None";"";"";"";"30.2"
"CHEMBL6246";"ELLAGIC ACID";"2.0";"302.19";"0";"1.31";"Ellagic acid";"O=c1oc2c(O)c(O)cc3c(=O)oc4c(O)c(O)cc1c4c23";"IC50";"'='";"5000000.0";"nM";"";"Outside typical range";"";"UO_0000065";"";"";"";"";"0";"CHEMBL1015636";"Inhibition of ACE by fluorometric assay";"B";"BAO_0000357";"single protein format";"None";"None";"None";"None";"None";"";"";"";"CHEMBL1808";"Angiotensin-converting enzyme";"Homo sapiens";"SINGLE PROTEIN";"CHEMBL1150754";"1";"Scientific Literature";"J Nat Prod";"1988";"None";"";"";"";"5.0"
"CHEMBL506069";"GERANIIN";"None";"952.65";"3";"-1.10";"Geraniin";"O=C1O[C@H]2[C@@H]3OC(=O)c4cc(O)c(O)c(O)c4-c4c(cc(O)c(O)c4O)C(=O)OC[C@H]2O[C@@H](OC(=O)c2cc(O)c(O)c(O)c2)[C@@H]3OC(=O)c2cc(O)c(O)c3c2[C@@H]2C1=CC(=O)[C@](O)(O3)C2(O)O";"IC50";"'='";"400000.0";"nM";"";"Outside typical range";"";"UO_0000065";"";"";"";"";"0";"CHEMBL1015636";"Inhibition of ACE by fluorometric assay";"B";"BAO_0000357";"single protein format";"None";"None";"None";"None";"None";"";"";"";"CHEMBL1808";"Angiotensin-converting enzyme";"Homo sapiens";"SINGLE PROTEIN";"CHEMBL1150754";"1";"Scientific Literature";"J Nat Prod";"1988";"None";"";"";"";"4.0"
"CHEMBL366455";"";"None";"472.54";"0";"3.19";"23";"O=C(CCC(=O)C(Cc1ccccc1)NC(=O)c1ccccc1)N[C@H](Cc1ccccc1)C(=O)O";"IC50";"'='";"28.0";"nM";"7.55";"";"";"UO_0000065";"15.98";"0.29";"4.36";"6.71";"0";"CHEMBL648346";"Concentration required to inhibit the activity of Angiotensin I converting enzyme by 50%";"B";"BAO_0000224";"protein format";"Cavia porcellus";"None";"None";"None";"None";"";"";"";"CHEMBL1808";"Angiotensin-converting enzyme";"Homo sapiens";"SINGLE PROTEIN";"CHEMBL1121683";"1";"Scientific Literature";"J Med Chem";"1981";"None";"";"";"";"2.8E-8"
"CHEMBL578";"ENALAPRIL";"4.0";"376.45";"0";"1.60";"2 (Enalapril)";"CCOC(=O)[C@H](CCc1ccccc1)N[C@@H](C)C(=O)N1CCC[C@H]1C(=O)O";"IC50";"'='";"1273.0";"nM";"5.89";"";"";"UO_0000065";"15.66";"0.30";"4.30";"6.14";"0";"CHEMBL645288";"Compound tested in vitro for inhibition of Angiotensin I converting enzyme";"B";"BAO_0000357";"single protein format";"None";"None";"None";"None";"None";"";"";"";"CHEMBL1808";"Angiotensin-converting enzyme";"Homo sapiens";"SINGLE PROTEIN";"CHEMBL1124532";"1";"Scientific Literature";"J Med Chem";"1989";"None";"";"";"";"1273.0"
"CHEMBL208622";"";"None";"391.47";"0";"1.01";"9";"NCCCC[C@H](NC(=O)CCc1ccc(O)cc1)C(=O)N1CCC[C@H]1C(=O)O";"Activity";"'='";"9.52";"mU/ml";"";"";"";"";"";"";"";"";"0";"CHEMBL861822";"Activity against ACE in bovine kidney";"B";"BAO_0000221";"tissue-based format";"Bos taurus";"CHEMBL3638241";"Kidney";"None";"None";"";"";"";"CHEMBL1808";"Angiotensin-converting enzyme";"Homo sapiens";"SINGLE PROTEIN";"CHEMBL1146940";"1";"Scientific Literature";"Bioorg Med Chem Lett";"2006";"None";"";"";"";"9.52"
"CHEMBL204944";"";"None";"401.47";"0";"0.79";"20";"NCCC[C@H](NC(=O)CCc1nc2ccccc2[nH]1)C(=O)N1CCC[C@H]1C(=O)O";"Inhibition";"'='";"65.45";"%";"";"";"";"UO_0000187";"";"";"";"";"0";"CHEMBL861823";"Inhibition of ACE in bovine kidney";"B";"BAO_0000221";"tissue-based format";"Bos taurus";"CHEMBL3638241";"Kidney";"None";"None";"";"";"";"CHEMBL1808";"Angiotensin-converting enzyme";"Homo sapiens";"SINGLE PROTEIN";"CHEMBL1146940";"1";"Scientific Literature";"Bioorg Med Chem Lett";"2006";"None";"";"";"";"65.45"
"CHEMBL203179";"";"None";"377.44";"0";"0.62";"19";"NCCC[C@H](NC(=O)CCc1ccc(O)cc1)C(=O)N1CCC[C@H]1C(=O)O";"Inhibition";"'='";"23.76";"%";"";"";"";"UO_0000187";"";"";"";"";"0";"CHEMBL861823";"Inhibition of ACE in bovine kidney";"B";"BAO_0000221";"tissue-based format";"Bos taurus";"CHEMBL3638241";"Kidney";"None";"None";"";"";"";"CHEMBL1808";"Angiotensin-converting enzyme";"Homo sapiens";"SINGLE PROTEIN";"CHEMBL1146940";"1";"Scientific Literature";"Bioorg Med Chem Lett";"2006";"None";"";"";"";"23.76"
"CHEMBL1744144";"";"None";"437.43";"0";"2.26";"17";"CCOP(=O)(CNC(C)=O)NC(Cc1ccccc1)NC(CCSC)C(=O)[O-].[Li+]";"Ratio";"'='";"1.0";"";"";"";"";"";"";"";"";"";"0";"CHEMBL848248";"Ratio of Ki (ACE) to that of Ki (enkephalinase).";"B";"BAO_0000357";"single protein format";"None";"None";"None";"None";"None";"";"";"";"CHEMBL1808";"Angiotensin-converting enzyme";"Homo sapiens";"SINGLE PROTEIN";"CHEMBL1123029";"1";"Scientific Literature";"J Med Chem";"1985";"None";"";"";"";"1.0"
"CHEMBL80906";"";"None";"396.44";"0";"2.09";"15d";"O=C(O)CN1C(=O)C(NC(CCc2ccccc2)C(=O)O)CCc2ccccc21";"IC50";"'='";"10.0";"nM";"8.00";"";"";"UO_0000065";"20.18";"0.38";"5.91";"7.48";"0";"CHEMBL646945";"Inhibition of angiotensin I converting enzyme in silico";"B";"BAO_0000357";"single protein format";"None";"None";"None";"None";"None";"";"";"";"CHEMBL1808";"Angiotensin-converting enzyme";"Homo sapiens";"SINGLE PROTEIN";"CHEMBL1130169";"1";"Scientific Literature";"J Med Chem";"1997";"None";"";"";"";"8.0"
"CHEMBL10247";"THIORPHAN";"-1.0";"253.32";"0";"0.98";"16d";"O=C(O)CNC(=O)C(CS)Cc1ccccc1";"IC50";"'='";"316.23";"nM";"6.50";"";"";"UO_0000065";"25.66";"0.52";"5.52";"9.79";"0";"CHEMBL646945";"Inhibition of angiotensin I converting enzyme in silico";"B";"BAO_0000357";"single protein format";"None";"None";"None";"None";"None";"";"";"";"CHEMBL1808";"Angiotensin-converting enzyme";"Homo sapiens";"SINGLE PROTEIN";"CHEMBL1130169";"1";"Scientific Literature";"J Med Chem";"1997";"None";"";"";"";"6.5"
"CHEMBL152307";"";"None";"311.38";"0";"2.47";"19";"O=CC(Cc1ccccc1)NC(CCc1ccccc1)C(=O)O";"Ki";"'='";"50000.0";"nM";"4.30";"";"";"UO_0000065";"13.81";"0.26";"1.83";"6.48";"0";"CHEMBL652024";"Inhibitory activity against Angiotensin I converting enzyme (ACE) in venom of Bothrops jararaca";"B";"BAO_0000221";"tissue-based format";"Bothrops jararaca";"CHEMBL3987570";"Venom";"None";"None";"";"";"";"CHEMBL1808";"Angiotensin-converting enzyme";"Homo sapiens";"SINGLE PROTEIN";"CHEMBL1135683";"1";"Scientific Literature";"J Med Chem";"2002";"None";"";"";"";"0.00005"
"CHEMBL38405";"";"None";"253.32";"0";"1.12";"29d";"O=C(O)CC(=O)NC(CS)Cc1ccccc1";"IC50";"'='";"1000000000.0";"nM";"";"Outside typical range";"";"UO_0000065";"";"";"";"";"0";"CHEMBL646945";"Inhibition of angiotensin I converting enzyme in silico";"B";"BAO_0000357";"single protein format";"None";"None";"None";"None";"None";"";"";"";"CHEMBL1808";"Angiotensin-converting enzyme";"Homo sapiens";"SINGLE PROTEIN";"CHEMBL1130169";"1";"Scientific Literature";"J Med Chem";"1997";"None";"";"";"";"0.0"
"CHEMBL287921";"";"None";"440.50";"0";"2.16";"5h";"CCOC(=O)[C@H](COCc1ccccc1)N[C@H]1CCc2ccccc2N(CC(=O)O)C1=O";"IC50";"";"";"nM";"";"";"Not Determined";"UO_0000065";"";"";"";"";"0";"CHEMBL644701";"In vitro inhibitory activity against Angiotensin I converting enzyme";"B";"BAO_0000357";"single protein format";"None";"None";"None";"None";"None";"";"";"";"CHEMBL1808";"Angiotensin-converting enzyme";"Homo sapiens";"SINGLE PROTEIN";"CHEMBL1122836";"1";"Scientific Literature";"J Med Chem";"1985";"None";"";"";"";""
"CHEMBL516325";"";"None";"431.62";"0";"4.77";"16f";"CC(C)c1ccc(C(SC[C@H](NC(=O)[C@H](C)CS)C(=O)O)c2ccccc2)cc1";"IC50";"'='";"1700.0";"nM";"5.77";"";"";"UO_0000065";"13.37";"0.27";"1.00";"8.69";"0";"CHEMBL1013488";"Inhibition of angiotensin-converting enzyme in whole blood by HPLC";"B";"BAO_0000221";"tissue-based format";"None";"CHEMBL3638178";"Blood";"None";"None";"";"";"";"CHEMBL1808";"Angiotensin-converting enzyme";"Homo sapiens";"SINGLE PROTEIN";"CHEMBL1154514";"1";"Scientific Literature";"Bioorg Med Chem Lett";"2009";"None";"";"";"";"1700.0"
"CHEMBL2112769";"";"None";"467.52";"0";"1.53";"1S";"C[C@H](N[C@H](C(=O)O)[C@H](Cc1ccccc1)NC(=O)c1ccccc1)C(=O)N1CCC[C@H]1C(=O)O";"IC50";"'='";"7.7";"nM";"8.11";"";"";"UO_0000065";"17.35";"0.33";"6.58";"5.96";"0";"CHEMBL645287";"In vitro inhibitory activity against Angiotensin I converting enzyme";"B";"BAO_0000357";"single protein format";"None";"None";"None";"None";"None";"";"";"";"CHEMBL1808";"Angiotensin-converting enzyme";"Homo sapiens";"SINGLE PROTEIN";"CHEMBL1122972";"1";"Scientific Literature";"J Med Chem";"1985";"None";"";"";"";"7.7"
"CHEMBL105971";"";"None";"398.46";"0";"2.28";"23d";"CC(NC(CCc1cccc2ccccc12)C(=O)O)C(=O)N1CCCC1C(=O)O";"IC50";"'='";"3.162";"nM";"8.50";"";"";"UO_0000065";"21.33";"0.40";"6.22";"7.95";"0";"CHEMBL646945";"Inhibition of angiotensin I converting enzyme in silico";"B";"BAO_0000357";"single protein format";"None";"None";"None";"None";"None";"";"";"";"CHEMBL1808";"Angiotensin-converting enzyme";"Homo sapiens";"SINGLE PROTEIN";"CHEMBL1130169";"1";"Scientific Literature";"J Med Chem";"1997";"None";"";"";"";"8.5"
"CHEMBL150222";"";"None";"307.42";"0";"2.07";"17a";"O=C1N[C@H](C(=O)O)CCCCc2ccccc2C[C@@H]1CS";"IC50";"'>'";"10000.0";"nM";"";"";"";"UO_0000065";"";"";"";"";"0";"CHEMBL644707";"Inhibitory concentration required to inhibit Angiotensin I converting enzyme (ACE)";"B";"BAO_0000357";"single protein format";"None";"None";"None";"None";"None";"";"";"";"CHEMBL1808";"Angiotensin-converting enzyme";"Homo sapiens";"SINGLE PROTEIN";"CHEMBL1129939";"1";"Scientific Literature";"J Med Chem";"1997";"None";"";"";"";"10000.0"
"CHEMBL1017";"TELMISARTAN";"4.0";"514.63";"2";"7.26";"telmisartan";"CCCc1nc2c(C)cc(-c3nc4ccccc4n3C)cc2n1Cc1ccc(-c2ccccc2C(=O)O)cc1";"Ki";"'='";"6000.0";"nM";"5.22";"";"";"UO_0000065";"10.15";"0.18";"-2.04";"7.16";"0";"CHEMBL3088740";"Inhibition of ACE (unknown origin) assessed as 3-Hydroxybutyril-glycil-glycil-glycine conversion to 3-hydroxybutyric acid after 60 mins by WST assay";"B";"BAO_0000357";"single protein format";"Homo sapiens";"None";"None";"None";"None";"";"";"";"CHEMBL1808";"Angiotensin-converting enzyme";"Homo sapiens";"SINGLE PROTEIN";"CHEMBL3085742";"1";"Scientific Literature";"J Med Chem";"2013";"None";"";"";"";"6.0"
"CHEMBL54922";"PROLINE";"2.0";"115.13";"0";"-0.18";"39";"O=C(O)[C@@H]1CCCN1";"Inhibition";"'='";"93.0";"%";"";"";"";"UO_0000187";"";"";"";"";"0";"CHEMBL3088741";"Inhibition of ACE (unknown origin) assessed as 3-Hydroxybutyril-glycil-glycil-glycine conversion to 3-hydroxybutyric acid at 500 uM after 60 mins by WST assay relative to control";"B";"BAO_0000357";"single protein format";"Homo sapiens";"None";"None";"None";"None";"";"";"";"CHEMBL1808";"Angiotensin-converting enzyme";"Homo sapiens";"SINGLE PROTEIN";"CHEMBL3085742";"1";"Scientific Literature";"J Med Chem";"2013";"None";"";"";"";"93.0"
"CHEMBL1560";"CAPTOPRIL";"4.0";"217.29";"0";"0.63";"Captopril";"C[C@H](CS)C(=O)N1CCC[C@H]1C(=O)O";"IC50";"'='";"11.0";"nM";"7.96";"";"";"UO_0000065";"36.63";"0.78";"7.33";"13.81";"0";"CHEMBL3243748";"Inhibition of human ACE-mediated amyloid beta hydrolysis";"B";"BAO_0000357";"single protein format";"Homo sapiens";"None";"None";"None";"None";"";"";"";"CHEMBL1808";"Angiotensin-converting enzyme";"Homo sapiens";"SINGLE PROTEIN";"CHEMBL3232818";"1";"Scientific Literature";"Eur J Med Chem";"2014";"None";"";"";"";"11.0"
"CHEMBL85175";"";"None";"348.40";"0";"1.13";"36";"O=C(O)CN1CCCCC(NC(CCc2ccccc2)C(=O)O)C1=O";"IC50";"'='";"19.0";"nM";"7.72";"";"";"UO_0000065";"22.16";"0.42";"6.59";"7.22";"0";"CHEMBL644704";"Inhibitory concentration (isomer B) against Angiotensin I converting enzyme";"B";"BAO_0000357";"single protein format";"None";"None";"None";"None";"None";"";"";"";"CHEMBL1808";"Angiotensin-converting enzyme";"Homo sapiens";"SINGLE PROTEIN";"CHEMBL1123398";"1";"Scientific Literature";"J Med Chem";"1986";"None";"";"";"";"1.9E-8"
"CHEMBL577";"ENALAPRILAT ANHYDROUS";"4.0";"348.40";"0";"1.13";"Enalaprilat";"C[C@H](N[C@@H](CCc1ccccc1)C(=O)O)C(=O)N1CCC[C@H]1C(=O)O";"IC50";"'='";"1.2";"nM";"8.92";"";"";"UO_0000065";"25.61";"0.49";"7.79";"8.34";"1";"CHEMBL648683";"In vitro inhibition of Angiotensin I converting enzyme in Hog plasma";"B";"BAO_0000366";"cell-free format";"Sus scrofa";"CHEMBL3559721";"Plasma";"None";"None";"";"";"";"CHEMBL1808";"Angiotensin-converting enzyme";"Homo sapiens";"SINGLE PROTEIN";"CHEMBL1124790";"1";"Scientific Literature";"J Med Chem";"1990";"None";"";"";"";"0.0012"
"CHEMBL40963";"";"None";"456.56";"0";"2.87";"5j";"CCOC(=O)[C@H](CSCc1ccccc1)N[C@H]1CCc2ccccc2N(CC(=O)O)C1=O";"IC50";"";"";"nM";"";"";"Not Determined";"UO_0000065";"";"";"";"";"0";"CHEMBL644701";"In vitro inhibitory activity against Angiotensin I converting enzyme";"B";"BAO_0000357";"single protein format";"None";"None";"None";"None";"None";"";"";"";"CHEMBL1808";"Angiotensin-converting enzyme";"Homo sapiens";"SINGLE PROTEIN";"CHEMBL1122836";"1";"Scientific Literature";"J Med Chem";"1985";"None";"";"";"";""
"CHEMBL78953";"";"None";"236.27";"0";"0.15";"53";"C[C@@H](N)C(=O)N[C@@H](Cc1ccccc1)C(=O)O";"IC50";"'='";"190546.07";"nM";"";"Outside typical range";"";"UO_0000065";"";"";"";"";"0";"CHEMBL648337";"Inhibitory activity against angiotensin converting enzyme (ACE)";"F";"BAO_0000019";"assay format";"None";"None";"None";"None";"None";"";"";"";"CHEMBL1808";"Angiotensin-converting enzyme";"Homo sapiens";"SINGLE PROTEIN";"CHEMBL1126767";"1";"Scientific Literature";"J Med Chem";"1993";"None";"";"";"";"3.72"
"CHEMBL2304318";"";"None";"362.43";"0";"1.52";"7";"C[C@H](N[C@](C)(CCc1ccccc1)C(=O)O)C(=O)N1CCC[C@H]1C(=O)O";"IC50";"'='";"1.2";"nM";"8.92";"";"";"UO_0000065";"24.61";"0.47";"7.40";"8.34";"0";"CHEMBL645285";"Inhibition of Angiotensin I converting enzyme";"B";"BAO_0000357";"single protein format";"None";"None";"None";"None";"None";"";"";"";"CHEMBL1808";"Angiotensin-converting enzyme";"Homo sapiens";"SINGLE PROTEIN";"CHEMBL1122964";"1";"Scientific Literature";"J Med Chem";"1985";"None";"";"";"";"1.2E-9"
"CHEMBL2435340";"";"None";"320.35";"0";"2.68";"1,2-HOPO-2";"O=C(NCc1ccc(-c2ccccc2)cc1)c1cccc(=O)n1O";"Inhibition";"";"";"%";"";"";"";"UO_0000187";"";"";"";"";"0";"CHEMBL2439710";"Inhibition of human recombinant ACE/CD143 somatic form using Mca-Pro-Leu-Gly-Leu-Dpa-Ala-Arg-NH2.AcOH as substrate at 10 uM preincubated for 10 mins prior to substrate addition measured for 30 mins by spectrophotometric analysis";"B";"BAO_0000357";"single protein format";"Homo sapiens";"None";"None";"None";"None";"";"";"";"CHEMBL1808";"Angiotensin-converting enzyme";"Homo sapiens";"SINGLE PROTEIN";"CHEMBL2434956";"1";"Scientific Literature";"J Med Chem";"2013";"None";"";"";"Active";""
"CHEMBL110439";"";"None";"362.43";"0";"1.52";"25d";"CC1CCCC(NC(CCc2ccccc2)C(=O)O)C(=O)N1CC(=O)O";"IC50";"'='";"10.0";"nM";"8.00";"";"";"UO_0000065";"22.07";"0.42";"6.48";"7.48";"0";"CHEMBL646945";"Inhibition of angiotensin I converting enzyme in silico";"B";"BAO_0000357";"single protein format";"None";"None";"None";"None";"None";"";"";"";"CHEMBL1808";"Angiotensin-converting enzyme";"Homo sapiens";"SINGLE PROTEIN";"CHEMBL1130169";"1";"Scientific Literature";"J Med Chem";"1997";"None";"";"";"";"8.0"
"CHEMBL335997";"";"None";"417.46";"0";"0.80";"32";"CC(NC(C(=O)O)C1CCCN1C(=O)c1ccccc1)C(=O)N1CCCC1C(=O)O";"IC50";"'='";"2.9";"nM";"8.54";"";"";"UO_0000065";"20.45";"0.39";"7.74";"6.71";"0";"CHEMBL645287";"In vitro inhibitory activity against Angiotensin I converting enzyme";"B";"BAO_0000357";"single protein format";"None";"None";"None";"None";"None";"";"";"";"CHEMBL1808";"Angiotensin-converting enzyme";"Homo sapiens";"SINGLE PROTEIN";"CHEMBL1122972";"1";"Scientific Literature";"J Med Chem";"1985";"None";"";"";"";"2.9"
"CHEMBL98";"VORINOSTAT";"4.0";"264.32";"0";"2.47";"1a, SAHA";"O=C(CCCCCCC(=O)Nc1ccccc1)NO";"Inhibition";"";"";"%";"";"";"";"UO_0000187";"";"";"";"";"0";"CHEMBL2439710";"Inhibition of human recombinant ACE/CD143 somatic form using Mca-Pro-Leu-Gly-Leu-Dpa-Ala-Arg-NH2.AcOH as substrate at 10 uM preincubated for 10 mins prior to substrate addition measured for 30 mins by spectrophotometric analysis";"B";"BAO_0000357";"single protein format";"Homo sapiens";"None";"None";"None";"None";"";"";"";"CHEMBL1808";"Angiotensin-converting enzyme";"Homo sapiens";"SINGLE PROTEIN";"CHEMBL2434956";"1";"Scientific Literature";"J Med Chem";"2013";"None";"";"";"Active";""
"CHEMBL1907754";"";"None";"455.58";"0";"3.71";"8d";"CCOC(=O)C(CCc1ccccc1)SC(C)C(=O)N1Cc2ccccc2C[C@H]1C(=O)O";"IC50";"'='";"460.0";"nM";"6.34";"";"";"UO_0000065";"13.91";"0.27";"2.63";"7.55";"0";"CHEMBL648701";"In vitro inhibitory activity against Angiotensin I converting enzyme from unpurified guinea pig serum";"B";"BAO_0000357";"single protein format";"Cavia porcellus";"None";"None";"None";"None";"";"";"";"CHEMBL1808";"Angiotensin-converting enzyme";"Homo sapiens";"SINGLE PROTEIN";"CHEMBL1123106";"1";"Scientific Literature";"J Med Chem";"1985";"None";"";"";"";"4.6E-7"
"CHEMBL2153745";"";"None";"472.48";"0";"2.76";"24";"O=C(N[C@@H](CCc1ccccc1)CP(=O)(O)CC(=O)N1CCC[C@H]1C(=O)O)c1ccccc1";"IC50";"'='";"12.0";"nM";"7.92";"";"";"UO_0000065";"16.76";"0.33";"5.16";"6.39";"0";"CHEMBL2156010";"Inhibition of ACE";"B";"BAO_0000357";"single protein format";"None";"None";"None";"None";"None";"";"";"";"CHEMBL1808";"Angiotensin-converting enzyme";"Homo sapiens";"SINGLE PROTEIN";"CHEMBL2150865";"1";"Scientific Literature";"J Med Chem";"2011";"None";"";"";"";"12.0"
"CHEMBL526674";"";"None";"1416.75";"None";"None";"Table 2, 19";"CC[C@H](C)[C@H](NC(=O)[C@H](CCCCN)NC(=O)[C@H](Cc1c[nH]c2ccccc12)NC(=O)[C@H](Cc1c[nH]c2ccccc12)NC(=O)[C@@H](N)CCCCN)C(=O)N[C@@H](Cc1c[nH]c2ccccc12)C(=O)N[C@@H](Cc1c[nH]c2ccccc12)C(=O)N[C@@H](CCCCN)C(=O)N[C@@H](CCCNC(=N)N)C(=O)O";"Ratio IC50";"'='";"6.7";"";"";"";"";"";"";"";"";"";"0";"CHEMBL3363248";"Ratio of compound IC50 to peptide Bac2A RLARIVVIRVAR IC50 for ACE (unknown origin)";"B";"BAO_0000357";"single protein format";"Homo sapiens";"None";"None";"None";"None";"";"";"";"CHEMBL1808";"Angiotensin-converting enzyme";"Homo sapiens";"SINGLE PROTEIN";"CHEMBL3352520";"1";"Scientific Literature";"Eur J Med Chem";"2014";"None";"";"";"";"6.7"
"CHEMBL433702";"";"None";"349.50";"0";"3.24";"22a";"O=C1N[C@H](C(=O)O)Cc2ccccc2CCCCCCC[C@@H]1CS";"IC50";"";"";"nM";"";"";"Not Determined";"UO_0000065";"";"";"";"";"0";"CHEMBL883236";"Inhibitory concentration required to inhibit Angiotensin I converting enzyme (ACE); Not tested";"B";"BAO_0000357";"single protein format";"None";"None";"None";"None";"None";"";"";"";"CHEMBL1808";"Angiotensin-converting enzyme";"Homo sapiens";"SINGLE PROTEIN";"CHEMBL1129939";"1";"Scientific Literature";"J Med Chem";"1997";"None";"";"";"";""
"CHEMBL50814";"";"None";"412.51";"0";"2.47";"1E";"O=C(O)CN1C(=O)C(NC(=O)[C@@H](S)Cc2ccccc2)CCCc2ccccc21";"IC50";"'='";"25.0";"nM";"7.60";"";"";"UO_0000065";"18.43";"0.36";"5.13";"8.77";"0";"CHEMBL645286";"Inhibition of Angiotensin I converting enzyme";"B";"BAO_0000357";"single protein format";"None";"None";"None";"None";"None";"";"";"";"CHEMBL1808";"Angiotensin-converting enzyme";"Homo sapiens";"SINGLE PROTEIN";"CHEMBL1152108";"1";"Scientific Literature";"Bioorg Med Chem Lett";"1994";"None";"";"";"";"25.0"
"CHEMBL421171";"";"None";"190.16";"0";"-2.01";"DG";"N[C@@H](CC(=O)O)C(=O)NCC(=O)O";"IC50";"'='";"14125375.45";"nM";"";"Outside typical range";"";"UO_0000065";"";"";"";"";"0";"CHEMBL858254";"Biological activity was measured against Angiotensin I converting enzyme";"B";"BAO_0000357";"single protein format";"None";"None";"None";"None";"None";"";"";"";"CHEMBL1808";"Angiotensin-converting enzyme";"Homo sapiens";"SINGLE PROTEIN";"CHEMBL1128468";"1";"Scientific Literature";"J Med Chem";"1995";"None";"";"";"";"1.85"
"CHEMBL152758";"";"None";"258.27";"0";"-0.49";"14";"CC(N[C@H](C)C(=O)N1CCC[C@H]1C(=O)O)C(=O)O";"IC50";"'='";"90.0";"nM";"7.05";"";"";"UO_0000065";"27.28";"0.53";"7.54";"6.59";"1";"CHEMBL883277";"Inhibition of Angiotensin I converting enzyme (ACE) in Bothrops jararaca venom";"B";"BAO_0000357";"single protein format";"Bothrops jararaca";"None";"None";"None";"None";"";"";"";"CHEMBL1808";"Angiotensin-converting enzyme";"Homo sapiens";"SINGLE PROTEIN";"CHEMBL1135683";"1";"Scientific Literature";"J Med Chem";"2002";"None";"";"";"";"9E-8"
"CHEMBL42683";"";"None";"412.44";"0";"1.68";"5g";"O=C(O)CN1C(=O)[C@@H](N[C@@H](COCc2ccccc2)C(=O)O)CCc2ccccc21";"IC50";"'='";"10.0";"nM";"8.00";"";"";"UO_0000065";"19.40";"0.36";"6.32";"6.89";"0";"CHEMBL644701";"In vitro inhibitory activity against Angiotensin I converting enzyme";"B";"BAO_0000357";"single protein format";"None";"None";"None";"None";"None";"";"";"";"CHEMBL1808";"Angiotensin-converting enzyme";"Homo sapiens";"SINGLE PROTEIN";"CHEMBL1122836";"1";"Scientific Literature";"J Med Chem";"1985";"None";"";"";"";"10.0"
"CHEMBL420061";"";"None";"203.24";"0";"-1.36";"GK";"NCCCC[C@H](NC(=O)CN)C(=O)O";"IC50";"'='";"5370317.96";"nM";"";"Outside typical range";"";"UO_0000065";"";"";"";"";"0";"CHEMBL858254";"Biological activity was measured against Angiotensin I converting enzyme";"B";"BAO_0000357";"single protein format";"None";"None";"None";"None";"None";"";"";"";"CHEMBL1808";"Angiotensin-converting enzyme";"Homo sapiens";"SINGLE PROTEIN";"CHEMBL1128468";"1";"Scientific Literature";"J Med Chem";"1995";"None";"";"";"";"2.27"
"CHEMBL17503";"";"None";"204.18";"0";"-1.62";"DA";"C[C@H](NC(=O)[C@@H](N)CC(=O)O)C(=O)O";"IC50";"'='";"3801893.96";"nM";"";"Outside typical range";"";"UO_0000065";"";"";"";"";"0";"CHEMBL858254";"Biological activity was measured against Angiotensin I converting enzyme";"B";"BAO_0000357";"single protein format";"None";"None";"None";"None";"None";"";"";"";"CHEMBL1808";"Angiotensin-converting enzyme";"Homo sapiens";"SINGLE PROTEIN";"CHEMBL1128468";"1";"Scientific Literature";"J Med Chem";"1995";"None";"";"";"";"2.42"
"CHEMBL1733";"QUINAPRILAT";"2.0";"410.47";"0";"2.09";"CI-928";"C[C@H](N[C@@H](CCc1ccccc1)C(=O)O)C(=O)N1Cc2ccccc2C[C@H]1C(=O)O";"IC50";"'='";"2.9";"nM";"8.54";"";"";"UO_0000065";"20.80";"0.39";"6.45";"7.98";"1";"CHEMBL644699";"Compound was tested for its inhibitory potency against angiotensin I converting enzyme";"B";"BAO_0000357";"single protein format";"None";"None";"None";"None";"None";"";"";"";"CHEMBL1808";"Angiotensin-converting enzyme";"Homo sapiens";"SINGLE PROTEIN";"CHEMBL1125229";"1";"Scientific Literature";"J Med Chem";"1991";"None";"";"";"";"2.9"
"CHEMBL90670";"";"None";"203.20";"0";"-2.22";"QG";"NC(=O)CC[C@H](N)C(=O)NCC(=O)O";"IC50";"'='";"7413102.41";"nM";"";"Outside typical range";"";"UO_0000065";"";"";"";"";"0";"CHEMBL858254";"Biological activity was measured against Angiotensin I converting enzyme";"B";"BAO_0000357";"single protein format";"None";"None";"None";"None";"None";"";"";"";"CHEMBL1808";"Angiotensin-converting enzyme";"Homo sapiens";"SINGLE PROTEIN";"CHEMBL1128468";"1";"Scientific Literature";"J Med Chem";"1995";"None";"";"";"";"2.13"
"CHEMBL53400";"";"None";"238.24";"0";"-0.54";"GY";"NCC(=O)N[C@@H](Cc1ccc(O)cc1)C(=O)O";"IC50";"'='";"208929.61";"nM";"";"Outside typical range";"";"UO_0000065";"";"";"";"";"0";"CHEMBL858254";"Biological activity was measured against Angiotensin I converting enzyme";"B";"BAO_0000357";"single protein format";"None";"None";"None";"None";"None";"";"";"";"CHEMBL1808";"Angiotensin-converting enzyme";"Homo sapiens";"SINGLE PROTEIN";"CHEMBL1128468";"1";"Scientific Literature";"J Med Chem";"1995";"None";"";"";"";"3.68"
"CHEMBL155874";"";"None";"542.41";"1";"4.16";"21a";"O=C(Nc1ccc(S(=O)(=O)N[C@H](Cc2c[nH]c3ccccc23)C(=O)O)cc1)c1ccc(Br)cc1";"IC50";"'>'";"1000.0";"nM";"";"";"";"UO_0000065";"";"";"";"";"0";"CHEMBL644702";"Inhibitory activity against Angiotensin I converting enzyme";"B";"BAO_0000357";"single protein format";"None";"None";"None";"None";"None";"";"";"";"CHEMBL1808";"Angiotensin-converting enzyme";"Homo sapiens";"SINGLE PROTEIN";"CHEMBL1131478";"1";"Scientific Literature";"J Med Chem";"1998";"None";"";"";"";"1.0"
"CHEMBL299759";"";"None";"261.28";"0";"0.24";"GW";"NCC(=O)N[C@@H](Cc1c[nH]c2ccccc12)C(=O)O";"IC50";"'='";"30199.52";"nM";"4.52";"";"";"UO_0000065";"17.30";"0.32";"4.28";"4.18";"0";"CHEMBL858254";"Biological activity was measured against Angiotensin I converting enzyme";"B";"BAO_0000357";"single protein format";"None";"None";"None";"None";"None";"";"";"";"CHEMBL1808";"Angiotensin-converting enzyme";"Homo sapiens";"SINGLE PROTEIN";"CHEMBL1128468";"1";"Scientific Literature";"J Med Chem";"1995";"None";"";"";"";"4.52"
"CHEMBL91241";"";"None";"146.15";"0";"-1.47";"GA";"C[C@H](NC(=O)CN)C(=O)O";"IC50";"'='";"1995262.31";"nM";"";"Outside typical range";"";"UO_0000065";"";"";"";"";"0";"CHEMBL858254";"Biological activity was measured against Angiotensin I converting enzyme";"B";"BAO_0000357";"single protein format";"None";"None";"None";"None";"None";"";"";"";"CHEMBL1808";"Angiotensin-converting enzyme";"Homo sapiens";"SINGLE PROTEIN";"CHEMBL1128468";"1";"Scientific Literature";"J Med Chem";"1995";"None";"";"";"";"2.7"
"CHEMBL176688";"";"None";"423.47";"0";"1.85";"13";"O=C(NC(Cc1cccnc1)C(=O)CCC(=O)N1CCC[C@H]1C(=O)O)c1ccccc1";"IC50";"'='";"5.7";"nM";"8.24";"";"";"UO_0000065";"19.47";"0.36";"6.39";"7.07";"0";"CHEMBL648346";"Concentration required to inhibit the activity of Angiotensin I converting enzyme by 50%";"B";"BAO_0000224";"protein format";"Cavia porcellus";"None";"None";"None";"None";"";"";"";"CHEMBL1808";"Angiotensin-converting enzyme";"Homo sapiens";"SINGLE PROTEIN";"CHEMBL1121683";"1";"Scientific Literature";"J Med Chem";"1981";"None";"";"";"";"5.7E-9"
"CHEMBL431052";"";"None";"363.37";"0";"0.06";"3a";"C[C@H](N[C@@H](CCc1ccccc1)C(=O)O)C(=O)N1C(=O)NC[C@H]1C(=O)O";"IC50";"'='";"3.5";"nM";"8.46";"";"";"UO_0000065";"23.27";"0.44";"8.40";"6.22";"0";"CHEMBL644735";"Inhibition of Angiotensin I converting enzyme from pig renal cortex, hippuryl-histidyl-leucine as substrate";"B";"BAO_0000019";"assay format";"Sus scrofa";"None";"None";"None";"None";"";"";"";"CHEMBL1808";"Angiotensin-converting enzyme";"Homo sapiens";"SINGLE PROTEIN";"CHEMBL1124381";"1";"Scientific Literature";"J Med Chem";"1989";"None";"";"";"";"3.5E-9"
"CHEMBL93785";"";"None";"512.50";"1";"2.81";"5";"COc1ccccc1C[C@H](NCP(=O)(O)O)C(=O)N[C@@H](Cc1ccc(-c2ccccc2)cc1)C(=O)O";"IC50";"'='";"160.0";"nM";"6.80";"";"";"UO_0000065";"13.26";"0.26";"3.99";"4.68";"0";"CHEMBL876577";"In vitro inhibitory concentration against angiotensin-converting enzyme";"B";"BAO_0000224";"protein format";"None";"None";"None";"None";"None";"";"";"";"CHEMBL1808";"Angiotensin-converting enzyme";"Homo sapiens";"SINGLE PROTEIN";"CHEMBL1150039";"1";"Scientific Literature";"Bioorg Med Chem Lett";"1994";"None";"";"";"";"160.0"
"CHEMBL2111941";"";"None";"377.40";"0";"-0.08";"20";"C[C@H](NC(CNC(=O)c1ccccc1)C(=O)O)C(=O)N1CCC[C@H]1C(=O)O";"IC50";"'='";"40.0";"nM";"7.40";"";"";"UO_0000065";"19.60";"0.37";"7.48";"5.44";"0";"CHEMBL645287";"In vitro inhibitory activity against Angiotensin I converting enzyme";"B";"BAO_0000357";"single protein format";"None";"None";"None";"None";"None";"";"";"";"CHEMBL1808";"Angiotensin-converting enzyme";"Homo sapiens";"SINGLE PROTEIN";"CHEMBL1122972";"1";"Scientific Literature";"J Med Chem";"1985";"None";"";"";"";"40.0"
"CHEMBL311838";"";"None";"484.62";"0";"3.11";"2, MDL-100192";"CC(C)C[C@H](C(=O)O)N1CCO[C@@H](c2ccccc2)[C@H](NC(=O)[C@H](S)Cc2ccccc2)C1=O";"Ki";"'='";"50000.0";"nM";"4.30";"";"";"UO_0000065";"8.88";"0.17";"1.19";"4.48";"0";"CHEMBL644710";"Binding affinity against Angiotensin I converting enzyme";"B";"BAO_0000357";"single protein format";"None";"None";"None";"None";"None";"";"";"";"CHEMBL1808";"Angiotensin-converting enzyme";"Homo sapiens";"SINGLE PROTEIN";"CHEMBL1127183";"1";"Scientific Literature";"Bioorg Med Chem Lett";"1993";"None";"";"";"";"50.0"
"CHEMBL577";"ENALAPRILAT ANHYDROUS";"4.0";"348.40";"0";"1.13";"12d";"C[C@H](N[C@@H](CCc1ccccc1)C(=O)O)C(=O)N1CCC[C@H]1C(=O)O";"IC50";"'='";"3.981";"nM";"8.40";"";"";"UO_0000065";"24.11";"0.46";"7.27";"7.85";"0";"CHEMBL646945";"Inhibition of angiotensin I converting enzyme in silico";"B";"BAO_0000357";"single protein format";"None";"None";"None";"None";"None";"";"";"";"CHEMBL1808";"Angiotensin-converting enzyme";"Homo sapiens";"SINGLE PROTEIN";"CHEMBL1130169";"1";"Scientific Literature";"J Med Chem";"1997";"None";"";"";"";"8.4"
"CHEMBL173287";"";"None";"309.43";"0";"2.53";"20";"CC(C)CC(S)CC(=O)NC(Cc1ccccc1)C(=O)O";"IC50";"'='";"10000.0";"nM";"5.00";"";"";"UO_0000065";"16.16";"0.33";"2.47";"7.53";"0";"CHEMBL646967";"Inhibitory concentration was evaluated by inhibiting 50% of Angiotensin I Converting Enzyme activity using 50 uM N-Cbz-Phe-His-Leu as substrate";"B";"BAO_0000357";"single protein format";"None";"None";"None";"None";"None";"";"";"";"CHEMBL1808";"Angiotensin-converting enzyme";"Homo sapiens";"SINGLE PROTEIN";"CHEMBL1126948";"1";"Scientific Literature";"J Med Chem";"1993";"None";"";"";"";"10.0"
"CHEMBL290521";"";"None";"410.47";"0";"2.18";"5o";"CCOC(=O)[C@H](Cc1ccccc1)N[C@H]1CCc2ccccc2N(CC(=O)O)C1=O";"IC50";"";"";"nM";"";"";"Not Determined";"UO_0000065";"";"";"";"";"0";"CHEMBL644701";"In vitro inhibitory activity against Angiotensin I converting enzyme";"B";"BAO_0000357";"single protein format";"None";"None";"None";"None";"None";"";"";"";"CHEMBL1808";"Angiotensin-converting enzyme";"Homo sapiens";"SINGLE PROTEIN";"CHEMBL1122836";"1";"Scientific Literature";"J Med Chem";"1985";"None";"";"";"";""
"CHEMBL78996";"";"None";"449.46";"0";"0.73";"COO_23J";"CC(NC(=O)OCc1ccccc1)C(=O)N[C@H](CCC(=O)N1CCC[C@H]1C(=O)O)C(=O)O";"IC50";"'='";"389.05";"nM";"6.41";"";"";"UO_0000065";"";"";"";"";"0";"CHEMBL648337";"Inhibitory activity against angiotensin converting enzyme (ACE)";"F";"BAO_0000019";"assay format";"None";"None";"None";"None";"None";"";"";"";"CHEMBL1808";"Angiotensin-converting enzyme";"Homo sapiens";"SINGLE PROTEIN";"CHEMBL1126767";"1";"Scientific Literature";"J Med Chem";"1993";"None";"";"";"";"6.41"
"CHEMBL285897";"";"None";"349.38";"0";"1.55";"9a";"CC(OC(CCc1ccccc1)C(=O)O)C(=O)N1CCCC1C(=O)O";"IC50";"'='";"110.0";"nM";"6.96";"";"";"UO_0000065";"19.92";"0.38";"5.41";"6.68";"0";"CHEMBL648701";"In vitro inhibitory activity against Angiotensin I converting enzyme from unpurified guinea pig serum";"B";"BAO_0000357";"single protein format";"Cavia porcellus";"None";"None";"None";"None";"";"";"";"CHEMBL1808";"Angiotensin-converting enzyme";"Homo sapiens";"SINGLE PROTEIN";"CHEMBL1123106";"1";"Scientific Literature";"J Med Chem";"1985";"None";"";"";"";"1.1E-7"
"CHEMBL281124";"";"None";"569.55";"1";"3.17";"2g";"COC(=O)c1ccc2oc(C(=O)C(Cc3ccccc3)NC(=O)Cn3c(-c4ccc(F)cc4)ncc(N)c3=O)nc2c1";"NA";"";"";"";"";"";"Not Active";"";"";"";"";"";"0";"CHEMBL876758";"Inhibitory activity against human angiotensin I converting enzyme (10 uM); No inhibition";"B";"BAO_0000357";"single protein format";"None";"None";"None";"None";"None";"";"";"";"CHEMBL1808";"Angiotensin-converting enzyme";"Homo sapiens";"SINGLE PROTEIN";"CHEMBL1134397";"1";"Scientific Literature";"J Med Chem";"2001";"None";"";"";"";""
"CHEMBL2112768";"";"None";"481.55";"0";"1.92";"25S";"C[C@H](N[C@@H](C[C@H](Cc1ccccc1)NC(=O)c1ccccc1)C(=O)O)C(=O)N1CCC[C@H]1C(=O)O";"IC50";"'='";"3.0";"nM";"8.52";"";"";"UO_0000065";"17.70";"0.33";"6.60";"6.26";"0";"CHEMBL645287";"In vitro inhibitory activity against Angiotensin I converting enzyme";"B";"BAO_0000357";"single protein format";"None";"None";"None";"None";"None";"";"";"";"CHEMBL1808";"Angiotensin-converting enzyme";"Homo sapiens";"SINGLE PROTEIN";"CHEMBL1122972";"1";"Scientific Literature";"J Med Chem";"1985";"None";"";"";"";"3.0"
"CHEMBL3350318";"";"None";"498.58";"0";"2.58";"27 (S,S,R)";"CCOC(=O)[C@H](CCc1ccccc1)N[C@@H](C)C(=O)N1Cc2cc(OC)c(OC)cc2C[C@@H]1C(=O)O";"IC50";"'='";"90000.0";"nM";"4.05";"";"";"UO_0000065";"8.11";"0.15";"1.47";"3.54";"0";"CHEMBL648350";"Inhibition of guinea pig angiotensin I converting enzyme";"B";"BAO_0000357";"single protein format";"Cavia porcellus";"None";"None";"None";"None";"";"";"";"CHEMBL1808";"Angiotensin-converting enzyme";"Homo sapiens";"SINGLE PROTEIN";"CHEMBL1123237";"1";"Scientific Literature";"J Med Chem";"1986";"None";"";"";"";"90.0"
"CHEMBL91777";"VALYLTRYPTOPHAN";"None";"303.36";"0";"1.26";"VW";"CC(C)[C@H](N)C(=O)N[C@@H](Cc1c[nH]c2ccccc12)C(=O)O";"IC50";"'='";"1584.89";"nM";"5.80";"";"";"UO_0000065";"19.12";"0.36";"4.54";"5.36";"1";"CHEMBL858254";"Biological activity was measured against Angiotensin I converting enzyme";"B";"BAO_0000357";"single protein format";"None";"None";"None";"None";"None";"";"";"";"CHEMBL1808";"Angiotensin-converting enzyme";"Homo sapiens";"SINGLE PROTEIN";"CHEMBL1128468";"1";"Scientific Literature";"J Med Chem";"1995";"None";"";"";"";"5.8"
"CHEMBL314532";"";"None";"204.18";"0";"-1.62";"GE";"NCC(=O)N[C@@H](CCC(=O)O)C(=O)O";"IC50";"'='";"5370317.96";"nM";"";"Outside typical range";"";"UO_0000065";"";"";"";"";"0";"CHEMBL858254";"Biological activity was measured against Angiotensin I converting enzyme";"B";"BAO_0000357";"single protein format";"None";"None";"None";"None";"None";"";"";"";"CHEMBL1808";"Angiotensin-converting enzyme";"Homo sapiens";"SINGLE PROTEIN";"CHEMBL1128468";"1";"Scientific Literature";"J Med Chem";"1995";"None";"";"";"";"2.27"
"CHEMBL314707";"";"None";"172.18";"0";"-0.98";"7";"NC1CCCN(CC(=O)O)C1=O";"IC50";"'='";"1700000.0";"nM";"";"Outside typical range";"";"UO_0000065";"";"";"";"";"0";"CHEMBL644705";"Inhibitory concentration against Angiotensin I converting enzyme";"B";"BAO_0000357";"single protein format";"None";"None";"None";"None";"None";"";"";"";"CHEMBL1808";"Angiotensin-converting enzyme";"Homo sapiens";"SINGLE PROTEIN";"CHEMBL1123398";"1";"Scientific Literature";"J Med Chem";"1986";"None";"";"";"";"0.0017"
"CHEMBL2115075";"";"None";"498.58";"0";"2.58";"26 (R,S,S)";"CCOC(=O)[C@@H](CCc1ccccc1)N[C@@H](C)C(=O)N1Cc2cc(OC)c(OC)cc2C[C@H]1C(=O)O";"IC50";"'='";"1100.0";"nM";"5.96";"";"";"UO_0000065";"11.95";"0.23";"3.38";"5.21";"0";"CHEMBL648350";"Inhibition of guinea pig angiotensin I converting enzyme";"B";"BAO_0000357";"single protein format";"Cavia porcellus";"None";"None";"None";"None";"";"";"";"CHEMBL1808";"Angiotensin-converting enzyme";"Homo sapiens";"SINGLE PROTEIN";"CHEMBL1123237";"1";"Scientific Literature";"J Med Chem";"1986";"None";"";"";"";"1.1"
"CHEMBL44139";"";"None";"334.37";"0";"1.26";"5x";"CCC[C@H](N[C@H]1CCc2ccccc2N(CC(=O)O)C1=O)C(=O)O";"IC50";"'='";"6.0";"nM";"8.22";"";"";"UO_0000065";"24.59";"0.47";"6.96";"7.69";"0";"CHEMBL644701";"In vitro inhibitory activity against Angiotensin I converting enzyme";"B";"BAO_0000357";"single protein format";"None";"None";"None";"None";"None";"";"";"";"CHEMBL1808";"Angiotensin-converting enzyme";"Homo sapiens";"SINGLE PROTEIN";"CHEMBL1122836";"1";"Scientific Literature";"J Med Chem";"1985";"None";"";"";"";"6.0"
"CHEMBL19443";"";"None";"469.45";"0";"2.81";"20";"CC(C)CC(NC(Cc1ccccc1)NP(=O)([O-])CNC(=O)c1ccccc1)C(=O)O.[Na+]";"Ratio";"'='";"8.0";"";"";"";"";"";"";"";"";"";"0";"CHEMBL848248";"Ratio of Ki (ACE) to that of Ki (enkephalinase).";"B";"BAO_0000357";"single protein format";"None";"None";"None";"None";"None";"";"";"";"CHEMBL1808";"Angiotensin-converting enzyme";"Homo sapiens";"SINGLE PROTEIN";"CHEMBL1123029";"1";"Scientific Literature";"J Med Chem";"1985";"None";"";"";"";"8.0"
"CHEMBL2370850";"";"None";"572.66";"2";"-0.81";"5";"C[C@H](NC(=O)[C@H](Cc1ccccc1)NC(=O)[C@H](CCCCN)NC(=O)[C@@H]1CCC(=O)N1)C(=O)N1CCC[C@H]1C(=O)O";"IC50";"'='";"50.0";"nM";"7.30";"";"";"UO_0000065";"12.75";"0.24";"8.11";"3.65";"0";"CHEMBL645287";"In vitro inhibitory activity against Angiotensin I converting enzyme";"B";"BAO_0000357";"single protein format";"None";"None";"None";"None";"None";"";"";"";"CHEMBL1808";"Angiotensin-converting enzyme";"Homo sapiens";"SINGLE PROTEIN";"CHEMBL1122972";"1";"Scientific Literature";"J Med Chem";"1985";"None";"";"";"";"5E-8"
"CHEMBL1560";"CAPTOPRIL";"4.0";"217.29";"0";"0.63";"2 (captopril)";"C[C@H](CS)C(=O)N1CCC[C@H]1C(=O)O";"IC50";"'='";"13.0";"nM";"7.89";"";"";"UO_0000065";"36.29";"0.77";"7.26";"13.69";"0";"CHEMBL648350";"Inhibition of guinea pig angiotensin I converting enzyme";"B";"BAO_0000357";"single protein format";"Cavia porcellus";"None";"None";"None";"None";"";"";"";"CHEMBL1808";"Angiotensin-converting enzyme";"Homo sapiens";"SINGLE PROTEIN";"CHEMBL1123237";"1";"Scientific Literature";"J Med Chem";"1986";"None";"";"";"";"0.013"
"CHEMBL858";"EDETIC ACID";"3.0";"292.24";"0";"-2.07";"EDTA";"O=C(O)CN(CCN(CC(=O)O)CC(=O)O)CC(=O)O";"IC50";"'='";"14000.0";"nM";"4.85";"";"";"UO_0000065";"16.61";"0.33";"6.92";"3.12";"0";"CHEMBL4144750";"Inhibition of ACE (unknown origin) using hippuryl-L-histidyl-L-leucine as substrate preincubated with substrate for 30 mins followed by enzyme addition measured after 30 mins by LC/MS analysis";"B";"BAO_0000357";"single protein format";"Homo sapiens";"None";"None";"None";"None";"";"";"";"CHEMBL1808";"Angiotensin-converting enzyme";"Homo sapiens";"SINGLE PROTEIN";"CHEMBL4138292";"1";"Scientific Literature";"J Nat Prod";"2018";"None";"";"";"";"14.0"
"CHEMBL304881";"";"None";"379.44";"0";"0.09";"3f";"CN1C(=O)CC[C@H](NC(=O)[C@@H](S)Cc2ccccc2)C(=O)N1CC(=O)O";"IC50";"'='";"16.0";"nM";"7.80";"";"";"UO_0000065";"20.55";"0.41";"7.71";"7.28";"0";"CHEMBL648283";"In vitro inhibitory activity against angiotensin converting enzyme (ACE) in rat was determined";"B";"BAO_0000019";"assay format";"None";"None";"None";"None";"None";"";"";"";"CHEMBL1808";"Angiotensin-converting enzyme";"Homo sapiens";"SINGLE PROTEIN";"CHEMBL1127958";"1";"Scientific Literature";"Bioorg Med Chem Lett";"1994";"None";"";"";"";"16.0"
"CHEMBL92949";"";"None";"397.37";"1";"1.03";"29";"CC(C)[C@H](NCP(=O)(O)O)C(=O)N[C@@H](Cc1c[nH]c2ccccc12)C(=O)O";"IC50";"'='";"240.0";"nM";"6.62";"";"";"UO_0000065";"16.66";"0.33";"5.59";"4.36";"0";"CHEMBL876577";"In vitro inhibitory concentration against angiotensin-converting enzyme";"B";"BAO_0000224";"protein format";"None";"None";"None";"None";"None";"";"";"";"CHEMBL1808";"Angiotensin-converting enzyme";"Homo sapiens";"SINGLE PROTEIN";"CHEMBL1150039";"1";"Scientific Literature";"Bioorg Med Chem Lett";"1994";"None";"";"";"";"240.0"
"CHEMBL94173";"";"None";"426.51";"0";"2.94";"31";"CC[C@H](C)C(N[C@@H](C)C(=O)O)C(=O)N[C@@H](Cc1ccc(-c2ccccc2)cc1)C(=O)O";"IC50";"'='";"22.0";"nM";"7.66";"";"";"UO_0000065";"17.95";"0.34";"4.72";"6.62";"0";"CHEMBL876577";"In vitro inhibitory concentration against angiotensin-converting enzyme";"B";"BAO_0000224";"protein format";"None";"None";"None";"None";"None";"";"";"";"CHEMBL1808";"Angiotensin-converting enzyme";"Homo sapiens";"SINGLE PROTEIN";"CHEMBL1150039";"1";"Scientific Literature";"Bioorg Med Chem Lett";"1994";"None";"";"";"";"22.0"
"CHEMBL1560";"CAPTOPRIL";"4.0";"217.29";"0";"0.63";"68";"C[C@H](CS)C(=O)N1CCC[C@H]1C(=O)O";"IC50";"'='";"208.93";"nM";"6.68";"";"";"UO_0000065";"30.74";"0.65";"6.05";"11.60";"0";"CHEMBL5229289";"Inhibition of ACE (unknown origin)";"B";"BAO_0000357";"single protein format";"Homo sapiens";"None";"None";"None";"None";"";"";"";"CHEMBL1808";"Angiotensin-converting enzyme";"Homo sapiens";"SINGLE PROTEIN";"CHEMBL5226360";"1";"Scientific Literature";"Bioorg Med Chem Lett";"2022";"None";"";"INHIBITOR";"";"6.68"
"CHEMBL54677";"";"None";"523.68";"2";"3.46";"6";"CC(C)[C@@H](O)C[C@H](O)[C@H](CC1CCCCC1)NC(=O)[C@H](Cc1c[nH]cn1)NC(=O)c1cc2ccccc2[nH]1";"Inhibition";"'='";"6.0";"%";"";"";"";"UO_0000187";"";"";"";"";"0";"CHEMBL649539";"Percent Inhibitory activity against angiotensin-converting enzyme (ACE) human at the concentration of 100000 nM";"B";"BAO_0000357";"single protein format";"None";"None";"None";"None";"None";"";"";"";"CHEMBL1808";"Angiotensin-converting enzyme";"Homo sapiens";"SINGLE PROTEIN";"CHEMBL1130485";"1";"Scientific Literature";"Bioorg Med Chem Lett";"1997";"None";"";"";"";"6.0"
"CHEMBL611148";"";"None";"265.33";"0";"1.59";"5";"C[C@@H](CS)C(=O)N1c2ccccc2C[C@H]1C(=O)O";"IC50";"'='";"3.7";"nM";"8.43";"";"";"UO_0000065";"31.78";"0.64";"6.84";"14.64";"0";"CHEMBL645285";"Inhibition of Angiotensin I converting enzyme";"B";"BAO_0000357";"single protein format";"None";"None";"None";"None";"None";"";"";"";"CHEMBL1808";"Angiotensin-converting enzyme";"Homo sapiens";"SINGLE PROTEIN";"CHEMBL1122964";"1";"Scientific Literature";"J Med Chem";"1985";"None";"";"";"";"3.7E-9"
"CHEMBL102044";"";"None";"215.21";"0";"-1.32";"2a";"C[C@H](N)C(=O)N1C(=O)N(C)C[C@H]1C(=O)O";"IC50";"'='";"10000.0";"nM";"5.00";"";"";"UO_0000065";"23.23";"0.46";"6.32";"4.81";"0";"CHEMBL644734";"Inhibitory activity on Angiotensin I converting enzyme (ACE) obtained from pig renal cortex and hippuryl-histidyl-leucine as substrate";"B";"BAO_0000019";"assay format";"Sus scrofa";"None";"None";"None";"None";"";"";"";"CHEMBL1808";"Angiotensin-converting enzyme";"Homo sapiens";"SINGLE PROTEIN";"CHEMBL1124381";"1";"Scientific Literature";"J Med Chem";"1989";"None";"";"";"";"0.00001"
"CHEMBL3920271";"";"None";"512.49";"1";"4.66";"EUB0001745";"CC(C)(O)CNC(=O)N1C(=O)N(c2cccc(C(F)(F)F)c2)C2=C(C(=O)CC2)[C@@H]1c1ccc(C#N)cc1";"% Ctrl";"'='";"98.0";"%";"";"";"Not Active";"UO_0000187";"";"";"";"";"0";"CHEMBL5463744";"Activity against ACE(HU_AMTCH400) in the  Eurofins Cerep SafetyScreen44 (BI) by Photometry (Cerep_3441)";"B";"BAO_0000357";"single protein format";"Homo sapiens";"None";"None";"None";"None";"Assay technology: Photometry | Assay type: biochemical | Assay technology: Photometry | Assay type: biochemical | Method: Acetylcholinesterase ACE (human, AMTCh 400 uM) at CEREP";"";"";"CHEMBL1808";"Angiotensin-converting enzyme";"Homo sapiens";"SINGLE PROTEIN";"CHEMBL5463722";"54";"SGC Frankfurt - Donated Chemical Probes";"";"2023";"None";"Compound concentration = 10.0 uM";"";"";"98.0"
"CHEMBL4078112";"";"None";"606.64";"1";"2.38";"6c";"CCC[C@H](N[C@@H](CCc1ccccc1)C(=O)O)C(=O)N1C[C@@H](NC(=O)C[C@H](N)Cc2cc(F)c(F)cc2F)C[C@H]1C(=O)O";"IC50";"'='";"51.0";"nM";"7.29";"";"";"UO_0000065";"12.02";"0.23";"4.91";"4.50";"0";"CHEMBL4021433";"Inhibition of human plasma ACE";"B";"BAO_0000357";"single protein format";"Homo sapiens";"None";"None";"None";"None";"";"";"";"CHEMBL1808";"Angiotensin-converting enzyme";"Homo sapiens";"SINGLE PROTEIN";"CHEMBL4020733";"1";"Scientific Literature";"Bioorg Med Chem Lett";"2017";"None";"";"";"";"51.0"
"CHEMBL173822";"";"None";"438.48";"0";"2.16";"6";"O=C(NC(Cc1ccc(O)cc1)C(=O)CCC(=O)N1CCC[C@H]1C(=O)O)c1ccccc1";"IC50";"'='";"4.7";"nM";"8.33";"";"";"UO_0000065";"18.99";"0.36";"6.17";"6.72";"0";"CHEMBL648346";"Concentration required to inhibit the activity of Angiotensin I converting enzyme by 50%";"B";"BAO_0000224";"protein format";"Cavia porcellus";"None";"None";"None";"None";"";"";"";"CHEMBL1808";"Angiotensin-converting enzyme";"Homo sapiens";"SINGLE PROTEIN";"CHEMBL1121683";"1";"Scientific Literature";"J Med Chem";"1981";"None";"";"";"";"4.7E-9"
"CHEMBL1560";"CAPTOPRIL";"4.0";"217.29";"0";"0.63";"1e, captopril";"C[C@H](CS)C(=O)N1CCC[C@H]1C(=O)O";"IC50";"'='";"23.0";"nM";"7.64";"";"";"UO_0000065";"35.15";"0.75";"7.01";"13.26";"1";"CHEMBL1004838";"Inhibition of ACE";"B";"BAO_0000357";"single protein format";"None";"None";"None";"None";"None";"";"";"";"CHEMBL1808";"Angiotensin-converting enzyme";"Homo sapiens";"SINGLE PROTEIN";"CHEMBL1156603";"1";"Scientific Literature";"Bioorg Med Chem Lett";"2008";"None";"";"";"";"23.0"
"CHEMBL502817";"";"None";"421.63";"0";"4.94";"3m";"C[C@H](CS)C(=O)N1[C@@H](SCc2ccc(C3CCCCC3)cc2)CC[C@H]1C(=O)O";"IC50";"'='";"280.0";"nM";"6.55";"";"";"UO_0000065";"15.54";"0.32";"1.61";"11.37";"0";"CHEMBL1004838";"Inhibition of ACE";"B";"BAO_0000357";"single protein format";"None";"None";"None";"None";"None";"";"";"";"CHEMBL1808";"Angiotensin-converting enzyme";"Homo sapiens";"SINGLE PROTEIN";"CHEMBL1156603";"1";"Scientific Literature";"Bioorg Med Chem Lett";"2008";"None";"";"";"";"280.0"
"CHEMBL526896";"";"None";"389.54";"0";"4.04";"3d";"C[C@H](CS)C(=O)N1[C@@H](SCc2cccc3ccccc23)CC[C@H]1C(=O)O";"IC50";"'='";"3.2";"nM";"8.49";"";"";"UO_0000065";"21.81";"0.45";"4.45";"14.75";"0";"CHEMBL1004838";"Inhibition of ACE";"B";"BAO_0000357";"single protein format";"None";"None";"None";"None";"None";"";"";"";"CHEMBL1808";"Angiotensin-converting enzyme";"Homo sapiens";"SINGLE PROTEIN";"CHEMBL1156603";"1";"Scientific Literature";"Bioorg Med Chem Lett";"2008";"None";"";"";"";"3.2"
"CHEMBL345597";"";"None";"488.53";"0";"2.78";"5l";"O=C(O)[C@@H](Cc1c[nH]c2ccccc12)NS(=O)(=O)c1ccc(-c2nnn(-c3ccccc3)n2)cc1";"IC50";"'>'";"1000.0";"nM";"";"";"";"UO_0000065";"";"";"";"";"0";"CHEMBL644702";"Inhibitory activity against Angiotensin I converting enzyme";"B";"BAO_0000357";"single protein format";"None";"None";"None";"None";"None";"";"";"";"CHEMBL1808";"Angiotensin-converting enzyme";"Homo sapiens";"SINGLE PROTEIN";"CHEMBL1131478";"1";"Scientific Literature";"J Med Chem";"1998";"None";"";"";"";"1.0"
"CHEMBL160153";"";"None";"447.54";"0";"2.44";"17e";"CSc1ccc(-n2nnc(-c3ccc(S(=O)(=O)N[C@@H](C(=O)O)C(C)C)cc3)n2)cc1";"IC50";"'>'";"1000.0";"nM";"";"";"";"UO_0000065";"";"";"";"";"0";"CHEMBL644702";"Inhibitory activity against Angiotensin I converting enzyme";"B";"BAO_0000357";"single protein format";"None";"None";"None";"None";"None";"";"";"";"CHEMBL1808";"Angiotensin-converting enzyme";"Homo sapiens";"SINGLE PROTEIN";"CHEMBL1131478";"1";"Scientific Literature";"J Med Chem";"1998";"None";"";"";"";"1.0"
"CHEMBL2114219";"";"None";"362.43";"0";"1.52";"37S,S";"O=C(O)CN1CCCCC[C@H](N[C@@H](CCc2ccccc2)C(=O)O)C1=O";"IC50";"'='";"2.0";"nM";"8.70";"";"";"UO_0000065";"24.00";"0.46";"7.18";"8.13";"0";"CHEMBL644704";"Inhibitory concentration (isomer B) against Angiotensin I converting enzyme";"B";"BAO_0000357";"single protein format";"None";"None";"None";"None";"None";"";"";"";"CHEMBL1808";"Angiotensin-converting enzyme";"Homo sapiens";"SINGLE PROTEIN";"CHEMBL1123398";"1";"Scientific Literature";"J Med Chem";"1986";"None";"";"";"";"2E-9"
"CHEMBL299889";"";"None";"222.24";"0";"-0.24";"GF";"NCC(=O)N[C@@H](Cc1ccccc1)C(=O)O";"IC50";"'='";"630957.34";"nM";"";"Outside typical range";"";"UO_0000065";"";"";"";"";"0";"CHEMBL858254";"Biological activity was measured against Angiotensin I converting enzyme";"B";"BAO_0000357";"single protein format";"None";"None";"None";"None";"None";"";"";"";"CHEMBL1808";"Angiotensin-converting enzyme";"Homo sapiens";"SINGLE PROTEIN";"CHEMBL1128468";"1";"Scientific Literature";"J Med Chem";"1995";"None";"";"";"";"3.2"
"CHEMBL328327";"";"None";"410.56";"0";"1.51";"1";"C[C@H](CS)C(=O)N1C[C@@H](NC(=O)C(CS)Cc2ccccc2)C[C@H]1C(=O)O";"IC50";"'='";"87.0";"nM";"7.06";"";"";"UO_0000065";"17.20";"0.36";"5.55";"8.14";"0";"CHEMBL648286";"In vitro inhibition against angiotensin converting enzyme (ACE)";"B";"BAO_0000357";"single protein format";"None";"None";"None";"None";"None";"";"";"";"CHEMBL1808";"Angiotensin-converting enzyme";"Homo sapiens";"SINGLE PROTEIN";"CHEMBL1152063";"1";"Scientific Literature";"Bioorg Med Chem Lett";"1994";"None";"";"";"";"87.0"
"CHEMBL128223";"DEHYDROCAPTOPRIL";"None";"200.26";"0";"1.50";"Dehydrocaptopril";"O=C(/C=C\S)C1CC[C@@H](C(=O)O)C1";"IC50";"'='";"650.0";"nM";"6.19";"";"";"UO_0000065";"30.90";"0.65";"4.69";"11.38";"0";"CHEMBL645285";"Inhibition of Angiotensin I converting enzyme";"B";"BAO_0000357";"single protein format";"None";"None";"None";"None";"None";"";"";"";"CHEMBL1808";"Angiotensin-converting enzyme";"Homo sapiens";"SINGLE PROTEIN";"CHEMBL1122964";"1";"Scientific Literature";"J Med Chem";"1985";"None";"";"";"";"0.65"
"CHEMBL3264356";"";"None";"501.47";"2";"0.46";"7, SF2513 D";"CC[C@H](C)[C@H](NC(C)=O)C(=O)N[C@@H](CCC(=O)O)C(=O)N[C@@H](Cc1ccc(O)cc1)P(=O)(O)O";"Ki";"";"";"";"";"";"Not Determined";"";"";"";"";"";"0";"CHEMBL3269460";"Inhibition of human ACE N-terminal domain using Cbz-Phe-His-Leu-OH substrate";"B";"BAO_0000357";"single protein format";"Homo sapiens";"None";"None";"None";"None";"";"";"";"CHEMBL1808";"Angiotensin-converting enzyme";"Homo sapiens";"SINGLE PROTEIN";"CHEMBL3259630";"1";"Scientific Literature";"ACS Med Chem Lett";"2014";"None";"";"";"";""
"CHEMBL2442646";"";"None";"376.39";"0";"1.51";"13";"CCCC(N[C@@H](C)C(=O)N1[C@H](C(=O)O)C[C@@H]2CCCC[C@@H]21)P(=O)(O)O";"IC50";"'='";"30.0";"nM";"7.52";"";"";"UO_0000065";"19.99";"0.41";"6.01";"5.92";"0";"CHEMBL2445165";"Inhibition of recombinant human ACE using (7-methoxycoumarin-4-yl)acetyl-Arg-Pro-Pro-Gly-Phe-Ser-Ala-Phe-Lys(2,4-dinitrophenyle)-OH as substrate after 30 mins by fluorescence assay";"B";"BAO_0000357";"single protein format";"Homo sapiens";"None";"None";"None";"None";"";"";"";"CHEMBL1808";"Angiotensin-converting enzyme";"Homo sapiens";"SINGLE PROTEIN";"CHEMBL2439978";"1";"Scientific Literature";"Bioorg Med Chem";"2013";"None";"";"";"";"30.0"
"CHEMBL258278";"";"None";"384.39";"1";"0.21";"7e";"CC(C)CN(C[C@H](O)C(=O)O)C(=O)N[C@@H](Cc1ccc(O)c(O)c1)C(=O)O";"IC50";"'='";"23.0";"nM";"7.64";"";"";"UO_0000065";"19.87";"0.39";"7.43";"4.56";"0";"CHEMBL930672";"Inhibition of ACE";"B";"BAO_0000357";"single protein format";"None";"None";"None";"None";"None";"";"";"";"CHEMBL1808";"Angiotensin-converting enzyme";"Homo sapiens";"SINGLE PROTEIN";"CHEMBL1143110";"1";"Scientific Literature";"Bioorg Med Chem Lett";"2008";"None";"";"";"";"23.0"
"CHEMBL273140";"";"None";"566.57";"1";"3.27";"7i";"O=C1c2ccccc2C(=O)c2cc(CN(C[C@H](O)C(=O)O)C(=O)N[C@@H](Cc3ccc4ccccc4c3)C(=O)O)ccc21";"IC50";"'='";"40.0";"nM";"7.40";"";"";"UO_0000065";"13.06";"0.24";"4.13";"4.59";"0";"CHEMBL930672";"Inhibition of ACE";"B";"BAO_0000357";"single protein format";"None";"None";"None";"None";"None";"";"";"";"CHEMBL1808";"Angiotensin-converting enzyme";"Homo sapiens";"SINGLE PROTEIN";"CHEMBL1143110";"1";"Scientific Literature";"Bioorg Med Chem Lett";"2008";"None";"";"";"";"40.0"
"CHEMBL332794";"A-192621";"None";"558.68";"2";"5.81";"EUB0000350";"CCCOc1ccc([C@H]2[C@H](C(=O)O)[C@@H](c3ccc4c(c3)OCO4)CN2CC(=O)Nc2c(CC)cccc2CC)cc1";"% Inhibition of Control Values (Mean n=2)";"'='";"-12.6";"%";"";"";"";"UO_0000187";"";"";"";"";"0";"CHEMBL4880403";"ACE (h) Eurofins-Cerep enzyme and uptake assay";"B";"BAO_0000357";"single protein format";"Homo sapiens";"None";"None";"None";"None";"Source of protein: human recombinant | Reference compound: captopril | Incubation time: 30 min | Incubation temperature: 37°C | Detection method: Fluorimetry | Measured component: Abz-Phe-Arg | Substrate/Stimulus/Tracer: Abz-FRK(Dnp)-POH (15 µM) | Reference compound EC50 None 0.62 nM | Assay protocol publication: PMID: 20802975";"";"";"CHEMBL1808";"Angiotensin-converting enzyme";"Homo sapiens";"SINGLE PROTEIN";"CHEMBL4507261";"54";"SGC Frankfurt - Donated Chemical Probes";"";"2021";"None";"Compound concentration None 10.0 uM";"";"";"-12.6"
"CHEMBL5397691";"";"None";"2132.54";"None";"None";"BCY20868";"CC[C@H](C)[C@@H]1NC(=O)[C@H](CCCNC(=N)N)NC(=O)[C@@H]2C[C@@H](O)CN2C(=O)[C@H](CC(C)C)NC(=O)[C@H](CC(C)C)NC(=O)[C@H](CO)NC(=O)[C@H](CO)NNC(=O)[C@@H]2CSCCC(=O)N3CN(CN(C3)C(=O)CCSC[C@@H](C(=O)N[C@@H](C)C(N)=O)NC(=O)[C@H](Cc3c[nH]cn3)NC1=O)C(=O)CCSC[C@H](NC(=O)[C@H](C)N)C(=O)N[C@@H](C(C)C)C(=O)N[C@@H](CCCNC(=N)N)C(=O)N[C@@H](CO)C(=O)N[C@@H](Cc1c[nH]cn1)C(=O)N2";"Kd";"'>'";"10000.0";"nM";"";"";"";"UO_0000065";"";"";"";"";"0";"CHEMBL5350899";"Binding affinity to human ACE assessed as binding constant by surface plasmon resonance analysis";"B";"BAO_0000357";"single protein format";"Homo sapiens";"None";"None";"None";"None";"";"";"";"CHEMBL1808";"Angiotensin-converting enzyme";"Homo sapiens";"SINGLE PROTEIN";"CHEMBL5346959";"1";"Scientific Literature";"J Med Chem";"2023";"None";"";"";"";"10.0"
"CHEMBL86891";"";"None";"320.35";"0";"0.35";"34";"O=C(O)CN1CCC(NC(CCc2ccccc2)C(=O)O)C1=O";"IC50";"'='";"12000.0";"nM";"4.92";"";"";"UO_0000065";"15.36";"0.29";"4.57";"4.60";"0";"CHEMBL644703";"Inhibitory concentration (isomer A) against Angiotensin I converting enzyme";"B";"BAO_0000357";"single protein format";"None";"None";"None";"None";"None";"";"";"";"CHEMBL1808";"Angiotensin-converting enzyme";"Homo sapiens";"SINGLE PROTEIN";"CHEMBL1123398";"1";"Scientific Literature";"J Med Chem";"1986";"None";"";"";"";"0.000012"
"CHEMBL297453";"EPIGALOCATECHIN GALLATE";"3.0";"458.38";"2";"2.23";"EGCG";"O=C(O[C@@H]1Cc2c(O)cc(O)cc2O[C@@H]1c1cc(O)c(O)c(O)c1)c1cc(O)c(O)c(O)c1";"Inhibition";"'='";"82.02";"%";"";"";"";"UO_0000187";"";"";"";"";"0";"CHEMBL4057853";"Inhibition of recombinant human ACE at 100 uM using Mca-R-P-PG-F-S-A-F-K(Dnp)-OH as substrate measured every 2 mins for 8 mins by fluorescence assay";"B";"BAO_0000357";"single protein format";"Homo sapiens";"None";"None";"None";"None";"";"";"";"CHEMBL1808";"Angiotensin-converting enzyme";"Homo sapiens";"SINGLE PROTEIN";"CHEMBL4052767";"1";"Scientific Literature";"Bioorg Med Chem Lett";"2017";"None";"";"";"";"82.02"
"CHEMBL1237";"LISINOPRIL ANHYDROUS";"4.0";"405.50";"0";"1.24";"Lisinopril";"NCCCC[C@H](N[C@@H](CCc1ccccc1)C(=O)O)C(=O)N1CCC[C@H]1C(=O)O";"Inhibition";"'='";"89.12";"%";"";"";"";"UO_0000187";"";"";"";"";"0";"CHEMBL4135398";"Inhibition of ACE (unknown origin) at IC50 using Hippuryl-L-Histidyl-L-Leucine as substrate after 60 mins by colorimetric method relative to control";"B";"BAO_0000357";"single protein format";"Homo sapiens";"None";"None";"None";"None";"";"";"";"CHEMBL1808";"Angiotensin-converting enzyme";"Homo sapiens";"SINGLE PROTEIN";"CHEMBL4130507";"1";"Scientific Literature";"Eur J Med Chem";"2017";"None";"";"";"";"89.12"
"CHEMBL3771118";"";"None";"283.28";"0";"0.62";"4a; PF-06761281";"COc1ncc(C)cc1CC[C@@](O)(CC(=O)O)C(=O)O";"Inhibition";"";"";"%";"";"";"";"UO_0000187";"";"";"";"";"0";"CHEMBL3773463";"Inhibition of ACE1 (unknown origin)";"B";"BAO_0000357";"single protein format";"Homo sapiens";"None";"None";"None";"None";"";"";"";"CHEMBL1808";"Angiotensin-converting enzyme";"Homo sapiens";"SINGLE PROTEIN";"CHEMBL3769388";"1";"Scientific Literature";"J Med Chem";"2016";"None";"";"";"Not active";""
"CHEMBL212710";"";"None";"494.59";"1";"2.45";"LisW";"NCCCC[C@H](N[C@@H](CCc1ccccc1)C(=O)O)C(=O)N[C@@H](Cc1c[nH]c2ccccc12)C(=O)O";"Ki";"'='";"9.0";"nM";"8.05";"";"";"UO_0000065";"16.27";"0.31";"5.60";"5.11";"0";"CHEMBL5042029";"Inhibition of recombinant human ACE C-domain expressed in CHO cells using Cbz-Phe-His-Leu as substrate preincubated for 15 mins followed by substrate addition and measured after 10 mins by fluorescence spectrophotometric analysis";"B";"BAO_0000219";"cell-based format";"Homo sapiens";"None";"None";"CHO";"None";"";"";"";"CHEMBL1808";"Angiotensin-converting enzyme";"Homo sapiens";"SINGLE PROTEIN";"CHEMBL5038663";"1";"Scientific Literature";"J Med Chem";"2022";"None";"TIME = 0.4167 hr";"INHIBITOR";"";"0.009000000000000001"
"CHEMBL5075705";"";"None";"479.58";"0";"3.51";"AD011";"CCCC[C@H](N[C@@H](CCc1ccccc1)C(=O)O)C(=O)N[C@@H](Cc1c[nH]c2ccccc12)C(=O)O";"Ki";"'='";"100.0";"nM";"7.00";"";"";"UO_0000065";"14.60";"0.27";"3.49";"5.32";"0";"CHEMBL5042029";"Inhibition of recombinant human ACE C-domain expressed in CHO cells using Cbz-Phe-His-Leu as substrate preincubated for 15 mins followed by substrate addition and measured after 10 mins by fluorescence spectrophotometric analysis";"B";"BAO_0000219";"cell-based format";"Homo sapiens";"None";"None";"CHO";"None";"";"";"";"CHEMBL1808";"Angiotensin-converting enzyme";"Homo sapiens";"SINGLE PROTEIN";"CHEMBL5038663";"1";"Scientific Literature";"J Med Chem";"2022";"None";"TIME = 0.4167 hr";"INHIBITOR";"";"0.1"
"CHEMBL570953";"";"None";"711.71";"2";"5.78";"8F2";"O=C(N[C@@H](Cc1ccccc1)P(=O)(O)C[C@H](Cc1cc(-c2ccccc2)no1)C(=O)N[C@@H](Cc1ccc(O)cc1)C(=O)O)OCc1ccccc1";"Ki";"'='";"4.0";"nM";"8.40";"";"";"UO_0000065";"11.80";"0.22";"2.62";"4.46";"0";"CHEMBL1045252";"Inhibition of human somatic ACE in presence of 1:100 diluted SHR rat plasma";"B";"BAO_0000366";"cell-free format";"Homo sapiens";"CHEMBL3559721";"Plasma";"None";"None";"";"";"";"CHEMBL1808";"Angiotensin-converting enzyme";"Homo sapiens";"SINGLE PROTEIN";"CHEMBL1156752";"1";"Scientific Literature";"J Med Chem";"2010";"None";"";"";"";"4.0"
"CHEMBL369590";"";"None";"562.67";"1";"4.85";"22";"O=C(CCC(=O)C(Cc1ccccc1)NC(=O)c1ccccc1)NC(Cc1ccccc1)C(=O)OCc1ccccc1";"IC50";"'='";"180.0";"nM";"6.75";"";"";"UO_0000065";"11.99";"0.22";"1.89";"6.64";"0";"CHEMBL648346";"Concentration required to inhibit the activity of Angiotensin I converting enzyme by 50%";"B";"BAO_0000224";"protein format";"Cavia porcellus";"None";"None";"None";"None";"";"";"";"CHEMBL1808";"Angiotensin-converting enzyme";"Homo sapiens";"SINGLE PROTEIN";"CHEMBL1121683";"1";"Scientific Literature";"J Med Chem";"1981";"None";"";"";"";"1.8E-7"
"CHEMBL577754";"";"None";"734.75";"2";"6.56";"5F2";"O=C(N[C@@H](Cc1ccccc1)P(=O)(O)C[C@H](Cc1cc(-c2ccccc2)no1)C(=O)N[C@@H](Cc1c[nH]c2ccccc12)C(=O)O)OCc1ccccc1";"Ki";"'='";"3.6";"nM";"8.44";"";"";"UO_0000065";"11.49";"0.22";"1.88";"4.59";"0";"CHEMBL1045247";"Inhibition of human somatic ACE C-terminal domain";"B";"BAO_0000357";"single protein format";"Homo sapiens";"None";"None";"None";"None";"";"";"";"CHEMBL1808";"Angiotensin-converting enzyme";"Homo sapiens";"SINGLE PROTEIN";"CHEMBL1156752";"1";"Scientific Literature";"J Med Chem";"2010";"None";"";"";"";"3.6"
"CHEMBL55520";"";"None";"429.58";"0";"4.10";"27R";"CCC(C)C(S)CC(Cc1ccccc1)C(=O)N[C@H](Cc1ccc(O)cc1)C(=O)O";"IC50";"'='";"8000.0";"nM";"5.10";"";"";"UO_0000065";"11.86";"0.23";"1.00";"5.88";"0";"CHEMBL646968";"Tested for inhibitory potency against Angiotensin I Converting Enzyme";"B";"BAO_0000357";"single protein format";"None";"None";"None";"None";"None";"";"";"";"CHEMBL1808";"Angiotensin-converting enzyme";"Homo sapiens";"SINGLE PROTEIN";"CHEMBL1127546";"1";"Scientific Literature";"J Med Chem";"1994";"None";"";"";"";"8.0"
"CHEMBL2111942";"";"None";"467.52";"0";"1.53";"1R";"C[C@H](N[C@@H](C(=O)O)[C@H](Cc1ccccc1)NC(=O)c1ccccc1)C(=O)N1CCC[C@H]1C(=O)O";"IC50";"'='";"1400.0";"nM";"5.85";"";"";"UO_0000065";"12.52";"0.24";"4.32";"4.30";"0";"CHEMBL645287";"In vitro inhibitory activity against Angiotensin I converting enzyme";"B";"BAO_0000357";"single protein format";"None";"None";"None";"None";"None";"";"";"";"CHEMBL1808";"Angiotensin-converting enzyme";"Homo sapiens";"SINGLE PROTEIN";"CHEMBL1122972";"1";"Scientific Literature";"J Med Chem";"1985";"None";"";"";"";"1400.0"
"CHEMBL136312";"";"None";"504.54";"1";"0.36";"36";"CC(NC(C(=O)O)C1CCCN1C(=O)NC(Cc1ccccc1)C(=O)O)C(=O)N1CCCC1C(=O)O";"IC50";"'='";"5.4";"nM";"8.27";"";"";"UO_0000065";"16.39";"0.31";"7.91";"4.68";"0";"CHEMBL645287";"In vitro inhibitory activity against Angiotensin I converting enzyme";"B";"BAO_0000357";"single protein format";"None";"None";"None";"None";"None";"";"";"";"CHEMBL1808";"Angiotensin-converting enzyme";"Homo sapiens";"SINGLE PROTEIN";"CHEMBL1122972";"1";"Scientific Literature";"J Med Chem";"1985";"None";"";"";"";"5.4"
"CHEMBL2115478";"";"None";"424.50";"0";"2.70";"28";"CCOC(=O)[C@H](CCc1ccccc1)N[C@@H](C)C(=O)N1Cc2ccccc2[C@H]1C(=O)O";"IC50";"'='";"44.0";"nM";"7.36";"";"";"UO_0000065";"17.33";"0.32";"4.66";"7.67";"0";"CHEMBL648350";"Inhibition of guinea pig angiotensin I converting enzyme";"B";"BAO_0000357";"single protein format";"Cavia porcellus";"None";"None";"None";"None";"";"";"";"CHEMBL1808";"Angiotensin-converting enzyme";"Homo sapiens";"SINGLE PROTEIN";"CHEMBL1123237";"1";"Scientific Literature";"J Med Chem";"1986";"None";"";"";"";"0.044"
"CHEMBL66254";"";"None";"377.47";"0";"0.71";"2c";"O=C(N[C@H]1CCCN2CC[C@@H](C(=O)O)N2C1=O)[C@@H](S)Cc1ccccc1";"IC50";"'='";"12.0";"nM";"7.92";"";"";"UO_0000065";"20.98";"0.42";"7.21";"8.81";"0";"CHEMBL648283";"In vitro inhibitory activity against angiotensin converting enzyme (ACE) in rat was determined";"B";"BAO_0000019";"assay format";"None";"None";"None";"None";"None";"";"";"";"CHEMBL1808";"Angiotensin-converting enzyme";"Homo sapiens";"SINGLE PROTEIN";"CHEMBL1127958";"1";"Scientific Literature";"Bioorg Med Chem Lett";"1994";"None";"";"";"";"12.0"
"CHEMBL287896";"";"None";"350.44";"0";"1.11";"1";"C[C@H](NC(=O)[C@@H](S)Cc1ccccc1)C(=O)N1CCC[C@H]1C(=O)O";"IC50";"'='";"30.0";"nM";"7.52";"";"";"UO_0000065";"21.47";"0.43";"6.41";"8.68";"0";"CHEMBL648282";"Tested in vitro for inhibition of Angiotensin converting enzyme (ACE)";"B";"BAO_0000357";"single protein format";"None";"None";"None";"None";"None";"";"";"";"CHEMBL1808";"Angiotensin-converting enzyme";"Homo sapiens";"SINGLE PROTEIN";"CHEMBL1127937";"1";"Scientific Literature";"Bioorg Med Chem Lett";"1994";"None";"";"";"";"30.0"
"CHEMBL329372";"";"None";"547.55";"2";"1.18";"25";"CC(C)[C@H](NCP(=O)(O)O)C(=O)N[C@@H](Cc1ccc(-c2ccccc2)cc1)C(=O)N1C[C@H](O)C[C@H]1C(=O)O";"IC50";"'>'";"1000.0";"nM";"";"";"";"UO_0000065";"";"";"";"";"0";"CHEMBL876577";"In vitro inhibitory concentration against angiotensin-converting enzyme";"B";"BAO_0000224";"protein format";"None";"None";"None";"None";"None";"";"";"";"CHEMBL1808";"Angiotensin-converting enzyme";"Homo sapiens";"SINGLE PROTEIN";"CHEMBL1150039";"1";"Scientific Literature";"Bioorg Med Chem Lett";"1994";"None";"";"";"";"1000.0"
"CHEMBL11707";"";"None";"203.26";"0";"0.24";"7a";"O=C(O)CN1CCCC(CS)C1=O";"IC50";"'='";"1000.0";"nM";"6.00";"";"";"UO_0000065";"29.52";"0.63";"5.76";"10.41";"0";"CHEMBL648347";"Concentration required for 50% inhibition of Angiotensin I converting enzyme";"B";"BAO_0000224";"protein format";"Cavia porcellus";"None";"None";"None";"None";"";"";"";"CHEMBL1808";"Angiotensin-converting enzyme";"Homo sapiens";"SINGLE PROTEIN";"CHEMBL1121705";"1";"Scientific Literature";"J Med Chem";"1981";"None";"";"";"";"0.000001"
"CHEMBL299639";"";"None";"398.48";"0";"2.08";"3a";"O=C(O)CN1C(=O)[C@@H](NC(=O)[C@@H](S)Cc2ccccc2)CCc2ccccc21";"IC50";"'='";"12.0";"nM";"7.92";"";"";"UO_0000065";"19.88";"0.39";"5.84";"9.13";"1";"CHEMBL648282";"Tested in vitro for inhibition of Angiotensin converting enzyme (ACE)";"B";"BAO_0000357";"single protein format";"None";"None";"None";"None";"None";"";"";"";"CHEMBL1808";"Angiotensin-converting enzyme";"Homo sapiens";"SINGLE PROTEIN";"CHEMBL1127937";"1";"Scientific Literature";"Bioorg Med Chem Lett";"1994";"None";"";"";"";"12.0"
"CHEMBL113759";"";"None";"414.46";"0";"0.84";"122, SCH-39370";"O=C(O)C(CCc1ccccc1)N[C@@H](Cc1ccccc1)C(=O)NC[C@H](O)C(=O)O";"IC50";"'>'";"10000.0";"nM";"";"";"";"UO_0000065";"";"";"";"";"0";"CHEMBL648689";"Inhibitory activity against angiotensin I converting enzyme (ACE)";"B";"BAO_0000357";"single protein format";"None";"None";"None";"None";"None";"";"";"";"CHEMBL1808";"Angiotensin-converting enzyme";"Homo sapiens";"SINGLE PROTEIN";"CHEMBL1133572";"1";"Scientific Literature";"J Med Chem";"2000";"None";"";"";"";"10000.0"
"CHEMBL4161811";"";"None";"527.68";"1";"1.15";"4";"CCCCCCC[C@H](N)[C@H](O)C(=O)N(C)[C@@H](CC[S+](C)[O-])C(=O)N[C@@H](Cc1ccc(O)cc1)C(=O)O";"IC50";"'='";"31000.0";"nM";"4.51";"";"";"UO_0000065";"8.54";"0.17";"3.36";"2.56";"0";"CHEMBL4144750";"Inhibition of ACE (unknown origin) using hippuryl-L-histidyl-L-leucine as substrate preincubated with substrate for 30 mins followed by enzyme addition measured after 30 mins by LC/MS analysis";"B";"BAO_0000357";"single protein format";"Homo sapiens";"None";"None";"None";"None";"";"";"";"CHEMBL1808";"Angiotensin-converting enzyme";"Homo sapiens";"SINGLE PROTEIN";"CHEMBL4138292";"1";"Scientific Literature";"J Nat Prod";"2018";"None";"";"";"";"31.0"
"CHEMBL291552";"";"None";"452.55";"0";"2.91";"30";"CCOC(=O)C(CCc1ccccc1)N(C)C(C)C(=O)N1Cc2ccccc2CC1C(=O)O";"IC50";"'>'";"10000.0";"nM";"";"";"";"UO_0000065";"";"";"";"";"0";"CHEMBL648350";"Inhibition of guinea pig angiotensin I converting enzyme";"B";"BAO_0000357";"single protein format";"Cavia porcellus";"None";"None";"None";"None";"";"";"";"CHEMBL1808";"Angiotensin-converting enzyme";"Homo sapiens";"SINGLE PROTEIN";"CHEMBL1123237";"1";"Scientific Literature";"J Med Chem";"1986";"None";"";"";"";"10.0"
"CHEMBL3321989";"";"None";"296.39";"0";"0.88";"Table 1, 17";"CSCC[C@H](N)C(=O)N[C@@H](Cc1ccccc1)C(=O)O";"logIC50";"'='";"1.65";"";"";"";"";"";"";"";"";"";"0";"CHEMBL3363246";"Inhibition of ACE (unknown origin)";"B";"BAO_0000357";"single protein format";"Homo sapiens";"None";"None";"None";"None";"";"";"";"CHEMBL1808";"Angiotensin-converting enzyme";"Homo sapiens";"SINGLE PROTEIN";"CHEMBL3352520";"1";"Scientific Literature";"Eur J Med Chem";"2014";"None";"";"";"";"1.65"
"CHEMBL3322004";"";"None";"327.43";"0";"0.58";"Table 1, 52";"CC(C)C[C@H](NC(=O)[C@@H](N)C(C)C)C(=O)N1CCC[C@H]1C(=O)O";"logIC50";"'='";"1.91";"";"";"";"";"";"";"";"";"";"0";"CHEMBL3363246";"Inhibition of ACE (unknown origin)";"B";"BAO_0000357";"single protein format";"Homo sapiens";"None";"None";"None";"None";"";"";"";"CHEMBL1808";"Angiotensin-converting enzyme";"Homo sapiens";"SINGLE PROTEIN";"CHEMBL3352520";"1";"Scientific Literature";"Eur J Med Chem";"2014";"None";"";"";"";"1.91"
"CHEMBL3322006";"";"None";"342.40";"0";"-1.20";"Table 1, 54";"CC(C)C[C@H](N)C(=O)N[C@@H](CC(N)=O)C(=O)N1CCC[C@H]1C(=O)O";"logIC50";"'='";"1.76";"";"";"";"";"";"";"";"";"";"0";"CHEMBL3363246";"Inhibition of ACE (unknown origin)";"B";"BAO_0000357";"single protein format";"Homo sapiens";"None";"None";"None";"None";"";"";"";"CHEMBL1808";"Angiotensin-converting enzyme";"Homo sapiens";"SINGLE PROTEIN";"CHEMBL3352520";"1";"Scientific Literature";"Eur J Med Chem";"2014";"None";"";"";"";"1.76"
"CHEMBL3322009";"";"None";"356.47";"0";"0.05";"Table 1, 58";"CC[C@H](C)[C@H](N)C(=O)N[C@@H](CCCCN)C(=O)N1CCC[C@H]1C(=O)O";"logIC50";"'='";"0.84";"";"";"";"";"";"";"";"";"";"0";"CHEMBL3363246";"Inhibition of ACE (unknown origin)";"B";"BAO_0000357";"single protein format";"Homo sapiens";"None";"None";"None";"None";"";"";"";"CHEMBL1808";"Angiotensin-converting enzyme";"Homo sapiens";"SINGLE PROTEIN";"CHEMBL3352520";"1";"Scientific Literature";"Eur J Med Chem";"2014";"None";"";"";"";"0.84"
"CHEMBL3322010";"";"None";"370.45";"1";"-1.21";"Table 1, 61";"CC(C)[C@H](N)C(=O)N[C@@H](CCCNC(=N)N)C(=O)N1CCC[C@H]1C(=O)O";"logIC50";"'='";"0.34";"";"";"";"";"";"";"";"";"";"0";"CHEMBL3363246";"Inhibition of ACE (unknown origin)";"B";"BAO_0000357";"single protein format";"Homo sapiens";"None";"None";"None";"None";"";"";"";"CHEMBL1808";"Angiotensin-converting enzyme";"Homo sapiens";"SINGLE PROTEIN";"CHEMBL3352520";"1";"Scientific Literature";"Eur J Med Chem";"2014";"None";"";"";"";"0.34"
"CHEMBL3322019";"";"None";"342.40";"0";"-1.33";"Table 1, 71";"CC(C)[C@H](NC(=O)[C@H](C)N)C(=O)NCC(=O)N1CCC[C@H]1C(=O)O";"logIC50";"'='";"0.49";"";"";"";"";"";"";"";"";"";"0";"CHEMBL3363246";"Inhibition of ACE (unknown origin)";"B";"BAO_0000357";"single protein format";"Homo sapiens";"None";"None";"None";"None";"";"";"";"CHEMBL1808";"Angiotensin-converting enzyme";"Homo sapiens";"SINGLE PROTEIN";"CHEMBL3352520";"1";"Scientific Literature";"Eur J Med Chem";"2014";"None";"";"";"";"0.49"
"CHEMBL3322022";"";"None";"410.52";"0";"0.18";"Table 1, 74";"CC(C)[C@H](N)C(=O)N[C@H](C(=O)N1CCC[C@H]1C(=O)N1CCC[C@H]1C(=O)O)C(C)C";"logIC50";"'='";"2.45";"";"";"";"";"";"";"";"";"";"0";"CHEMBL3363246";"Inhibition of ACE (unknown origin)";"B";"BAO_0000357";"single protein format";"Homo sapiens";"None";"None";"None";"None";"";"";"";"CHEMBL1808";"Angiotensin-converting enzyme";"Homo sapiens";"SINGLE PROTEIN";"CHEMBL3352520";"1";"Scientific Literature";"Eur J Med Chem";"2014";"None";"";"";"";"2.45"
"CHEMBL3322138";"";"None";"754.93";"2";"1.38";"Table 1, 107";"CC(C)C[C@H](NC(=O)[C@H](Cc1cnc[nH]1)NC(=O)[C@@H](N)CC(C)C)C(=O)N[C@@H](Cc1ccc(O)cc1)C(=O)N[C@@H](CC(C)C)C(=O)N1CCC[C@H]1C(=O)O";"logIC50";"'='";"1.28";"";"";"";"";"";"";"";"";"";"0";"CHEMBL3363246";"Inhibition of ACE (unknown origin)";"B";"BAO_0000357";"single protein format";"Homo sapiens";"None";"None";"None";"None";"";"";"";"CHEMBL1808";"Angiotensin-converting enzyme";"Homo sapiens";"SINGLE PROTEIN";"CHEMBL3352520";"1";"Scientific Literature";"Eur J Med Chem";"2014";"None";"";"";"";"1.28"
"CHEMBL505462";"";"None";"1603.87";"None";"None";"Table 2, 5";"N=C(N)NCCC[C@H](NC(=O)[C@H](CCCNC(=N)N)NC(=O)[C@@H](N)CCCNC(=N)N)C(=O)N[C@@H](Cc1c[nH]c2ccccc12)C(=O)N[C@@H](Cc1c[nH]c2ccccc12)C(=O)N[C@@H](Cc1c[nH]c2ccccc12)C(=O)N[C@@H](Cc1c[nH]c2ccccc12)C(=O)N[C@@H](Cc1c[nH]c2ccccc12)C(=O)N[C@@H](Cc1c[nH]c2ccccc12)C(=O)O";"Ratio IC50";"'='";"1.82";"";"";"";"";"";"";"";"";"";"0";"CHEMBL3363247";"Inhibition of ACE (unknown origin) relative to peptide Bac2A RLARIVVIRVAR sequence";"B";"BAO_0000357";"single protein format";"Homo sapiens";"None";"None";"None";"None";"";"";"";"CHEMBL1808";"Angiotensin-converting enzyme";"Homo sapiens";"SINGLE PROTEIN";"CHEMBL3352520";"1";"Scientific Literature";"Eur J Med Chem";"2014";"None";"";"";"";"1.82"
"CHEMBL505462";"";"None";"1603.87";"None";"None";"Table 2, 5";"N=C(N)NCCC[C@H](NC(=O)[C@H](CCCNC(=N)N)NC(=O)[C@@H](N)CCCNC(=N)N)C(=O)N[C@@H](Cc1c[nH]c2ccccc12)C(=O)N[C@@H](Cc1c[nH]c2ccccc12)C(=O)N[C@@H](Cc1c[nH]c2ccccc12)C(=O)N[C@@H](Cc1c[nH]c2ccccc12)C(=O)N[C@@H](Cc1c[nH]c2ccccc12)C(=O)N[C@@H](Cc1c[nH]c2ccccc12)C(=O)O";"Ratio IC50";"'='";"5.74";"";"";"";"";"";"";"";"";"";"0";"CHEMBL3363248";"Ratio of compound IC50 to peptide Bac2A RLARIVVIRVAR IC50 for ACE (unknown origin)";"B";"BAO_0000357";"single protein format";"Homo sapiens";"None";"None";"None";"None";"";"";"";"CHEMBL1808";"Angiotensin-converting enzyme";"Homo sapiens";"SINGLE PROTEIN";"CHEMBL3352520";"1";"Scientific Literature";"Eur J Med Chem";"2014";"None";"";"";"";"5.74"
"CHEMBL526186";"";"None";"1530.81";"None";"None";"Table 2, 7";"CC[C@H](C)[C@H](NC(=O)[C@H](CCCNC(=N)N)NC(=O)[C@@H](N)CCCNC(=N)N)C(=O)N[C@@H](Cc1c[nH]c2ccccc12)C(=O)N[C@@H](CCCNC(=N)N)C(=O)N[C@@H](Cc1c[nH]c2ccccc12)C(=O)N[C@@H](Cc1c[nH]c2ccccc12)C(=O)N[C@@H](Cc1c[nH]c2ccccc12)C(=O)N[C@@H](Cc1c[nH]c2ccccc12)C(=O)O";"Ratio IC50";"'='";"6.17";"";"";"";"";"";"";"";"";"";"0";"CHEMBL3363248";"Ratio of compound IC50 to peptide Bac2A RLARIVVIRVAR IC50 for ACE (unknown origin)";"B";"BAO_0000357";"single protein format";"Homo sapiens";"None";"None";"None";"None";"";"";"";"CHEMBL1808";"Angiotensin-converting enzyme";"Homo sapiens";"SINGLE PROTEIN";"CHEMBL3352520";"1";"Scientific Literature";"Eur J Med Chem";"2014";"None";"";"";"";"6.17"
"CHEMBL412893";"";"None";"466.58";"0";"3.05";"14";"CCOC(=O)C(CCc1ccccc1)NC(C)C(=O)N1Cc2ccccc2CC1C(=O)OCC";"IC50";"'='";"440.0";"nM";"6.36";"";"";"UO_0000065";"13.62";"0.26";"3.31";"7.48";"0";"CHEMBL648350";"Inhibition of guinea pig angiotensin I converting enzyme";"B";"BAO_0000357";"single protein format";"Cavia porcellus";"None";"None";"None";"None";"";"";"";"CHEMBL1808";"Angiotensin-converting enzyme";"Homo sapiens";"SINGLE PROTEIN";"CHEMBL1123237";"1";"Scientific Literature";"J Med Chem";"1986";"None";"";"";"";"0.44"
"CHEMBL417226";"";"None";"251.31";"0";"1.47";"44";"O=C(O)C1c2ccccc2CN1C(=O)CCS";"IC50";"'='";"58000.0";"nM";"4.24";"";"";"UO_0000065";"16.86";"0.34";"2.77";"7.35";"0";"CHEMBL648350";"Inhibition of guinea pig angiotensin I converting enzyme";"B";"BAO_0000357";"single protein format";"Cavia porcellus";"None";"None";"None";"None";"";"";"";"CHEMBL1808";"Angiotensin-converting enzyme";"Homo sapiens";"SINGLE PROTEIN";"CHEMBL1123237";"1";"Scientific Literature";"J Med Chem";"1986";"None";"";"";"";"58.0"
"CHEMBL1560";"CAPTOPRIL";"4.0";"217.29";"0";"0.63";"captopril";"C[C@H](CS)C(=O)N1CCC[C@H]1C(=O)O";"EC50";"'='";"21208.01";"nM";"4.67";"";"";"UO_0000065";"21.51";"0.46";"4.04";"8.11";"0";"CHEMBL871552";"Inhibition of human ACE C domain";"B";"BAO_0000357";"single protein format";"Homo sapiens";"None";"None";"None";"None";"";"";"";"CHEMBL1808";"Angiotensin-converting enzyme";"Homo sapiens";"SINGLE PROTEIN";"CHEMBL1146875";"1";"Scientific Literature";"Bioorg Med Chem Lett";"2006";"None";"";"";"";"-4.6735"
"CHEMBL41985";"";"None";"348.40";"0";"1.65";"5t";"CCCC[C@H](N[C@H]1CCc2ccccc2N(CC(=O)O)C1=O)C(=O)O";"IC50";"'='";"5.0";"nM";"8.30";"";"";"UO_0000065";"23.83";"0.45";"6.65";"7.76";"0";"CHEMBL644701";"In vitro inhibitory activity against Angiotensin I converting enzyme";"B";"BAO_0000357";"single protein format";"None";"None";"None";"None";"None";"";"";"";"CHEMBL1808";"Angiotensin-converting enzyme";"Homo sapiens";"SINGLE PROTEIN";"CHEMBL1122836";"1";"Scientific Literature";"J Med Chem";"1985";"None";"";"";"";"5.0"
"CHEMBL172787";"";"None";"415.56";"0";"3.71";"19";"CC(C)C(C(=O)NC(Cc1ccc(O)cc1)C(=O)O)C(S)CCc1ccccc1";"IC50";"'='";"4500.0";"nM";"5.35";"";"";"UO_0000065";"12.87";"0.25";"1.64";"6.17";"0";"CHEMBL646967";"Inhibitory concentration was evaluated by inhibiting 50% of Angiotensin I Converting Enzyme activity using 50 uM N-Cbz-Phe-His-Leu as substrate";"B";"BAO_0000357";"single protein format";"None";"None";"None";"None";"None";"";"";"";"CHEMBL1808";"Angiotensin-converting enzyme";"Homo sapiens";"SINGLE PROTEIN";"CHEMBL1126948";"1";"Scientific Literature";"J Med Chem";"1993";"None";"";"";"";"4.5"
"CHEMBL79016";"";"None";"274.34";"0";"-0.11";"134";"C[C@H](NC(=O)CCS)C(=O)N1CCC[C@H]1C(=O)O";"IC50";"'='";"2570.4";"nM";"5.59";"";"";"UO_0000065";"";"";"";"";"0";"CHEMBL648337";"Inhibitory activity against angiotensin converting enzyme (ACE)";"F";"BAO_0000019";"assay format";"None";"None";"None";"None";"None";"";"";"";"CHEMBL1808";"Angiotensin-converting enzyme";"Homo sapiens";"SINGLE PROTEIN";"CHEMBL1126767";"1";"Scientific Literature";"J Med Chem";"1993";"None";"";"";"";"5.59"
"CHEMBL450935";"";"None";"402.45";"0";"1.95";"1, SA6817";"CC(C)CN(C[C@H](O)C(=O)O)C(=O)N[C@@H](Cc1ccc2ccccc2c1)C(=O)O";"IC50";"'='";"52.0";"nM";"7.28";"";"";"UO_0000065";"18.10";"0.34";"5.33";"5.73";"0";"CHEMBL930672";"Inhibition of ACE";"B";"BAO_0000357";"single protein format";"None";"None";"None";"None";"None";"";"";"";"CHEMBL1808";"Angiotensin-converting enzyme";"Homo sapiens";"SINGLE PROTEIN";"CHEMBL1143110";"1";"Scientific Literature";"Bioorg Med Chem Lett";"2008";"None";"";"";"";"52.0"
"CHEMBL256895";"";"None";"524.57";"1";"4.06";"7l";"O=C(O)[C@H](Cc1ccc2ccccc2c1)NC(=O)N(Cc1ccc2c(c1)Cc1ccccc1-2)C[C@H](O)C(=O)O";"IC50";"'='";"150.0";"nM";"6.82";"";"";"UO_0000065";"13.01";"0.24";"2.76";"5.37";"0";"CHEMBL930672";"Inhibition of ACE";"B";"BAO_0000357";"single protein format";"None";"None";"None";"None";"None";"";"";"";"CHEMBL1808";"Angiotensin-converting enzyme";"Homo sapiens";"SINGLE PROTEIN";"CHEMBL1143110";"1";"Scientific Literature";"Bioorg Med Chem Lett";"2008";"None";"";"";"";"150.0"
"CHEMBL1371684";"";"None";"272.37";"0";"3.27";"20, Q1";"Cc1ccc(CSc2nc(O)c3c(n2)CCC3)cc1";"Inhibition";"'>'";"10.0";"%";"";"";"";"UO_0000187";"";"";"";"";"0";"CHEMBL3387093";"Inhibition of recombinant human ACE using RPFNYLAK substrate up to 20 uM";"B";"BAO_0000357";"single protein format";"Homo sapiens";"None";"None";"None";"None";"";"";"";"CHEMBL1808";"Angiotensin-converting enzyme";"Homo sapiens";"SINGLE PROTEIN";"CHEMBL3352788";"1";"Scientific Literature";"J Med Chem";"2014";"None";"";"";"";"10.0"
"CHEMBL578";"ENALAPRIL";"4.0";"376.45";"0";"1.60";"1";"CCOC(=O)[C@H](CCc1ccccc1)N[C@@H](C)C(=O)N1CCC[C@H]1C(=O)O";"IC50";"'='";"140.0";"nM";"6.85";"";"";"UO_0000065";"18.21";"0.35";"5.25";"7.14";"1";"CHEMBL648350";"Inhibition of guinea pig angiotensin I converting enzyme";"B";"BAO_0000357";"single protein format";"Cavia porcellus";"None";"None";"None";"None";"";"";"";"CHEMBL1808";"Angiotensin-converting enzyme";"Homo sapiens";"SINGLE PROTEIN";"CHEMBL1123237";"1";"Scientific Literature";"J Med Chem";"1986";"None";"";"";"";"0.14"
"CHEMBL62678";"";"None";"243.26";"0";"0.56";"17";"C[C@@H](CCC(=O)O)C(=O)N1CCCC1C(=O)O";"IC50";"'='";"4900.0";"nM";"5.31";"";"";"UO_0000065";"21.83";"0.43";"4.75";"5.59";"0";"CHEMBL648529";"Inhibition of Angiotensin I converting enzyme";"B";"BAO_0000357";"single protein format";"None";"None";"None";"None";"None";"";"";"";"CHEMBL1808";"Angiotensin-converting enzyme";"Homo sapiens";"SINGLE PROTEIN";"CHEMBL1126739";"1";"Scientific Literature";"J Med Chem";"1993";"None";"";"";"";"4.9"
"CHEMBL417034";"";"None";"351.43";"0";"0.22";"3i";"O=C(O)CN1NCCC[C@H](NC(=O)[C@@H](S)Cc2ccccc2)C1=O";"IC50";"'='";"60.0";"nM";"7.22";"";"";"UO_0000065";"20.55";"0.41";"7.00";"7.31";"0";"CHEMBL648283";"In vitro inhibitory activity against angiotensin converting enzyme (ACE) in rat was determined";"B";"BAO_0000019";"assay format";"None";"None";"None";"None";"None";"";"";"";"CHEMBL1808";"Angiotensin-converting enzyme";"Homo sapiens";"SINGLE PROTEIN";"CHEMBL1127958";"1";"Scientific Literature";"Bioorg Med Chem Lett";"1994";"None";"";"";"";"60.0"
"CHEMBL63001";"";"None";"365.46";"0";"0.57";"3e";"CN1CCC[C@H](NC(=O)[C@@H](S)Cc2ccccc2)C(=O)N1CC(=O)O";"IC50";"'='";"16.0";"nM";"7.80";"";"";"UO_0000065";"21.33";"0.43";"7.23";"8.67";"0";"CHEMBL648283";"In vitro inhibitory activity against angiotensin converting enzyme (ACE) in rat was determined";"B";"BAO_0000019";"assay format";"None";"None";"None";"None";"None";"";"";"";"CHEMBL1808";"Angiotensin-converting enzyme";"Homo sapiens";"SINGLE PROTEIN";"CHEMBL1127958";"1";"Scientific Literature";"Bioorg Med Chem Lett";"1994";"None";"";"";"";"16.0"
"CHEMBL20089";"";"None";"483.48";"0";"2.74";"21";"CC(C)CC(NC(Cc1ccccc1)NP(=O)([O-])CNC(=O)Cc1ccccc1)C(=O)O.[Na+]";"Ratio";"'='";"1.5";"";"";"";"";"";"";"";"";"";"0";"CHEMBL848248";"Ratio of Ki (ACE) to that of Ki (enkephalinase).";"B";"BAO_0000357";"single protein format";"None";"None";"None";"None";"None";"";"";"";"CHEMBL1808";"Angiotensin-converting enzyme";"Homo sapiens";"SINGLE PROTEIN";"CHEMBL1123029";"1";"Scientific Literature";"J Med Chem";"1985";"None";"";"";"";"1.5"
"CHEMBL1237";"LISINOPRIL ANHYDROUS";"4.0";"405.50";"0";"1.24";"Lisinopril";"NCCCC[C@H](N[C@@H](CCc1ccccc1)C(=O)O)C(=O)N1CCC[C@H]1C(=O)O";"IC50";"'='";"0.1";"nM";"10.00";"";"";"UO_0000065";"24.66";"0.47";"8.76";"7.52";"0";"CHEMBL648691";"Inhibitory activity against Angiotensin I converting enzyme (ACE) from human blood serum";"B";"BAO_0000357";"single protein format";"None";"None";"None";"None";"None";"";"";"";"CHEMBL1808";"Angiotensin-converting enzyme";"Homo sapiens";"SINGLE PROTEIN";"CHEMBL1145855";"1";"Scientific Literature";"J Med Chem";"2003";"None";"";"";"";"1E-10"
"CHEMBL172801";"";"None";"528.61";"1";"4.03";"7";"O=C(NC(Cc1ccc(OCc2ccccc2)cc1)C(=O)CCC(=O)N1CCC[C@H]1C(=O)O)c1ccccc1";"IC50";"'='";"10.0";"nM";"8.00";"";"";"UO_0000065";"15.13";"0.28";"3.97";"7.08";"0";"CHEMBL648346";"Concentration required to inhibit the activity of Angiotensin I converting enzyme by 50%";"B";"BAO_0000224";"protein format";"Cavia porcellus";"None";"None";"None";"None";"";"";"";"CHEMBL1808";"Angiotensin-converting enzyme";"Homo sapiens";"SINGLE PROTEIN";"CHEMBL1121683";"1";"Scientific Literature";"J Med Chem";"1981";"None";"";"";"";"1E-8"
"CHEMBL42976";"";"None";"442.54";"0";"2.44";"5k";"O=C(O)CN1C(=O)[C@@H](N[C@@H](CSCCc2ccccc2)C(=O)O)CCc2ccccc21";"IC50";"'='";"7.0";"nM";"8.15";"";"";"UO_0000065";"18.43";"0.36";"5.71";"7.63";"0";"CHEMBL644701";"In vitro inhibitory activity against Angiotensin I converting enzyme";"B";"BAO_0000357";"single protein format";"None";"None";"None";"None";"None";"";"";"";"CHEMBL1808";"Angiotensin-converting enzyme";"Homo sapiens";"SINGLE PROTEIN";"CHEMBL1122836";"1";"Scientific Literature";"J Med Chem";"1985";"None";"";"";"";"7.0"
"CHEMBL293213";"";"None";"243.26";"0";"0.56";"18";"CC(CCC(=O)N1CCCC1C(=O)O)C(=O)O";"IC50";"'='";"260000.0";"nM";"";"Outside typical range";"";"UO_0000065";"";"";"";"";"0";"CHEMBL648529";"Inhibition of Angiotensin I converting enzyme";"B";"BAO_0000357";"single protein format";"None";"None";"None";"None";"None";"";"";"";"CHEMBL1808";"Angiotensin-converting enzyme";"Homo sapiens";"SINGLE PROTEIN";"CHEMBL1126739";"1";"Scientific Literature";"J Med Chem";"1993";"None";"";"";"";"260.0"
"CHEMBL8486";"MDL-28170";"None";"264.32";"0";"0.78";"VF";"CC(C)[C@H](N)C(=O)N[C@@H](Cc1ccccc1)C(=O)O";"IC50";"'='";"52480.75";"nM";"4.28";"";"";"UO_0000065";"16.19";"0.31";"3.50";"4.63";"0";"CHEMBL858254";"Biological activity was measured against Angiotensin I converting enzyme";"B";"BAO_0000357";"single protein format";"None";"None";"None";"None";"None";"";"";"";"CHEMBL1808";"Angiotensin-converting enzyme";"Homo sapiens";"SINGLE PROTEIN";"CHEMBL1128468";"1";"Scientific Literature";"J Med Chem";"1995";"None";"";"";"";"4.28"
"CHEMBL94250";"";"None";"146.15";"0";"-1.47";"AG";"C[C@H](N)C(=O)NCC(=O)O";"IC50";"'='";"2511886.43";"nM";"";"Outside typical range";"";"UO_0000065";"";"";"";"";"0";"CHEMBL858254";"Biological activity was measured against Angiotensin I converting enzyme";"B";"BAO_0000357";"single protein format";"None";"None";"None";"None";"None";"";"";"";"CHEMBL1808";"Angiotensin-converting enzyme";"Homo sapiens";"SINGLE PROTEIN";"CHEMBL1128468";"1";"Scientific Literature";"J Med Chem";"1995";"None";"";"";"";"2.6"
"CHEMBL91392";"";"None";"190.16";"0";"-2.01";"GD";"NCC(=O)N[C@@H](CC(=O)O)C(=O)O";"IC50";"'='";"9120108.39";"nM";"";"Outside typical range";"";"UO_0000065";"";"";"";"";"0";"CHEMBL858254";"Biological activity was measured against Angiotensin I converting enzyme";"B";"BAO_0000357";"single protein format";"None";"None";"None";"None";"None";"";"";"";"CHEMBL1808";"Angiotensin-converting enzyme";"Homo sapiens";"SINGLE PROTEIN";"CHEMBL1128468";"1";"Scientific Literature";"J Med Chem";"1995";"None";"";"";"";"2.04"
"CHEMBL171850";"";"None";"415.56";"0";"3.71";"18";"CC(C)CC(S)C(Cc1ccccc1)C(=O)NC(Cc1ccc(O)cc1)C(=O)O";"IC50";"'='";"710.0";"nM";"6.15";"";"";"UO_0000065";"14.80";"0.29";"2.44";"7.10";"0";"CHEMBL646967";"Inhibitory concentration was evaluated by inhibiting 50% of Angiotensin I Converting Enzyme activity using 50 uM N-Cbz-Phe-His-Leu as substrate";"B";"BAO_0000357";"single protein format";"None";"None";"None";"None";"None";"";"";"";"CHEMBL1808";"Angiotensin-converting enzyme";"Homo sapiens";"SINGLE PROTEIN";"CHEMBL1126948";"1";"Scientific Literature";"J Med Chem";"1993";"None";"";"";"";"0.71"
"CHEMBL291636";"";"None";"321.38";"1";"-0.61";"FR";"N=C(N)NCCC[C@H](NC(=O)[C@@H](N)Cc1ccccc1)C(=O)O";"IC50";"'='";"912010.84";"nM";"";"Outside typical range";"";"UO_0000065";"";"";"";"";"0";"CHEMBL858254";"Biological activity was measured against Angiotensin I converting enzyme";"B";"BAO_0000357";"single protein format";"None";"None";"None";"None";"None";"";"";"";"CHEMBL1808";"Angiotensin-converting enzyme";"Homo sapiens";"SINGLE PROTEIN";"CHEMBL1128468";"1";"Scientific Literature";"J Med Chem";"1995";"None";"";"";"";"3.04"
"CHEMBL290284";"";"None";"414.48";"0";"2.25";"11";"O=C(O)CN1C(=O)[C@@H](NC(CCc2ccccc2)C(=O)O)CSc2ccccc21";"IC50";"'='";"3.0";"nM";"8.52";"";"";"UO_0000065";"20.56";"0.40";"6.27";"7.97";"0";"CHEMBL645285";"Inhibition of Angiotensin I converting enzyme";"B";"BAO_0000357";"single protein format";"None";"None";"None";"None";"None";"";"";"";"CHEMBL1808";"Angiotensin-converting enzyme";"Homo sapiens";"SINGLE PROTEIN";"CHEMBL1122964";"1";"Scientific Literature";"J Med Chem";"1985";"None";"";"";"";"3E-9"
"CHEMBL62203";"";"None";"265.33";"0";"1.72";"35";"CC(CS)C(=O)N1Cc2ccccc2C1C(=O)O";"IC50";"'='";"14000.0";"nM";"4.85";"";"";"UO_0000065";"18.29";"0.37";"3.13";"8.43";"1";"CHEMBL5258025";"Inhibition of angiotensin-converting enzyme (unknown origin)";"B";"BAO_0000357";"single protein format";"Homo sapiens";"None";"None";"None";"None";"";"";"";"CHEMBL1808";"Angiotensin-converting enzyme";"Homo sapiens";"SINGLE PROTEIN";"CHEMBL5257037";"1";"Scientific Literature";"J Med Chem";"2016";"None";"";"INHIBITOR";"";"14.0"
"CHEMBL51576";"";"None";"398.48";"0";"1.68";"52b";"O=C(O)CN1Cc2ccccc2C[C@H](NC(=O)[C@@H](S)Cc2ccccc2)C1=O";"IC50";"'='";"33.0";"nM";"7.48";"";"";"UO_0000065";"18.78";"0.36";"5.80";"8.63";"1";"CHEMBL5258025";"Inhibition of angiotensin-converting enzyme (unknown origin)";"B";"BAO_0000357";"single protein format";"Homo sapiens";"None";"None";"None";"None";"";"";"";"CHEMBL1808";"Angiotensin-converting enzyme";"Homo sapiens";"SINGLE PROTEIN";"CHEMBL5257037";"1";"Scientific Literature";"J Med Chem";"2016";"None";"";"INHIBITOR";"";"33.0"
"CHEMBL274550";"";"None";"642.67";"1";"1.55";"14";"NCCCCC(NC(=O)C1CCC1)C(=O)NC(Cc1ccccc1)C(=O)CCC(=O)N1CCCC1C(=O)O.O=C(O)C(F)(F)F";"IC50";"'='";"7.0";"nM";"8.15";"";"";"UO_0000065";"15.43";"0.29";"6.60";"5.13";"0";"CHEMBL644577";"Compound was evaluated for inhibition of porcine plasma Angiotensin I converting enzyme by using fluorometric assay";"B";"BAO_0000357";"single protein format";"Sus scrofa";"CHEMBL3559721";"Plasma";"None";"None";"";"";"";"CHEMBL1808";"Angiotensin-converting enzyme";"Homo sapiens";"SINGLE PROTEIN";"CHEMBL1122914";"1";"Scientific Literature";"J Med Chem";"1985";"None";"";"";"";"7.0"
"CHEMBL430554";"LIBENZAPRIL";"2.0";"363.41";"0";"0.59";"5a";"NCCCC[C@H](N[C@H]1CCc2ccccc2N(CC(=O)O)C1=O)C(=O)O";"IC50";"'='";"7.0";"nM";"8.15";"";"";"UO_0000065";"22.44";"0.43";"7.56";"6.13";"0";"CHEMBL644701";"In vitro inhibitory activity against Angiotensin I converting enzyme";"B";"BAO_0000357";"single protein format";"None";"None";"None";"None";"None";"";"";"";"CHEMBL1808";"Angiotensin-converting enzyme";"Homo sapiens";"SINGLE PROTEIN";"CHEMBL1122836";"1";"Scientific Literature";"J Med Chem";"1985";"None";"";"";"";"7.0"
"CHEMBL91777";"VALYLTRYPTOPHAN";"None";"303.36";"0";"1.26";"L-Val-L-Trp";"CC(C)[C@H](N)C(=O)N[C@@H](Cc1c[nH]c2ccccc12)C(=O)O";"IC50";"'='";"1600.0";"nM";"5.80";"";"";"UO_0000065";"19.11";"0.36";"4.54";"5.36";"0";"CHEMBL644734";"Inhibitory activity on Angiotensin I converting enzyme (ACE) obtained from pig renal cortex and hippuryl-histidyl-leucine as substrate";"B";"BAO_0000019";"assay format";"Sus scrofa";"None";"None";"None";"None";"";"";"";"CHEMBL1808";"Angiotensin-converting enzyme";"Homo sapiens";"SINGLE PROTEIN";"CHEMBL1124381";"1";"Scientific Literature";"J Med Chem";"1989";"None";"";"";"";"0.0000016"
"CHEMBL162360";"";"None";"217.29";"0";"0.63";"6";"C[C@H](CS)C(=O)N1CCCC1C(=O)O";"IC50";"'='";"23.0";"nM";"7.64";"";"";"UO_0000065";"35.15";"0.75";"7.01";"13.26";"0";"CHEMBL883277";"Inhibition of Angiotensin I converting enzyme (ACE) in Bothrops jararaca venom";"B";"BAO_0000357";"single protein format";"Bothrops jararaca";"None";"None";"None";"None";"";"";"";"CHEMBL1808";"Angiotensin-converting enzyme";"Homo sapiens";"SINGLE PROTEIN";"CHEMBL1135683";"1";"Scientific Literature";"J Med Chem";"2002";"None";"";"";"";"2.3E-8"
"CHEMBL42418";"";"None";"618.09";"2";"-0.01";"1f";"C[C@H](N[C@@H](CCc1ccccc1)C(=O)O)C(=O)N(CC(=O)O)CC1Nc2cc(Cl)c(S(N)(=O)=O)cc2S(=O)(=O)N1";"Inhibition";"'~'";"100.0";"%";"";"";"";"UO_0000187";"";"";"";"";"0";"CHEMBL651249";"Inhibition of Angiotensin I converting enzyme(ACE) at the dose of 100 mg/kg (ip) in dog";"B";"BAO_0000218";"organism-based format";"Canis lupus familiaris";"None";"None";"None";"None";"DOSE = 100.0 mg.kg-1";"";"";"CHEMBL1808";"Angiotensin-converting enzyme";"Homo sapiens";"SINGLE PROTEIN";"CHEMBL1124789";"1";"Scientific Literature";"J Med Chem";"1990";"None";"";"";"";"100.0"
"CHEMBL312431";"";"None";"417.46";"0";"0.80";"28";"C[C@H](NC(C(=O)O)C1CCCN1C(=O)c1ccccc1)C(=O)N1CCC[C@H]1C(=O)O";"IC50";"'='";"2.884";"nM";"8.54";"";"";"UO_0000065";"";"";"";"";"0";"CHEMBL648337";"Inhibitory activity against angiotensin converting enzyme (ACE)";"F";"BAO_0000019";"assay format";"None";"None";"None";"None";"None";"";"";"";"CHEMBL1808";"Angiotensin-converting enzyme";"Homo sapiens";"SINGLE PROTEIN";"CHEMBL1126767";"1";"Scientific Literature";"J Med Chem";"1993";"None";"";"";"";"8.54"
"CHEMBL91623";"";"None";"410.56";"0";"1.51";"2";"C[C@H](CS)C(=O)N1C[C@H](NC(=O)C(CS)Cc2ccccc2)C[C@H]1C(=O)O";"IC50";"'='";"18.0";"nM";"7.75";"";"";"UO_0000065";"18.86";"0.39";"6.23";"8.93";"0";"CHEMBL648286";"In vitro inhibition against angiotensin converting enzyme (ACE)";"B";"BAO_0000357";"single protein format";"None";"None";"None";"None";"None";"";"";"";"CHEMBL1808";"Angiotensin-converting enzyme";"Homo sapiens";"SINGLE PROTEIN";"CHEMBL1152063";"1";"Scientific Literature";"Bioorg Med Chem Lett";"1994";"None";"";"";"";"18.0"
"CHEMBL299441";"";"None";"430.55";"0";"2.63";"3k";"O=C(O)CCN1C(=O)[C@@H](NC(=O)[C@@H](S)Cc2ccccc2)CSc2ccccc21";"IC50";"'='";"14.0";"nM";"7.85";"";"";"UO_0000065";"18.24";"0.37";"5.22";"9.06";"0";"CHEMBL648282";"Tested in vitro for inhibition of Angiotensin converting enzyme (ACE)";"B";"BAO_0000357";"single protein format";"None";"None";"None";"None";"None";"";"";"";"CHEMBL1808";"Angiotensin-converting enzyme";"Homo sapiens";"SINGLE PROTEIN";"CHEMBL1127937";"1";"Scientific Literature";"Bioorg Med Chem Lett";"1994";"None";"";"";"";"14.0"
"CHEMBL322291";"";"None";"243.24";"0";"-1.11";"1d";"O=C(O)C1C=CCn2c(=O)n(CS)c(=O)n21";"IC50";"'='";"2511.89";"nM";"5.60";"";"";"UO_0000065";"23.02";"0.48";"6.71";"6.49";"0";"CHEMBL646945";"Inhibition of angiotensin I converting enzyme in silico";"B";"BAO_0000357";"single protein format";"None";"None";"None";"None";"None";"";"";"";"CHEMBL1808";"Angiotensin-converting enzyme";"Homo sapiens";"SINGLE PROTEIN";"CHEMBL1130169";"1";"Scientific Literature";"J Med Chem";"1997";"None";"";"";"";"5.6"
"CHEMBL323051";"";"None";"203.26";"0";"0.38";"30d";"O=C(O)C1CCC(=O)N1CCCS";"IC50";"'='";"1000000000.0";"nM";"";"Outside typical range";"";"UO_0000065";"";"";"";"";"0";"CHEMBL646945";"Inhibition of angiotensin I converting enzyme in silico";"B";"BAO_0000357";"single protein format";"None";"None";"None";"None";"None";"";"";"";"CHEMBL1808";"Angiotensin-converting enzyme";"Homo sapiens";"SINGLE PROTEIN";"CHEMBL1130169";"1";"Scientific Literature";"J Med Chem";"1997";"None";"";"";"";"0.0"
"CHEMBL40806";"";"None";"348.40";"0";"1.51";"5r";"CC(C)C[C@H](N[C@H]1CCc2ccccc2N(CC(=O)O)C1=O)C(=O)O";"IC50";"'='";"45.0";"nM";"7.35";"";"";"UO_0000065";"21.09";"0.40";"5.84";"6.87";"0";"CHEMBL644701";"In vitro inhibitory activity against Angiotensin I converting enzyme";"B";"BAO_0000357";"single protein format";"None";"None";"None";"None";"None";"";"";"";"CHEMBL1808";"Angiotensin-converting enzyme";"Homo sapiens";"SINGLE PROTEIN";"CHEMBL1122836";"1";"Scientific Literature";"J Med Chem";"1985";"None";"";"";"";"45.0"
"CHEMBL61566";"";"None";"393.51";"0";"1.35";"3g";"CCCN1CCC[C@H](NC(=O)[C@@H](S)Cc2ccccc2)C(=O)N1CC(=O)O";"IC50";"'='";"6.0";"nM";"8.22";"";"";"UO_0000065";"20.89";"0.42";"6.87";"9.14";"0";"CHEMBL648283";"In vitro inhibitory activity against angiotensin converting enzyme (ACE) in rat was determined";"B";"BAO_0000019";"assay format";"None";"None";"None";"None";"None";"";"";"";"CHEMBL1808";"Angiotensin-converting enzyme";"Homo sapiens";"SINGLE PROTEIN";"CHEMBL1127958";"1";"Scientific Literature";"Bioorg Med Chem Lett";"1994";"None";"";"";"";"6.0"
"CHEMBL5281720";"";"None";"348.42";"0";"1.16";"49";"O=C(CS)N[C@H]1Cc2ccccc2[C@H]2CCC[C@@H](C(=O)O)N2C1=O";"Ki";"'='";"2.0";"nM";"8.70";"";"";"UO_0000065";"24.97";"0.50";"7.54";"10.03";"0";"CHEMBL5258029";"Binding affinity to angiotensin-converting enzyme (unknown origin) assessed as inhibition constant";"B";"BAO_0000357";"single protein format";"Homo sapiens";"None";"None";"None";"None";"";"";"";"CHEMBL1808";"Angiotensin-converting enzyme";"Homo sapiens";"SINGLE PROTEIN";"CHEMBL5257037";"1";"Scientific Literature";"J Med Chem";"2016";"None";"";"INHIBITOR";"";"2.0"
"CHEMBL1733";"QUINAPRILAT";"2.0";"410.47";"0";"2.09";"(CI-906)Diacid";"C[C@H](N[C@@H](CCc1ccccc1)C(=O)O)C(=O)N1Cc2ccccc2C[C@H]1C(=O)O";"IC50";"'='";"280.0";"nM";"6.55";"";"";"UO_0000065";"15.96";"0.30";"4.46";"6.13";"0";"CHEMBL648701";"In vitro inhibitory activity against Angiotensin I converting enzyme from unpurified guinea pig serum";"B";"BAO_0000357";"single protein format";"Cavia porcellus";"None";"None";"None";"None";"";"";"";"CHEMBL1808";"Angiotensin-converting enzyme";"Homo sapiens";"SINGLE PROTEIN";"CHEMBL1123106";"1";"Scientific Literature";"J Med Chem";"1985";"None";"";"";"";"2.8E-7"
"CHEMBL94016";"";"None";"252.27";"0";"-0.15";"Table 1, 11";"C[C@H](N)C(=O)N[C@@H](Cc1ccc(O)cc1)C(=O)O";"logIC50";"'='";"1.28";"";"";"";"";"";"";"";"";"";"0";"CHEMBL3363246";"Inhibition of ACE (unknown origin)";"B";"BAO_0000357";"single protein format";"Homo sapiens";"None";"None";"None";"None";"";"";"";"CHEMBL1808";"Angiotensin-converting enzyme";"Homo sapiens";"SINGLE PROTEIN";"CHEMBL3352520";"1";"Scientific Literature";"Eur J Med Chem";"2014";"None";"";"";"";"1.28"
"CHEMBL80548";"GLYCYL PROLINE";"None";"172.18";"0";"-0.98";"Table 1, 4";"NCC(=O)N1CCC[C@H]1C(=O)O";"logIC50";"'='";"2.56";"";"";"";"";"";"";"";"";"";"0";"CHEMBL3363246";"Inhibition of ACE (unknown origin)";"B";"BAO_0000357";"single protein format";"Homo sapiens";"None";"None";"None";"None";"";"";"";"CHEMBL1808";"Angiotensin-converting enzyme";"Homo sapiens";"SINGLE PROTEIN";"CHEMBL3352520";"1";"Scientific Literature";"Eur J Med Chem";"2014";"None";"";"";"";"2.56"
"CHEMBL3322001";"";"None";"357.41";"0";"-0.21";"Table 1, 49";"CC(C)C[C@H](N)C(=O)N[C@@H](CCC(=O)O)C(=O)N1CCC[C@H]1C(=O)O";"logIC50";"'='";"0.28";"";"";"";"";"";"";"";"";"";"0";"CHEMBL3363246";"Inhibition of ACE (unknown origin)";"B";"BAO_0000357";"single protein format";"Homo sapiens";"None";"None";"None";"None";"";"";"";"CHEMBL1808";"Angiotensin-converting enzyme";"Homo sapiens";"SINGLE PROTEIN";"CHEMBL3352520";"1";"Scientific Literature";"Eur J Med Chem";"2014";"None";"";"";"";"0.28"
"CHEMBL3322012";"";"None";"343.38";"0";"-0.61";"Table 1, 63";"CC(C)C[C@H](NC(=O)[C@@H](N)CC(=O)O)C(=O)N1CCC[C@H]1C(=O)O";"logIC50";"'='";"0.68";"";"";"";"";"";"";"";"";"";"0";"CHEMBL3363246";"Inhibition of ACE (unknown origin)";"B";"BAO_0000357";"single protein format";"Homo sapiens";"None";"None";"None";"None";"";"";"";"CHEMBL1808";"Angiotensin-converting enzyme";"Homo sapiens";"SINGLE PROTEIN";"CHEMBL3352520";"1";"Scientific Literature";"Eur J Med Chem";"2014";"None";"";"";"";"0.68"
"CHEMBL3322014";"";"None";"390.44";"0";"-0.62";"Table 1, 65";"NC(=O)CC[C@H](NC(=O)[C@@H](N)Cc1ccccc1)C(=O)N1CCC[C@H]1C(=O)O";"logIC50";"'='";"1.08";"";"";"";"";"";"";"";"";"";"0";"CHEMBL3363246";"Inhibition of ACE (unknown origin)";"B";"BAO_0000357";"single protein format";"Homo sapiens";"None";"None";"None";"None";"";"";"";"CHEMBL1808";"Angiotensin-converting enzyme";"Homo sapiens";"SINGLE PROTEIN";"CHEMBL3352520";"1";"Scientific Literature";"Eur J Med Chem";"2014";"None";"";"";"";"1.08"
"CHEMBL3322114";"";"None";"536.63";"1";"-1.30";"Table 1, 80";"CC(C)[C@H](NC(=O)[C@@H]1CCCN1)C(=O)N1CCC[C@H]1C(=O)N[C@@H](CCC(N)=O)C(=O)N1CCC[C@H]1C(=O)O";"logIC50";"'='";"2.04";"";"";"";"";"";"";"";"";"";"0";"CHEMBL3363246";"Inhibition of ACE (unknown origin)";"B";"BAO_0000357";"single protein format";"Homo sapiens";"None";"None";"None";"None";"";"";"";"CHEMBL1808";"Angiotensin-converting enzyme";"Homo sapiens";"SINGLE PROTEIN";"CHEMBL3352520";"1";"Scientific Literature";"Eur J Med Chem";"2014";"None";"";"";"";"2.04"
"CHEMBL3322124";"";"None";"545.64";"1";"-0.03";"Table 1, 93";"CC(C)[C@H](NC(=O)[C@H](C)N)C(=O)N1CCC[C@H]1C(=O)N[C@@H](Cc1ccc(O)cc1)C(=O)N1CCC[C@H]1C(=O)O";"logIC50";"'='";"1.9";"";"";"";"";"";"";"";"";"";"0";"CHEMBL3363246";"Inhibition of ACE (unknown origin)";"B";"BAO_0000357";"single protein format";"Homo sapiens";"None";"None";"None";"None";"";"";"";"CHEMBL1808";"Angiotensin-converting enzyme";"Homo sapiens";"SINGLE PROTEIN";"CHEMBL3352520";"1";"Scientific Literature";"Eur J Med Chem";"2014";"None";"";"";"";"1.9"
"CHEMBL3322126";"";"None";"608.70";"2";"-1.54";"Table 1, 95";"CC[C@H](C)[C@H](NC(=O)[C@H](CCCCN)NC(=O)[C@@H](N)CC(=O)O)C(=O)N[C@@H](Cc1cnc[nH]1)C(=O)N1CCC[C@H]1C(=O)O";"logIC50";"'='";"2.05";"";"";"";"";"";"";"";"";"";"0";"CHEMBL3363246";"Inhibition of ACE (unknown origin)";"B";"BAO_0000357";"single protein format";"Homo sapiens";"None";"None";"None";"None";"";"";"";"CHEMBL1808";"Angiotensin-converting enzyme";"Homo sapiens";"SINGLE PROTEIN";"CHEMBL3352520";"1";"Scientific Literature";"Eur J Med Chem";"2014";"None";"";"";"";"2.05"
"CHEMBL3322129";"";"None";"747.89";"2";"-0.03";"Table 1, 98";"CC[C@H](C)[C@H](NC(=O)[C@@H](N)C(C)C)C(=O)N[C@@H](CCC(=O)O)C(=O)N[C@@H](CCCCN)C(=O)N[C@@H](Cc1ccc(O)cc1)C(=O)N1CCC[C@H]1C(=O)O";"logIC50";"'='";"2.24";"";"";"";"";"";"";"";"";"";"0";"CHEMBL3363246";"Inhibition of ACE (unknown origin)";"B";"BAO_0000357";"single protein format";"Homo sapiens";"None";"None";"None";"None";"";"";"";"CHEMBL1808";"Angiotensin-converting enzyme";"Homo sapiens";"SINGLE PROTEIN";"CHEMBL3352520";"1";"Scientific Literature";"Eur J Med Chem";"2014";"None";"";"";"";"2.24"
"CHEMBL3322131";"";"None";"606.77";"1";"0.23";"Table 1, 100";"CC(C)[C@H](NC(=O)[C@@H]1CCCN1)C(=O)N[C@H](C(=O)N[C@H](C(=O)N1CCC[C@H]1C(=O)N1CCC[C@H]1C(=O)O)C(C)C)C(C)C";"logIC50";"'='";"2.07";"";"";"";"";"";"";"";"";"";"0";"CHEMBL3363246";"Inhibition of ACE (unknown origin)";"B";"BAO_0000357";"single protein format";"Homo sapiens";"None";"None";"None";"None";"";"";"";"CHEMBL1808";"Angiotensin-converting enzyme";"Homo sapiens";"SINGLE PROTEIN";"CHEMBL3352520";"1";"Scientific Literature";"Eur J Med Chem";"2014";"None";"";"";"";"2.07"
"CHEMBL502334";"";"None";"1403.66";"None";"None";"Table 2, 11";"CC(C)[C@H](NC(=O)[C@H](CCCCN)NC(=O)[C@H](CCCNC(=N)N)NC(=O)[C@@H](N)[C@@H](C)O)C(=O)N[C@@H](Cc1c[nH]c2ccccc12)C(=O)N[C@@H](Cc1c[nH]c2ccccc12)C(=O)N[C@@H](Cc1c[nH]c2ccccc12)C(=O)N[C@@H](CCCNC(=N)N)C(=O)N[C@@H](Cc1c[nH]c2ccccc12)C(=O)O";"Ratio IC50";"'='";"6.12";"";"";"";"";"";"";"";"";"";"0";"CHEMBL3363248";"Ratio of compound IC50 to peptide Bac2A RLARIVVIRVAR IC50 for ACE (unknown origin)";"B";"BAO_0000357";"single protein format";"Homo sapiens";"None";"None";"None";"None";"";"";"";"CHEMBL1808";"Angiotensin-converting enzyme";"Homo sapiens";"SINGLE PROTEIN";"CHEMBL3352520";"1";"Scientific Literature";"Eur J Med Chem";"2014";"None";"";"";"";"6.12"
"CHEMBL1560";"CAPTOPRIL";"4.0";"217.29";"0";"0.63";"11d";"C[C@H](CS)C(=O)N1CCC[C@H]1C(=O)O";"IC50";"'='";"79.43";"nM";"7.10";"";"";"UO_0000065";"32.68";"0.69";"6.47";"12.32";"0";"CHEMBL646945";"Inhibition of angiotensin I converting enzyme in silico";"B";"BAO_0000357";"single protein format";"None";"None";"None";"None";"None";"";"";"";"CHEMBL1808";"Angiotensin-converting enzyme";"Homo sapiens";"SINGLE PROTEIN";"CHEMBL1130169";"1";"Scientific Literature";"J Med Chem";"1997";"None";"";"";"";"7.1"
"CHEMBL5395954";"";"None";"2102.51";"None";"None";"BCY15291";"CC[C@H](C)[C@@H]1NC(=O)[C@H](CCCNC(=N)N)NC(=O)[C@@H]2CCCN2C(=O)[C@H](CC(C)C)NC(=O)[C@H](CC(C)C)NC(=O)[C@H](CO)NC(=O)[C@H](CO)NC(=O)[C@@H]2CSCCC(=O)N3CN(CN(C3)C(=O)CCSC[C@@H](C(=O)N[C@@H](C)C(=O)O)NC(=O)[C@H](Cc3c[nH]cn3)NC1=O)C(=O)CCSC[C@H](NC(=O)[C@H](C)N)C(=O)N[C@@H](C(C)C)C(=O)N[C@@H](CCCNC(=N)N)C(=O)N[C@@H](CO)C(=O)N[C@@H](Cc1c[nH]cn1)C(=O)N2";"IC50";"'>'";"40.0";"nM";"";"";"";"UO_0000065";"";"";"";"";"0";"CHEMBL5350896";"Inhibition of human ACE (30 to 1261 residues) using MCA-RPPGFSAFK-Dnp-OH as substrate by fluorescence based analysis";"B";"BAO_0000357";"single protein format";"Homo sapiens";"None";"None";"None";"None";"";"";"";"CHEMBL1808";"Angiotensin-converting enzyme";"Homo sapiens";"SINGLE PROTEIN";"CHEMBL5346959";"1";"Scientific Literature";"J Med Chem";"2023";"None";"";"";"";"40.0"
"CHEMBL5410380";"";"None";"2118.51";"None";"None";"BCY20858";"CC[C@H](C)[C@@H]1NC(=O)[C@H](CCCNC(=N)N)NC(=O)[C@@H]2CCCN2C(=O)[C@H](CC(C)C)NC(=O)[C@H](CC(C)C)NC(=O)[C@H](CO)NC(=O)[C@H](CO)NNC(=O)[C@@H]2CSCCC(=O)N3CN(CN(C3)C(=O)CCSC[C@@H](C(=O)N[C@@H](C)C(N)=O)NC(=O)[C@H](Cc3c[nH]cn3)NC1=O)C(=O)CCSC[C@H](NC(=O)[C@H](C)N)C(=O)N[C@@H]([C@H](C)O)C(=O)N[C@@H](CCCNC(=N)N)C(=O)N[C@@H](CO)C(=O)N[C@@H](Cc1c[nH]cn1)C(=O)N2";"IC50";"'>'";"40.0";"nM";"";"";"";"UO_0000065";"";"";"";"";"0";"CHEMBL5350896";"Inhibition of human ACE (30 to 1261 residues) using MCA-RPPGFSAFK-Dnp-OH as substrate by fluorescence based analysis";"B";"BAO_0000357";"single protein format";"Homo sapiens";"None";"None";"None";"None";"";"";"";"CHEMBL1808";"Angiotensin-converting enzyme";"Homo sapiens";"SINGLE PROTEIN";"CHEMBL5346959";"1";"Scientific Literature";"J Med Chem";"2023";"None";"";"";"";"40.0"
"CHEMBL5430631";"";"None";"2140.60";"None";"None";"BCY20862";"CC[C@H](C)[C@@H]1NC(=O)[C@H](CCCNC(=N)N)NC(=O)[C@@H]2CCCN2C(=O)[C@H](CC(C)C)NC(=O)[C@H](CC(C)C)NC(=O)[C@H](CO)NC(=O)[C@H](CO)NNC(=O)[C@@H]2CSCCC(=O)N3CN(CN(C3)C(=O)CCSC[C@@H](C(=O)N[C@@H](C)C(N)=O)NC(=O)[C@H](Cc3c[nH]cn3)NC1=O)C(=O)CCSC[C@H](NC(=O)[C@H](C)N)C(=O)N[C@@H](C(C)C)C(=O)N[C@@H](CCCNC(=N)N)C(=O)N[C@@H](CO)C(=O)N[C@@H](Cc1ccc(C)cc1)C(=O)N2";"IC50";"'>'";"40.0";"nM";"";"";"";"UO_0000065";"";"";"";"";"0";"CHEMBL5350896";"Inhibition of human ACE (30 to 1261 residues) using MCA-RPPGFSAFK-Dnp-OH as substrate by fluorescence based analysis";"B";"BAO_0000357";"single protein format";"Homo sapiens";"None";"None";"None";"None";"";"";"";"CHEMBL1808";"Angiotensin-converting enzyme";"Homo sapiens";"SINGLE PROTEIN";"CHEMBL5346959";"1";"Scientific Literature";"J Med Chem";"2023";"None";"";"";"";"40.0"
"CHEMBL5415414";"";"None";"2132.54";"None";"None";"BCY20869";"CC[C@H](C)[C@@H]1NC(=O)[C@H](CCCNC(=N)N)NC(=O)[C@@H]2C[C@H](O)CN2C(=O)[C@H](CC(C)C)NC(=O)[C@H](CC(C)C)NC(=O)[C@H](CO)NC(=O)[C@H](CO)NNC(=O)[C@@H]2CSCCC(=O)N3CN(CN(C3)C(=O)CCSC[C@@H](C(=O)N[C@@H](C)C(N)=O)NC(=O)[C@H](Cc3c[nH]cn3)NC1=O)C(=O)CCSC[C@H](NC(=O)[C@H](C)N)C(=O)N[C@@H](C(C)C)C(=O)N[C@@H](CCCNC(=N)N)C(=O)N[C@@H](CO)C(=O)N[C@@H](Cc1c[nH]cn1)C(=O)N2";"IC50";"'>'";"40.0";"nM";"";"";"";"UO_0000065";"";"";"";"";"0";"CHEMBL5350896";"Inhibition of human ACE (30 to 1261 residues) using MCA-RPPGFSAFK-Dnp-OH as substrate by fluorescence based analysis";"B";"BAO_0000357";"single protein format";"Homo sapiens";"None";"None";"None";"None";"";"";"";"CHEMBL1808";"Angiotensin-converting enzyme";"Homo sapiens";"SINGLE PROTEIN";"CHEMBL5346959";"1";"Scientific Literature";"J Med Chem";"2023";"None";"";"";"";"40.0"
"CHEMBL5407252";"";"None";"1910.33";"None";"None";"BCY15298";"CC[C@H](C)[C@@H]1NC(=O)[C@H](CCCNC(=N)N)NC(=O)[C@@H]2CSCCC(=O)N3CN(CN(C3)C(=O)CCSC[C@@H](C(=O)N[C@@H](C)C(N)=O)NC(=O)[C@H](CC(C)C)NC(=O)[C@H](CCCCN)NC1=O)C(=O)CCSC[C@H](NC(=O)[C@H](C)N)C(=O)NCC(=O)N[C@@H](CCCNC(=N)N)C(=O)N[C@@H](CCC(=O)O)C(=O)N[C@@H](CCC(=O)O)C(=O)N[C@@H](CC(C)C)C(=O)N1CCC[C@H]1C(=O)N2";"Kd";"'>'";"10000.0";"nM";"";"";"";"UO_0000065";"";"";"";"";"0";"CHEMBL5350899";"Binding affinity to human ACE assessed as binding constant by surface plasmon resonance analysis";"B";"BAO_0000357";"single protein format";"Homo sapiens";"None";"None";"None";"None";"";"";"";"CHEMBL1808";"Angiotensin-converting enzyme";"Homo sapiens";"SINGLE PROTEIN";"CHEMBL5346959";"1";"Scientific Literature";"J Med Chem";"2023";"None";"";"";"";"10.0"
"CHEMBL289618";"";"None";"525.60";"1";"3.04";"5d";"CCOC(=O)[C@H](CCCCNC(=O)OCc1ccccc1)N[C@H]1CCc2ccccc2N(CC(=O)O)C1=O";"IC50";"'='";"15.0";"nM";"7.82";"";"";"UO_0000065";"14.89";"0.28";"4.78";"5.83";"0";"CHEMBL644701";"In vitro inhibitory activity against Angiotensin I converting enzyme";"B";"BAO_0000357";"single protein format";"None";"None";"None";"None";"None";"";"";"";"CHEMBL1808";"Angiotensin-converting enzyme";"Homo sapiens";"SINGLE PROTEIN";"CHEMBL1122836";"1";"Scientific Literature";"J Med Chem";"1985";"None";"";"";"";"15.0"
"CHEMBL420391";"";"None";"506.56";"1";"0.84";"COO_23A";"NCCCCC(NC(=O)OCc1ccccc1)C(=O)N[C@H](CCC(=O)N1CCC[C@H]1C(=O)O)C(=O)O";"IC50";"'='";"12.02";"nM";"7.92";"";"";"UO_0000065";"";"";"";"";"0";"CHEMBL648337";"Inhibitory activity against angiotensin converting enzyme (ACE)";"F";"BAO_0000019";"assay format";"None";"None";"None";"None";"None";"";"";"";"CHEMBL1808";"Angiotensin-converting enzyme";"Homo sapiens";"SINGLE PROTEIN";"CHEMBL1126767";"1";"Scientific Literature";"J Med Chem";"1993";"None";"";"";"";"7.92"
"CHEMBL327799";"";"None";"436.40";"1";"0.94";"14";"C[C@H](O)[C@H](NCP(=O)(O)O)C(=O)N[C@@H](Cc1ccc(-c2ccccc2)cc1)C(=O)O";"IC50";"'='";"665.0";"nM";"6.18";"";"";"UO_0000065";"14.15";"0.28";"5.24";"3.95";"0";"CHEMBL876577";"In vitro inhibitory concentration against angiotensin-converting enzyme";"B";"BAO_0000224";"protein format";"None";"None";"None";"None";"None";"";"";"";"CHEMBL1808";"Angiotensin-converting enzyme";"Homo sapiens";"SINGLE PROTEIN";"CHEMBL1150039";"1";"Scientific Literature";"Bioorg Med Chem Lett";"1994";"None";"";"";"";"665.0"
"CHEMBL329530";"";"None";"496.50";"0";"3.36";"21";"C[C@H](c1ccccc1)[C@H](NCP(=O)(O)O)C(=O)N[C@@H](Cc1ccc(-c2ccccc2)cc1)C(=O)O";"IC50";"'='";"138.0";"nM";"6.86";"";"";"UO_0000065";"13.82";"0.27";"3.50";"5.05";"0";"CHEMBL876577";"In vitro inhibitory concentration against angiotensin-converting enzyme";"B";"BAO_0000224";"protein format";"None";"None";"None";"None";"None";"";"";"";"CHEMBL1808";"Angiotensin-converting enzyme";"Homo sapiens";"SINGLE PROTEIN";"CHEMBL1150039";"1";"Scientific Literature";"Bioorg Med Chem Lett";"1994";"None";"";"";"";"138.0"
"CHEMBL1242210";"";"None";"420.56";"0";"2.48";"GSK-812397";"CN1CCN(c2cccc3nc(CN(C)[C@H]4CCCc5cccnc54)c(CO)n23)CC1";"IC50";"'='";"193.0";"nM";"6.71";"";"";"UO_0000065";"15.97";"0.30";"4.23";"11.16";"0";"CHEMBL1246026";"Inhibition of ACE";"B";"BAO_0000357";"single protein format";"None";"None";"None";"None";"None";"";"";"";"CHEMBL1808";"Angiotensin-converting enzyme";"Homo sapiens";"SINGLE PROTEIN";"CHEMBL1240366";"1";"Scientific Literature";"Antimicrob Agents Chemother";"2010";"None";"";"";"";"193.0"
"CHEMBL4294217";"";"None";"815.07";"1";"4.42";"Omapatrilat Dimer";"O=C(N[C@H]1CCS[C@H]2CCC[C@@H](C(=O)O)N2C1=O)[C@H](Cc1ccccc1)SS[C@@H](Cc1ccccc1)C(=O)N[C@H]1CCS[C@H]2CCC[C@@H](C(=O)O)N2C1=O";"IC50";"'='";"2100.0";"nM";"5.68";"";"";"UO_0000065";"";"";"";"";"0";"CHEMBL4269907";"Inhibition of human fully glycosylated ACE N-terminal domain expressed in CHO cells using MCA-RPPGFSAFK(Dnp)-OH as substrate preincubated for 15 mins followed by substrate addition measured after 10 mins by fluorescence spectrophotometric analysis";"A";"BAO_0000219";"cell-based format";"Homo sapiens";"None";"None";"CHO";"None";"";"";"";"CHEMBL1808";"Angiotensin-converting enzyme";"Homo sapiens";"SINGLE PROTEIN";"CHEMBL4266030";"1";"Scientific Literature";"J Med Chem";"2018";"None";"";"";"";"2.1"
"CHEMBL100586";"";"None";"453.50";"0";"1.97";"3l";"C[C@@H](N[C@@H](CCc1ccccc1)C(=O)O)C(=O)N1C(=O)N(Cc2ccccc2)C[C@H]1C(=O)O";"IC50";"'='";"2400.0";"nM";"5.62";"";"";"UO_0000065";"12.39";"0.23";"3.65";"4.42";"0";"CHEMBL644735";"Inhibition of Angiotensin I converting enzyme from pig renal cortex, hippuryl-histidyl-leucine as substrate";"B";"BAO_0000019";"assay format";"Sus scrofa";"None";"None";"None";"None";"";"";"";"CHEMBL1808";"Angiotensin-converting enzyme";"Homo sapiens";"SINGLE PROTEIN";"CHEMBL1124381";"1";"Scientific Literature";"J Med Chem";"1989";"None";"";"";"";"0.0000024"
"CHEMBL3322108";"";"None";"539.72";"1";"1.25";"Table 1, 90";"CC[C@H](C)[C@H](NC(=O)[C@H](CC(C)C)NC(=O)[C@@H](N)C(C)C)C(=O)N[C@H](C(=O)N1CCC[C@H]1C(=O)O)C(C)C";"logIC50";"'='";"2.23";"";"";"";"";"";"";"";"";"";"0";"CHEMBL3363246";"Inhibition of ACE (unknown origin)";"B";"BAO_0000357";"single protein format";"Homo sapiens";"None";"None";"None";"None";"";"";"";"CHEMBL1808";"Angiotensin-converting enzyme";"Homo sapiens";"SINGLE PROTEIN";"CHEMBL3352520";"1";"Scientific Literature";"Eur J Med Chem";"2014";"None";"";"";"";"2.23"
"CHEMBL3322134";"";"None";"688.87";"2";"0.94";"Table 1, 103";"CC(C)C[C@H](NC(=O)[C@@H]1CCCN1C(=O)[C@H](CC(C)C)NC(=O)[C@H](Cc1cnc[nH]1)NC(=O)[C@@H](N)CC(C)C)C(=O)N1CCC[C@H]1C(=O)O";"logIC50";"'='";"0.57";"";"";"";"";"";"";"";"";"";"0";"CHEMBL3363246";"Inhibition of ACE (unknown origin)";"B";"BAO_0000357";"single protein format";"Homo sapiens";"None";"None";"None";"None";"";"";"";"CHEMBL1808";"Angiotensin-converting enzyme";"Homo sapiens";"SINGLE PROTEIN";"CHEMBL3352520";"1";"Scientific Literature";"Eur J Med Chem";"2014";"None";"";"";"";"0.57"
"CHEMBL500619";"";"None";"1472.77";"None";"None";"Table 2, 4";"CC[C@H](C)[C@H](NC(=O)[C@H](Cc1c[nH]c2ccccc12)NC(=O)[C@H](Cc1c[nH]c2ccccc12)NC(=O)[C@H](CCCCN)NC(=O)[C@H](CCCNC(=N)N)NC(=O)[C@H](Cc1c[nH]c2ccccc12)NC(=O)[C@H](Cc1c[nH]c2ccccc12)NC(=O)[C@@H](N)CCCNC(=N)N)C(=O)N[C@@H](CCCNC(=N)N)C(=O)O";"Ratio IC50";"'='";"0.24";"";"";"";"";"";"";"";"";"";"0";"CHEMBL3363247";"Inhibition of ACE (unknown origin) relative to peptide Bac2A RLARIVVIRVAR sequence";"B";"BAO_0000357";"single protein format";"Homo sapiens";"None";"None";"None";"None";"";"";"";"CHEMBL1808";"Angiotensin-converting enzyme";"Homo sapiens";"SINGLE PROTEIN";"CHEMBL3352520";"1";"Scientific Literature";"Eur J Med Chem";"2014";"None";"";"";"";"0.24"
"CHEMBL525993";"";"None";"1348.67";"None";"None";"Table 2, 13";"CC[C@H](C)[C@H](NC(=O)[C@H](Cc1c[nH]c2ccccc12)NC(=O)[C@H](Cc1c[nH]c2ccccc12)NC(=O)[C@H](CCCCN)NC(=O)[C@H](CC(C)C)NC(=O)[C@H](CCCNC(=N)N)NC(=O)[C@H](CCCCN)NC(=O)[C@@H](N)CCCNC(=N)N)C(=O)N[C@@H](Cc1ccc(O)cc1)C(=O)O";"Ratio IC50";"'='";"0.18";"";"";"";"";"";"";"";"";"";"0";"CHEMBL3363247";"Inhibition of ACE (unknown origin) relative to peptide Bac2A RLARIVVIRVAR sequence";"B";"BAO_0000357";"single protein format";"Homo sapiens";"None";"None";"None";"None";"";"";"";"CHEMBL1808";"Angiotensin-converting enzyme";"Homo sapiens";"SINGLE PROTEIN";"CHEMBL3352520";"1";"Scientific Literature";"Eur J Med Chem";"2014";"None";"";"";"";"0.18"
"CHEMBL498988";"";"None";"1414.73";"None";"None";"Table 2, 21";"CC[C@H](C)[C@H](NC(=O)[C@H](CCCNC(=N)N)NC(=O)[C@H](CCCNC(=N)N)NC(=O)[C@H](CCCNC(=N)N)NC(=O)[C@@H](N)CCCCN)C(=O)N[C@@H](Cc1c[nH]c2ccccc12)C(=O)N[C@@H](Cc1c[nH]c2ccccc12)C(=O)N[C@@H](Cc1c[nH]c2ccccc12)C(=O)N[C@@H](CCCCN)C(=O)O";"Ratio IC50";"'='";"0.4";"";"";"";"";"";"";"";"";"";"0";"CHEMBL3363247";"Inhibition of ACE (unknown origin) relative to peptide Bac2A RLARIVVIRVAR sequence";"B";"BAO_0000357";"single protein format";"Homo sapiens";"None";"None";"None";"None";"";"";"";"CHEMBL1808";"Angiotensin-converting enzyme";"Homo sapiens";"SINGLE PROTEIN";"CHEMBL3352520";"1";"Scientific Literature";"Eur J Med Chem";"2014";"None";"";"";"";"0.4"
"CHEMBL505535";"";"None";"1545.83";"None";"None";"Table 2, 24";"N=C(N)NCCC[C@H](NC(=O)[C@H](Cc1c[nH]c2ccccc12)NC(=O)[C@H](Cc1c[nH]c2ccccc12)NC(=O)[C@H](CCCNC(=N)N)NC(=O)[C@H](Cc1c[nH]c2ccccc12)NC(=O)[C@H](Cc1c[nH]c2ccccc12)NC(=O)[C@H](CCCCN)NC(=O)[C@@H](N)CCCNC(=N)N)C(=O)N[C@@H](Cc1c[nH]c2ccccc12)C(=O)O";"Ratio IC50";"'='";"0.31";"";"";"";"";"";"";"";"";"";"0";"CHEMBL3363247";"Inhibition of ACE (unknown origin) relative to peptide Bac2A RLARIVVIRVAR sequence";"B";"BAO_0000357";"single protein format";"Homo sapiens";"None";"None";"None";"None";"";"";"";"CHEMBL1808";"Angiotensin-converting enzyme";"Homo sapiens";"SINGLE PROTEIN";"CHEMBL3352520";"1";"Scientific Literature";"Eur J Med Chem";"2014";"None";"";"";"";"0.31"
"CHEMBL526682";"";"None";"1444.76";"None";"None";"Table 2, 3";"CC(C)C[C@H](NC(=O)[C@H](Cc1c[nH]c2ccccc12)NC(=O)[C@H](CCCNC(=N)N)NC(=O)[C@H](CCCCN)NC(=O)[C@@H](N)CCCCN)C(=O)N[C@@H](Cc1c[nH]c2ccccc12)C(=O)N[C@@H](Cc1c[nH]c2ccccc12)C(=O)N[C@@H](Cc1c[nH]c2ccccc12)C(=O)N[C@@H](CCCNC(=N)N)C(=O)O";"Ratio IC50";"'='";"6.52";"";"";"";"";"";"";"";"";"";"0";"CHEMBL3363248";"Ratio of compound IC50 to peptide Bac2A RLARIVVIRVAR IC50 for ACE (unknown origin)";"B";"BAO_0000357";"single protein format";"Homo sapiens";"None";"None";"None";"None";"";"";"";"CHEMBL1808";"Angiotensin-converting enzyme";"Homo sapiens";"SINGLE PROTEIN";"CHEMBL3352520";"1";"Scientific Literature";"Eur J Med Chem";"2014";"None";"";"";"";"6.52"
"CHEMBL90973";"";"None";"162.14";"0";"-2.49";"GS";"NCC(=O)N[C@@H](CO)C(=O)O";"IC50";"'='";"3801893.96";"nM";"";"Outside typical range";"";"UO_0000065";"";"";"";"";"0";"CHEMBL858254";"Biological activity was measured against Angiotensin I converting enzyme";"B";"BAO_0000357";"single protein format";"None";"None";"None";"None";"None";"";"";"";"CHEMBL1808";"Angiotensin-converting enzyme";"Homo sapiens";"SINGLE PROTEIN";"CHEMBL1128468";"1";"Scientific Literature";"J Med Chem";"1995";"None";"";"";"";"2.42"
"CHEMBL62203";"";"None";"265.33";"0";"1.72";"46";"CC(CS)C(=O)N1Cc2ccccc2C1C(=O)O";"IC50";"'='";"14000.0";"nM";"4.85";"";"";"UO_0000065";"18.29";"0.37";"3.13";"8.43";"0";"CHEMBL648350";"Inhibition of guinea pig angiotensin I converting enzyme";"B";"BAO_0000357";"single protein format";"Cavia porcellus";"None";"None";"None";"None";"";"";"";"CHEMBL1808";"Angiotensin-converting enzyme";"Homo sapiens";"SINGLE PROTEIN";"CHEMBL1123237";"1";"Scientific Literature";"J Med Chem";"1986";"None";"";"";"";"14.0"
"CHEMBL90972";"";"None";"206.27";"0";"-0.73";"MG";"CSCC[C@H](N)C(=O)NCC(=O)O";"IC50";"'='";"4786300.92";"nM";"";"Outside typical range";"";"UO_0000065";"";"";"";"";"0";"CHEMBL858254";"Biological activity was measured against Angiotensin I converting enzyme";"B";"BAO_0000357";"single protein format";"None";"None";"None";"None";"None";"";"";"";"CHEMBL1808";"Angiotensin-converting enzyme";"Homo sapiens";"SINGLE PROTEIN";"CHEMBL1128468";"1";"Scientific Literature";"J Med Chem";"1995";"None";"";"";"";"2.32"
"CHEMBL194651";"";"None";"378.49";"0";"3.37";"28";"CCCc1cnc(N2C[C@H](S)CC2CNCc2cc(F)ccc2F)nc1";"IC50";"'='";"31500.0";"nM";"4.50";"";"";"UO_0000065";"11.89";"0.24";"1.13";"10.97";"0";"CHEMBL832631";"Inhibitory concentration against human angiotensin I converting enzyme";"B";"BAO_0000357";"single protein format";"Homo sapiens";"None";"None";"None";"None";"";"";"";"CHEMBL1808";"Angiotensin-converting enzyme";"Homo sapiens";"SINGLE PROTEIN";"CHEMBL1144347";"1";"Scientific Literature";"J Med Chem";"2005";"None";"";"";"";"31.5"
"CHEMBL4172457";"";"None";"373.49";"0";"0.77";"Ahda-Ala-Val";"CCCCCCC[C@H](N)C(O)C(=O)N[C@@H](C)C(=O)N[C@H](C(=O)O)C(C)C";"IC50";"'='";"460000.0";"nM";"";"Outside typical range";"";"UO_0000065";"";"";"";"";"0";"CHEMBL4144750";"Inhibition of ACE (unknown origin) using hippuryl-L-histidyl-L-leucine as substrate preincubated with substrate for 30 mins followed by enzyme addition measured after 30 mins by LC/MS analysis";"B";"BAO_0000357";"single protein format";"Homo sapiens";"None";"None";"None";"None";"";"";"";"CHEMBL1808";"Angiotensin-converting enzyme";"Homo sapiens";"SINGLE PROTEIN";"CHEMBL4138292";"1";"Scientific Literature";"J Nat Prod";"2018";"None";"";"";"";"460.0"
"CHEMBL252391";"";"None";"371.50";"0";"3.81";"1i";"CC[C@@H](C)[C@H](S)C(=O)N[C@@H](Cc1ccc(-c2ccccc2)cc1)C(=O)O";"Ki";"'='";"490.0";"nM";"6.31";"";"";"UO_0000065";"16.98";"0.33";"2.50";"9.50";"0";"CHEMBL933039";"Inhibition of human recombinant ACE by fluorescence assay";"B";"BAO_0000357";"single protein format";"Homo sapiens";"None";"None";"None";"None";"";"";"";"CHEMBL1808";"Angiotensin-converting enzyme";"Homo sapiens";"SINGLE PROTEIN";"CHEMBL1142293";"1";"Scientific Literature";"Bioorg Med Chem Lett";"2008";"None";"";"";"";"490.0"
"CHEMBL299169";"";"None";"350.44";"0";"1.11";"1C";"O=C(O)CN1CCCC[C@H](NC(=O)[C@@H](S)Cc2ccccc2)C1=O";"IC50";"'='";"22.0";"nM";"7.66";"";"";"UO_0000065";"21.85";"0.44";"6.55";"8.83";"0";"CHEMBL645286";"Inhibition of Angiotensin I converting enzyme";"B";"BAO_0000357";"single protein format";"None";"None";"None";"None";"None";"";"";"";"CHEMBL1808";"Angiotensin-converting enzyme";"Homo sapiens";"SINGLE PROTEIN";"CHEMBL1152108";"1";"Scientific Literature";"Bioorg Med Chem Lett";"1994";"None";"";"";"";"22.0"
"CHEMBL325055";"FASIDOTRILAT";"None";"445.49";"0";"3.23";"Fasidotrilat";"C[C@H](NC(=O)[C@@H](CSC(=O)O)Cc1ccc2c(c1)OCO2)C(=O)OCc1ccccc1";"Ki";"'='";"9.8";"nM";"8.01";"";"";"UO_0000065";"17.98";"0.35";"4.78";"7.20";"0";"CHEMBL649540";"Inhibitory activity against angiotensin I converting enzyme (ACE)";"B";"BAO_0000357";"single protein format";"None";"None";"None";"None";"None";"";"";"";"CHEMBL1808";"Angiotensin-converting enzyme";"Homo sapiens";"SINGLE PROTEIN";"CHEMBL1133572";"1";"Scientific Literature";"J Med Chem";"2000";"None";"";"";"";"9.8"
"CHEMBL172917";"";"None";"360.41";"0";"1.16";"16";"CC(=O)NC(Cc1ccccc1)C(=O)CCC(=O)N1CCC[C@H]1C(=O)O";"IC50";"'='";"330.0";"nM";"6.48";"";"";"UO_0000065";"17.98";"0.34";"5.32";"6.25";"0";"CHEMBL648346";"Concentration required to inhibit the activity of Angiotensin I converting enzyme by 50%";"B";"BAO_0000224";"protein format";"Cavia porcellus";"None";"None";"None";"None";"";"";"";"CHEMBL1808";"Angiotensin-converting enzyme";"Homo sapiens";"SINGLE PROTEIN";"CHEMBL1121683";"1";"Scientific Literature";"J Med Chem";"1981";"None";"";"";"";"3.3E-7"
"CHEMBL431983";"";"None";"243.33";"0";"1.16";"11";"O=C(O)[C@@H]1CCCN1C(=O)C1CCCC1S";"IC50";"'='";"64.57";"nM";"7.19";"";"";"UO_0000065";"";"";"";"";"0";"CHEMBL648337";"Inhibitory activity against angiotensin converting enzyme (ACE)";"F";"BAO_0000019";"assay format";"None";"None";"None";"None";"None";"";"";"";"CHEMBL1808";"Angiotensin-converting enzyme";"Homo sapiens";"SINGLE PROTEIN";"CHEMBL1126767";"1";"Scientific Literature";"J Med Chem";"1993";"None";"";"";"";"7.19"
"CHEMBL1560";"CAPTOPRIL";"4.0";"217.29";"0";"0.63";"25";"C[C@H](CS)C(=O)N1CCC[C@H]1C(=O)O";"IC50";"'='";"12.0";"nM";"7.92";"";"";"UO_0000065";"36.45";"0.77";"7.29";"13.75";"1";"CHEMBL5258025";"Inhibition of angiotensin-converting enzyme (unknown origin)";"B";"BAO_0000357";"single protein format";"Homo sapiens";"None";"None";"None";"None";"";"";"";"CHEMBL1808";"Angiotensin-converting enzyme";"Homo sapiens";"SINGLE PROTEIN";"CHEMBL5257037";"1";"Scientific Literature";"J Med Chem";"2016";"None";"";"INHIBITOR";"";"12.0"
"CHEMBL78340";"";"None";"314.38";"0";"0.93";"80";"CC(C)CCC(N[C@@H](C)C(=O)N1CCC[C@H]1C(=O)O)C(=O)O";"IC50";"'='";"2.57";"nM";"8.59";"";"";"UO_0000065";"";"";"";"";"0";"CHEMBL648337";"Inhibitory activity against angiotensin converting enzyme (ACE)";"F";"BAO_0000019";"assay format";"None";"None";"None";"None";"None";"";"";"";"CHEMBL1808";"Angiotensin-converting enzyme";"Homo sapiens";"SINGLE PROTEIN";"CHEMBL1126767";"1";"Scientific Literature";"J Med Chem";"1993";"None";"";"";"";"8.59"
"CHEMBL284345";"";"None";"476.51";"0";"3.83";"SQ-29852_2E";"NCCCC[C@H](OP(=O)(O)CCCCc1ccccc1)C(=O)N(CC(=O)O)c1ccccc1";"IC50";"'='";"1.072";"nM";"8.97";"";"";"UO_0000065";"";"";"";"";"0";"CHEMBL648337";"Inhibitory activity against angiotensin converting enzyme (ACE)";"F";"BAO_0000019";"assay format";"None";"None";"None";"None";"None";"";"";"";"CHEMBL1808";"Angiotensin-converting enzyme";"Homo sapiens";"SINGLE PROTEIN";"CHEMBL1126767";"1";"Scientific Literature";"J Med Chem";"1993";"None";"";"";"";"8.97"
"CHEMBL287896";"";"None";"350.44";"0";"1.11";"55";"C[C@H](NC(=O)[C@@H](S)Cc1ccccc1)C(=O)N1CCC[C@H]1C(=O)O";"IC50";"'='";"30.0";"nM";"7.52";"";"";"UO_0000065";"21.47";"0.43";"6.41";"8.68";"1";"CHEMBL5258025";"Inhibition of angiotensin-converting enzyme (unknown origin)";"B";"BAO_0000357";"single protein format";"Homo sapiens";"None";"None";"None";"None";"";"";"";"CHEMBL1808";"Angiotensin-converting enzyme";"Homo sapiens";"SINGLE PROTEIN";"CHEMBL5257037";"1";"Scientific Literature";"J Med Chem";"2016";"None";"";"INHIBITOR";"";"30.0"
"CHEMBL5272537";"";"None";"436.51";"0";"2.79";"45b; 48";"O=C(O)[C@H](CCc1ccccc1)N[C@H]1Cc2ccccc2[C@H]2CCC[C@@H](C(=O)O)N2C1=O";"Ki";"'='";"0.004";"nM";"";"Outside typical range";"";"UO_0000065";"";"";"";"";"0";"CHEMBL5258029";"Binding affinity to angiotensin-converting enzyme (unknown origin) assessed as inhibition constant";"B";"BAO_0000357";"single protein format";"Homo sapiens";"None";"None";"None";"None";"";"";"";"CHEMBL1808";"Angiotensin-converting enzyme";"Homo sapiens";"SINGLE PROTEIN";"CHEMBL5257037";"1";"Scientific Literature";"J Med Chem";"2016";"None";"";"INHIBITOR";"";"0.004"
"CHEMBL51780";"";"None";"430.55";"0";"2.48";"3d";"O=C(O)CN1C(=O)[C@@H](NC(=O)[C@@H](CS)Cc2ccccc2)CSc2ccccc21";"IC50";"'='";"17.0";"nM";"7.77";"";"";"UO_0000065";"18.05";"0.37";"5.29";"8.96";"0";"CHEMBL648282";"Tested in vitro for inhibition of Angiotensin converting enzyme (ACE)";"B";"BAO_0000357";"single protein format";"None";"None";"None";"None";"None";"";"";"";"CHEMBL1808";"Angiotensin-converting enzyme";"Homo sapiens";"SINGLE PROTEIN";"CHEMBL1127937";"1";"Scientific Literature";"Bioorg Med Chem Lett";"1994";"None";"";"";"";"17.0"
"CHEMBL75433";"";"None";"269.37";"0";"2.25";"9a";"CCCCC(CC(=O)NO)[S+]([O-])c1ccccc1";"IC50";"'>'";"100000.0";"nM";"";"";"";"UO_0000065";"";"";"";"";"0";"CHEMBL648688";"Inhibitory activity against angiotensin I converting enzyme (ACE)";"B";"BAO_0000357";"single protein format";"None";"None";"None";"None";"None";"";"";"";"CHEMBL1808";"Angiotensin-converting enzyme";"Homo sapiens";"SINGLE PROTEIN";"CHEMBL1133694";"1";"Scientific Literature";"J Med Chem";"2000";"None";"";"";"";"100.0"
"CHEMBL461021";"";"None";"355.53";"0";"3.01";"11h";"CCCc1ccc(CSC[C@H](NC(=O)[C@H](C)CS)C(=O)O)cc1";"IC50";"'='";"210.0";"nM";"6.68";"";"";"UO_0000065";"18.78";"0.40";"3.67";"10.06";"0";"CHEMBL1013488";"Inhibition of angiotensin-converting enzyme in whole blood by HPLC";"B";"BAO_0000221";"tissue-based format";"None";"CHEMBL3638178";"Blood";"None";"None";"";"";"";"CHEMBL1808";"Angiotensin-converting enzyme";"Homo sapiens";"SINGLE PROTEIN";"CHEMBL1154514";"1";"Scientific Literature";"Bioorg Med Chem Lett";"2009";"None";"";"";"";"210.0"
"CHEMBL514268";"";"None";"405.54";"0";"3.85";"11p";"C[C@H](CS)C(=O)N[C@@H](CSCc1ccc(Oc2ccccc2)cc1)C(=O)O";"IC50";"'='";"370.0";"nM";"6.43";"";"";"UO_0000065";"15.86";"0.33";"2.58";"8.50";"0";"CHEMBL1013488";"Inhibition of angiotensin-converting enzyme in whole blood by HPLC";"B";"BAO_0000221";"tissue-based format";"None";"CHEMBL3638178";"Blood";"None";"None";"";"";"";"CHEMBL1808";"Angiotensin-converting enzyme";"Homo sapiens";"SINGLE PROTEIN";"CHEMBL1154514";"1";"Scientific Literature";"Bioorg Med Chem Lett";"2009";"None";"";"";"";"370.0"
"CHEMBL456278";"";"None";"358.44";"0";"1.96";"11s";"C[C@H](CS)C(=O)N[C@@H](CSCc1ccc([N+](=O)[O-])cc1)C(=O)O";"IC50";"'='";"320.0";"nM";"6.50";"";"";"UO_0000065";"18.12";"0.39";"4.53";"5.93";"0";"CHEMBL1013488";"Inhibition of angiotensin-converting enzyme in whole blood by HPLC";"B";"BAO_0000221";"tissue-based format";"None";"CHEMBL3638178";"Blood";"None";"None";"";"";"";"CHEMBL1808";"Angiotensin-converting enzyme";"Homo sapiens";"SINGLE PROTEIN";"CHEMBL1154514";"1";"Scientific Literature";"Bioorg Med Chem Lett";"2009";"None";"";"";"";"320.0"
"CHEMBL458451";"";"None";"397.61";"0";"4.38";"16d";"CC(C)c1ccc(C(SC[C@H](NC(=O)[C@H](C)CS)C(=O)O)C(C)C)cc1";"IC50";"'='";"430.0";"nM";"6.37";"";"";"UO_0000065";"16.01";"0.33";"1.99";"9.59";"0";"CHEMBL1013488";"Inhibition of angiotensin-converting enzyme in whole blood by HPLC";"B";"BAO_0000221";"tissue-based format";"None";"CHEMBL3638178";"Blood";"None";"None";"";"";"";"CHEMBL1808";"Angiotensin-converting enzyme";"Homo sapiens";"SINGLE PROTEIN";"CHEMBL1154514";"1";"Scientific Literature";"Bioorg Med Chem Lett";"2009";"None";"";"";"";"430.0"
"CHEMBL1592";"QUINAPRIL";"4.0";"438.52";"0";"2.57";"CI-906";"CCOC(=O)[C@H](CCc1ccccc1)N[C@@H](C)C(=O)N1Cc2ccccc2C[C@H]1C(=O)O";"IC50";"'='";"8.3";"nM";"8.08";"";"";"UO_0000065";"18.43";"0.34";"5.51";"8.42";"0";"CHEMBL648701";"In vitro inhibitory activity against Angiotensin I converting enzyme from unpurified guinea pig serum";"B";"BAO_0000357";"single protein format";"Cavia porcellus";"None";"None";"None";"None";"";"";"";"CHEMBL1808";"Angiotensin-converting enzyme";"Homo sapiens";"SINGLE PROTEIN";"CHEMBL1123106";"1";"Scientific Literature";"J Med Chem";"1985";"None";"";"";"";"8.3E-9"
"CHEMBL312550";"";"None";"251.17";"0";"-0.37";"68";"O=C(O)[C@@H]1CCCN1C(=O)CCP(=O)(O)O";"IC50";"'='";"47863.01";"nM";"4.32";"";"";"UO_0000065";"";"";"";"";"0";"CHEMBL648337";"Inhibitory activity against angiotensin converting enzyme (ACE)";"F";"BAO_0000019";"assay format";"None";"None";"None";"None";"None";"";"";"";"CHEMBL1808";"Angiotensin-converting enzyme";"Homo sapiens";"SINGLE PROTEIN";"CHEMBL1126767";"1";"Scientific Literature";"J Med Chem";"1993";"None";"";"";"";"4.32"
"CHEMBL312120";"";"None";"278.33";"0";"1.21";"THIOL_18";"O=C(CS)N[C@@H](Cc1c[nH]c2ccccc12)C(=O)O";"IC50";"'='";"758.58";"nM";"6.12";"";"";"UO_0000065";"";"";"";"";"0";"CHEMBL648337";"Inhibitory activity against angiotensin converting enzyme (ACE)";"F";"BAO_0000019";"assay format";"None";"None";"None";"None";"None";"";"";"";"CHEMBL1808";"Angiotensin-converting enzyme";"Homo sapiens";"SINGLE PROTEIN";"CHEMBL1126767";"1";"Scientific Literature";"J Med Chem";"1993";"None";"";"";"";"6.12"
"CHEMBL76577";"";"None";"217.29";"0";"0.63";"41";"C[C@@H](CS)C(=O)N1CCC[C@@H]1C(=O)O";"IC50";"'='";"10964.78";"nM";"4.96";"";"";"UO_0000065";"";"";"";"";"0";"CHEMBL648337";"Inhibitory activity against angiotensin converting enzyme (ACE)";"F";"BAO_0000019";"assay format";"None";"None";"None";"None";"None";"";"";"";"CHEMBL1808";"Angiotensin-converting enzyme";"Homo sapiens";"SINGLE PROTEIN";"CHEMBL1126767";"1";"Scientific Literature";"J Med Chem";"1993";"None";"";"";"";"4.96"
"CHEMBL77677";"";"None";"163.20";"0";"-0.49";"30";"O=C(O)CNC(=O)CCS";"IC50";"'='";"2818.38";"nM";"5.55";"";"";"UO_0000065";"";"";"";"";"0";"CHEMBL648337";"Inhibitory activity against angiotensin converting enzyme (ACE)";"F";"BAO_0000019";"assay format";"None";"None";"None";"None";"None";"";"";"";"CHEMBL1808";"Angiotensin-converting enzyme";"Homo sapiens";"SINGLE PROTEIN";"CHEMBL1126767";"1";"Scientific Literature";"J Med Chem";"1993";"None";"";"";"";"5.55"
"CHEMBL10962";"";"None";"203.26";"0";"0.38";"34";"O=C(O)[C@@H]1CCCN1C(=O)CCS";"IC50";"'='";"199.53";"nM";"6.70";"";"";"UO_0000065";"";"";"";"";"0";"CHEMBL648337";"Inhibitory activity against angiotensin converting enzyme (ACE)";"F";"BAO_0000019";"assay format";"None";"None";"None";"None";"None";"";"";"";"CHEMBL1808";"Angiotensin-converting enzyme";"Homo sapiens";"SINGLE PROTEIN";"CHEMBL1126767";"1";"Scientific Literature";"J Med Chem";"1993";"None";"";"";"";"6.7"
"CHEMBL90260";"";"None";"268.32";"0";"-0.10";"HL";"CC(C)C[C@H](NC(=O)[C@@H](N)Cc1c[nH]cn1)C(=O)O";"IC50";"'='";"3235936.57";"nM";"";"Outside typical range";"";"UO_0000065";"";"";"";"";"0";"CHEMBL858254";"Biological activity was measured against Angiotensin I converting enzyme";"B";"BAO_0000357";"single protein format";"None";"None";"None";"None";"None";"";"";"";"CHEMBL1808";"Angiotensin-converting enzyme";"Homo sapiens";"SINGLE PROTEIN";"CHEMBL1128468";"1";"Scientific Literature";"J Med Chem";"1995";"None";"";"";"";"2.49"
"CHEMBL513281";"";"None";"298.75";"0";"2.24";"18";"O=C1C2=C(CCCC2)S(=O)(=O)N1c1cccc(Cl)n1";"IC50";"'>'";"100000.0";"nM";"";"";"";"UO_0000065";"";"";"";"";"0";"CHEMBL969703";"Inhibition of human ACE";"B";"BAO_0000357";"single protein format";"Homo sapiens";"None";"None";"None";"None";"";"";"";"CHEMBL1808";"Angiotensin-converting enzyme";"Homo sapiens";"SINGLE PROTEIN";"CHEMBL1139421";"1";"Scientific Literature";"Bioorg Med Chem";"2008";"None";"";"";"";"100.0"
"CHEMBL448040";"";"None";"260.20";"0";"1.77";"2, 1,3,5,6-THX";"O=c1c2ccc(O)c(O)c2oc2cc(O)cc(O)c12";"IC50";"'='";"69200.0";"nM";"4.16";"";"";"UO_0000065";"15.99";"0.30";"2.39";"3.74";"0";"CHEMBL964320";"Inhibition of ACE";"B";"BAO_0000357";"single protein format";"None";"None";"None";"None";"None";"";"";"";"CHEMBL1808";"Angiotensin-converting enzyme";"Homo sapiens";"SINGLE PROTEIN";"CHEMBL1159033";"1";"Scientific Literature";"J Nat Prod";"1992";"None";"";"";"";"69.2"
"CHEMBL477740";"";"None";"260.20";"0";"1.77";"1, 3,4,6,7-THX";"O=c1c2cc(O)c(O)cc2oc2c(O)c(O)ccc12";"Inhibition";"'='";"83.13";"%";"";"";"";"UO_0000187";"";"";"";"";"0";"CHEMBL964321";"Inhibition of ACE at 100 uM";"B";"BAO_0000357";"single protein format";"None";"None";"None";"None";"None";"";"";"";"CHEMBL1808";"Angiotensin-converting enzyme";"Homo sapiens";"SINGLE PROTEIN";"CHEMBL1159033";"1";"Scientific Literature";"J Nat Prod";"1992";"None";"";"";"";"83.13"
"CHEMBL273142";"";"None";"416.47";"0";"2.34";"7f";"CC(C)(C)CN(C[C@H](O)C(=O)O)C(=O)N[C@@H](Cc1ccc2ccccc2c1)C(=O)O";"IC50";"'='";"191.0";"nM";"6.72";"";"";"UO_0000065";"16.13";"0.31";"4.38";"5.28";"0";"CHEMBL930672";"Inhibition of ACE";"B";"BAO_0000357";"single protein format";"None";"None";"None";"None";"None";"";"";"";"CHEMBL1808";"Angiotensin-converting enzyme";"Homo sapiens";"SINGLE PROTEIN";"CHEMBL1143110";"1";"Scientific Literature";"Bioorg Med Chem Lett";"2008";"None";"";"";"";"191.0"
"CHEMBL255568";"";"None";"391.42";"0";"1.28";"7a";"CC(C)CN(C[C@H](O)C(=O)O)C(=O)N[C@@H](Cc1c[nH]c2ccccc12)C(=O)O";"IC50";"'='";"103.0";"nM";"6.99";"";"";"UO_0000065";"17.85";"0.34";"5.71";"4.89";"0";"CHEMBL930672";"Inhibition of ACE";"B";"BAO_0000357";"single protein format";"None";"None";"None";"None";"None";"";"";"";"CHEMBL1808";"Angiotensin-converting enzyme";"Homo sapiens";"SINGLE PROTEIN";"CHEMBL1143110";"1";"Scientific Literature";"Bioorg Med Chem Lett";"2008";"None";"";"";"";"103.0"
"CHEMBL325056";"";"None";"390.51";"0";"2.03";"126 (Omapatrilat)";"O=C(NC1CCC[C@H]2CCC[C@@H](C(=O)O)N2C1=O)[C@@H](S)Cc1ccccc1";"IC50";"'='";"5.0";"nM";"8.30";"";"";"UO_0000065";"21.26";"0.42";"6.27";"9.57";"0";"CHEMBL648689";"Inhibitory activity against angiotensin I converting enzyme (ACE)";"B";"BAO_0000357";"single protein format";"None";"None";"None";"None";"None";"";"";"";"CHEMBL1808";"Angiotensin-converting enzyme";"Homo sapiens";"SINGLE PROTEIN";"CHEMBL1133572";"1";"Scientific Literature";"J Med Chem";"2000";"None";"";"";"";"5.0"
"CHEMBL331575";"";"None";"231.32";"0";"1.16";"II";"CC1CCCC(C(=O)O)N1C(=O)CCS";"IC50";"'='";"1.0";"nM";"9.00";"";"";"UO_0000065";"38.91";"0.82";"7.84";"15.62";"0";"CHEMBL652025";"Inhibitory activity against Angiotensin I converting enzyme (ACE) from bovine kidney";"B";"BAO_0000221";"tissue-based format";"Bos taurus";"CHEMBL3638241";"Kidney";"None";"None";"";"";"";"CHEMBL1808";"Angiotensin-converting enzyme";"Homo sapiens";"SINGLE PROTEIN";"CHEMBL1145855";"1";"Scientific Literature";"J Med Chem";"2003";"None";"";"";"";"1E-9"
"CHEMBL171132";"";"None";"296.28";"0";"-0.69";"Table 1, 9";"N[C@@H](CC(=O)O)C(=O)N[C@@H](Cc1ccc(O)cc1)C(=O)O";"logIC50";"'='";"2.0";"";"";"";"";"";"";"";"";"";"0";"CHEMBL3363246";"Inhibition of ACE (unknown origin)";"B";"BAO_0000357";"single protein format";"Homo sapiens";"None";"None";"None";"None";"";"";"";"CHEMBL1808";"Angiotensin-converting enzyme";"Homo sapiens";"SINGLE PROTEIN";"CHEMBL3352520";"1";"Scientific Literature";"Eur J Med Chem";"2014";"None";"";"";"";"2.0"
"CHEMBL1807686";"";"None";"262.31";"0";"0.63";"Table 1, 2";"N[C@@H](Cc1ccccc1)C(=O)N1CCC[C@H]1C(=O)O";"logIC50";"'='";"2.5";"";"";"";"";"";"";"";"";"";"0";"CHEMBL3363246";"Inhibition of ACE (unknown origin)";"B";"BAO_0000357";"single protein format";"Homo sapiens";"None";"None";"None";"None";"";"";"";"CHEMBL1808";"Angiotensin-converting enzyme";"Homo sapiens";"SINGLE PROTEIN";"CHEMBL3352520";"1";"Scientific Literature";"Eur J Med Chem";"2014";"None";"";"";"";"2.5"
"CHEMBL3322000";"";"None";"360.44";"0";"-1.50";"Table 1, 48";"CSCC[C@H](N)C(=O)N[C@@H](CC(N)=O)C(=O)N1CCC[C@H]1C(=O)O";"logIC50";"'='";"1.82";"";"";"";"";"";"";"";"";"";"0";"CHEMBL3363246";"Inhibition of ACE (unknown origin)";"B";"BAO_0000357";"single protein format";"Homo sapiens";"None";"None";"None";"None";"";"";"";"CHEMBL1808";"Angiotensin-converting enzyme";"Homo sapiens";"SINGLE PROTEIN";"CHEMBL3352520";"1";"Scientific Literature";"Eur J Med Chem";"2014";"None";"";"";"";"1.82"
"CHEMBL3322005";"";"None";"341.45";"0";"0.97";"Table 1, 53";"CC[C@H](C)[C@H](N)C(=O)N[C@@H](CC(C)C)C(=O)N1CCC[C@H]1C(=O)O";"logIC50";"'='";"1.51";"";"";"";"";"";"";"";"";"";"0";"CHEMBL3363246";"Inhibition of ACE (unknown origin)";"B";"BAO_0000357";"single protein format";"Homo sapiens";"None";"None";"None";"None";"";"";"";"CHEMBL1808";"Angiotensin-converting enzyme";"Homo sapiens";"SINGLE PROTEIN";"CHEMBL3352520";"1";"Scientific Literature";"Eur J Med Chem";"2014";"None";"";"";"";"1.51"
"CHEMBL3322008";"";"None";"300.36";"0";"-1.37";"Table 1, 56";"NCCCC[C@H](NC(=O)CN)C(=O)N1CCC[C@H]1C(=O)O";"logIC50";"'='";"2.55";"";"";"";"";"";"";"";"";"";"0";"CHEMBL3363246";"Inhibition of ACE (unknown origin)";"B";"BAO_0000357";"single protein format";"Homo sapiens";"None";"None";"None";"None";"";"";"";"CHEMBL1808";"Angiotensin-converting enzyme";"Homo sapiens";"SINGLE PROTEIN";"CHEMBL3352520";"1";"Scientific Literature";"Eur J Med Chem";"2014";"None";"";"";"";"2.55"
"CHEMBL1807688";"";"None";"285.34";"0";"-0.45";"Table 1, 60";"CC(C)[C@H](NC(=O)[C@H](C)N)C(=O)N1CCC[C@H]1C(=O)O";"logIC50";"'='";"2.53";"";"";"";"";"";"";"";"";"";"0";"CHEMBL3363246";"Inhibition of ACE (unknown origin)";"B";"BAO_0000357";"single protein format";"Homo sapiens";"None";"None";"None";"None";"";"";"";"CHEMBL1808";"Angiotensin-converting enzyme";"Homo sapiens";"SINGLE PROTEIN";"CHEMBL3352520";"1";"Scientific Literature";"Eur J Med Chem";"2014";"None";"";"";"";"2.53"
"CHEMBL499090";"";"None";"1517.81";"None";"None";"Table 2, 23";"N=C(N)NCCC[C@H](NC(=O)[C@H](CCCCN)NC(=O)[C@H](Cc1c[nH]c2ccccc12)NC(=O)[C@H](Cc1c[nH]c2ccccc12)NC(=O)[C@H](Cc1c[nH]c2ccccc12)NC(=O)[C@H](Cc1c[nH]c2ccccc12)NC(=O)[C@H](Cc1c[nH]c2ccccc12)NC(=O)[C@H](CCCNC(=N)N)NC(=O)[C@@H](N)CCCCN)C(=O)O";"Ratio IC50";"'='";"0.22";"";"";"";"";"";"";"";"";"";"0";"CHEMBL3363247";"Inhibition of ACE (unknown origin) relative to peptide Bac2A RLARIVVIRVAR sequence";"B";"BAO_0000357";"single protein format";"Homo sapiens";"None";"None";"None";"None";"";"";"";"CHEMBL1808";"Angiotensin-converting enzyme";"Homo sapiens";"SINGLE PROTEIN";"CHEMBL3352520";"1";"Scientific Literature";"Eur J Med Chem";"2014";"None";"";"";"";"0.22"
"CHEMBL204944";"";"None";"401.47";"0";"0.79";"20";"NCCC[C@H](NC(=O)CCc1nc2ccccc2[nH]1)C(=O)N1CCC[C@H]1C(=O)O";"Activity";"'='";"4.7";"mU/ml";"";"";"";"";"";"";"";"";"0";"CHEMBL861822";"Activity against ACE in bovine kidney";"B";"BAO_0000221";"tissue-based format";"Bos taurus";"CHEMBL3638241";"Kidney";"None";"None";"";"";"";"CHEMBL1808";"Angiotensin-converting enzyme";"Homo sapiens";"SINGLE PROTEIN";"CHEMBL1146940";"1";"Scientific Literature";"Bioorg Med Chem Lett";"2006";"None";"";"";"";"4.7"
"CHEMBL205318";"";"None";"382.51";"0";"0.58";"16";"NCCC[C@H](NC(=O)[C@@H](N)CC1CCCCC1)C(=O)N1CCC[C@H]1C(=O)O";"Activity";"'='";"9.32";"mU/ml";"";"";"";"";"";"";"";"";"0";"CHEMBL861822";"Activity against ACE in bovine kidney";"B";"BAO_0000221";"tissue-based format";"Bos taurus";"CHEMBL3638241";"Kidney";"None";"None";"";"";"";"CHEMBL1808";"Angiotensin-converting enzyme";"Homo sapiens";"SINGLE PROTEIN";"CHEMBL1146940";"1";"Scientific Literature";"Bioorg Med Chem Lett";"2006";"None";"";"";"";"9.32"
"CHEMBL1560";"CAPTOPRIL";"4.0";"217.29";"0";"0.63";"Captopril";"C[C@H](CS)C(=O)N1CCC[C@H]1C(=O)O";"IC50";"'='";"9.0";"nM";"8.05";"";"";"UO_0000065";"37.03";"0.78";"7.42";"13.97";"0";"CHEMBL648346";"Concentration required to inhibit the activity of Angiotensin I converting enzyme by 50%";"B";"BAO_0000224";"protein format";"Cavia porcellus";"None";"None";"None";"None";"";"";"";"CHEMBL1808";"Angiotensin-converting enzyme";"Homo sapiens";"SINGLE PROTEIN";"CHEMBL1121683";"1";"Scientific Literature";"J Med Chem";"1981";"None";"";"";"";"9E-9"
"CHEMBL3264007";"";"None";"477.50";"1";"1.53";"2, K-4";"CN[C@H](C(=O)N[C@@H](Cc1ccccc1)C(=O)N[C@@H](Cc1ccc(O)cc1)P(=O)(O)O)C(C)C";"IC50";"'='";"220.0";"nM";"6.66";"";"";"UO_0000065";"13.94";"0.28";"5.13";"4.50";"0";"CHEMBL3269461";"Inhibition of human ACE C-terminal domain using Cbz-Phe-His-Leu-OH substrate";"B";"BAO_0000357";"single protein format";"Homo sapiens";"None";"None";"None";"None";"";"";"";"CHEMBL1808";"Angiotensin-converting enzyme";"Homo sapiens";"SINGLE PROTEIN";"CHEMBL3259630";"1";"Scientific Literature";"ACS Med Chem Lett";"2014";"None";"";"";"";"220.0"
"CHEMBL3264010";"";"None";"519.54";"2";"1.83";"5, SF2513 C";"CC[C@H](C)[C@H](NC(C)=O)C(=O)N[C@@H](Cc1ccccc1)C(=O)N[C@@H](Cc1ccc(O)cc1)P(=O)(O)O";"IC50";"'='";"7.0";"nM";"8.15";"";"";"UO_0000065";"15.70";"0.31";"6.32";"4.94";"0";"CHEMBL3269460";"Inhibition of human ACE N-terminal domain using Cbz-Phe-His-Leu-OH substrate";"B";"BAO_0000357";"single protein format";"Homo sapiens";"None";"None";"None";"None";"";"";"";"CHEMBL1808";"Angiotensin-converting enzyme";"Homo sapiens";"SINGLE PROTEIN";"CHEMBL3259630";"1";"Scientific Literature";"ACS Med Chem Lett";"2014";"None";"";"";"";"7.0"
"CHEMBL3264010";"";"None";"519.54";"2";"1.83";"5, SF2513 C";"CC[C@H](C)[C@H](NC(C)=O)C(=O)N[C@@H](Cc1ccccc1)C(=O)N[C@@H](Cc1ccc(O)cc1)P(=O)(O)O";"IC50";"'='";"88.0";"nM";"7.06";"";"";"UO_0000065";"13.58";"0.27";"5.23";"4.27";"0";"CHEMBL3269461";"Inhibition of human ACE C-terminal domain using Cbz-Phe-His-Leu-OH substrate";"B";"BAO_0000357";"single protein format";"Homo sapiens";"None";"None";"None";"None";"";"";"";"CHEMBL1808";"Angiotensin-converting enzyme";"Homo sapiens";"SINGLE PROTEIN";"CHEMBL3259630";"1";"Scientific Literature";"ACS Med Chem Lett";"2014";"None";"";"";"";"88.0"
"CHEMBL3264356";"";"None";"501.47";"2";"0.46";"7, SF2513 D";"CC[C@H](C)[C@H](NC(C)=O)C(=O)N[C@@H](CCC(=O)O)C(=O)N[C@@H](Cc1ccc(O)cc1)P(=O)(O)O";"IC50";"";"";"";"";"";"Not Determined";"";"";"";"";"";"0";"CHEMBL3269461";"Inhibition of human ACE C-terminal domain using Cbz-Phe-His-Leu-OH substrate";"B";"BAO_0000357";"single protein format";"Homo sapiens";"None";"None";"None";"None";"";"";"";"CHEMBL1808";"Angiotensin-converting enzyme";"Homo sapiens";"SINGLE PROTEIN";"CHEMBL3259630";"1";"Scientific Literature";"ACS Med Chem Lett";"2014";"None";"";"";"";""
"CHEMBL311316";"";"None";"259.37";"0";"1.64";"61";"CC(C)(C)OC(=O)[C@@H]1CCCN1C(=O)CCS";"IC50";"'='";"38904.51";"nM";"4.41";"";"";"UO_0000065";"";"";"";"";"0";"CHEMBL648337";"Inhibitory activity against angiotensin converting enzyme (ACE)";"F";"BAO_0000019";"assay format";"None";"None";"None";"None";"None";"";"";"";"CHEMBL1808";"Angiotensin-converting enzyme";"Homo sapiens";"SINGLE PROTEIN";"CHEMBL1126767";"1";"Scientific Literature";"J Med Chem";"1993";"None";"";"";"";"4.41"
"CHEMBL309782";"";"None";"231.25";"0";"0.47";"44";"CC(C)C[C@H](NC(=O)CCC(=O)O)C(=O)O";"IC50";"'='";"616595.0";"nM";"";"Outside typical range";"";"UO_0000065";"";"";"";"";"0";"CHEMBL648337";"Inhibitory activity against angiotensin converting enzyme (ACE)";"F";"BAO_0000019";"assay format";"None";"None";"None";"None";"None";"";"";"";"CHEMBL1808";"Angiotensin-converting enzyme";"Homo sapiens";"SINGLE PROTEIN";"CHEMBL1126767";"1";"Scientific Literature";"J Med Chem";"1993";"None";"";"";"";"3.21"
"CHEMBL285935";"";"None";"482.56";"0";"3.95";"SQ-29852_2K";"NCCCC[C@H](OP(=O)(O)CCCCc1ccccc1)C(=O)N(CC(=O)O)C1CCCCC1";"IC50";"'='";"0.2951";"nM";"9.53";"";"";"UO_0000065";"";"";"";"";"0";"CHEMBL648337";"Inhibitory activity against angiotensin converting enzyme (ACE)";"F";"BAO_0000019";"assay format";"None";"None";"None";"None";"None";"";"";"";"CHEMBL1808";"Angiotensin-converting enzyme";"Homo sapiens";"SINGLE PROTEIN";"CHEMBL1126767";"1";"Scientific Literature";"J Med Chem";"1993";"None";"";"";"";"9.53"
"CHEMBL79131";"";"None";"356.32";"0";"1.36";"143";"C[C@H](NP(=O)(O)OCc1ccccc1)C(=O)N1CCC[C@H]1C(=O)O";"IC50";"'='";"40.74";"nM";"7.39";"";"";"UO_0000065";"";"";"";"";"0";"CHEMBL648337";"Inhibitory activity against angiotensin converting enzyme (ACE)";"F";"BAO_0000019";"assay format";"None";"None";"None";"None";"None";"";"";"";"CHEMBL1808";"Angiotensin-converting enzyme";"Homo sapiens";"SINGLE PROTEIN";"CHEMBL1126767";"1";"Scientific Literature";"J Med Chem";"1993";"None";"";"";"";"7.39"
"CHEMBL419649";"";"None";"395.45";"0";"3.39";"112";"C[C@H](CC(CCc1ccccc1)C(=O)O)C(=O)N1c2ccccc2C[C@H]1C(=O)O";"IC50";"'='";"4.786";"nM";"8.32";"";"";"UO_0000065";"";"";"";"";"0";"CHEMBL648337";"Inhibitory activity against angiotensin converting enzyme (ACE)";"F";"BAO_0000019";"assay format";"None";"None";"None";"None";"None";"";"";"";"CHEMBL1808";"Angiotensin-converting enzyme";"Homo sapiens";"SINGLE PROTEIN";"CHEMBL1126767";"1";"Scientific Literature";"J Med Chem";"1993";"None";"";"";"";"8.32"
"CHEMBL34650";"";"None";"530.65";"1";"3.57";"SQ-29852_2X";"NCCCC[C@H](OP(=O)(O)CCCCc1ccccc1)C(=O)N1CC2(C[C@H]1C(=O)O)SCCS2";"IC50";"'='";"0.631";"nM";"9.20";"";"";"UO_0000065";"";"";"";"";"0";"CHEMBL648337";"Inhibitory activity against angiotensin converting enzyme (ACE)";"F";"BAO_0000019";"assay format";"None";"None";"None";"None";"None";"";"";"";"CHEMBL1808";"Angiotensin-converting enzyme";"Homo sapiens";"SINGLE PROTEIN";"CHEMBL1126767";"1";"Scientific Literature";"J Med Chem";"1993";"None";"";"";"";"9.2"
"CHEMBL35419";"";"None";"456.48";"0";"1.76";"SQ-29852_2Z";"NCCCC[C@H](OP(=O)(O)CCCCc1ccccc1)C(=O)N1C[C@@H](O)C[C@H]1C(=O)O";"IC50";"'='";"15.85";"nM";"7.80";"";"";"UO_0000065";"";"";"";"";"0";"CHEMBL648337";"Inhibitory activity against angiotensin converting enzyme (ACE)";"F";"BAO_0000019";"assay format";"None";"None";"None";"None";"None";"";"";"";"CHEMBL1808";"Angiotensin-converting enzyme";"Homo sapiens";"SINGLE PROTEIN";"CHEMBL1126767";"1";"Scientific Literature";"J Med Chem";"1993";"None";"";"";"";"7.8"
"CHEMBL80503";"";"None";"475.50";"0";"1.21";"COO_23E";"O=C(N[C@H](CCC(=O)N1CCC[C@H]1C(=O)O)C(=O)O)C1CCCN1C(=O)OCc1ccccc1";"IC50";"'='";"2511.89";"nM";"5.60";"";"";"UO_0000065";"";"";"";"";"0";"CHEMBL648337";"Inhibitory activity against angiotensin converting enzyme (ACE)";"F";"BAO_0000019";"assay format";"None";"None";"None";"None";"None";"";"";"";"CHEMBL1808";"Angiotensin-converting enzyme";"Homo sapiens";"SINGLE PROTEIN";"CHEMBL1126767";"1";"Scientific Literature";"J Med Chem";"1993";"None";"";"";"";"5.6"
"CHEMBL3322016";"";"None";"301.30";"0";"-1.63";"Table 1, 67";"NCC(=O)N[C@@H](CCC(=O)O)C(=O)N1CCC[C@H]1C(=O)O";"logIC50";"'='";"2.51";"";"";"";"";"";"";"";"";"";"0";"CHEMBL3363246";"Inhibition of ACE (unknown origin)";"B";"BAO_0000357";"single protein format";"Homo sapiens";"None";"None";"None";"None";"";"";"";"CHEMBL1808";"Angiotensin-converting enzyme";"Homo sapiens";"SINGLE PROTEIN";"CHEMBL3352520";"1";"Scientific Literature";"Eur J Med Chem";"2014";"None";"";"";"";"2.51"
"CHEMBL3322021";"";"None";"388.42";"1";"-3.00";"Table 1, 73";"CC(C)[C@H](N)C(=O)N[C@@H](CO)C(=O)N[C@@H](CO)C(=O)N1CCC[C@H]1C(=O)O";"logIC50";"'='";"1.0";"";"";"";"";"";"";"";"";"";"0";"CHEMBL3363246";"Inhibition of ACE (unknown origin)";"B";"BAO_0000357";"single protein format";"Homo sapiens";"None";"None";"None";"None";"";"";"";"CHEMBL1808";"Angiotensin-converting enzyme";"Homo sapiens";"SINGLE PROTEIN";"CHEMBL3352520";"1";"Scientific Literature";"Eur J Med Chem";"2014";"None";"";"";"";"1.0"
"CHEMBL3322123";"";"None";"579.70";"1";"1.01";"Table 1, 92";"CC(C)[C@H](NC(=O)[C@H](Cc1ccccc1)NC(=O)[C@@H](N)Cc1ccccc1)C(=O)N[C@@H](C)C(=O)N1CCC[C@H]1C(=O)O";"logIC50";"'='";"0.78";"";"";"";"";"";"";"";"";"";"0";"CHEMBL3363246";"Inhibition of ACE (unknown origin)";"B";"BAO_0000357";"single protein format";"Homo sapiens";"None";"None";"None";"None";"";"";"";"CHEMBL1808";"Angiotensin-converting enzyme";"Homo sapiens";"SINGLE PROTEIN";"CHEMBL3352520";"1";"Scientific Literature";"Eur J Med Chem";"2014";"None";"";"";"";"0.78"
"CHEMBL3321761";"";"None";"772.90";"2";"1.53";"Table 1, 109";"CC(C)C[C@H](N)C(=O)N[C@@H](C)C(=O)N[C@@H](Cc1ccc(O)cc1)C(=O)N[C@@H](Cc1ccccc1)C(=O)N[C@@H](Cc1ccc(O)cc1)C(=O)N1CCC[C@H]1C(=O)O";"logIC50";"'='";"1.81";"";"";"";"";"";"";"";"";"";"0";"CHEMBL3363246";"Inhibition of ACE (unknown origin)";"B";"BAO_0000357";"single protein format";"Homo sapiens";"None";"None";"None";"None";"";"";"";"CHEMBL1808";"Angiotensin-converting enzyme";"Homo sapiens";"SINGLE PROTEIN";"CHEMBL3352520";"1";"Scientific Literature";"Eur J Med Chem";"2014";"None";"";"";"";"1.81"
"CHEMBL502701";"";"None";"636.60";"3";"-0.18";"4, 3'''-O-methylcrenatoside";"COc1cc(/C=C/C(=O)O[C@H]2[C@H](O[C@@H]3O[C@@H](C)[C@H](O)[C@@H](O)[C@H]3O)[C@H]3O[C@@H](c4ccc(O)c(O)c4)CO[C@@H]3O[C@@H]2CO)ccc1O";"Inhibition";"'='";"67.5";"%";"";"";"";"UO_0000187";"";"";"";"";"0";"CHEMBL999967";"Inhibition of ACE at 0.1 mg/ml";"B";"BAO_0000357";"single protein format";"None";"None";"None";"None";"None";"";"";"";"CHEMBL1808";"Angiotensin-converting enzyme";"Homo sapiens";"SINGLE PROTEIN";"CHEMBL1151228";"1";"Scientific Literature";"J Nat Prod";"2004";"None";"";"";"";"67.5"
"CHEMBL402471";"ISOCRENATOSIDE";"None";"622.58";"3";"-0.48";"6";"C[C@@H]1O[C@@H](O[C@H]2[C@H](O)[C@@H](COC(=O)/C=C/c3ccc(O)c(O)c3)O[C@H]3OC[C@H](c4ccc(O)c(O)c4)O[C@@H]32)[C@H](O)[C@H](O)[C@H]1O";"Inhibition";"'='";"35.2";"%";"";"";"";"UO_0000187";"";"";"";"";"0";"CHEMBL999964";"Inhibition of ACE at 0.01 mg/ml";"B";"BAO_0000357";"single protein format";"None";"None";"None";"None";"None";"";"";"";"CHEMBL1808";"Angiotensin-converting enzyme";"Homo sapiens";"SINGLE PROTEIN";"CHEMBL1151228";"1";"Scientific Literature";"J Nat Prod";"2004";"None";"";"";"";"35.2"
"CHEMBL1560";"CAPTOPRIL";"4.0";"217.29";"0";"0.63";"captopril";"C[C@H](CS)C(=O)N1CCC[C@H]1C(=O)O";"Inhibition";"'='";"97.7";"%";"";"";"";"UO_0000187";"";"";"";"";"0";"CHEMBL999964";"Inhibition of ACE at 0.01 mg/ml";"B";"BAO_0000357";"single protein format";"None";"None";"None";"None";"None";"";"";"";"CHEMBL1808";"Angiotensin-converting enzyme";"Homo sapiens";"SINGLE PROTEIN";"CHEMBL1151228";"1";"Scientific Literature";"J Nat Prod";"2004";"None";"";"";"";"97.7"
"CHEMBL328463";"";"None";"526.48";"1";"2.53";"11";"O=C(O)[C@H](Cc1ccc(-c2ccccc2)cc1)NC(=O)[C@H](Cc1ccc2c(c1)OCO2)NCP(=O)(O)O";"IC50";"'='";"147.0";"nM";"6.83";"";"";"UO_0000065";"12.98";"0.25";"4.30";"4.42";"0";"CHEMBL876577";"In vitro inhibitory concentration against angiotensin-converting enzyme";"B";"BAO_0000224";"protein format";"None";"None";"None";"None";"None";"";"";"";"CHEMBL1808";"Angiotensin-converting enzyme";"Homo sapiens";"SINGLE PROTEIN";"CHEMBL1150039";"1";"Scientific Literature";"Bioorg Med Chem Lett";"1994";"None";"";"";"";"147.0"
"CHEMBL93206";"";"None";"448.46";"0";"2.61";"22";"CC(C)(C)[C@H](NCP(=O)(O)O)C(=O)N[C@@H](Cc1ccc(-c2ccccc2)cc1)C(=O)O";"IC50";"'>'";"1000.0";"nM";"";"";"";"UO_0000065";"";"";"";"";"0";"CHEMBL876577";"In vitro inhibitory concentration against angiotensin-converting enzyme";"B";"BAO_0000224";"protein format";"None";"None";"None";"None";"None";"";"";"";"CHEMBL1808";"Angiotensin-converting enzyme";"Homo sapiens";"SINGLE PROTEIN";"CHEMBL1150039";"1";"Scientific Literature";"Bioorg Med Chem Lett";"1994";"None";"";"";"";"1000.0"
"CHEMBL1560";"CAPTOPRIL";"4.0";"217.29";"0";"0.63";"Captopril";"C[C@H](CS)C(=O)N1CCC[C@H]1C(=O)O";"IC50";"'='";"10.0";"nM";"8.00";"";"";"UO_0000065";"36.82";"0.78";"7.37";"13.89";"0";"CHEMBL876577";"In vitro inhibitory concentration against angiotensin-converting enzyme";"B";"BAO_0000224";"protein format";"None";"None";"None";"None";"None";"";"";"";"CHEMBL1808";"Angiotensin-converting enzyme";"Homo sapiens";"SINGLE PROTEIN";"CHEMBL1150039";"1";"Scientific Literature";"Bioorg Med Chem Lett";"1994";"None";"";"";"";"10.0"
"CHEMBL40420";"";"None";"463.53";"0";"2.16";"5e";"CC(C)(C)OC(=O)NCCCC[C@H](N[C@H]1CCc2ccccc2N(CC(=O)O)C1=O)C(=O)O";"IC50";"'='";"4.0";"nM";"8.40";"";"";"UO_0000065";"18.12";"0.35";"6.24";"5.78";"0";"CHEMBL644701";"In vitro inhibitory activity against Angiotensin I converting enzyme";"B";"BAO_0000357";"single protein format";"None";"None";"None";"None";"None";"";"";"";"CHEMBL1808";"Angiotensin-converting enzyme";"Homo sapiens";"SINGLE PROTEIN";"CHEMBL1122836";"1";"Scientific Literature";"J Med Chem";"1985";"None";"";"";"";"4.0"
"CHEMBL431210";"";"None";"329.44";"0";"1.26";"BB-3497";"CCCC[C@H](CN(O)C=O)C(=O)N[C@H](C(=O)N(C)C)C(C)(C)C";"IC50";"'>'";"100000.0";"nM";"";"";"";"UO_0000065";"";"";"";"";"0";"CHEMBL645455";"Compound was tested for its inhibitory activity against Angiotensin I converting enzyme";"B";"BAO_0000357";"single protein format";"None";"None";"None";"None";"None";"";"";"";"CHEMBL1808";"Angiotensin-converting enzyme";"Homo sapiens";"SINGLE PROTEIN";"CHEMBL1133973";"1";"Scientific Literature";"Bioorg Med Chem Lett";"2001";"None";"";"";"";"100000.0"
"CHEMBL298388";"";"None";"416.52";"0";"2.24";"3c";"O=C(O)CN1C(=O)[C@@H](NC(=O)[C@@H](S)Cc2ccccc2)CSc2ccccc21";"IC50";"'='";"13.0";"nM";"7.89";"";"";"UO_0000065";"18.93";"0.38";"5.65";"9.09";"0";"CHEMBL648282";"Tested in vitro for inhibition of Angiotensin converting enzyme (ACE)";"B";"BAO_0000357";"single protein format";"None";"None";"None";"None";"None";"";"";"";"CHEMBL1808";"Angiotensin-converting enzyme";"Homo sapiens";"SINGLE PROTEIN";"CHEMBL1127937";"1";"Scientific Literature";"Bioorg Med Chem Lett";"1994";"None";"";"";"";"13.0"
"CHEMBL449392";"CORILAGIN";"None";"634.46";"3";"-0.30";"Corilagin";"O=C(O[C@@H]1O[C@@H]2COC(=O)c3cc(O)c(O)c(O)c3-c3c(cc(O)c(O)c3O)C(=O)O[C@H]([C@H]1O)[C@@H]2O)c1cc(O)c(O)c(O)c1";"IC50";"'='";"3700000.0";"nM";"";"Outside typical range";"";"UO_0000065";"";"";"";"";"0";"CHEMBL1015636";"Inhibition of ACE by fluorometric assay";"B";"BAO_0000357";"single protein format";"None";"None";"None";"None";"None";"";"";"";"CHEMBL1808";"Angiotensin-converting enzyme";"Homo sapiens";"SINGLE PROTEIN";"CHEMBL1150754";"1";"Scientific Literature";"J Nat Prod";"1988";"None";"";"";"";"3.7"
"CHEMBL11783";"";"None";"231.27";"0";"0.20";"6";"CC(=O)SCC1CCN(CC(=O)O)C1=O";"IC50";"'='";"33000.0";"nM";"4.48";"";"";"UO_0000065";"19.38";"0.41";"4.28";"6.00";"0";"CHEMBL648347";"Concentration required for 50% inhibition of Angiotensin I converting enzyme";"B";"BAO_0000224";"protein format";"Cavia porcellus";"None";"None";"None";"None";"";"";"";"CHEMBL1808";"Angiotensin-converting enzyme";"Homo sapiens";"SINGLE PROTEIN";"CHEMBL1121705";"1";"Scientific Literature";"J Med Chem";"1981";"None";"";"";"";"0.000033"
"CHEMBL252003";"";"None";"387.50";"0";"3.94";"1k";"CC[C@@H](C)[C@H](S)C(=O)N[C@@H](Cc1cccc(Oc2ccccc2)c1)C(=O)O";"Ki";"'='";"1100.0";"nM";"5.96";"";"";"UO_0000065";"15.38";"0.30";"2.02";"7.88";"0";"CHEMBL928316";"Inhibition of human recombinant ACE by fluorescence assay";"B";"BAO_0000357";"single protein format";"Homo sapiens";"None";"None";"None";"None";"";"";"";"CHEMBL1808";"Angiotensin-converting enzyme";"Homo sapiens";"SINGLE PROTEIN";"CHEMBL1141500";"1";"Scientific Literature";"Bioorg Med Chem Lett";"2008";"None";"";"";"";"1100.0"
"CHEMBL254900";"";"None";"219.31";"0";"0.92";"1c";"CC[C@@H](C)[C@H](S)C(=O)N[C@@H](C)C(=O)O";"Ki";"'='";"180.0";"nM";"6.75";"";"";"UO_0000065";"30.75";"0.66";"5.82";"10.16";"0";"CHEMBL928316";"Inhibition of human recombinant ACE by fluorescence assay";"B";"BAO_0000357";"single protein format";"Homo sapiens";"None";"None";"None";"None";"";"";"";"CHEMBL1808";"Angiotensin-converting enzyme";"Homo sapiens";"SINGLE PROTEIN";"CHEMBL1141500";"1";"Scientific Literature";"Bioorg Med Chem Lett";"2008";"None";"";"";"";"180.0"
"CHEMBL431";"SPIRAPRIL";"4.0";"466.63";"0";"2.39";"5 (Spirapiril)";"CCOC(=O)[C@H](CCc1ccccc1)N[C@@H](C)C(=O)N1CC2(C[C@H]1C(=O)O)SCCS2";"ID50";"'='";"0.3";"mg.kg-1";"";"";"";"UO_0000308";"";"";"";"";"0";"CHEMBL645257";"Compound was tested for inhibitory activity against angiotensin converting enzyme when administered intraperitoneally to anesthetized dogs";"B";"BAO_0000357";"single protein format";"Canis lupus familiaris";"None";"None";"None";"None";"";"";"";"CHEMBL1808";"Angiotensin-converting enzyme";"Homo sapiens";"SINGLE PROTEIN";"CHEMBL1124532";"1";"Scientific Literature";"J Med Chem";"1989";"None";"";"";"";"0.3"
"CHEMBL577754";"";"None";"734.75";"2";"6.56";"5F2";"O=C(N[C@@H](Cc1ccccc1)P(=O)(O)C[C@H](Cc1cc(-c2ccccc2)no1)C(=O)N[C@@H](Cc1c[nH]c2ccccc12)C(=O)O)OCc1ccccc1";"Ki";"'='";"500.0";"nM";"6.30";"";"";"UO_0000065";"8.58";"0.16";"-0.26";"3.43";"0";"CHEMBL1045252";"Inhibition of human somatic ACE in presence of 1:100 diluted SHR rat plasma";"B";"BAO_0000366";"cell-free format";"Homo sapiens";"CHEMBL3559721";"Plasma";"None";"None";"";"";"";"CHEMBL1808";"Angiotensin-converting enzyme";"Homo sapiens";"SINGLE PROTEIN";"CHEMBL1156752";"1";"Scientific Literature";"J Med Chem";"2010";"None";"";"";"";"500.0"
"CHEMBL55721";"";"None";"429.58";"0";"4.10";"27S";"CCC(C)C(S)CC(Cc1ccccc1)C(=O)N[C@@H](Cc1ccc(O)cc1)C(=O)O";"IC50";"'='";"4400.0";"nM";"5.36";"";"";"UO_0000065";"12.47";"0.24";"1.26";"6.18";"0";"CHEMBL646968";"Tested for inhibitory potency against Angiotensin I Converting Enzyme";"B";"BAO_0000357";"single protein format";"None";"None";"None";"None";"None";"";"";"";"CHEMBL1808";"Angiotensin-converting enzyme";"Homo sapiens";"SINGLE PROTEIN";"CHEMBL1127546";"1";"Scientific Literature";"J Med Chem";"1994";"None";"";"";"";"4.4"
"CHEMBL310764";"";"None";"217.22";"0";"0.08";"43";"CC(C)[C@H](NC(=O)CCC(=O)O)C(=O)O";"IC50";"'='";"1096478.2";"nM";"";"Outside typical range";"";"UO_0000065";"";"";"";"";"0";"CHEMBL648337";"Inhibitory activity against angiotensin converting enzyme (ACE)";"F";"BAO_0000019";"assay format";"None";"None";"None";"None";"None";"";"";"";"CHEMBL1808";"Angiotensin-converting enzyme";"Homo sapiens";"SINGLE PROTEIN";"CHEMBL1126767";"1";"Scientific Literature";"J Med Chem";"1993";"None";"";"";"";"2.96"
"CHEMBL53621";"";"None";"394.58";"0";"3.30";"17";"CCC(C)C(S)CC(C(=O)NC(Cc1ccc(O)cc1)C(N)=O)C(C)CC";"IC50";"'='";"4000.0";"nM";"5.40";"";"";"UO_0000065";"13.68";"0.27";"2.10";"5.84";"0";"CHEMBL646968";"Tested for inhibitory potency against Angiotensin I Converting Enzyme";"B";"BAO_0000357";"single protein format";"None";"None";"None";"None";"None";"";"";"";"CHEMBL1808";"Angiotensin-converting enzyme";"Homo sapiens";"SINGLE PROTEIN";"CHEMBL1127546";"1";"Scientific Literature";"J Med Chem";"1994";"None";"";"";"";"4.0"
"CHEMBL322069";"";"None";"237.32";"0";"2.54";"III";"CC(=O)SCC(C)C(=O)Nc1ccccc1";"IC50";"'='";"2000.0";"nM";"5.70";"";"";"UO_0000065";"24.01";"0.49";"3.16";"12.34";"0";"CHEMBL648691";"Inhibitory activity against Angiotensin I converting enzyme (ACE) from human blood serum";"B";"BAO_0000357";"single protein format";"None";"None";"None";"None";"None";"";"";"";"CHEMBL1808";"Angiotensin-converting enzyme";"Homo sapiens";"SINGLE PROTEIN";"CHEMBL1145855";"1";"Scientific Literature";"J Med Chem";"2003";"None";"";"";"";"0.000002"
"CHEMBL44077";"";"None";"421.45";"0";"2.19";"5p";"O=C(O)CN1C(=O)[C@@H](N[C@@H](Cc2c[nH]c3ccccc23)C(=O)O)CCc2ccccc21";"IC50";"'='";"13.0";"nM";"7.89";"";"";"UO_0000065";"18.71";"0.35";"5.70";"6.43";"0";"CHEMBL644701";"In vitro inhibitory activity against Angiotensin I converting enzyme";"B";"BAO_0000357";"single protein format";"None";"None";"None";"None";"None";"";"";"";"CHEMBL1808";"Angiotensin-converting enzyme";"Homo sapiens";"SINGLE PROTEIN";"CHEMBL1122836";"1";"Scientific Literature";"J Med Chem";"1985";"None";"";"";"";"13.0"
"CHEMBL59426";"";"None";"172.18";"0";"-1.06";"PG";"O=C(O)CNC(=O)[C@@H]1CCCN1";"IC50";"'='";"16982436.52";"nM";"";"Outside typical range";"";"UO_0000065";"";"";"";"";"0";"CHEMBL858254";"Biological activity was measured against Angiotensin I converting enzyme";"B";"BAO_0000357";"single protein format";"None";"None";"None";"None";"None";"";"";"";"CHEMBL1808";"Angiotensin-converting enzyme";"Homo sapiens";"SINGLE PROTEIN";"CHEMBL1128468";"1";"Scientific Literature";"J Med Chem";"1995";"None";"";"";"";"1.77"
"CHEMBL435";"HYDROCHLOROTHIAZIDE";"4.0";"297.75";"0";"-0.35";"hydrochlorothiazide";"NS(=O)(=O)c1cc2c(cc1Cl)NCNS2(=O)=O";"ED50";"'>'";"100.0";"mg.kg-1";"";"";"";"UO_0000308";"";"";"";"";"0";"CHEMBL648700";"In vitro inhibitory activity against angiotensin I converting enzyme (ACE) in dog";"B";"BAO_0000357";"single protein format";"None";"None";"None";"None";"None";"";"";"";"CHEMBL1808";"Angiotensin-converting enzyme";"Homo sapiens";"SINGLE PROTEIN";"CHEMBL1124789";"1";"Scientific Literature";"J Med Chem";"1990";"None";"";"";"";"100.0"
"CHEMBL35309";"";"None";"516.58";"1";"4.18";"SQ-29852_2Q";"NCCCC[C@H](OP(=O)(O)CCCCc1ccccc1)C(=O)N1C[C@@H](c2ccccc2)C[C@H]1C(=O)O";"IC50";"'='";"0.1318";"nM";"9.88";"";"";"UO_0000065";"";"";"";"";"0";"CHEMBL648337";"Inhibitory activity against angiotensin converting enzyme (ACE)";"F";"BAO_0000019";"assay format";"None";"None";"None";"None";"None";"";"";"";"CHEMBL1808";"Angiotensin-converting enzyme";"Homo sapiens";"SINGLE PROTEIN";"CHEMBL1126767";"1";"Scientific Literature";"J Med Chem";"1993";"None";"";"";"";"9.88"
"CHEMBL1161022";"";"None";"266.19";"0";"-0.87";"6";"C[C@@H](NP(=O)(O)O)C(=O)N1CCC[C@H]1C(=O)O";"Ki";"'='";"1.4";"nM";"8.85";"";"";"UO_0000065";"33.26";"0.71";"9.72";"6.96";"0";"CHEMBL644711";"Compound was evaluated for the inhibition of Angiotensin I converting enzyme";"B";"BAO_0000357";"single protein format";"None";"None";"None";"None";"None";"";"";"";"CHEMBL1808";"Angiotensin-converting enzyme";"Homo sapiens";"SINGLE PROTEIN";"CHEMBL1122964";"1";"Scientific Literature";"J Med Chem";"1985";"None";"";"";"";"1.4E-9"
"CHEMBL10962";"";"None";"203.26";"0";"0.38";"(S)-Desmethylcaptopril";"O=C(O)[C@@H]1CCCN1C(=O)CCS";"IC50";"'='";"1800000.0";"nM";"";"Outside typical range";"";"UO_0000065";"";"";"";"";"0";"CHEMBL645285";"Inhibition of Angiotensin I converting enzyme";"B";"BAO_0000357";"single protein format";"None";"None";"None";"None";"None";"";"";"";"CHEMBL1808";"Angiotensin-converting enzyme";"Homo sapiens";"SINGLE PROTEIN";"CHEMBL1122964";"1";"Scientific Literature";"J Med Chem";"1985";"None";"";"";"";"1800.0"
"CHEMBL166164";"";"None";"232.31";"0";"-0.07";"(2S)-1-{(2S)-2-[(lambda~4~-sulfanylmethyl)amino]propanoyl}pyrrolidine-2-carboxylic acid";"C[C@H](NCS)C(=O)N1CCC[C@H]1C(=O)O";"Ki";"'='";"1.7";"nM";"8.77";"";"";"UO_0000065";"37.75";"0.80";"8.84";"12.59";"0";"CHEMBL644715";"Inhibitory activity against Angiotensin I converting enzyme";"B";"BAO_0000357";"single protein format";"None";"None";"None";"None";"None";"";"";"";"CHEMBL1808";"Angiotensin-converting enzyme";"Homo sapiens";"SINGLE PROTEIN";"CHEMBL1127221";"1";"Scientific Literature";"Bioorg Med Chem Lett";"1993";"None";"";"";"";"0.0017"
"CHEMBL310578";"";"None";"215.21";"0";"-0.07";"9";"O=C(O)CCC(=O)N1CCC[C@H]1C(=O)O";"Inhibition";"'='";"43.0";"%";"";"";"";"UO_0000187";"";"";"";"";"0";"CHEMBL652023";"The compound was evaluated for the (%) inhibition of Angiotensin I converting enzyme in venom of Bothrops jararaca at the dose of 10e-4 M";"B";"BAO_0000221";"tissue-based format";"Bothrops jararaca";"CHEMBL3987570";"Venom";"None";"None";"";"";"";"CHEMBL1808";"Angiotensin-converting enzyme";"Homo sapiens";"SINGLE PROTEIN";"CHEMBL1135683";"1";"Scientific Literature";"J Med Chem";"2002";"None";"";"";"";"43.0"
"CHEMBL477740";"";"None";"260.20";"0";"1.77";"1, 3,4,6,7-THX";"O=c1c2cc(O)c(O)cc2oc2c(O)c(O)ccc12";"Inhibition";"'='";"90.0";"%";"";"";"";"UO_0000187";"";"";"";"";"0";"CHEMBL964322";"Inhibition of ACE at 200 uM";"B";"BAO_0000357";"single protein format";"None";"None";"None";"None";"None";"";"";"";"CHEMBL1808";"Angiotensin-converting enzyme";"Homo sapiens";"SINGLE PROTEIN";"CHEMBL1159033";"1";"Scientific Literature";"J Nat Prod";"1992";"None";"";"";"";"90.0"
"CHEMBL477740";"";"None";"260.20";"0";"1.77";"1, 3,4,6,7-THX";"O=c1c2cc(O)c(O)cc2oc2c(O)c(O)ccc12";"Ki";"'='";"14200.0";"nM";"4.85";"";"";"UO_0000065";"18.63";"0.35";"3.08";"4.36";"0";"CHEMBL964324";"Inhibition of ACE by Lineweaver-Burke plot";"B";"BAO_0000357";"single protein format";"None";"None";"None";"None";"None";"";"";"";"CHEMBL1808";"Angiotensin-converting enzyme";"Homo sapiens";"SINGLE PROTEIN";"CHEMBL1159033";"1";"Scientific Literature";"J Nat Prod";"1992";"None";"";"";"";"14.2"
"CHEMBL448040";"";"None";"260.20";"0";"1.77";"2, 1,3,5,6-THX";"O=c1c2ccc(O)c(O)c2oc2cc(O)cc(O)c12";"Ki";"'='";"34200.0";"nM";"4.47";"";"";"UO_0000065";"17.16";"0.32";"2.70";"4.02";"0";"CHEMBL964324";"Inhibition of ACE by Lineweaver-Burke plot";"B";"BAO_0000357";"single protein format";"None";"None";"None";"None";"None";"";"";"";"CHEMBL1808";"Angiotensin-converting enzyme";"Homo sapiens";"SINGLE PROTEIN";"CHEMBL1159033";"1";"Scientific Literature";"J Nat Prod";"1992";"None";"";"";"";"34.2"
"CHEMBL1907760";"";"None";"447.60";"0";"3.92";"8c";"CCOC(=O)C(CCc1ccccc1)SC(C)C(=O)N1C2CCCCC2C[C@H]1C(=O)O";"IC50";"'='";"2000.0";"nM";"5.70";"";"";"UO_0000065";"12.73";"0.25";"1.78";"6.79";"0";"CHEMBL648701";"In vitro inhibitory activity against Angiotensin I converting enzyme from unpurified guinea pig serum";"B";"BAO_0000357";"single protein format";"Cavia porcellus";"None";"None";"None";"None";"";"";"";"CHEMBL1808";"Angiotensin-converting enzyme";"Homo sapiens";"SINGLE PROTEIN";"CHEMBL1123106";"1";"Scientific Literature";"J Med Chem";"1985";"None";"";"";"";"0.000002"
"CHEMBL498798";"";"None";"339.48";"0";"2.89";"3a";"C[C@H](CS)C(=O)N1[C@@H](SCc2ccccc2)CC[C@H]1C(=O)O";"IC50";"'='";"2.4";"nM";"8.62";"";"";"UO_0000065";"25.39";"0.54";"5.73";"14.96";"0";"CHEMBL1004838";"Inhibition of ACE";"B";"BAO_0000357";"single protein format";"None";"None";"None";"None";"None";"";"";"";"CHEMBL1808";"Angiotensin-converting enzyme";"Homo sapiens";"SINGLE PROTEIN";"CHEMBL1156603";"1";"Scientific Literature";"Bioorg Med Chem Lett";"2008";"None";"";"";"";"2.4"
"CHEMBL461945";"";"None";"336.27";"0";"2.14";"21";"O=C1C2=C(CCCC2)S(=O)(=O)N1c1c(F)c(F)nc(F)c1F";"IC50";"'>'";"100000.0";"nM";"";"";"";"UO_0000065";"";"";"";"";"0";"CHEMBL969703";"Inhibition of human ACE";"B";"BAO_0000357";"single protein format";"Homo sapiens";"None";"None";"None";"None";"";"";"";"CHEMBL1808";"Angiotensin-converting enzyme";"Homo sapiens";"SINGLE PROTEIN";"CHEMBL1139421";"1";"Scientific Literature";"Bioorg Med Chem";"2008";"None";"";"";"";"100.0"
"CHEMBL459683";"";"None";"343.20";"0";"2.35";"19";"O=C1C2=C(CCCC2)S(=O)(=O)N1c1cccc(Br)n1";"IC50";"'>'";"100000.0";"nM";"";"";"";"UO_0000065";"";"";"";"";"0";"CHEMBL969703";"Inhibition of human ACE";"B";"BAO_0000357";"single protein format";"Homo sapiens";"None";"None";"None";"None";"";"";"";"CHEMBL1808";"Angiotensin-converting enzyme";"Homo sapiens";"SINGLE PROTEIN";"CHEMBL1139421";"1";"Scientific Literature";"Bioorg Med Chem";"2008";"None";"";"";"";"100.0"
"CHEMBL303352";"";"None";"206.26";"0";"1.26";"4d";"O=C(O)CCC(CCCS)C(=O)O";"Selectivity";"";"";"";"";"";"";"";"";"";"";"";"0";"CHEMBL848745";"Selectivity for zinc metalloprotease over angiotensin converting enzyme(ACE) for >=50% inhibition";"B";"BAO_0000357";"single protein format";"None";"None";"None";"None";"None";"";"";"";"CHEMBL1808";"Angiotensin-converting enzyme";"Homo sapiens";"SINGLE PROTEIN";"CHEMBL1145039";"1";"Scientific Literature";"J Med Chem";"2003";"None";"";"";"";""
"CHEMBL110375";"";"None";"231.27";"0";"0.15";"13d";"CC(CS)C(=O)N1C(=O)CCC1C(=O)O";"IC50";"'='";"31.62";"nM";"7.50";"";"";"UO_0000065";"32.43";"0.68";"7.35";"10.04";"0";"CHEMBL646945";"Inhibition of angiotensin I converting enzyme in silico";"B";"BAO_0000357";"single protein format";"None";"None";"None";"None";"None";"";"";"";"CHEMBL1808";"Angiotensin-converting enzyme";"Homo sapiens";"SINGLE PROTEIN";"CHEMBL1130169";"1";"Scientific Literature";"J Med Chem";"1997";"None";"";"";"";"7.5"
"CHEMBL149367";"";"None";"335.47";"0";"2.85";"21b";"O=C1N[C@@H](C(=O)O)Cc2ccccc2CCCCCC[C@@H]1CS";"IC50";"'='";"470.0";"nM";"6.33";"";"";"UO_0000065";"18.86";"0.38";"3.48";"9.53";"0";"CHEMBL644707";"Inhibitory concentration required to inhibit Angiotensin I converting enzyme (ACE)";"B";"BAO_0000357";"single protein format";"None";"None";"None";"None";"None";"";"";"";"CHEMBL1808";"Angiotensin-converting enzyme";"Homo sapiens";"SINGLE PROTEIN";"CHEMBL1129939";"1";"Scientific Literature";"J Med Chem";"1997";"None";"";"";"";"470.0"
"CHEMBL10247";"THIORPHAN";"-1.0";"253.32";"0";"0.98";"Thiorphan";"O=C(O)CNC(=O)C(CS)Cc1ccccc1";"IC50";"'='";"10200.0";"nM";"4.99";"";"";"UO_0000065";"19.70";"0.40";"4.01";"7.52";"0";"CHEMBL4406521";"Inhibition of human ACE using MCA-RPPGFSAFK-Dnp-OH as substrate by fluorescence based analysis";"B";"BAO_0000357";"single protein format";"Homo sapiens";"None";"None";"None";"None";"";"";"";"CHEMBL1808";"Angiotensin-converting enzyme";"Homo sapiens";"SINGLE PROTEIN";"CHEMBL4402607";"1";"Scientific Literature";"J Med Chem";"2020";"None";"";"";"";"10.2"
"CHEMBL305108";"";"None";"391.45";"0";"0.24";"2d";"O=C(N[C@H]1CCC(=O)N2CC[C@@H](C(=O)O)N2C1=O)[C@@H](S)Cc1ccccc1";"IC50";"'='";"20.0";"nM";"7.70";"";"";"UO_0000065";"19.67";"0.39";"7.46";"7.19";"0";"CHEMBL648283";"In vitro inhibitory activity against angiotensin converting enzyme (ACE) in rat was determined";"B";"BAO_0000019";"assay format";"None";"None";"None";"None";"None";"";"";"";"CHEMBL1808";"Angiotensin-converting enzyme";"Homo sapiens";"SINGLE PROTEIN";"CHEMBL1127958";"1";"Scientific Literature";"Bioorg Med Chem Lett";"1994";"None";"";"";"";"20.0"
"CHEMBL368784";"";"None";"416.47";"0";"1.32";"18";"O=C(CCC(=O)N1CCC[C@H]1C(=O)O)C(Cc1ccccc1)NC(=O)C1CCCO1";"IC50";"'='";"20.0";"nM";"7.70";"";"";"UO_0000065";"18.49";"0.35";"6.38";"6.81";"0";"CHEMBL648346";"Concentration required to inhibit the activity of Angiotensin I converting enzyme by 50%";"B";"BAO_0000224";"protein format";"Cavia porcellus";"None";"None";"None";"None";"";"";"";"CHEMBL1808";"Angiotensin-converting enzyme";"Homo sapiens";"SINGLE PROTEIN";"CHEMBL1121683";"1";"Scientific Literature";"J Med Chem";"1981";"None";"";"";"";"2E-8"
"CHEMBL366727";"";"None";"437.50";"0";"2.71";"4";"O=C(NC(Cc1ccccc1)/C(CCC(=O)N1CCC[C@H]1C(=O)O)=N/O)c1ccccc1";"IC50";"'='";"1200.0";"nM";"5.92";"";"";"UO_0000065";"13.53";"0.25";"3.21";"4.96";"0";"CHEMBL648346";"Concentration required to inhibit the activity of Angiotensin I converting enzyme by 50%";"B";"BAO_0000224";"protein format";"Cavia porcellus";"None";"None";"None";"None";"";"";"";"CHEMBL1808";"Angiotensin-converting enzyme";"Homo sapiens";"SINGLE PROTEIN";"CHEMBL1121683";"1";"Scientific Literature";"J Med Chem";"1981";"None";"";"";"";"0.0000012"
"CHEMBL152188";"";"None";"243.26";"0";"0.56";"11";"CC(CCC(=O)N1CCC[C@H]1C(=O)O)C(=O)O";"IC50";"'='";"260000.0";"nM";"";"Outside typical range";"";"UO_0000065";"";"";"";"";"0";"CHEMBL883277";"Inhibition of Angiotensin I converting enzyme (ACE) in Bothrops jararaca venom";"B";"BAO_0000357";"single protein format";"Bothrops jararaca";"None";"None";"None";"None";"";"";"";"CHEMBL1808";"Angiotensin-converting enzyme";"Homo sapiens";"SINGLE PROTEIN";"CHEMBL1135683";"1";"Scientific Literature";"J Med Chem";"2002";"None";"";"";"";"260.0"
"CHEMBL308333";"ACTINONIN";"None";"385.51";"0";"1.20";"Actinonin";"CCCCC[C@H](CC(=O)NO)C(=O)N[C@H](C(=O)N1CCC[C@H]1CO)C(C)C";"IC50";"'>'";"100000.0";"nM";"";"";"";"UO_0000065";"";"";"";"";"0";"CHEMBL645455";"Compound was tested for its inhibitory activity against Angiotensin I converting enzyme";"B";"BAO_0000357";"single protein format";"None";"None";"None";"None";"None";"";"";"";"CHEMBL1808";"Angiotensin-converting enzyme";"Homo sapiens";"SINGLE PROTEIN";"CHEMBL1133973";"1";"Scientific Literature";"Bioorg Med Chem Lett";"2001";"None";"";"";"";"100000.0"
"CHEMBL35561";"";"None";"520.52";"1";"3.56";"SQ-29852_2H";"NCCCC[C@H](OP(=O)(O)CCCCc1ccccc1)C(=O)N(CC(=O)O)c1ccc2c(c1)OCO2";"IC50";"'='";"0.1148";"nM";"9.94";"";"";"UO_0000065";"";"";"";"";"0";"CHEMBL648337";"Inhibitory activity against angiotensin converting enzyme (ACE)";"F";"BAO_0000019";"assay format";"None";"None";"None";"None";"None";"";"";"";"CHEMBL1808";"Angiotensin-converting enzyme";"Homo sapiens";"SINGLE PROTEIN";"CHEMBL1126767";"1";"Scientific Literature";"J Med Chem";"1993";"None";"";"";"";"9.94"
"CHEMBL172978";"";"None";"486.63";"0";"3.21";"22";"CCC(C)C(NC(=O)C(Cc1ccccc1)C(C)S)C(=O)NC(Cc1ccc(O)cc1)C(=O)O";"IC50";"'='";"300.0";"nM";"6.52";"";"";"UO_0000065";"13.40";"0.26";"3.31";"5.64";"0";"CHEMBL648692";"Inhibitory concentration was evaluated by Inhibiting 50% of Angiotensin I converting enzyme activity using 50 uM N-Cbz-Phe-His-Leu as substrate";"B";"BAO_0000357";"single protein format";"None";"None";"None";"None";"None";"";"";"";"CHEMBL1808";"Angiotensin-converting enzyme";"Homo sapiens";"SINGLE PROTEIN";"CHEMBL1126948";"1";"Scientific Literature";"J Med Chem";"1993";"None";"";"";"";"0.3"
"CHEMBL469005";"";"None";"413.44";"0";"3.12";"17";"COCc1nnc(-c2cnc(-c3ccc(C#N)cc3C)cn2)n1-c1ccc(OC)nc1";"Activity";"";"";"";"";"";"";"";"";"";"";"";"0";"CHEMBL975416";"Binding affinity to angiotensin converting enzyme at <3 uM";"B";"BAO_0000357";"single protein format";"None";"None";"None";"None";"None";"";"";"";"CHEMBL1808";"Angiotensin-converting enzyme";"Homo sapiens";"SINGLE PROTEIN";"CHEMBL1155900";"1";"Scientific Literature";"Bioorg Med Chem Lett";"2008";"None";"";"";"Not active";""
"CHEMBL48223";"";"None";"271.32";"0";"-1.56";"Table 1, 3";"NC(N)=NCCC[C@H](N)C(=O)N1CCC[C@H]1C(=O)O";"logIC50";"'='";"1.32";"";"";"";"";"";"";"";"";"";"0";"CHEMBL3363246";"Inhibition of ACE (unknown origin)";"B";"BAO_0000357";"single protein format";"Homo sapiens";"None";"None";"None";"None";"";"";"";"CHEMBL1808";"Angiotensin-converting enzyme";"Homo sapiens";"SINGLE PROTEIN";"CHEMBL3352520";"1";"Scientific Literature";"Eur J Med Chem";"2014";"None";"";"";"";"1.32"
"CHEMBL3322007";"";"None";"271.32";"0";"-0.84";"Table 1, 55";"CC(C)[C@H](N)C(=O)NCC(=O)N1CCC[C@H]1C(=O)O";"logIC50";"'='";"1.42";"";"";"";"";"";"";"";"";"";"0";"CHEMBL3363246";"Inhibition of ACE (unknown origin)";"B";"BAO_0000357";"single protein format";"Homo sapiens";"None";"None";"None";"None";"";"";"";"CHEMBL1808";"Angiotensin-converting enzyme";"Homo sapiens";"SINGLE PROTEIN";"CHEMBL3352520";"1";"Scientific Literature";"Eur J Med Chem";"2014";"None";"";"";"";"1.42"
"CHEMBL10786";"";"None";"1472.77";"None";"None";"Table 2, 8";"CC[C@H](C)[C@H](N)C(=O)N[C@@H](CCCNC(=N)N)C(=O)N[C@@H](CCCNC(=N)N)C(=O)N[C@@H](CCCNC(=N)N)C(=O)N[C@@H](CCCCN)C(=O)N[C@@H](Cc1c[nH]c2ccccc12)C(=O)N[C@@H](Cc1c[nH]c2ccccc12)C(=O)N[C@@H](Cc1c[nH]c2ccccc12)C(=O)N[C@@H](Cc1c[nH]c2ccccc12)C(=O)O";"Ratio IC50";"'='";"0.21";"";"";"";"";"";"";"";"";"";"0";"CHEMBL3363247";"Inhibition of ACE (unknown origin) relative to peptide Bac2A RLARIVVIRVAR sequence";"B";"BAO_0000357";"single protein format";"Homo sapiens";"None";"None";"None";"None";"";"";"";"CHEMBL1808";"Angiotensin-converting enzyme";"Homo sapiens";"SINGLE PROTEIN";"CHEMBL3352520";"1";"Scientific Literature";"Eur J Med Chem";"2014";"None";"";"";"";"0.21"
"CHEMBL3322112";"";"None";"526.64";"2";"-1.87";"Table 1, 78";"CC(C)[C@H](NC(=O)[C@H](CCCCN)NC(=O)[C@@H](N)CO)C(=O)N1CCC[C@H]1C(=O)N1CCC[C@H]1C(=O)O";"logIC50";"'='";"1.87";"";"";"";"";"";"";"";"";"";"0";"CHEMBL3363246";"Inhibition of ACE (unknown origin)";"B";"BAO_0000357";"single protein format";"Homo sapiens";"None";"None";"None";"None";"";"";"";"CHEMBL1808";"Angiotensin-converting enzyme";"Homo sapiens";"SINGLE PROTEIN";"CHEMBL3352520";"1";"Scientific Literature";"Eur J Med Chem";"2014";"None";"";"";"";"1.87"
"CHEMBL526186";"";"None";"1530.81";"None";"None";"Table 2, 7";"CC[C@H](C)[C@H](NC(=O)[C@H](CCCNC(=N)N)NC(=O)[C@@H](N)CCCNC(=N)N)C(=O)N[C@@H](Cc1c[nH]c2ccccc12)C(=O)N[C@@H](CCCNC(=N)N)C(=O)N[C@@H](Cc1c[nH]c2ccccc12)C(=O)N[C@@H](Cc1c[nH]c2ccccc12)C(=O)N[C@@H](Cc1c[nH]c2ccccc12)C(=O)N[C@@H](Cc1c[nH]c2ccccc12)C(=O)O";"Ratio IC50";"'='";"0.68";"";"";"";"";"";"";"";"";"";"0";"CHEMBL3363247";"Inhibition of ACE (unknown origin) relative to peptide Bac2A RLARIVVIRVAR sequence";"B";"BAO_0000357";"single protein format";"Homo sapiens";"None";"None";"None";"None";"";"";"";"CHEMBL1808";"Angiotensin-converting enzyme";"Homo sapiens";"SINGLE PROTEIN";"CHEMBL3352520";"1";"Scientific Literature";"Eur J Med Chem";"2014";"None";"";"";"";"0.68"
"CHEMBL506786";"";"None";"1414.73";"None";"None";"Table 2, 14";"CC[C@H](C)[C@H](NC(=O)[C@H](CCCNC(=N)N)NC(=O)[C@H](Cc1c[nH]c2ccccc12)NC(=O)[C@H](Cc1c[nH]c2ccccc12)NC(=O)[C@H](Cc1c[nH]c2ccccc12)NC(=O)[C@H](CC(C)C)NC(=O)[C@@H](NC(=O)[C@H](Cc1c[nH]c2ccccc12)NC(=O)[C@@H](N)CCCNC(=N)N)[C@@H](C)CC)C(=O)O";"Ratio IC50";"'='";"25.0";"";"";"";"";"";"";"";"";"";"0";"CHEMBL3363247";"Inhibition of ACE (unknown origin) relative to peptide Bac2A RLARIVVIRVAR sequence";"B";"BAO_0000357";"single protein format";"Homo sapiens";"None";"None";"None";"None";"";"";"";"CHEMBL1808";"Angiotensin-converting enzyme";"Homo sapiens";"SINGLE PROTEIN";"CHEMBL3352520";"1";"Scientific Literature";"Eur J Med Chem";"2014";"None";"";"";"";"25.0"
"CHEMBL502068";"";"None";"1370.68";"None";"None";"Table 2, 15";"CC[C@H](C)[C@H](N)C(=O)N[C@@H](CCCNC(=N)N)C(=O)N[C@@H](CCCNC(=N)N)C(=O)N[C@@H](CCCNC(=N)N)C(=O)N[C@@H](Cc1c[nH]c2ccccc12)C(=O)N[C@@H](Cc1c[nH]c2ccccc12)C(=O)N[C@@H](Cc1c[nH]c2ccccc12)C(=O)N[C@H](C(=O)N[C@H](C(=O)O)C(C)C)[C@@H](C)CC";"Ratio IC50";"'='";"0.23";"";"";"";"";"";"";"";"";"";"0";"CHEMBL3363247";"Inhibition of ACE (unknown origin) relative to peptide Bac2A RLARIVVIRVAR sequence";"B";"BAO_0000357";"single protein format";"Homo sapiens";"None";"None";"None";"None";"";"";"";"CHEMBL1808";"Angiotensin-converting enzyme";"Homo sapiens";"SINGLE PROTEIN";"CHEMBL3352520";"1";"Scientific Literature";"Eur J Med Chem";"2014";"None";"";"";"";"0.23"
"CHEMBL525616";"";"None";"1545.83";"None";"None";"Table 2, 1";"N=C(N)NCCC[C@H](NC(=O)[C@H](CCCNC(=N)N)NC(=O)[C@H](Cc1c[nH]c2ccccc12)NC(=O)[C@@H](N)CCCNC(=N)N)C(=O)N[C@@H](CCCCN)C(=O)N[C@@H](Cc1c[nH]c2ccccc12)C(=O)N[C@@H](Cc1c[nH]c2ccccc12)C(=O)N[C@@H](Cc1c[nH]c2ccccc12)C(=O)N[C@@H](Cc1c[nH]c2ccccc12)C(=O)O";"Ratio IC50";"'='";"6.41";"";"";"";"";"";"";"";"";"";"0";"CHEMBL3363248";"Ratio of compound IC50 to peptide Bac2A RLARIVVIRVAR IC50 for ACE (unknown origin)";"B";"BAO_0000357";"single protein format";"Homo sapiens";"None";"None";"None";"None";"";"";"";"CHEMBL1808";"Angiotensin-converting enzyme";"Homo sapiens";"SINGLE PROTEIN";"CHEMBL3352520";"1";"Scientific Literature";"Eur J Med Chem";"2014";"None";"";"";"";"6.41"
"CHEMBL56099";"";"None";"294.35";"0";"0.88";"Table 1, 32";"CC(C)C[C@H](N)C(=O)N[C@@H](Cc1ccc(O)cc1)C(=O)O";"logIC50";"'='";"1.51";"";"";"";"";"";"";"";"";"";"0";"CHEMBL3363246";"Inhibition of ACE (unknown origin)";"B";"BAO_0000357";"single protein format";"Homo sapiens";"None";"None";"None";"None";"";"";"";"CHEMBL1808";"Angiotensin-converting enzyme";"Homo sapiens";"SINGLE PROTEIN";"CHEMBL3352520";"1";"Scientific Literature";"Eur J Med Chem";"2014";"None";"";"";"";"1.51"
"CHEMBL414828";"";"None";"186.21";"0";"-0.59";"Table 1, 30";"C[C@H](N)C(=O)N1CCC[C@H]1C(=O)O";"logIC50";"'='";"2.43";"";"";"";"";"";"";"";"";"";"0";"CHEMBL3363246";"Inhibition of ACE (unknown origin)";"B";"BAO_0000357";"single protein format";"Homo sapiens";"None";"None";"None";"None";"";"";"";"CHEMBL1808";"Angiotensin-converting enzyme";"Homo sapiens";"SINGLE PROTEIN";"CHEMBL3352520";"1";"Scientific Literature";"Eur J Med Chem";"2014";"None";"";"";"";"2.43"
"CHEMBL299759";"";"None";"261.28";"0";"0.24";"Table 1, 25";"NCC(=O)N[C@@H](Cc1c[nH]c2ccccc12)C(=O)O";"logIC50";"'='";"1.4";"";"";"";"";"";"";"";"";"";"0";"CHEMBL3363246";"Inhibition of ACE (unknown origin)";"B";"BAO_0000357";"single protein format";"Homo sapiens";"None";"None";"None";"None";"";"";"";"CHEMBL1808";"Angiotensin-converting enzyme";"Homo sapiens";"SINGLE PROTEIN";"CHEMBL3352520";"1";"Scientific Literature";"Eur J Med Chem";"2014";"None";"";"";"";"1.4"
"CHEMBL59354";"";"None";"235.35";"0";"2.14";"50";"CC(CS)C(=O)N1CCc2ccccc2C1";"IC50";"'='";"48000.0";"nM";"4.32";"";"";"UO_0000065";"18.35";"0.37";"2.18";"21.26";"0";"CHEMBL648350";"Inhibition of guinea pig angiotensin I converting enzyme";"B";"BAO_0000357";"single protein format";"Cavia porcellus";"None";"None";"None";"None";"";"";"";"CHEMBL1808";"Angiotensin-converting enzyme";"Homo sapiens";"SINGLE PROTEIN";"CHEMBL1123237";"1";"Scientific Literature";"J Med Chem";"1986";"None";"";"";"";"48.0"
"CHEMBL1733";"QUINAPRILAT";"2.0";"410.47";"0";"2.09";"33";"C[C@H](N[C@@H](CCc1ccccc1)C(=O)O)C(=O)N1Cc2ccccc2C[C@H]1C(=O)O";"IC50";"'='";"2.8";"nM";"8.55";"";"";"UO_0000065";"20.84";"0.39";"6.46";"8.00";"0";"CHEMBL648350";"Inhibition of guinea pig angiotensin I converting enzyme";"B";"BAO_0000357";"single protein format";"Cavia porcellus";"None";"None";"None";"None";"";"";"";"CHEMBL1808";"Angiotensin-converting enzyme";"Homo sapiens";"SINGLE PROTEIN";"CHEMBL1123237";"1";"Scientific Literature";"J Med Chem";"1986";"None";"";"";"";"0.0028"
"CHEMBL4202767";"";"None";"391.85";"0";"4.78";"56";"CCOc1c(Cl)cc(C(=O)Nc2ccc(C(=O)O)c(C)c2)cc1OC(C)C";"Activity";"'<='";"25.0";"%";"";"";"";"UO_0000187";"";"";"";"";"0";"CHEMBL4187164";"Binding affinity to ACE (unknown origin) at 10 uM relative to control";"B";"BAO_0000357";"single protein format";"Homo sapiens";"None";"None";"None";"None";"";"";"";"CHEMBL1808";"Angiotensin-converting enzyme";"Homo sapiens";"SINGLE PROTEIN";"CHEMBL4184197";"1";"Scientific Literature";"Bioorg Med Chem";"2018";"None";"";"";"";"25.0"
"CHEMBL347755";"";"None";"392.48";"0";"1.57";"18";"O=C(O)C(CCc1ccccc1)N[C@H]1CCC[C@H]2SC[C@@H](C(=O)O)N2C1=O";"IC50";"'='";"0.6";"nM";"9.22";"";"";"UO_0000065";"23.50";"0.47";"7.65";"8.62";"0";"CHEMBL883277";"Inhibition of Angiotensin I converting enzyme (ACE) in Bothrops jararaca venom";"B";"BAO_0000357";"single protein format";"Bothrops jararaca";"None";"None";"None";"None";"";"";"";"CHEMBL1808";"Angiotensin-converting enzyme";"Homo sapiens";"SINGLE PROTEIN";"CHEMBL1135683";"1";"Scientific Literature";"J Med Chem";"2002";"None";"";"";"";"6E-10"
"CHEMBL4462603";"";"None";"535.55";"2";"0.25";"SamASP";"CC(=O)N[C@@H](CC(=O)O)C(=O)NC[C@H](CC1(C(=O)N[C@@H](Cc2ccc(O)cc2)C(=O)O)CCCC1)C(=O)O";"Ki";"'='";"10600.0";"nM";"4.97";"";"";"UO_0000065";"";"";"";"";"0";"CHEMBL4406513";"Inhibition of human somatic ACE N-domain soluble form (1 to 629 residues) expressed in CHO cells using Z-FHL as substrate preincubated with enzyme followed by substrate addition by fluorescence based assay";"A";"BAO_0000219";"cell-based format";"Homo sapiens";"None";"None";"CHO";"None";"";"";"";"CHEMBL1808";"Angiotensin-converting enzyme";"Homo sapiens";"SINGLE PROTEIN";"CHEMBL4402607";"1";"Scientific Literature";"J Med Chem";"2020";"CHEMBL3308072";"";"";"";"10.6"
"CHEMBL1236770";"";"None";"494.59";"1";"2.45";"Lis-W";"NCCCC[C@H](N[C@@H](CCc1ccccc1)C(=O)O)C(=O)N[C@H](Cc1c[nH]c2ccccc12)C(=O)O";"Ratio Ki";"'='";"243.0";"";"";"";"";"";"";"";"";"";"0";"CHEMBL4406519";"Selectivity index, ratio of Ki for human wild type ACE N-domain to Ki for human testis ACE C-domain (unknown origin) using Abz-FRK(Dnp)P-OH as substrate by fluorescence based analysis";"U";"BAO_0000019";"assay format";"Homo sapiens";"None";"None";"None";"None";"";"";"";"CHEMBL1808";"Angiotensin-converting enzyme";"Homo sapiens";"SINGLE PROTEIN";"CHEMBL4402607";"1";"Scientific Literature";"J Med Chem";"2020";"None";"";"";"";"243.0"
"CHEMBL311471";"";"None";"424.50";"0";"3.27";"99";"CCN(C[C@H](CCc1ccccc1)C(=O)O)C(=O)N1Cc2ccccc2C[C@H]1C(=O)O";"IC50";"'='";"6.457";"nM";"8.19";"";"";"UO_0000065";"";"";"";"";"0";"CHEMBL648337";"Inhibitory activity against angiotensin converting enzyme (ACE)";"F";"BAO_0000019";"assay format";"None";"None";"None";"None";"None";"";"";"";"CHEMBL1808";"Angiotensin-converting enzyme";"Homo sapiens";"SINGLE PROTEIN";"CHEMBL1126767";"1";"Scientific Literature";"J Med Chem";"1993";"None";"";"";"";"8.19"
"CHEMBL5415513";"";"None";"2275.68";"None";"None";"BCY15296";"CC(C)C[C@@H]1NC(=O)[C@H](Cc2ccc(O)cc2)NC(=O)[C@H](CCC(N)=O)NC(=O)[C@H](CCC(N)=O)NC(=O)[C@@H]2CCCN2C(=O)[C@H](CC(=O)O)NC(=O)[C@H](CCCNC(=N)N)NC(=O)[C@@H]2CSCCC(=O)N3CN(CN(C3)C(=O)CCSC[C@@H](C(=O)N[C@@H](C)C(N)=O)NC(=O)[C@H](Cc3ccccc3)NC1=O)C(=O)CCSC[C@H](NC(=O)[C@H](C)N)C(=O)N[C@@H](Cc1c[nH]cn1)C(=O)N[C@@H](CCCCN)C(=O)N[C@@H](Cc1ccccc1)C(=O)N1CCC[C@H]1C(=O)N2";"Kd";"'='";"5100.0";"nM";"5.29";"";"";"UO_0000065";"2.33";"None";"None";"None";"0";"CHEMBL5350899";"Binding affinity to human ACE assessed as binding constant by surface plasmon resonance analysis";"B";"BAO_0000357";"single protein format";"Homo sapiens";"None";"None";"None";"None";"";"";"";"CHEMBL1808";"Angiotensin-converting enzyme";"Homo sapiens";"SINGLE PROTEIN";"CHEMBL5346959";"1";"Scientific Literature";"J Med Chem";"2023";"None";"";"INHIBITOR";"";"5.1"
"CHEMBL5429562";"";"None";"2130.57";"None";"None";"BCY20867";"CC[C@H](C)[C@@H]1NC(=O)[C@H](CCCNC(=N)N)NC(=O)[C@@H]2CCCN2C(=O)[C@H](CC(C)C)NC(=O)[C@H](CC(C)(C)C)NC(=O)[C@H](CO)NC(=O)[C@H](CO)NNC(=O)[C@@H]2CSCCC(=O)N3CN(CN(C3)C(=O)CCSC[C@@H](C(=O)N[C@@H](C)C(N)=O)NC(=O)[C@H](Cc3c[nH]cn3)NC1=O)C(=O)CCSC[C@H](NC(=O)[C@H](C)N)C(=O)N[C@@H](C(C)C)C(=O)N[C@@H](CCCNC(=N)N)C(=O)N[C@@H](CO)C(=O)N[C@@H](Cc1c[nH]cn1)C(=O)N2";"Kd";"'>'";"10000.0";"nM";"";"";"";"UO_0000065";"";"";"";"";"0";"CHEMBL5350899";"Binding affinity to human ACE assessed as binding constant by surface plasmon resonance analysis";"B";"BAO_0000357";"single protein format";"Homo sapiens";"None";"None";"None";"None";"";"";"";"CHEMBL1808";"Angiotensin-converting enzyme";"Homo sapiens";"SINGLE PROTEIN";"CHEMBL5346959";"1";"Scientific Literature";"J Med Chem";"2023";"None";"";"";"";"10.0"
"CHEMBL175110";"";"None";"463.60";"0";"4.29";"16";"O=C(O)C(Cc1ccc(O)cc1)NC(=O)C(Cc1ccccc1)C(S)CCc1ccccc1";"IC50";"'='";"1600.0";"nM";"5.80";"";"";"UO_0000065";"12.50";"0.24";"1.51";"6.69";"0";"CHEMBL646967";"Inhibitory concentration was evaluated by inhibiting 50% of Angiotensin I Converting Enzyme activity using 50 uM N-Cbz-Phe-His-Leu as substrate";"B";"BAO_0000357";"single protein format";"None";"None";"None";"None";"None";"";"";"";"CHEMBL1808";"Angiotensin-converting enzyme";"Homo sapiens";"SINGLE PROTEIN";"CHEMBL1126948";"1";"Scientific Literature";"J Med Chem";"1993";"None";"";"";"";"1.6"
"CHEMBL577";"ENALAPRILAT ANHYDROUS";"4.0";"348.40";"0";"1.13";"3";"C[C@H](N[C@@H](CCc1ccccc1)C(=O)O)C(=O)N1CCC[C@H]1C(=O)O";"IC50";"'='";"2.6";"nM";"8.59";"";"";"UO_0000065";"24.64";"0.47";"7.46";"8.03";"0";"CHEMBL645288";"Compound tested in vitro for inhibition of Angiotensin I converting enzyme";"B";"BAO_0000357";"single protein format";"None";"None";"None";"None";"None";"";"";"";"CHEMBL1808";"Angiotensin-converting enzyme";"Homo sapiens";"SINGLE PROTEIN";"CHEMBL1124532";"1";"Scientific Literature";"J Med Chem";"1989";"None";"";"";"";"2.6"
"CHEMBL41289";"";"None";"543.51";"2";"0.23";"28d";"CC(C)CC(NP(=O)(O)OC1OC(C)C(O)C(O)C1O)C(=O)NC(Cc1c[nH]c2ccccc12)C(=O)O";"IC50";"'='";"5.012";"nM";"8.30";"";"";"UO_0000065";"15.27";"0.31";"8.07";"3.94";"0";"CHEMBL646945";"Inhibition of angiotensin I converting enzyme in silico";"B";"BAO_0000357";"single protein format";"None";"None";"None";"None";"None";"";"";"";"CHEMBL1808";"Angiotensin-converting enzyme";"Homo sapiens";"SINGLE PROTEIN";"CHEMBL1130169";"1";"Scientific Literature";"J Med Chem";"1997";"None";"";"";"";"8.3"
"CHEMBL4228713";"A-1211212";"None";"896.51";"3";"9.44";"EUB0000263";"CO[C@H]1CC[C@H](CNc2ccc(S(=O)(=O)NC(=O)c3ccc(N4CCN(CC5=C(c6ccc(Cl)cc6)CC(C)(C)CC5)CC4)cc3Oc3cnc4[nH]ccc4c3)cc2[N+](=O)[O-])CC1";"% Inhibition of Control Values (Mean n=2)";"'='";"-72.6";"%";"";"";"";"UO_0000187";"";"";"";"";"0";"CHEMBL4883627";"ACE (h) Eurofins-Cerep enzyme and uptake assay";"B";"BAO_0000357";"single protein format";"Homo sapiens";"None";"None";"None";"None";"Source of protein: human recombinant | Reference compound: captopril | Incubation time: 30 min | Incubation temperature: 37°C | Detection method: Fluorimetry | Measured component: Abz-Phe-Arg | Substrate/Stimulus/Tracer: Abz-FRK(Dnp)-POH (15 µM) | Reference compound EC50 None 0.76 nM | Assay protocol publication: PMID: 20802975";"";"";"CHEMBL1808";"Angiotensin-converting enzyme";"Homo sapiens";"SINGLE PROTEIN";"CHEMBL4507310";"54";"SGC Frankfurt - Donated Chemical Probes";"";"2021";"None";"Compound concentration None 10.0 uM";"";"";"-72.6"
"CHEMBL80906";"";"None";"396.44";"0";"2.09";"13";"O=C(O)CN1C(=O)C(NC(CCc2ccccc2)C(=O)O)CCc2ccccc21";"IC50";"'='";"1.698";"nM";"8.77";"";"";"UO_0000065";"";"";"";"";"0";"CHEMBL648337";"Inhibitory activity against angiotensin converting enzyme (ACE)";"F";"BAO_0000019";"assay format";"None";"None";"None";"None";"None";"";"";"";"CHEMBL1808";"Angiotensin-converting enzyme";"Homo sapiens";"SINGLE PROTEIN";"CHEMBL1126767";"1";"Scientific Literature";"J Med Chem";"1993";"None";"";"";"";"8.77"
"CHEMBL309537";"";"None";"189.28";"0";"0.86";"58";"O=C(O)[C@@H]1CCCN1CCCS";"IC50";"'='";"239883.29";"nM";"";"Outside typical range";"";"UO_0000065";"";"";"";"";"0";"CHEMBL648337";"Inhibitory activity against angiotensin converting enzyme (ACE)";"F";"BAO_0000019";"assay format";"None";"None";"None";"None";"None";"";"";"";"CHEMBL1808";"Angiotensin-converting enzyme";"Homo sapiens";"SINGLE PROTEIN";"CHEMBL1126767";"1";"Scientific Literature";"J Med Chem";"1993";"None";"";"";"";"3.62"
"CHEMBL80939";"";"None";"243.24";"0";"-1.11";"1";"O=C(O)[C@@H]1C=CCn2c(=O)n(CS)c(=O)n21";"IC50";"'='";"707.95";"nM";"6.15";"";"";"UO_0000065";"";"";"";"";"0";"CHEMBL648337";"Inhibitory activity against angiotensin converting enzyme (ACE)";"F";"BAO_0000019";"assay format";"None";"None";"None";"None";"None";"";"";"";"CHEMBL1808";"Angiotensin-converting enzyme";"Homo sapiens";"SINGLE PROTEIN";"CHEMBL1126767";"1";"Scientific Literature";"J Med Chem";"1993";"None";"";"";"";"6.15"
"CHEMBL446407";"";"None";"235.26";"0";"-0.26";"THIOL_2";"CC(C)(S)C(=O)N[C@@H](CC(=O)O)C(=O)O";"IC50";"'='";"3467368.5";"nM";"";"Outside typical range";"";"UO_0000065";"";"";"";"";"0";"CHEMBL648337";"Inhibitory activity against angiotensin converting enzyme (ACE)";"F";"BAO_0000019";"assay format";"None";"None";"None";"None";"None";"";"";"";"CHEMBL1808";"Angiotensin-converting enzyme";"Homo sapiens";"SINGLE PROTEIN";"CHEMBL1126767";"1";"Scientific Literature";"J Med Chem";"1993";"None";"";"";"";"2.46"
"CHEMBL358439";"";"None";"244.25";"0";"-0.88";"13";"C[C@@H](NCC(=O)O)C(=O)N1CCC[C@H]1C(=O)O";"IC50";"'='";"2400.0";"nM";"5.62";"";"";"UO_0000065";"23.01";"0.45";"6.50";"5.26";"1";"CHEMBL883277";"Inhibition of Angiotensin I converting enzyme (ACE) in Bothrops jararaca venom";"B";"BAO_0000357";"single protein format";"Bothrops jararaca";"None";"None";"None";"None";"";"";"";"CHEMBL1808";"Angiotensin-converting enzyme";"Homo sapiens";"SINGLE PROTEIN";"CHEMBL1135683";"1";"Scientific Literature";"J Med Chem";"2002";"None";"";"";"";"2.4"
"CHEMBL577";"ENALAPRILAT ANHYDROUS";"4.0";"348.40";"0";"1.13";"15";"C[C@H](N[C@@H](CCc1ccccc1)C(=O)O)C(=O)N1CCC[C@H]1C(=O)O";"IC50";"'='";"1.2";"nM";"8.92";"";"";"UO_0000065";"25.61";"0.49";"7.79";"8.34";"1";"CHEMBL883277";"Inhibition of Angiotensin I converting enzyme (ACE) in Bothrops jararaca venom";"B";"BAO_0000357";"single protein format";"Bothrops jararaca";"None";"None";"None";"None";"";"";"";"CHEMBL1808";"Angiotensin-converting enzyme";"Homo sapiens";"SINGLE PROTEIN";"CHEMBL1135683";"1";"Scientific Literature";"J Med Chem";"2002";"None";"";"";"";"1.2E-9"
"CHEMBL78780";"";"None";"243.26";"0";"0.56";"12";"C[C@H](CCC(=O)O)C(=O)N1CCC[C@H]1C(=O)O";"IC50";"'='";"4900.0";"nM";"5.31";"";"";"UO_0000065";"21.83";"0.43";"4.75";"5.59";"1";"CHEMBL883277";"Inhibition of Angiotensin I converting enzyme (ACE) in Bothrops jararaca venom";"B";"BAO_0000357";"single protein format";"Bothrops jararaca";"None";"None";"None";"None";"";"";"";"CHEMBL1808";"Angiotensin-converting enzyme";"Homo sapiens";"SINGLE PROTEIN";"CHEMBL1135683";"1";"Scientific Literature";"J Med Chem";"2002";"None";"";"";"";"4.9"
"CHEMBL1560";"CAPTOPRIL";"4.0";"217.29";"0";"0.63";"CAPTOPRIL";"C[C@H](CS)C(=O)N1CCC[C@H]1C(=O)O";"IC50";"'='";"15.0";"nM";"7.82";"";"";"UO_0000065";"36.01";"0.76";"7.19";"13.58";"0";"CHEMBL644701";"In vitro inhibitory activity against Angiotensin I converting enzyme";"B";"BAO_0000357";"single protein format";"None";"None";"None";"None";"None";"";"";"";"CHEMBL1808";"Angiotensin-converting enzyme";"Homo sapiens";"SINGLE PROTEIN";"CHEMBL1122836";"1";"Scientific Literature";"J Med Chem";"1985";"None";"";"";"";"15.0"
"CHEMBL105790";"";"None";"258.30";"0";"-0.24";"3d";"CC1(CS)C(=O)N2CCCC(C(=O)O)N2C1=O";"IC50";"'='";"3162.28";"nM";"5.50";"";"";"UO_0000065";"21.29";"0.44";"5.74";"7.06";"0";"CHEMBL646945";"Inhibition of angiotensin I converting enzyme in silico";"B";"BAO_0000357";"single protein format";"None";"None";"None";"None";"None";"";"";"";"CHEMBL1808";"Angiotensin-converting enzyme";"Homo sapiens";"SINGLE PROTEIN";"CHEMBL1130169";"1";"Scientific Literature";"J Med Chem";"1997";"None";"";"";"";"5.5"
"CHEMBL106193";"";"None";"229.30";"0";"0.77";"19d";"O=C(O)C1CCCN1C(=O)C1CCC1S";"IC50";"'='";"158.49";"nM";"6.80";"";"";"UO_0000065";"29.66";"0.62";"6.03";"11.80";"0";"CHEMBL646945";"Inhibition of angiotensin I converting enzyme in silico";"B";"BAO_0000357";"single protein format";"None";"None";"None";"None";"None";"";"";"";"CHEMBL1808";"Angiotensin-converting enzyme";"Homo sapiens";"SINGLE PROTEIN";"CHEMBL1130169";"1";"Scientific Literature";"J Med Chem";"1997";"None";"";"";"";"6.8"
"CHEMBL442750";"";"None";"203.26";"0";"0.38";"59";"O=C(O)[C@@H]1CCC(=O)N1CCCS";"IC50";"'='";"645654.23";"nM";"";"Outside typical range";"";"UO_0000065";"";"";"";"";"0";"CHEMBL648337";"Inhibitory activity against angiotensin converting enzyme (ACE)";"F";"BAO_0000019";"assay format";"None";"None";"None";"None";"None";"";"";"";"CHEMBL1808";"Angiotensin-converting enzyme";"Homo sapiens";"SINGLE PROTEIN";"CHEMBL1126767";"1";"Scientific Literature";"J Med Chem";"1993";"None";"";"";"";"3.19"
"CHEMBL78353";"";"None";"529.59";"1";"2.38";"COO_25E";"O=C(N[C@H](CCC(=O)N1[C@H](C(=O)O)C[C@@H]2CCCC[C@@H]21)C(=O)O)C1CCCN1C(=O)OCc1ccccc1";"IC50";"'='";"15.14";"nM";"7.82";"";"";"UO_0000065";"";"";"";"";"0";"CHEMBL648337";"Inhibitory activity against angiotensin converting enzyme (ACE)";"F";"BAO_0000019";"assay format";"None";"None";"None";"None";"None";"";"";"";"CHEMBL1808";"Angiotensin-converting enzyme";"Homo sapiens";"SINGLE PROTEIN";"CHEMBL1126767";"1";"Scientific Literature";"J Med Chem";"1993";"None";"";"";"";"7.82"
"CHEMBL35682";"";"None";"536.56";"1";"3.84";"SQ-29852_2G";"COc1ccc(N(CC(=O)O)C(=O)[C@H](CCCCN)OP(=O)(O)CCCCc2ccccc2)cc1OC";"IC50";"'='";"0.2884";"nM";"9.54";"";"";"UO_0000065";"";"";"";"";"0";"CHEMBL648337";"Inhibitory activity against angiotensin converting enzyme (ACE)";"F";"BAO_0000019";"assay format";"None";"None";"None";"None";"None";"";"";"";"CHEMBL1808";"Angiotensin-converting enzyme";"Homo sapiens";"SINGLE PROTEIN";"CHEMBL1126767";"1";"Scientific Literature";"J Med Chem";"1993";"None";"";"";"";"9.54"
"CHEMBL309798";"";"None";"458.45";"0";"2.72";"154";"O=C(NC(CCc1ccccc1)P(=O)(O)CC(=O)N1CCC[C@H]1C(=O)O)c1ccccc1";"IC50";"'='";"72.44";"nM";"7.14";"";"";"UO_0000065";"";"";"";"";"0";"CHEMBL648337";"Inhibitory activity against angiotensin converting enzyme (ACE)";"F";"BAO_0000019";"assay format";"None";"None";"None";"None";"None";"";"";"";"CHEMBL1808";"Angiotensin-converting enzyme";"Homo sapiens";"SINGLE PROTEIN";"CHEMBL1126767";"1";"Scientific Literature";"J Med Chem";"1993";"None";"";"";"";"7.14"
"CHEMBL80147";"";"None";"304.39";"0";"1.67";"82";"C[C@H](NCCCc1ccccc1)C(=O)N1CCC[C@H]1C(=O)O";"IC50";"'='";"5754.4";"nM";"5.24";"";"";"UO_0000065";"";"";"";"";"0";"CHEMBL648337";"Inhibitory activity against angiotensin converting enzyme (ACE)";"F";"BAO_0000019";"assay format";"None";"None";"None";"None";"None";"";"";"";"CHEMBL1808";"Angiotensin-converting enzyme";"Homo sapiens";"SINGLE PROTEIN";"CHEMBL1126767";"1";"Scientific Literature";"J Med Chem";"1993";"None";"";"";"";"5.24"
"CHEMBL309914";"";"None";"209.29";"0";"-0.20";"THIOL_7Bb";"CC(S)C(=O)N[C@@H](CS)C(=O)O";"IC50";"'='";"537031.8";"nM";"";"Outside typical range";"";"UO_0000065";"";"";"";"";"0";"CHEMBL648337";"Inhibitory activity against angiotensin converting enzyme (ACE)";"F";"BAO_0000019";"assay format";"None";"None";"None";"None";"None";"";"";"";"CHEMBL1808";"Angiotensin-converting enzyme";"Homo sapiens";"SINGLE PROTEIN";"CHEMBL1126767";"1";"Scientific Literature";"J Med Chem";"1993";"None";"";"";"";"3.27"
"CHEMBL90069";"";"None";"280.32";"0";"0.49";"VY";"CC(C)[C@H](N)C(=O)N[C@@H](Cc1ccc(O)cc1)C(=O)O";"IC50";"'='";"21877.62";"nM";"4.66";"";"";"UO_0000065";"16.62";"0.32";"4.17";"4.14";"0";"CHEMBL858254";"Biological activity was measured against Angiotensin I converting enzyme";"B";"BAO_0000357";"single protein format";"None";"None";"None";"None";"None";"";"";"";"CHEMBL1808";"Angiotensin-converting enzyme";"Homo sapiens";"SINGLE PROTEIN";"CHEMBL1128468";"1";"Scientific Literature";"J Med Chem";"1995";"None";"";"";"";"4.66"
"CHEMBL2370859";"";"None";"318.37";"0";"1.20";"2";"C[C@H](NC(=O)CCc1ccccc1)C(=O)N1CCC[C@H]1C(=O)O";"Inhibition";"'='";"37.0";"%";"";"";"";"UO_0000187";"";"";"";"";"0";"CHEMBL644709";"In vitro inhibitory activity against Angiotensin I converting enzyme";"B";"BAO_0000357";"single protein format";"None";"None";"None";"None";"None";"";"";"";"CHEMBL1808";"Angiotensin-converting enzyme";"Homo sapiens";"SINGLE PROTEIN";"CHEMBL1122972";"1";"Scientific Literature";"J Med Chem";"1985";"None";"";"";"";"37.0"
"CHEMBL60702";"";"None";"526.63";"1";"3.06";"17";"CCOC(=O)C(CCc1ccccc1)NC(C)C(=O)N1Cc2cc(OC)c(OC)cc2CC1C(=O)OCC";"IC50";"'='";"520.0";"nM";"6.28";"";"";"UO_0000065";"11.93";"0.23";"3.22";"6.08";"0";"CHEMBL648350";"Inhibition of guinea pig angiotensin I converting enzyme";"B";"BAO_0000357";"single protein format";"Cavia porcellus";"None";"None";"None";"None";"";"";"";"CHEMBL1808";"Angiotensin-converting enzyme";"Homo sapiens";"SINGLE PROTEIN";"CHEMBL1123237";"1";"Scientific Literature";"J Med Chem";"1986";"None";"";"";"";"0.52"
"CHEMBL459960";"";"None";"327.47";"0";"2.36";"11e";"Cc1ccc(CSC[C@H](NC(=O)[C@H](C)CS)C(=O)O)cc1";"IC50";"'='";"240.0";"nM";"6.62";"";"";"UO_0000065";"20.21";"0.43";"4.26";"9.97";"0";"CHEMBL1013488";"Inhibition of angiotensin-converting enzyme in whole blood by HPLC";"B";"BAO_0000221";"tissue-based format";"None";"CHEMBL3638178";"Blood";"None";"None";"";"";"";"CHEMBL1808";"Angiotensin-converting enzyme";"Homo sapiens";"SINGLE PROTEIN";"CHEMBL1154514";"1";"Scientific Literature";"Bioorg Med Chem Lett";"2009";"None";"";"";"";"240.0"
"CHEMBL511184";"";"None";"341.50";"0";"2.62";"11g";"CCc1ccc(CSC[C@H](NC(=O)[C@H](C)CS)C(=O)O)cc1";"IC50";"'='";"21.0";"nM";"7.68";"";"";"UO_0000065";"22.48";"0.48";"5.06";"11.56";"0";"CHEMBL1013488";"Inhibition of angiotensin-converting enzyme in whole blood by HPLC";"B";"BAO_0000221";"tissue-based format";"None";"CHEMBL3638178";"Blood";"None";"None";"";"";"";"CHEMBL1808";"Angiotensin-converting enzyme";"Homo sapiens";"SINGLE PROTEIN";"CHEMBL1154514";"1";"Scientific Literature";"Bioorg Med Chem Lett";"2009";"None";"";"";"";"21.0"
"CHEMBL511344";"";"None";"343.47";"0";"2.06";"11m";"COc1ccc(CSC[C@H](NC(=O)[C@H](C)CS)C(=O)O)cc1";"IC50";"'='";"100.0";"nM";"7.00";"";"";"UO_0000065";"20.38";"0.43";"4.94";"9.26";"0";"CHEMBL1013488";"Inhibition of angiotensin-converting enzyme in whole blood by HPLC";"B";"BAO_0000221";"tissue-based format";"None";"CHEMBL3638178";"Blood";"None";"None";"";"";"";"CHEMBL1808";"Angiotensin-converting enzyme";"Homo sapiens";"SINGLE PROTEIN";"CHEMBL1154514";"1";"Scientific Literature";"Bioorg Med Chem Lett";"2009";"None";"";"";"";"100.0"
"CHEMBL511339";"";"None";"383.58";"0";"3.96";"12";"CC(C)c1ccc(CSC(C)(C)[C@H](NC(=O)[C@H](C)CS)C(=O)O)cc1";"IC50";"'>'";"10000.0";"nM";"";"";"";"UO_0000065";"";"";"";"";"0";"CHEMBL1013488";"Inhibition of angiotensin-converting enzyme in whole blood by HPLC";"B";"BAO_0000221";"tissue-based format";"None";"CHEMBL3638178";"Blood";"None";"None";"";"";"";"CHEMBL1808";"Angiotensin-converting enzyme";"Homo sapiens";"SINGLE PROTEIN";"CHEMBL1154514";"1";"Scientific Literature";"Bioorg Med Chem Lett";"2009";"None";"";"";"";"10000.0"
"CHEMBL358439";"";"None";"244.25";"0";"-0.88";"19";"C[C@@H](NCC(=O)O)C(=O)N1CCC[C@H]1C(=O)O";"IC50";"'='";"2400.0";"nM";"5.62";"";"";"UO_0000065";"23.01";"0.45";"6.50";"5.26";"0";"CHEMBL648529";"Inhibition of Angiotensin I converting enzyme";"B";"BAO_0000357";"single protein format";"None";"None";"None";"None";"None";"";"";"";"CHEMBL1808";"Angiotensin-converting enzyme";"Homo sapiens";"SINGLE PROTEIN";"CHEMBL1126739";"1";"Scientific Literature";"J Med Chem";"1993";"None";"";"";"";"2.4"
"CHEMBL77446";"";"None";"375.43";"0";"0.73";"131";"O=C(O)C(CCc1ccccc1)N[C@H]1CCN2CCC[C@@H](C(=O)O)N2C1=O";"IC50";"'='";"56.23";"nM";"7.25";"";"";"UO_0000065";"";"";"";"";"0";"CHEMBL648337";"Inhibitory activity against angiotensin converting enzyme (ACE)";"F";"BAO_0000019";"assay format";"None";"None";"None";"None";"None";"";"";"";"CHEMBL1808";"Angiotensin-converting enzyme";"Homo sapiens";"SINGLE PROTEIN";"CHEMBL1126767";"1";"Scientific Literature";"J Med Chem";"1993";"None";"";"";"";"7.25"
"CHEMBL80304";"";"None";"177.23";"0";"-0.10";"36";"O=C(O)CCNC(=O)CCS";"IC50";"'='";"489778.82";"nM";"";"Outside typical range";"";"UO_0000065";"";"";"";"";"0";"CHEMBL648337";"Inhibitory activity against angiotensin converting enzyme (ACE)";"F";"BAO_0000019";"assay format";"None";"None";"None";"None";"None";"";"";"";"CHEMBL1808";"Angiotensin-converting enzyme";"Homo sapiens";"SINGLE PROTEIN";"CHEMBL1126767";"1";"Scientific Literature";"J Med Chem";"1993";"None";"";"";"";"3.31"
"CHEMBL277270";"";"None";"443.53";"0";"3.14";"23";"O=C(O)[C@@H]1CC2(CN1C(=O)CP(=O)(O)CCCCc1ccccc1)SCCS2";"IC50";"'='";"3.981";"nM";"8.40";"";"";"UO_0000065";"";"";"";"";"0";"CHEMBL648337";"Inhibitory activity against angiotensin converting enzyme (ACE)";"F";"BAO_0000019";"assay format";"None";"None";"None";"None";"None";"";"";"";"CHEMBL1808";"Angiotensin-converting enzyme";"Homo sapiens";"SINGLE PROTEIN";"CHEMBL1126767";"1";"Scientific Literature";"J Med Chem";"1993";"None";"";"";"";"8.4"
"CHEMBL3414811";"";"None";"453.42";"0";"4.49";"9b";"O=c1c2ccccc2nc(C(F)(F)F)n1CC(O)COc1cccc2[nH]c3ccccc3c12";"Inhibition";"'='";"82.9";"%";"";"";"";"UO_0000187";"";"";"";"";"0";"CHEMBL3421145";"Inhibition of ACE (unknown origin) at 1 uM using synthetic peptide hippuryl-histidyl-leucine substrate by high-throughput colorimetric screening method relative to lisinopril";"B";"BAO_0000357";"single protein format";"Homo sapiens";"None";"None";"None";"None";"";"";"";"CHEMBL1808";"Angiotensin-converting enzyme";"Homo sapiens";"SINGLE PROTEIN";"CHEMBL3414498";"1";"Scientific Literature";"Eur J Med Chem";"2015";"None";"";"";"";"82.9"
"CHEMBL560409";"";"None";"484.50";"0";"2.48";"4";"O=C(CC(S)C(F)(F)F)NC(Cc1ccccc1)C(=O)NC(Cc1ccc(O)cc1)C(=O)O";"IC50";"'='";"280.0";"nM";"6.55";"";"";"UO_0000065";"13.52";"0.27";"4.07";"5.66";"0";"CHEMBL1060018";"Inhibition of human recombinant ACE by fluorimetry";"B";"BAO_0000357";"single protein format";"Homo sapiens";"None";"None";"None";"None";"";"";"";"CHEMBL1808";"Angiotensin-converting enzyme";"Homo sapiens";"SINGLE PROTEIN";"CHEMBL1154033";"1";"Scientific Literature";"Bioorg Med Chem Lett";"2009";"None";"";"";"";"280.0"
"CHEMBL306556";"";"None";"201.25";"0";"0.16";"35";"O=C(O)[C@@H]1C=CCN1C(=O)CCS";"IC50";"'='";"645.65";"nM";"6.19";"";"";"UO_0000065";"";"";"";"";"0";"CHEMBL648337";"Inhibitory activity against angiotensin converting enzyme (ACE)";"F";"BAO_0000019";"assay format";"None";"None";"None";"None";"None";"";"";"";"CHEMBL1808";"Angiotensin-converting enzyme";"Homo sapiens";"SINGLE PROTEIN";"CHEMBL1126767";"1";"Scientific Literature";"J Med Chem";"1993";"None";"";"";"";"6.19"
"CHEMBL2110347";"";"None";"323.46";"0";"2.78";"17b";"CC(C)C[C@H](S)[C@@H](Cc1ccccc1)C(=O)N[C@@H](C)C(=O)O";"IC50";"'='";"16100.0";"nM";"4.79";"";"";"UO_0000065";"14.82";"0.30";"2.01";"7.22";"0";"CHEMBL646966";"Inhibitory concentration was evaluated by inhibiting 50% of Angiotensin I Converting Enzyme activity using 50 micro M N-Cbz-Phe-His-Leu as substrate";"B";"BAO_0000357";"single protein format";"None";"None";"None";"None";"None";"";"";"";"CHEMBL1808";"Angiotensin-converting enzyme";"Homo sapiens";"SINGLE PROTEIN";"CHEMBL1126948";"1";"Scientific Literature";"J Med Chem";"1993";"None";"";"";"";"16.1"
"CHEMBL1017";"TELMISARTAN";"4.0";"514.63";"2";"7.26";"telmisartan";"CCCc1nc2c(C)cc(-c3nc4ccccc4n3C)cc2n1Cc1ccc(-c2ccccc2C(=O)O)cc1";"Inhibition";"";"";"%";"";"";"Dose-dependent effect";"UO_0000187";"";"";"";"";"0";"CHEMBL3088740";"Inhibition of ACE (unknown origin) assessed as 3-Hydroxybutyril-glycil-glycil-glycine conversion to 3-hydroxybutyric acid after 60 mins by WST assay";"B";"BAO_0000357";"single protein format";"Homo sapiens";"None";"None";"None";"None";"";"";"";"CHEMBL1808";"Angiotensin-converting enzyme";"Homo sapiens";"SINGLE PROTEIN";"CHEMBL3085742";"1";"Scientific Literature";"J Med Chem";"2013";"None";"";"";"";""
"CHEMBL222559";"TIPRANAVIR";"4.0";"602.68";"2";"7.33";"tipranavir";"CCC[C@@]1(CCc2ccccc2)CC(O)=C([C@H](CC)c2cccc(NS(=O)(=O)c3ccc(C(F)(F)F)cn3)c2)C(=O)O1";"Inhibition";"'='";"31.0";"%";"";"";"";"UO_0000187";"";"";"";"";"0";"CHEMBL3088742";"Inhibition of ACE (unknown origin) assessed as 3-Hydroxybutyril-glycil-glycil-glycine conversion to 3-hydroxybutyric acid at 128 uM after 60 mins by WST assay relative to control";"B";"BAO_0000357";"single protein format";"Homo sapiens";"None";"None";"None";"None";"";"";"";"CHEMBL1808";"Angiotensin-converting enzyme";"Homo sapiens";"SINGLE PROTEIN";"CHEMBL3085742";"1";"Scientific Literature";"J Med Chem";"2013";"None";"";"";"";"31.0"
"CHEMBL36506";"NOVOBIOCIN";"4.0";"612.63";"2";"3.63";"novobiocin";"CO[C@@H]1[C@@H](OC(N)=O)[C@@H](O)[C@H](Oc2ccc3c(O)c(NC(=O)c4ccc(O)c(CC=C(C)C)c4)c(=O)oc3c2C)OC1(C)C";"Inhibition";"'='";"75.0";"%";"";"";"";"UO_0000187";"";"";"";"";"0";"CHEMBL3088741";"Inhibition of ACE (unknown origin) assessed as 3-Hydroxybutyril-glycil-glycil-glycine conversion to 3-hydroxybutyric acid at 500 uM after 60 mins by WST assay relative to control";"B";"BAO_0000357";"single protein format";"Homo sapiens";"None";"None";"None";"None";"";"";"";"CHEMBL1808";"Angiotensin-converting enzyme";"Homo sapiens";"SINGLE PROTEIN";"CHEMBL3085742";"1";"Scientific Literature";"J Med Chem";"2013";"None";"";"";"";"75.0"
"CHEMBL1017";"TELMISARTAN";"4.0";"514.63";"2";"7.26";"telmisartan";"CCCc1nc2c(C)cc(-c3nc4ccccc4n3C)cc2n1Cc1ccc(-c2ccccc2C(=O)O)cc1";"Inhibition";"'='";"97.0";"%";"";"";"";"UO_0000187";"";"";"";"";"0";"CHEMBL3088741";"Inhibition of ACE (unknown origin) assessed as 3-Hydroxybutyril-glycil-glycil-glycine conversion to 3-hydroxybutyric acid at 500 uM after 60 mins by WST assay relative to control";"B";"BAO_0000357";"single protein format";"Homo sapiens";"None";"None";"None";"None";"";"";"";"CHEMBL1808";"Angiotensin-converting enzyme";"Homo sapiens";"SINGLE PROTEIN";"CHEMBL3085742";"1";"Scientific Literature";"J Med Chem";"2013";"None";"";"";"";"97.0"
"CHEMBL302840";"";"None";"215.21";"0";"-0.07";"13";"O=C(O)CCC(=O)N1CCCC1C(=O)O";"Inhibition";"'='";"43.0";"%";"";"";"";"UO_0000187";"";"";"";"";"0";"CHEMBL648530";"Inhibition of Angiotensin I converting enzyme at 3.3 x 10 E -4M concentration";"B";"BAO_0000357";"single protein format";"None";"None";"None";"None";"None";"";"";"";"CHEMBL1808";"Angiotensin-converting enzyme";"Homo sapiens";"SINGLE PROTEIN";"CHEMBL1126739";"1";"Scientific Literature";"J Med Chem";"1993";"None";"";"";"";"43.0"
"CHEMBL11795";"";"None";"245.30";"0";"0.59";"6a";"CC(=O)SCC1CCCN(CC(=O)O)C1=O";"IC50";"'='";"100000.0";"nM";"4.00";"";"";"UO_0000065";"16.31";"0.34";"3.41";"5.36";"0";"CHEMBL648347";"Concentration required for 50% inhibition of Angiotensin I converting enzyme";"B";"BAO_0000224";"protein format";"Cavia porcellus";"None";"None";"None";"None";"";"";"";"CHEMBL1808";"Angiotensin-converting enzyme";"Homo sapiens";"SINGLE PROTEIN";"CHEMBL1121705";"1";"Scientific Literature";"J Med Chem";"1981";"None";"";"";"";"0.0001"
"CHEMBL57200";"";"None";"307.37";"0";"2.07";"45";"CC(=O)SCC(C)C(=O)N1Cc2ccccc2C1C(=O)O";"IC50";"'='";"24000.0";"nM";"4.62";"";"";"UO_0000065";"15.03";"0.30";"2.55";"6.19";"0";"CHEMBL648350";"Inhibition of guinea pig angiotensin I converting enzyme";"B";"BAO_0000357";"single protein format";"Cavia porcellus";"None";"None";"None";"None";"";"";"";"CHEMBL1808";"Angiotensin-converting enzyme";"Homo sapiens";"SINGLE PROTEIN";"CHEMBL1123237";"1";"Scientific Literature";"J Med Chem";"1986";"None";"";"";"";"24.0"
"CHEMBL1560";"CAPTOPRIL";"4.0";"217.29";"0";"0.63";"2 (Captopril)";"C[C@H](CS)C(=O)N1CCC[C@H]1C(=O)O";"IC50";"'='";"12.9";"nM";"7.89";"";"";"UO_0000065";"36.31";"0.77";"7.26";"13.69";"1";"CHEMBL645288";"Compound tested in vitro for inhibition of Angiotensin I converting enzyme";"B";"BAO_0000357";"single protein format";"None";"None";"None";"None";"None";"";"";"";"CHEMBL1808";"Angiotensin-converting enzyme";"Homo sapiens";"SINGLE PROTEIN";"CHEMBL1124532";"1";"Scientific Literature";"J Med Chem";"1989";"None";"";"";"";"12.9"
"CHEMBL3037879";"";"None";"313.35";"0";"-0.75";"28";"C[C@H](N[C@H](C(=O)O)[C@@H]1CCCN1)C(=O)N1CCC[C@H]1C(=O)O";"IC50";"'='";"700.0";"nM";"6.16";"";"";"UO_0000065";"19.64";"0.38";"6.90";"5.17";"0";"CHEMBL645287";"In vitro inhibitory activity against Angiotensin I converting enzyme";"B";"BAO_0000357";"single protein format";"None";"None";"None";"None";"None";"";"";"";"CHEMBL1808";"Angiotensin-converting enzyme";"Homo sapiens";"SINGLE PROTEIN";"CHEMBL1122972";"1";"Scientific Literature";"J Med Chem";"1985";"None";"";"";"";"700.0"
"CHEMBL57202";"";"None";"277.39";"0";"2.49";"49";"CC(=O)SCC(C)C(=O)N1CCc2ccccc2C1";"IC50";"'='";"49000.0";"nM";"4.31";"";"";"UO_0000065";"15.54";"0.31";"1.82";"11.53";"0";"CHEMBL648350";"Inhibition of guinea pig angiotensin I converting enzyme";"B";"BAO_0000357";"single protein format";"Cavia porcellus";"None";"None";"None";"None";"";"";"";"CHEMBL1808";"Angiotensin-converting enzyme";"Homo sapiens";"SINGLE PROTEIN";"CHEMBL1123237";"1";"Scientific Literature";"J Med Chem";"1986";"None";"";"";"";"49.0"
"CHEMBL191";"LOSARTAN";"4.0";"422.92";"0";"4.27";"118 (Losartan) DuP-753";"CCCCc1nc(Cl)c(CO)n1Cc1ccc(-c2ccccc2-c2nnn[nH]2)cc1";"IC50";"'='";"19.0";"nM";"7.72";"";"";"UO_0000065";"18.26";"0.35";"3.45";"8.35";"0";"CHEMBL648689";"Inhibitory activity against angiotensin I converting enzyme (ACE)";"B";"BAO_0000357";"single protein format";"None";"None";"None";"None";"None";"";"";"";"CHEMBL1808";"Angiotensin-converting enzyme";"Homo sapiens";"SINGLE PROTEIN";"CHEMBL1133572";"1";"Scientific Literature";"J Med Chem";"2000";"None";"";"";"";"19.0"
"CHEMBL80242";"";"None";"207.21";"0";"-1.04";"THIOL_4";"O=C(O)C[C@H](NC(=O)CS)C(=O)O";"IC50";"'='";"77624.71";"nM";"4.11";"";"";"UO_0000065";"";"";"";"";"0";"CHEMBL648337";"Inhibitory activity against angiotensin converting enzyme (ACE)";"F";"BAO_0000019";"assay format";"None";"None";"None";"None";"None";"";"";"";"CHEMBL1808";"Angiotensin-converting enzyme";"Homo sapiens";"SINGLE PROTEIN";"CHEMBL1126767";"1";"Scientific Literature";"J Med Chem";"1993";"None";"";"";"";"4.11"
"CHEMBL1165";"MOEXIPRIL";"4.0";"498.58";"0";"2.58";"114 (moexipril)";"CCOC(=O)[C@H](CCc1ccccc1)N[C@@H](C)C(=O)N1Cc2cc(OC)c(OC)cc2C[C@H]1C(=O)O";"IC50";"'='";"2.6";"nM";"8.59";"";"";"UO_0000065";"17.22";"0.33";"6.01";"7.50";"0";"CHEMBL648689";"Inhibitory activity against angiotensin I converting enzyme (ACE)";"B";"BAO_0000357";"single protein format";"None";"None";"None";"None";"None";"";"";"";"CHEMBL1808";"Angiotensin-converting enzyme";"Homo sapiens";"SINGLE PROTEIN";"CHEMBL1133572";"1";"Scientific Literature";"J Med Chem";"2000";"None";"";"";"";"2.6"
"CHEMBL58480";"";"None";"396.44";"0";"2.22";"36";"CC(NC(CCc1ccccc1)C(=O)O)C(=O)N1Cc2ccccc2C1C(=O)O";"IC50";"'='";"3.1";"nM";"8.51";"";"";"UO_0000065";"21.46";"0.40";"6.29";"7.96";"0";"CHEMBL648350";"Inhibition of guinea pig angiotensin I converting enzyme";"B";"BAO_0000357";"single protein format";"Cavia porcellus";"None";"None";"None";"None";"";"";"";"CHEMBL1808";"Angiotensin-converting enzyme";"Homo sapiens";"SINGLE PROTEIN";"CHEMBL1123237";"1";"Scientific Literature";"J Med Chem";"1986";"None";"";"";"";"0.0031"
"CHEMBL61916";"";"None";"279.36";"0";"1.76";"48";"CC(CS)C(=O)N1CCc2ccccc2C1C(=O)O";"IC50";"'='";"58000.0";"nM";"4.24";"";"";"UO_0000065";"15.17";"0.30";"2.48";"7.35";"0";"CHEMBL648350";"Inhibition of guinea pig angiotensin I converting enzyme";"B";"BAO_0000357";"single protein format";"Cavia porcellus";"None";"None";"None";"None";"";"";"";"CHEMBL1808";"Angiotensin-converting enzyme";"Homo sapiens";"SINGLE PROTEIN";"CHEMBL1123237";"1";"Scientific Literature";"J Med Chem";"1986";"None";"";"";"";"58.0"
"CHEMBL2442647";"";"None";"438.46";"0";"2.35";"7";"C[C@H](NC(CCc1ccccc1)P(=O)(O)O)C(=O)N1[C@H](C(=O)O)C[C@@H]2CCCC[C@@H]21";"IC50";"'='";"40.0";"nM";"7.40";"";"";"UO_0000065";"16.87";"0.34";"5.05";"5.82";"0";"CHEMBL2445165";"Inhibition of recombinant human ACE using (7-methoxycoumarin-4-yl)acetyl-Arg-Pro-Pro-Gly-Phe-Ser-Ala-Phe-Lys(2,4-dinitrophenyle)-OH as substrate after 30 mins by fluorescence assay";"B";"BAO_0000357";"single protein format";"Homo sapiens";"None";"None";"None";"None";"";"";"";"CHEMBL1808";"Angiotensin-converting enzyme";"Homo sapiens";"SINGLE PROTEIN";"CHEMBL2439978";"1";"Scientific Literature";"Bioorg Med Chem";"2013";"None";"";"";"";"40.0"
"CHEMBL1237";"LISINOPRIL ANHYDROUS";"4.0";"405.50";"0";"1.24";"lisinopril";"NCCCC[C@H](N[C@@H](CCc1ccccc1)C(=O)O)C(=O)N1CCC[C@H]1C(=O)O";"IC50";"'='";"0.1";"nM";"10.00";"";"";"UO_0000065";"24.66";"0.47";"8.76";"7.52";"1";"CHEMBL2445167";"Inhibition of human serum ACE";"B";"BAO_0000357";"single protein format";"Homo sapiens";"None";"None";"None";"None";"";"";"";"CHEMBL1808";"Angiotensin-converting enzyme";"Homo sapiens";"SINGLE PROTEIN";"CHEMBL2439978";"1";"Scientific Literature";"Bioorg Med Chem";"2013";"None";"";"";"";"0.1"
"CHEMBL277394";"";"None";"497.51";"0";"3.13";"22";"CC(C)CC(NC(Cc1ccccc1)NP(=O)([O-])CNC(=O)CCc1ccccc1)C(=O)O.[Na+]";"Ratio";"'='";"0.1";"";"";"";"";"";"";"";"";"";"0";"CHEMBL848248";"Ratio of Ki (ACE) to that of Ki (enkephalinase).";"B";"BAO_0000357";"single protein format";"None";"None";"None";"None";"None";"";"";"";"CHEMBL1808";"Angiotensin-converting enzyme";"Homo sapiens";"SINGLE PROTEIN";"CHEMBL1123029";"1";"Scientific Literature";"J Med Chem";"1985";"None";"";"";"";"0.1"
"CHEMBL326801";"";"None";"251.35";"0";"2.22";"IV";"CC(=O)SCC(C)C(=O)NCc1ccccc1";"IC50";"'='";"200000.0";"nM";"";"Outside typical range";"";"UO_0000065";"";"";"";"";"0";"CHEMBL648691";"Inhibitory activity against Angiotensin I converting enzyme (ACE) from human blood serum";"B";"BAO_0000357";"single protein format";"None";"None";"None";"None";"None";"";"";"";"CHEMBL1808";"Angiotensin-converting enzyme";"Homo sapiens";"SINGLE PROTEIN";"CHEMBL1145855";"1";"Scientific Literature";"J Med Chem";"2003";"None";"";"";"";"0.0002"
"CHEMBL4536197";"A-486";"None";"536.48";"1";"3.68";"EUB0000326";"CNC(=O)Nc1ccc2c(c1)[C@@]1(CC2)OC(=O)N(CC(=O)N(Cc2ccc(F)cc2)[C@@H](C)C(F)(F)F)C1=O";"Inhibition";"'='";"-26.0";"%";"";"Outside typical range";"Not Active";"UO_0000187";"";"";"";"";"0";"CHEMBL4886789";"ACE (h) CEREP ligand profiling";"B";"BAO_0000357";"single protein format";"Homo sapiens";"None";"None";"None";"None";"";"";"";"CHEMBL1808";"Angiotensin-converting enzyme";"Homo sapiens";"SINGLE PROTEIN";"CHEMBL4507259";"54";"SGC Frankfurt - Donated Chemical Probes";"";"2021";"None";"Compound concentration None 10.0 uM";"";"";"-26.0"
"CHEMBL270576";"";"None";"368.39";"0";"0.50";"7d";"CC(C)CN(C[C@H](O)C(=O)O)C(=O)N[C@@H](Cc1ccc(O)cc1)C(=O)O";"IC50";"'='";"60.0";"nM";"7.22";"";"";"UO_0000065";"19.60";"0.38";"6.72";"4.90";"0";"CHEMBL930672";"Inhibition of ACE";"B";"BAO_0000357";"single protein format";"None";"None";"None";"None";"None";"";"";"";"CHEMBL1808";"Angiotensin-converting enzyme";"Homo sapiens";"SINGLE PROTEIN";"CHEMBL1143110";"1";"Scientific Literature";"Bioorg Med Chem Lett";"2008";"None";"";"";"";"60.0"
"CHEMBL5420202";"";"None";"2358.68";"None";"None";"BCY15297";"C[C@H](N)C(=O)N[C@H]1CSCCC(=O)N2CN3CN(C2)C(=O)CCSC[C@H](NC(=O)[C@H](CCCNC(=N)N)NC(=O)[C@@H]2CCCN2C(=O)[C@H](Cc2ccccc2)NC(=O)[C@H](CC(=O)O)NC(=O)[C@H](CCCNC(=N)N)NC(=O)[C@H](Cc2c[nH]cn2)NC1=O)C(=O)N[C@@H]([C@@H](C)O)C(=O)N[C@@H](Cc1c[nH]c2ccccc12)C(=O)N[C@@H](CCC(=O)O)C(=O)N[C@@H]([C@@H](C)O)C(=O)N[C@@H](CCC(N)=O)C(=O)N[C@@H](Cc1c[nH]c2ccccc12)C(=O)N[C@H](C(=O)N[C@@H](C)C(N)=O)CSCCC3=O";"Kd";"'='";"350.0";"nM";"6.46";"";"";"UO_0000065";"2.74";"None";"None";"None";"0";"CHEMBL5350899";"Binding affinity to human ACE assessed as binding constant by surface plasmon resonance analysis";"B";"BAO_0000357";"single protein format";"Homo sapiens";"None";"None";"None";"None";"";"";"";"CHEMBL1808";"Angiotensin-converting enzyme";"Homo sapiens";"SINGLE PROTEIN";"CHEMBL5346959";"1";"Scientific Literature";"J Med Chem";"2023";"None";"";"INHIBITOR";"";"0.35"
"CHEMBL251804";"";"None";"387.50";"0";"3.94";"1j";"CC[C@@H](C)[C@H](S)C(=O)N[C@@H](Cc1ccccc1Oc1ccccc1)C(=O)O";"Ki";"'='";"5000.0";"nM";"5.30";"";"";"UO_0000065";"13.68";"0.27";"1.36";"7.01";"0";"CHEMBL928316";"Inhibition of human recombinant ACE by fluorescence assay";"B";"BAO_0000357";"single protein format";"Homo sapiens";"None";"None";"None";"None";"";"";"";"CHEMBL1808";"Angiotensin-converting enzyme";"Homo sapiens";"SINGLE PROTEIN";"CHEMBL1141500";"1";"Scientific Literature";"Bioorg Med Chem Lett";"2008";"None";"";"";"";"5000.0"
"CHEMBL571716";"";"None";"617.64";"2";"5.21";"21, RXPA380";"O=C(N[C@@H](Cc1ccccc1)P(=O)(O)[C@@H]1CCC[C@H]1C(=O)N[C@@H](Cc1c[nH]c2ccccc12)C(=O)O)OCc1ccccc1";"Ki";"'='";"3.0";"nM";"8.52";"";"";"UO_0000065";"13.80";"0.26";"3.31";"5.40";"0";"CHEMBL1045247";"Inhibition of human somatic ACE C-terminal domain";"B";"BAO_0000357";"single protein format";"Homo sapiens";"None";"None";"None";"None";"";"";"";"CHEMBL1808";"Angiotensin-converting enzyme";"Homo sapiens";"SINGLE PROTEIN";"CHEMBL1156752";"1";"Scientific Literature";"J Med Chem";"2010";"None";"";"";"";"3.0"
"CHEMBL173919";"";"None";"323.46";"0";"2.78";"17d";"CC(C)CC(S)[C@H](Cc1ccccc1)C(=O)N[C@@H](C)C(=O)O";"IC50";"'='";"4000.0";"nM";"5.40";"";"";"UO_0000065";"16.69";"0.34";"2.62";"8.13";"0";"CHEMBL646967";"Inhibitory concentration was evaluated by inhibiting 50% of Angiotensin I Converting Enzyme activity using 50 uM N-Cbz-Phe-His-Leu as substrate";"B";"BAO_0000357";"single protein format";"None";"None";"None";"None";"None";"";"";"";"CHEMBL1808";"Angiotensin-converting enzyme";"Homo sapiens";"SINGLE PROTEIN";"CHEMBL1126948";"1";"Scientific Literature";"J Med Chem";"1993";"None";"";"";"";"4.0"
"CHEMBL310578";"";"None";"215.21";"0";"-0.07";"63";"O=C(O)CCC(=O)N1CCC[C@H]1C(=O)O";"IC50";"'='";"33113.11";"nM";"4.48";"";"";"UO_0000065";"";"";"";"";"0";"CHEMBL648337";"Inhibitory activity against angiotensin converting enzyme (ACE)";"F";"BAO_0000019";"assay format";"None";"None";"None";"None";"None";"";"";"";"CHEMBL1808";"Angiotensin-converting enzyme";"Homo sapiens";"SINGLE PROTEIN";"CHEMBL1126767";"1";"Scientific Literature";"J Med Chem";"1993";"None";"";"";"";"4.48"
"CHEMBL28361";"";"None";"333.39";"0";"0.14";"3";"C[C@H](NC(=O)[C@@H](N)Cc1ccccc1)C(=O)N1CCC[C@H]1C(=O)O";"IC50";"'='";"1400.0";"nM";"5.85";"";"";"UO_0000065";"17.56";"0.33";"5.71";"5.19";"1";"CHEMBL645287";"In vitro inhibitory activity against Angiotensin I converting enzyme";"B";"BAO_0000357";"single protein format";"None";"None";"None";"None";"None";"";"";"";"CHEMBL1808";"Angiotensin-converting enzyme";"Homo sapiens";"SINGLE PROTEIN";"CHEMBL1122972";"1";"Scientific Literature";"J Med Chem";"1985";"None";"";"";"";"0.0000014"
"CHEMBL311757";"";"None";"560.65";"1";"2.00";"COO_25A";"NCCCCC(NC(=O)OCc1ccccc1)C(=O)N[C@H](CCC(=O)N1[C@H](C(=O)O)C[C@@H]2CCCC[C@@H]21)C(=O)O";"IC50";"'='";"3.467";"nM";"8.46";"";"";"UO_0000065";"";"";"";"";"0";"CHEMBL648337";"Inhibitory activity against angiotensin converting enzyme (ACE)";"F";"BAO_0000019";"assay format";"None";"None";"None";"None";"None";"";"";"";"CHEMBL1808";"Angiotensin-converting enzyme";"Homo sapiens";"SINGLE PROTEIN";"CHEMBL1126767";"1";"Scientific Literature";"J Med Chem";"1993";"None";"";"";"";"8.46"
"CHEMBL148840";"";"None";"321.44";"0";"2.46";"16b";"O=C1N[C@H](C(=O)O)CCCCCc2cccc(c2)C[C@H]1CS";"IC50";"'='";"1400.0";"nM";"5.85";"";"";"UO_0000065";"18.21";"0.36";"3.39";"8.82";"0";"CHEMBL644707";"Inhibitory concentration required to inhibit Angiotensin I converting enzyme (ACE)";"B";"BAO_0000357";"single protein format";"None";"None";"None";"None";"None";"";"";"";"CHEMBL1808";"Angiotensin-converting enzyme";"Homo sapiens";"SINGLE PROTEIN";"CHEMBL1129939";"1";"Scientific Literature";"J Med Chem";"1997";"None";"";"";"";"1400.0"
"CHEMBL1560";"CAPTOPRIL";"4.0";"217.29";"0";"0.63";"9";"C[C@H](CS)C(=O)N1CCC[C@H]1C(=O)O";"IC50";"'='";"22.91";"nM";"7.64";"";"";"UO_0000065";"";"";"";"";"0";"CHEMBL648337";"Inhibitory activity against angiotensin converting enzyme (ACE)";"F";"BAO_0000019";"assay format";"None";"None";"None";"None";"None";"";"";"";"CHEMBL1808";"Angiotensin-converting enzyme";"Homo sapiens";"SINGLE PROTEIN";"CHEMBL1126767";"1";"Scientific Literature";"J Med Chem";"1993";"None";"";"";"";"7.64"
"CHEMBL430630";"";"None";"426.51";"0";"0.04";"COO_26A";"NCCCCC(N)C(=O)N[C@H](CCC(=O)N1[C@H](C(=O)O)C[C@@H]2CCCC[C@@H]21)C(=O)O";"IC50";"'='";"12.02";"nM";"7.92";"";"";"UO_0000065";"";"";"";"";"0";"CHEMBL648337";"Inhibitory activity against angiotensin converting enzyme (ACE)";"F";"BAO_0000019";"assay format";"None";"None";"None";"None";"None";"";"";"";"CHEMBL1808";"Angiotensin-converting enzyme";"Homo sapiens";"SINGLE PROTEIN";"CHEMBL1126767";"1";"Scientific Literature";"J Med Chem";"1993";"None";"";"";"";"7.92"
"CHEMBL78435";"";"None";"229.30";"0";"0.77";"12";"O=C(O)[C@@H]1CCCN1C(=O)C1CCC1S";"IC50";"'='";"48.98";"nM";"7.31";"";"";"UO_0000065";"";"";"";"";"0";"CHEMBL648337";"Inhibitory activity against angiotensin converting enzyme (ACE)";"F";"BAO_0000019";"assay format";"None";"None";"None";"None";"None";"";"";"";"CHEMBL1808";"Angiotensin-converting enzyme";"Homo sapiens";"SINGLE PROTEIN";"CHEMBL1126767";"1";"Scientific Literature";"J Med Chem";"1993";"None";"";"";"";"7.31"
"CHEMBL33025";"";"None";"456.48";"0";"1.76";"SQ-29852_2Y";"NCCCC[C@H](OP(=O)(O)CCCCc1ccccc1)C(=O)N1C[C@H](O)C[C@H]1C(=O)O";"IC50";"'='";"0.871";"nM";"9.06";"";"";"UO_0000065";"";"";"";"";"0";"CHEMBL648337";"Inhibitory activity against angiotensin converting enzyme (ACE)";"F";"BAO_0000019";"assay format";"None";"None";"None";"None";"None";"";"";"";"CHEMBL1808";"Angiotensin-converting enzyme";"Homo sapiens";"SINGLE PROTEIN";"CHEMBL1126767";"1";"Scientific Literature";"J Med Chem";"1993";"None";"";"";"";"9.06"
"CHEMBL92632";"";"None";"412.49";"0";"2.55";"32";"CC(C)[C@H](N[C@@H](C)C(=O)O)C(=O)N[C@@H](Cc1ccc(-c2ccccc2)cc1)C(=O)O";"IC50";"'='";"23.0";"nM";"7.64";"";"";"UO_0000065";"18.52";"0.35";"5.09";"6.60";"0";"CHEMBL876577";"In vitro inhibitory concentration against angiotensin-converting enzyme";"B";"BAO_0000224";"protein format";"None";"None";"None";"None";"None";"";"";"";"CHEMBL1808";"Angiotensin-converting enzyme";"Homo sapiens";"SINGLE PROTEIN";"CHEMBL1150039";"1";"Scientific Literature";"Bioorg Med Chem Lett";"1994";"None";"";"";"";"23.0"
"CHEMBL329136";"";"None";"498.47";"1";"2.51";"6";"O=C(O)[C@H](Cc1ccc(-c2ccccc2)cc1)NC(=O)[C@H](Cc1ccccc1O)NCP(=O)(O)O";"IC50";"'>'";"1000.0";"nM";"";"";"";"UO_0000065";"";"";"";"";"0";"CHEMBL876577";"In vitro inhibitory concentration against angiotensin-converting enzyme";"B";"BAO_0000224";"protein format";"None";"None";"None";"None";"None";"";"";"";"CHEMBL1808";"Angiotensin-converting enzyme";"Homo sapiens";"SINGLE PROTEIN";"CHEMBL1150039";"1";"Scientific Literature";"Bioorg Med Chem Lett";"1994";"None";"";"";"";"1000.0"
"CHEMBL311064";"";"None";"292.36";"0";"1.60";"THIOL_27";"O=C(CCS)N[C@@H](Cc1c[nH]c2ccccc12)C(=O)O";"IC50";"'>'";"1000000.0";"nM";"";"Outside typical range";"";"UO_0000065";"";"";"";"";"0";"CHEMBL648337";"Inhibitory activity against angiotensin converting enzyme (ACE)";"F";"BAO_0000019";"assay format";"None";"None";"None";"None";"None";"";"";"";"CHEMBL1808";"Angiotensin-converting enzyme";"Homo sapiens";"SINGLE PROTEIN";"CHEMBL1126767";"1";"Scientific Literature";"J Med Chem";"1993";"None";"";"";"";"3.0"
"CHEMBL328737";"";"None";"412.49";"0";"2.55";"30";"CC[C@H](C)C(NCC(=O)O)C(=O)N[C@@H](Cc1ccc(-c2ccccc2)cc1)C(=O)O";"IC50";"'='";"65.0";"nM";"7.19";"";"";"UO_0000065";"17.42";"0.33";"4.64";"6.21";"0";"CHEMBL876577";"In vitro inhibitory concentration against angiotensin-converting enzyme";"B";"BAO_0000224";"protein format";"None";"None";"None";"None";"None";"";"";"";"CHEMBL1808";"Angiotensin-converting enzyme";"Homo sapiens";"SINGLE PROTEIN";"CHEMBL1150039";"1";"Scientific Literature";"Bioorg Med Chem Lett";"1994";"None";"";"";"";"65.0"
"CHEMBL263556";"";"None";"237.15";"0";"-0.76";"67";"O=C(O)[C@@H]1CCCN1C(=O)CP(=O)(O)O";"IC50";"'='";"8317.64";"nM";"5.08";"";"";"UO_0000065";"";"";"";"";"0";"CHEMBL648337";"Inhibitory activity against angiotensin converting enzyme (ACE)";"F";"BAO_0000019";"assay format";"None";"None";"None";"None";"None";"";"";"";"CHEMBL1808";"Angiotensin-converting enzyme";"Homo sapiens";"SINGLE PROTEIN";"CHEMBL1126767";"1";"Scientific Literature";"J Med Chem";"1993";"None";"";"";"";"5.08"
"CHEMBL77556";"";"None";"350.44";"0";"1.11";"14";"C[C@@H](NC(=O)C(S)Cc1ccccc1)C(=O)N1CCC[C@H]1C(=O)O";"IC50";"'='";"50.12";"nM";"7.30";"";"";"UO_0000065";"";"";"";"";"0";"CHEMBL648337";"Inhibitory activity against angiotensin converting enzyme (ACE)";"F";"BAO_0000019";"assay format";"None";"None";"None";"None";"None";"";"";"";"CHEMBL1808";"Angiotensin-converting enzyme";"Homo sapiens";"SINGLE PROTEIN";"CHEMBL1126767";"1";"Scientific Literature";"J Med Chem";"1993";"None";"";"";"";"7.3"
"CHEMBL326801";"";"None";"251.35";"0";"2.22";"IV";"CC(=O)SCC(C)C(=O)NCc1ccccc1";"IC50";"'='";"500000.0";"nM";"";"Outside typical range";"";"UO_0000065";"";"";"";"";"0";"CHEMBL652025";"Inhibitory activity against Angiotensin I converting enzyme (ACE) from bovine kidney";"B";"BAO_0000221";"tissue-based format";"Bos taurus";"CHEMBL3638241";"Kidney";"None";"None";"";"";"";"CHEMBL1808";"Angiotensin-converting enzyme";"Homo sapiens";"SINGLE PROTEIN";"CHEMBL1145855";"1";"Scientific Literature";"J Med Chem";"2003";"None";"";"";"";"0.0005"
"CHEMBL1560";"CAPTOPRIL";"4.0";"217.29";"0";"0.63";"Captopril";"C[C@H](CS)C(=O)N1CCC[C@H]1C(=O)O";"IC50";"'='";"0.12";"nM";"9.92";"";"";"UO_0000065";"45.66";"0.97";"9.29";"17.22";"0";"CHEMBL1060018";"Inhibition of human recombinant ACE by fluorimetry";"B";"BAO_0000357";"single protein format";"Homo sapiens";"None";"None";"None";"None";"";"";"";"CHEMBL1808";"Angiotensin-converting enzyme";"Homo sapiens";"SINGLE PROTEIN";"CHEMBL1154033";"1";"Scientific Literature";"Bioorg Med Chem Lett";"2009";"None";"";"";"";"0.12"
"CHEMBL299639";"";"None";"398.48";"0";"2.08";"1";"O=C(O)CN1C(=O)[C@@H](NC(=O)[C@@H](S)Cc2ccccc2)CCc2ccccc21";"IC50";"'='";"12.0";"nM";"7.92";"";"";"UO_0000065";"19.88";"0.39";"5.84";"9.13";"1";"CHEMBL648283";"In vitro inhibitory activity against angiotensin converting enzyme (ACE) in rat was determined";"B";"BAO_0000019";"assay format";"None";"None";"None";"None";"None";"";"";"";"CHEMBL1808";"Angiotensin-converting enzyme";"Homo sapiens";"SINGLE PROTEIN";"CHEMBL1127958";"1";"Scientific Literature";"Bioorg Med Chem Lett";"1994";"None";"";"";"";"12.0"
"CHEMBL93178";"";"None";"217.27";"0";"-0.97";"KA";"C[C@H](NC(=O)[C@@H](N)CCCCN)C(=O)O";"IC50";"'='";"380189.4";"nM";"";"Outside typical range";"";"UO_0000065";"";"";"";"";"0";"CHEMBL858254";"Biological activity was measured against Angiotensin I converting enzyme";"B";"BAO_0000357";"single protein format";"None";"None";"None";"None";"None";"";"";"";"CHEMBL1808";"Angiotensin-converting enzyme";"Homo sapiens";"SINGLE PROTEIN";"CHEMBL1128468";"1";"Scientific Literature";"J Med Chem";"1995";"None";"";"";"";"3.42"
"CHEMBL91160";"";"None";"360.42";"1";"-0.34";"RW";"NC(N)=NCCC[C@H](N)C(=O)N[C@@H](Cc1c[nH]c2ccccc12)C(=O)O";"IC50";"'='";"15848.93";"nM";"4.80";"";"";"UO_0000065";"13.32";"0.25";"5.14";"2.78";"0";"CHEMBL858254";"Biological activity was measured against Angiotensin I converting enzyme";"B";"BAO_0000357";"single protein format";"None";"None";"None";"None";"None";"";"";"";"CHEMBL1808";"Angiotensin-converting enzyme";"Homo sapiens";"SINGLE PROTEIN";"CHEMBL1128468";"1";"Scientific Literature";"J Med Chem";"1995";"None";"";"";"";"4.8"
"CHEMBL577";"ENALAPRILAT ANHYDROUS";"4.0";"348.40";"0";"1.13";"Enalaprilate";"C[C@H](N[C@@H](CCc1ccccc1)C(=O)O)C(=O)N1CCC[C@H]1C(=O)O";"IC50";"'='";"1.2";"nM";"8.92";"";"";"UO_0000065";"25.61";"0.49";"7.79";"8.34";"0";"CHEMBL645287";"In vitro inhibitory activity against Angiotensin I converting enzyme";"B";"BAO_0000357";"single protein format";"None";"None";"None";"None";"None";"";"";"";"CHEMBL1808";"Angiotensin-converting enzyme";"Homo sapiens";"SINGLE PROTEIN";"CHEMBL1122972";"1";"Scientific Literature";"J Med Chem";"1985";"None";"";"";"";"1.2"
"CHEMBL551622";"";"None";"360.36";"0";"2.53";"3d";"O=C(CC(S)C(F)(F)F)NC(Cc1c[nH]c2ccccc12)C(=O)O";"IC50";"'='";"400.0";"nM";"6.40";"";"";"UO_0000065";"17.75";"0.36";"3.87";"7.78";"0";"CHEMBL1060018";"Inhibition of human recombinant ACE by fluorimetry";"B";"BAO_0000357";"single protein format";"Homo sapiens";"None";"None";"None";"None";"";"";"";"CHEMBL1808";"Angiotensin-converting enzyme";"Homo sapiens";"SINGLE PROTEIN";"CHEMBL1154033";"1";"Scientific Literature";"Bioorg Med Chem Lett";"2009";"None";"";"";"";"400.0"
"CHEMBL3960222";"";"None";"439.58";"0";"1.25";"BDBM197052";"CC(C)C[C@H](S)C(=O)N1CCC[C@H]1C(=O)N1CCC[C@H]1C(=O)N1CC[C@H](C(=O)O)C1";"IC50";"'='";"49000.0";"nM";"4.31";"";"350120";"UO_0000065";"9.80";"0.20";"3.06";"4.39";"0";"CHEMBL3887730";"Enzyme Assay: Human recombinant angiotensin-converting enzyme (hrACE) was obtained from R&D Systems (Minneapolis, Minn.). Its enzyme activity was determined using the internally quenched fluorescent substrate ES005: (7-methoxycoumarin-4-yl)acetyl-Arg-Pro-Pro-Gly-Phe-Ser-Ala-Phe-(2,4-dinitrophenyl)-Lys (R&D Systems, Minneapolis, Minn.). The assay buffer was 0.1 M HEPES, pH 7.4, and the temperature was 30° C. The substrate concentration was below Km (≦40 μM). Enzyme rates were determined in an Fmax fluorescence plate reader (Molecular Devices, Sunnyvale, Calif.) using an excitation wavelength of 320 nm and an emission wavelength of 405 nm.";"B";"BAO_0000357";"single protein format";"Homo sapiens";"None";"None";"None";"None";"";"";"";"CHEMBL1808";"Angiotensin-converting enzyme";"Homo sapiens";"SINGLE PROTEIN";"CHEMBL3886427";"37";"BindingDB Patent Bioactivity Data";"";"2015";"None";"";"";"";"49000.0"
"CHEMBL4075641";"";"None";"584.67";"2";"4.53";"Bilirubin";"C=CC1=C(C)/C(=C\c2[nH]c(Cc3[nH]c(/C=C4/NC(=O)C(C=C)=C4C)c(C)c3CCC(=O)O)c(CCC(=O)O)c2C)NC1=O";"Inhibition";"'='";"13.62";"%";"";"";"";"UO_0000187";"";"";"";"";"0";"CHEMBL4057853";"Inhibition of recombinant human ACE at 100 uM using Mca-R-P-PG-F-S-A-F-K(Dnp)-OH as substrate measured every 2 mins for 8 mins by fluorescence assay";"B";"BAO_0000357";"single protein format";"Homo sapiens";"None";"None";"None";"None";"";"";"";"CHEMBL1808";"Angiotensin-converting enzyme";"Homo sapiens";"SINGLE PROTEIN";"CHEMBL4052767";"1";"Scientific Literature";"Bioorg Med Chem Lett";"2017";"None";"";"";"";"13.62"
"CHEMBL838";"BENAZEPRIL";"4.0";"424.50";"0";"2.57";"4";"CCOC(=O)[C@H](CCc1ccccc1)N[C@H]1CCc2ccccc2N(CC(=O)O)C1=O";"ID50";"'='";"0.25";"mg.kg-1";"";"";"";"UO_0000308";"";"";"";"";"0";"CHEMBL666483";"In vivo inhibitory activity against Angiotensin I pressor response in normotensive dog after peroral administration";"F";"BAO_0000218";"organism-based format";"Canis lupus familiaris";"None";"None";"None";"None";"";"";"";"CHEMBL1808";"Angiotensin-converting enzyme";"Homo sapiens";"SINGLE PROTEIN";"CHEMBL1122836";"1";"Scientific Literature";"J Med Chem";"1985";"None";"";"";"";"0.25"
"CHEMBL148140";"";"None";"321.44";"0";"2.46";"20";"O=C1N[C@@H](C(=O)O)Cc2ccccc2CCCCC[C@@H]1CS";"IC50";"'='";"6000.0";"nM";"5.22";"";"";"UO_0000065";"16.25";"0.32";"2.76";"7.86";"0";"CHEMBL644707";"Inhibitory concentration required to inhibit Angiotensin I converting enzyme (ACE)";"B";"BAO_0000357";"single protein format";"None";"None";"None";"None";"None";"";"";"";"CHEMBL1808";"Angiotensin-converting enzyme";"Homo sapiens";"SINGLE PROTEIN";"CHEMBL1129939";"1";"Scientific Literature";"J Med Chem";"1997";"None";"";"";"";"6000.0"
"CHEMBL275702";"";"None";"657.69";"1";"0.97";"17";"NCCCCC(NC(=O)C1CCC1)C(=O)NC(Cc1ccccc1)C(=O)CCC(=O)N1CCCC1C(=O)NO.O=C(O)C(F)(F)F";"IC50";"'='";"11.0";"nM";"7.96";"";"";"UO_0000065";"14.64";"0.28";"6.99";"4.66";"0";"CHEMBL644578";"Inhibitory activity against porcine plasma Angiotensin I converting enzyme";"B";"BAO_0000366";"cell-free format";"Sus scrofa";"CHEMBL3559721";"Plasma";"None";"None";"";"";"";"CHEMBL1808";"Angiotensin-converting enzyme";"Homo sapiens";"SINGLE PROTEIN";"CHEMBL1122915";"1";"Scientific Literature";"J Med Chem";"1985";"None";"";"";"";"0.011"
"CHEMBL39538";"";"None";"348.40";"0";"1.13";"18";"C[C@H](NC(CCc1ccccc1)C(=O)O)C(=O)N1CCC[C@H]1C(=O)O";"IC50";"'='";"1.202";"nM";"8.92";"";"";"UO_0000065";"";"";"";"";"0";"CHEMBL648337";"Inhibitory activity against angiotensin converting enzyme (ACE)";"F";"BAO_0000019";"assay format";"None";"None";"None";"None";"None";"";"";"";"CHEMBL1808";"Angiotensin-converting enzyme";"Homo sapiens";"SINGLE PROTEIN";"CHEMBL1126767";"1";"Scientific Literature";"J Med Chem";"1993";"None";"";"";"";"8.92"
"CHEMBL416147";"";"None";"422.48";"0";"2.45";"5";"O=C(NC(Cc1ccccc1)C(=O)CCC(=O)N1CCC[C@H]1C(=O)O)c1ccccc1";"Ki";"'='";"100.0";"nM";"7.00";"";"";"UO_0000065";"16.57";"0.31";"4.55";"6.75";"0";"CHEMBL644712";"Compound was evaluated for the inhibition of Angiotensin I converting enzyme";"B";"BAO_0000357";"single protein format";"None";"None";"None";"None";"None";"";"";"";"CHEMBL1808";"Angiotensin-converting enzyme";"Homo sapiens";"SINGLE PROTEIN";"CHEMBL1124505";"1";"Scientific Literature";"J Med Chem";"1989";"None";"";"";"";"0.1"
"CHEMBL478777";"";"None";"428.35";"0";"2.65";"3-tetraacetate";"CC(=O)Oc1ccc2c(=O)c3ccc(OC(C)=O)c(OC(C)=O)c3oc2c1OC(C)=O";"Inhibition";"'='";"7.0";"%";"";"";"";"UO_0000187";"";"";"";"";"0";"CHEMBL964321";"Inhibition of ACE at 100 uM";"B";"BAO_0000357";"single protein format";"None";"None";"None";"None";"None";"";"";"";"CHEMBL1808";"Angiotensin-converting enzyme";"Homo sapiens";"SINGLE PROTEIN";"CHEMBL1159033";"1";"Scientific Literature";"J Nat Prod";"1992";"None";"";"";"";"7.0"
"CHEMBL12700";"";"None";"260.20";"0";"1.77";"5, 2,3,6,7-THX";"O=c1c2cc(O)c(O)cc2oc2cc(O)c(O)cc12";"Inhibition";"'='";"26.76";"%";"";"";"";"UO_0000187";"";"";"";"";"0";"CHEMBL964323";"Inhibition of ACE at 400 uM";"B";"BAO_0000357";"single protein format";"None";"None";"None";"None";"None";"";"";"";"CHEMBL1808";"Angiotensin-converting enzyme";"Homo sapiens";"SINGLE PROTEIN";"CHEMBL1159033";"1";"Scientific Literature";"J Nat Prod";"1992";"None";"";"";"";"26.76"
"CHEMBL448040";"";"None";"260.20";"0";"1.77";"2, 1,3,5,6-THX";"O=c1c2ccc(O)c(O)c2oc2cc(O)cc(O)c12";"Inhibition";"'='";"75.32";"%";"";"";"";"UO_0000187";"";"";"";"";"0";"CHEMBL964323";"Inhibition of ACE at 400 uM";"B";"BAO_0000357";"single protein format";"None";"None";"None";"None";"None";"";"";"";"CHEMBL1808";"Angiotensin-converting enzyme";"Homo sapiens";"SINGLE PROTEIN";"CHEMBL1159033";"1";"Scientific Literature";"J Nat Prod";"1992";"None";"";"";"";"75.32"
"CHEMBL187265";"";"None";"260.20";"0";"1.77";"4, 1,3,6,7-THX";"O=c1c2cc(O)c(O)cc2oc2cc(O)cc(O)c12";"Ki";"'='";"250200.0";"nM";"";"Outside typical range";"";"UO_0000065";"";"";"";"";"0";"CHEMBL964324";"Inhibition of ACE by Lineweaver-Burke plot";"B";"BAO_0000357";"single protein format";"None";"None";"None";"None";"None";"";"";"";"CHEMBL1808";"Angiotensin-converting enzyme";"Homo sapiens";"SINGLE PROTEIN";"CHEMBL1159033";"1";"Scientific Literature";"J Nat Prod";"1992";"None";"";"";"";"250.2"
"CHEMBL274323";"ASPARTIC ACID";"3.0";"133.10";"0";"-1.13";"L-aspartic acid";"N[C@@H](CC(=O)O)C(=O)O";"IC50";"";"";"";"";"";"";"";"";"";"";"";"0";"CHEMBL3583583";"Inhibition of ACE (unknown origin) using 3-Hydroxybutylyl-Gly-Gly-Gly substrate assessed as reduction in 3-Hyroxybutylic acid generation incubated for 1 hr by colorimetric assay";"B";"BAO_0000357";"single protein format";"Homo sapiens";"None";"None";"None";"None";"";"";"";"CHEMBL1808";"Angiotensin-converting enzyme";"Homo sapiens";"SINGLE PROTEIN";"CHEMBL3580612";"1";"Scientific Literature";"J Nat Prod";"2015";"None";"";"";"Not active";""
"CHEMBL3581908";"";"None";"306.41";"0";"-0.17";"1";"N=C(N)NCCC[C@H](NC(=O)C1CSSC1)C(=O)O";"IC50";"'='";"113000.0";"nM";"";"Outside typical range";"";"UO_0000065";"";"";"";"";"0";"CHEMBL3583583";"Inhibition of ACE (unknown origin) using 3-Hydroxybutylyl-Gly-Gly-Gly substrate assessed as reduction in 3-Hyroxybutylic acid generation incubated for 1 hr by colorimetric assay";"B";"BAO_0000357";"single protein format";"Homo sapiens";"None";"None";"None";"None";"";"";"";"CHEMBL1808";"Angiotensin-converting enzyme";"Homo sapiens";"SINGLE PROTEIN";"CHEMBL3580612";"1";"Scientific Literature";"J Nat Prod";"2015";"None";"";"";"";"113.0"
"CHEMBL330316";"";"None";"425.58";"0";"1.45";"4";"C[C@H](CS)C(=O)N1C[C@@H](NC(=O)NC(CS)Cc2ccccc2)C[C@H]1C(=O)O";"IC50";"'='";"147.0";"nM";"6.83";"";"";"UO_0000065";"16.05";"0.33";"5.38";"6.92";"0";"CHEMBL648286";"In vitro inhibition against angiotensin converting enzyme (ACE)";"B";"BAO_0000357";"single protein format";"None";"None";"None";"None";"None";"";"";"";"CHEMBL1808";"Angiotensin-converting enzyme";"Homo sapiens";"SINGLE PROTEIN";"CHEMBL1152063";"1";"Scientific Literature";"Bioorg Med Chem Lett";"1994";"None";"";"";"";"147.0"
"CHEMBL110444";"";"None";"313.40";"0";"1.74";"4";"O=C(O)C1CSC(c2ccccc2O)N1C(=O)CCS";"IC50";"'='";"65.0";"nM";"7.19";"";"";"UO_0000065";"22.93";"0.49";"5.45";"9.23";"0";"CHEMBL645285";"Inhibition of Angiotensin I converting enzyme";"B";"BAO_0000357";"single protein format";"None";"None";"None";"None";"None";"";"";"";"CHEMBL1808";"Angiotensin-converting enzyme";"Homo sapiens";"SINGLE PROTEIN";"CHEMBL1122964";"1";"Scientific Literature";"J Med Chem";"1985";"None";"";"";"";"6.5E-8"
"CHEMBL328811";"";"None";"489.61";"0";"3.56";"3r";"CCCCCCCC[C@H](N[C@@H](C)C(=O)N1C(=O)N(Cc2ccccc2)C[C@H]1C(=O)O)C(=O)OCC";"IC50";"'='";"2200.0";"nM";"5.66";"";"";"UO_0000065";"11.56";"0.22";"2.10";"4.87";"0";"CHEMBL644735";"Inhibition of Angiotensin I converting enzyme from pig renal cortex, hippuryl-histidyl-leucine as substrate";"B";"BAO_0000019";"assay format";"Sus scrofa";"None";"None";"None";"None";"";"";"";"CHEMBL1808";"Angiotensin-converting enzyme";"Homo sapiens";"SINGLE PROTEIN";"CHEMBL1124381";"1";"Scientific Literature";"J Med Chem";"1989";"None";"";"";"";"0.0000022"
"CHEMBL299889";"";"None";"222.24";"0";"-0.24";"51";"NCC(=O)N[C@@H](Cc1ccccc1)C(=O)O";"IC50";"'='";"602559.59";"nM";"";"Outside typical range";"";"UO_0000065";"";"";"";"";"0";"CHEMBL648337";"Inhibitory activity against angiotensin converting enzyme (ACE)";"F";"BAO_0000019";"assay format";"None";"None";"None";"None";"None";"";"";"";"CHEMBL1808";"Angiotensin-converting enzyme";"Homo sapiens";"SINGLE PROTEIN";"CHEMBL1126767";"1";"Scientific Literature";"J Med Chem";"1993";"None";"";"";"";"3.22"
"CHEMBL577";"ENALAPRILAT ANHYDROUS";"4.0";"348.40";"0";"1.13";"1a";"C[C@H](N[C@@H](CCc1ccccc1)C(=O)O)C(=O)N1CCC[C@H]1C(=O)O";"IC50";"'='";"2.4";"nM";"8.62";"";"";"UO_0000065";"24.74";"0.47";"7.49";"8.06";"0";"CHEMBL648350";"Inhibition of guinea pig angiotensin I converting enzyme";"B";"BAO_0000357";"single protein format";"Cavia porcellus";"None";"None";"None";"None";"";"";"";"CHEMBL1808";"Angiotensin-converting enzyme";"Homo sapiens";"SINGLE PROTEIN";"CHEMBL1123237";"1";"Scientific Literature";"J Med Chem";"1986";"None";"";"";"";"0.0024"
"CHEMBL78805";"";"None";"229.23";"0";"0.17";"64";"C[C@H](CC(=O)O)C(=O)N1CCC[C@H]1C(=O)O";"IC50";"'='";"10232.93";"nM";"4.99";"";"";"UO_0000065";"";"";"";"";"0";"CHEMBL648337";"Inhibitory activity against angiotensin converting enzyme (ACE)";"F";"BAO_0000019";"assay format";"None";"None";"None";"None";"None";"";"";"";"CHEMBL1808";"Angiotensin-converting enzyme";"Homo sapiens";"SINGLE PROTEIN";"CHEMBL1126767";"1";"Scientific Literature";"J Med Chem";"1993";"None";"";"";"";"4.99"
"CHEMBL289022";"";"None";"486.57";"0";"3.13";"SQ-29852_2U";"CS[C@@H]1C[C@@H](C(=O)O)N(C(=O)[C@H](CCCCN)OP(=O)(O)CCCCc2ccccc2)C1";"IC50";"'='";"0.5248";"nM";"9.28";"";"";"UO_0000065";"";"";"";"";"0";"CHEMBL648337";"Inhibitory activity against angiotensin converting enzyme (ACE)";"F";"BAO_0000019";"assay format";"None";"None";"None";"None";"None";"";"";"";"CHEMBL1808";"Angiotensin-converting enzyme";"Homo sapiens";"SINGLE PROTEIN";"CHEMBL1126767";"1";"Scientific Literature";"J Med Chem";"1993";"None";"";"";"";"9.28"
"CHEMBL78489";"";"None";"306.39";"0";"1.85";"THIOL_30B";"CC(CS)C(=O)N[C@@H](Cc1c[nH]c2ccccc12)C(=O)O";"IC50";"'='";"33113.11";"nM";"4.48";"";"";"UO_0000065";"";"";"";"";"0";"CHEMBL648337";"Inhibitory activity against angiotensin converting enzyme (ACE)";"F";"BAO_0000019";"assay format";"None";"None";"None";"None";"None";"";"";"";"CHEMBL1808";"Angiotensin-converting enzyme";"Homo sapiens";"SINGLE PROTEIN";"CHEMBL1126767";"1";"Scientific Literature";"J Med Chem";"1993";"None";"";"";"";"4.48"
"CHEMBL285008";"";"None";"379.48";"0";"2.71";"10c";"CC(SC(CCc1ccccc1)C(=O)O)C(=O)NC1(C(=O)O)CCCC1";"IC50";"";"";"nM";"";"";"No significant activity";"UO_0000065";"";"";"";"";"0";"CHEMBL884035";"In vitro inhibitory activity against Angiotensin I converting enzyme from unpurified guinea pig serum; No significant activity";"B";"BAO_0000357";"single protein format";"Cavia porcellus";"None";"None";"None";"None";"";"";"";"CHEMBL1808";"Angiotensin-converting enzyme";"Homo sapiens";"SINGLE PROTEIN";"CHEMBL1123106";"1";"Scientific Literature";"J Med Chem";"1985";"None";"";"";"";""
"CHEMBL303352";"";"None";"206.26";"0";"1.26";"4d";"O=C(O)CCC(CCCS)C(=O)O";"Selectivity";"";"";"";"";"";"";"";"";"";"";"";"0";"CHEMBL847494";"Selectivity for zinc metalloprotease over angiotensin converting enzyme(ACE) for >=50% stimulation";"B";"BAO_0000357";"single protein format";"None";"None";"None";"None";"None";"";"";"";"CHEMBL1808";"Angiotensin-converting enzyme";"Homo sapiens";"SINGLE PROTEIN";"CHEMBL1145039";"1";"Scientific Literature";"J Med Chem";"2003";"None";"";"";"";""
"CHEMBL80657";"";"None";"267.35";"0";"1.46";"39";"CN(C(=O)CCS)[C@@H](Cc1ccccc1)C(=O)O";"IC50";"'='";"30902.95";"nM";"4.51";"";"";"UO_0000065";"";"";"";"";"0";"CHEMBL648337";"Inhibitory activity against angiotensin converting enzyme (ACE)";"F";"BAO_0000019";"assay format";"None";"None";"None";"None";"None";"";"";"";"CHEMBL1808";"Angiotensin-converting enzyme";"Homo sapiens";"SINGLE PROTEIN";"CHEMBL1126767";"1";"Scientific Literature";"J Med Chem";"1993";"None";"";"";"";"4.51"
"CHEMBL5220968";"";"None";"428.32";"0";"3.32";"MLN-4760-S/R";"CC(C)CC(N[C@@H](Cc1cncn1Cc1cc(Cl)cc(Cl)c1)C(=O)O)C(=O)O";"Imax";"'='";"48.0";"%";"";"";"";"UO_0000187";"";"";"";"";"0";"CHEMBL5216073";"Inhibition of recombinant human ACE assessed as maximum inhibition using Mca-RPGFSAFK (Dnp)-OH as substrate by fluorescence plate reader assay relative to control";"B";"BAO_0000357";"single protein format";"Homo sapiens";"None";"None";"None";"None";"";"";"";"CHEMBL1808";"Angiotensin-converting enzyme";"Homo sapiens";"SINGLE PROTEIN";"CHEMBL5214916";"1";"Scientific Literature";"Bioorg Med Chem";"2021";"None";"";"INHIBITOR";"";"48.0"
"CHEMBL429844";"ORE-1001";"1.0";"428.32";"0";"3.32";"MLN-4760-S";"CC(C)C[C@H](N[C@@H](Cc1cncn1Cc1cc(Cl)cc(Cl)c1)C(=O)O)C(=O)O";"IC50";"'='";"10000.0";"nM";"5.00";"";"";"UO_0000065";"11.67";"0.24";"1.68";"4.79";"0";"CHEMBL5216075";"Inhibition of recombinant human ACE using Mca-RPGFSAFK (Dnp)- OH as substrate by fluorescence plate reader assay";"B";"BAO_0000357";"single protein format";"Homo sapiens";"None";"None";"None";"None";"";"";"";"CHEMBL1808";"Angiotensin-converting enzyme";"Homo sapiens";"SINGLE PROTEIN";"CHEMBL5214916";"1";"Scientific Literature";"Bioorg Med Chem";"2021";"None";"";"INHIBITOR";"";"5.0"
"CHEMBL79212";"";"None";"287.32";"0";"-1.16";"101";"C[C@H](NC(CCN)C(=O)O)C(=O)N1CCC[C@H]1C(=O)O";"IC50";"'='";"323.59";"nM";"6.49";"";"";"UO_0000065";"";"";"";"";"0";"CHEMBL648337";"Inhibitory activity against angiotensin converting enzyme (ACE)";"F";"BAO_0000019";"assay format";"None";"None";"None";"None";"None";"";"";"";"CHEMBL1808";"Angiotensin-converting enzyme";"Homo sapiens";"SINGLE PROTEIN";"CHEMBL1126767";"1";"Scientific Literature";"J Med Chem";"1993";"None";"";"";"";"6.49"
"CHEMBL4746566";"";"None";"382.85";"0";"4.89";"37";"CC(C)(Oc1ccc(-c2cnc(N)c(-c3ccc(Cl)cc3)c2)cc1)C(=O)O";"Inhibition";"'>'";"50.0";"%";"";"";"";"UO_0000187";"";"";"";"";"0";"CHEMBL4681975";"Inhibition of Angiotensin-converting enzyme (unknown origin) at 10 uM relative to control";"B";"BAO_0000357";"single protein format";"Homo sapiens";"None";"None";"None";"None";"";"";"";"CHEMBL1808";"Angiotensin-converting enzyme";"Homo sapiens";"SINGLE PROTEIN";"CHEMBL4680107";"1";"Scientific Literature";"J Med Chem";"2018";"None";"Dose = 10.0 microM";"INHIBITOR";"";"50.0"
"CHEMBL281394";"";"None";"425.42";"0";"1.22";"18";"CSCCC(NC(Cc1ccccc1)NP(=O)([O-])CNC(C)=O)C(=O)O.[Na+]";"Ratio";"'='";"24.3";"";"";"";"";"";"";"";"";"";"0";"CHEMBL848248";"Ratio of Ki (ACE) to that of Ki (enkephalinase).";"B";"BAO_0000357";"single protein format";"None";"None";"None";"None";"None";"";"";"";"CHEMBL1808";"Angiotensin-converting enzyme";"Homo sapiens";"SINGLE PROTEIN";"CHEMBL1123029";"1";"Scientific Literature";"J Med Chem";"1985";"None";"";"";"";"24.3"
"CHEMBL329801";"";"None";"556.69";"2";"1.94";"7";"C[C@H](N[C@@H](CCc1ccccc1)C(=O)O)C(=O)N1C[C@@H](NC(=O)NC(CS)Cc2ccccc2)C[C@H]1C(=O)O";"IC50";"'='";"43.0";"nM";"7.37";"";"";"UO_0000065";"13.23";"0.26";"5.43";"4.98";"0";"CHEMBL648286";"In vitro inhibition against angiotensin converting enzyme (ACE)";"B";"BAO_0000357";"single protein format";"None";"None";"None";"None";"None";"";"";"";"CHEMBL1808";"Angiotensin-converting enzyme";"Homo sapiens";"SINGLE PROTEIN";"CHEMBL1152063";"1";"Scientific Literature";"Bioorg Med Chem Lett";"1994";"None";"";"";"";"43.0"
"CHEMBL3350294";"";"None";"362.43";"0";"1.52";"37R,R";"O=C(O)CN1CCCCC[C@@H](N[C@H](CCc2ccccc2)C(=O)O)C1=O";"IC50";"'='";"92.0";"nM";"7.04";"";"";"UO_0000065";"19.41";"0.37";"5.52";"6.58";"0";"CHEMBL644704";"Inhibitory concentration (isomer B) against Angiotensin I converting enzyme";"B";"BAO_0000357";"single protein format";"None";"None";"None";"None";"None";"";"";"";"CHEMBL1808";"Angiotensin-converting enzyme";"Homo sapiens";"SINGLE PROTEIN";"CHEMBL1123398";"1";"Scientific Literature";"J Med Chem";"1986";"None";"";"";"";"9.2E-8"
"CHEMBL269671";"ARTEMISININ";"3.0";"282.34";"0";"2.39";"Arteannuin";"C[C@@H]1CC[C@H]2[C@@H](C)C(=O)O[C@@H]3O[C@@]4(C)CC[C@@H]1[C@]32OO4";"Inhibition";"'='";"17.05";"%";"";"";"";"UO_0000187";"";"";"";"";"0";"CHEMBL4057853";"Inhibition of recombinant human ACE at 100 uM using Mca-R-P-PG-F-S-A-F-K(Dnp)-OH as substrate measured every 2 mins for 8 mins by fluorescence assay";"B";"BAO_0000357";"single protein format";"Homo sapiens";"None";"None";"None";"None";"";"";"";"CHEMBL1808";"Angiotensin-converting enzyme";"Homo sapiens";"SINGLE PROTEIN";"CHEMBL4052767";"1";"Scientific Literature";"Bioorg Med Chem Lett";"2017";"None";"";"";"";"17.05"
"CHEMBL139702";"LICOAGROCHACONE A";"None";"338.40";"0";"4.47";"Licochalcone A";"C=CC(C)(C)c1cc(/C=C/C(=O)c2ccc(O)cc2)c(OC)cc1O";"Inhibition";"'='";"110.83";"%";"";"";"";"UO_0000187";"";"";"";"";"0";"CHEMBL4057853";"Inhibition of recombinant human ACE at 100 uM using Mca-R-P-PG-F-S-A-F-K(Dnp)-OH as substrate measured every 2 mins for 8 mins by fluorescence assay";"B";"BAO_0000357";"single protein format";"Homo sapiens";"None";"None";"None";"None";"";"";"";"CHEMBL1808";"Angiotensin-converting enzyme";"Homo sapiens";"SINGLE PROTEIN";"CHEMBL4052767";"1";"Scientific Literature";"Bioorg Med Chem Lett";"2017";"None";"";"";"";"110.83"
"CHEMBL263501";"";"None";"285.37";"0";"1.91";"8d";"CCCCC(CC(=O)NO)S(=O)(=O)c1ccccc1";"IC50";"'='";"81000.0";"nM";"4.09";"";"";"UO_0000065";"14.34";"0.29";"2.18";"4.90";"0";"CHEMBL648688";"Inhibitory activity against angiotensin I converting enzyme (ACE)";"B";"BAO_0000357";"single protein format";"None";"None";"None";"None";"None";"";"";"";"CHEMBL1808";"Angiotensin-converting enzyme";"Homo sapiens";"SINGLE PROTEIN";"CHEMBL1133694";"1";"Scientific Literature";"J Med Chem";"2000";"None";"";"";"";"81.0"
"CHEMBL10690";"";"None";"458.45";"0";"2.50";"2";"O=C(NC(Cc1ccccc1)C(=O)CCC(=O)N1CCCC1P(=O)(O)O)c1ccccc1";"IC50";"'='";"100000.0";"nM";"4.00";"";"";"UO_0000065";"8.73";"0.17";"1.50";"3.23";"0";"CHEMBL644578";"Inhibitory activity against porcine plasma Angiotensin I converting enzyme";"B";"BAO_0000366";"cell-free format";"Sus scrofa";"CHEMBL3559721";"Plasma";"None";"None";"";"";"";"CHEMBL1808";"Angiotensin-converting enzyme";"Homo sapiens";"SINGLE PROTEIN";"CHEMBL1122915";"1";"Scientific Literature";"J Med Chem";"1985";"None";"";"";"";"100.0"
"CHEMBL578";"ENALAPRIL";"4.0";"376.45";"0";"1.60";"2";"CCOC(=O)[C@H](CCc1ccccc1)N[C@@H](C)C(=O)N1CCC[C@H]1C(=O)O";"IC50";"'='";"4.5";"nM";"8.35";"";"";"UO_0000065";"22.17";"0.42";"6.75";"8.70";"0";"CHEMBL644701";"In vitro inhibitory activity against Angiotensin I converting enzyme";"B";"BAO_0000357";"single protein format";"None";"None";"None";"None";"None";"";"";"";"CHEMBL1808";"Angiotensin-converting enzyme";"Homo sapiens";"SINGLE PROTEIN";"CHEMBL1122836";"1";"Scientific Literature";"J Med Chem";"1985";"None";"";"";"";"4.5"
"CHEMBL90074";"";"None";"218.21";"0";"-1.23";"EA";"C[C@H](NC(=O)[C@@H](N)CCC(=O)O)C(=O)O";"IC50";"'='";"10000000.0";"nM";"";"Outside typical range";"";"UO_0000065";"";"";"";"";"0";"CHEMBL858254";"Biological activity was measured against Angiotensin I converting enzyme";"B";"BAO_0000357";"single protein format";"None";"None";"None";"None";"None";"";"";"";"CHEMBL1808";"Angiotensin-converting enzyme";"Homo sapiens";"SINGLE PROTEIN";"CHEMBL1128468";"1";"Scientific Literature";"J Med Chem";"1995";"None";"";"";"";"2.0"
"CHEMBL90610";"";"None";"162.15";"0";"-2.49";"SG";"N[C@@H](CO)C(=O)NCC(=O)O";"IC50";"'='";"8511380.38";"nM";"";"Outside typical range";"";"UO_0000065";"";"";"";"";"0";"CHEMBL858254";"Biological activity was measured against Angiotensin I converting enzyme";"B";"BAO_0000357";"single protein format";"None";"None";"None";"None";"None";"";"";"";"CHEMBL1808";"Angiotensin-converting enzyme";"Homo sapiens";"SINGLE PROTEIN";"CHEMBL1128468";"1";"Scientific Literature";"J Med Chem";"1995";"None";"";"";"";"2.07"
"CHEMBL205314";"";"None";"443.55";"0";"1.12";"2";"NCCCC[C@H](NC(=O)C[C@@H](N)Cc1c[nH]c2ccccc12)C(=O)N1CCC[C@H]1C(=O)O";"Activity";"'='";"9.4";"mU/ml";"";"";"";"";"";"";"";"";"0";"CHEMBL861822";"Activity against ACE in bovine kidney";"B";"BAO_0000221";"tissue-based format";"Bos taurus";"CHEMBL3638241";"Kidney";"None";"None";"";"";"";"CHEMBL1808";"Angiotensin-converting enzyme";"Homo sapiens";"SINGLE PROTEIN";"CHEMBL1146940";"1";"Scientific Literature";"Bioorg Med Chem Lett";"2006";"None";"";"";"";"9.4"
"CHEMBL205336";"";"None";"396.51";"0";"0.31";"4";"NCCCC[C@H](NC(=O)[C@@H](N)Cc1ccsc1)C(=O)N1CCC[C@H]1C(=O)O";"Inhibition";"'='";"13.33";"%";"";"";"";"UO_0000187";"";"";"";"";"0";"CHEMBL861823";"Inhibition of ACE in bovine kidney";"B";"BAO_0000221";"tissue-based format";"Bos taurus";"CHEMBL3638241";"Kidney";"None";"None";"";"";"";"CHEMBL1808";"Angiotensin-converting enzyme";"Homo sapiens";"SINGLE PROTEIN";"CHEMBL1146940";"1";"Scientific Literature";"Bioorg Med Chem Lett";"2006";"None";"";"";"";"13.33"
"CHEMBL107695";"";"None";"396.44";"0";"1.70";"11c";"O=C(O)CN1Cc2ccccc2CC(N[C@H](CCc2ccccc2)C(=O)O)C1=O";"Ki";"'='";"10.0";"nM";"8.00";"";"";"UO_0000065";"20.18";"0.38";"6.30";"7.48";"0";"CHEMBL648284";"Inhibitory constant angiotensin converting enzyme";"B";"BAO_0000357";"single protein format";"None";"None";"None";"None";"None";"";"";"";"CHEMBL1808";"Angiotensin-converting enzyme";"Homo sapiens";"SINGLE PROTEIN";"CHEMBL1125853";"1";"Scientific Literature";"Bioorg Med Chem Lett";"1991";"None";"";"";"";"1E-8"
"CHEMBL1907753";"";"None";"425.50";"0";"1.43";"13";"CCOC(=O)C(CCc1ccccc1)S(=O)(=O)C(C)C(=O)N1CCC[C@H]1C(=O)O";"IC50";"";"";"nM";"";"";"No significant activity";"UO_0000065";"";"";"";"";"0";"CHEMBL884035";"In vitro inhibitory activity against Angiotensin I converting enzyme from unpurified guinea pig serum; No significant activity";"B";"BAO_0000357";"single protein format";"Cavia porcellus";"None";"None";"None";"None";"";"";"";"CHEMBL1808";"Angiotensin-converting enzyme";"Homo sapiens";"SINGLE PROTEIN";"CHEMBL1123106";"1";"Scientific Literature";"J Med Chem";"1985";"None";"";"";"";""
"CHEMBL408983";"TEPROTIDE";"2.0";"1101.28";"None";"None";"SQ-20881";"CC[C@H](C)[C@H](NC(=O)[C@H](CCC(N)=O)NC(=O)[C@@H]1CCCN1C(=O)[C@H](CCCNC(=N)N)NC(=O)[C@@H]1CCCN1C(=O)[C@H](Cc1c[nH]c2ccccc12)NC(=O)[C@@H]1CCC(=O)N1)C(=O)N1CCC[C@H]1C(=O)N1CCC[C@H]1C(=O)O";"IC50";"'='";"220.0";"nM";"6.66";"";"";"UO_0000065";"6.05";"None";"None";"None";"0";"CHEMBL644576";"Compound is evaluated for the inhibition of porcine plasma Angiotensin I converting enzyme";"B";"BAO_0000366";"cell-free format";"Sus scrofa";"CHEMBL3559721";"Plasma";"None";"None";"";"";"";"CHEMBL1808";"Angiotensin-converting enzyme";"Homo sapiens";"SINGLE PROTEIN";"CHEMBL1121370";"1";"Scientific Literature";"J Med Chem";"1980";"None";"";"";"";"0.22"
"CHEMBL27560";"";"None";"319.36";"0";"-0.25";"11";"N[C@@H](Cc1ccccc1)C(=O)NCC(=O)N1CCC[C@H]1C(=O)O";"IC50";"'='";"20000.0";"nM";"4.70";"";"";"UO_0000065";"14.71";"0.28";"4.95";"4.17";"0";"CHEMBL644576";"Compound is evaluated for the inhibition of porcine plasma Angiotensin I converting enzyme";"B";"BAO_0000366";"cell-free format";"Sus scrofa";"CHEMBL3559721";"Plasma";"None";"None";"";"";"";"CHEMBL1808";"Angiotensin-converting enzyme";"Homo sapiens";"SINGLE PROTEIN";"CHEMBL1121370";"1";"Scientific Literature";"J Med Chem";"1980";"None";"";"";"";"20.0"
"CHEMBL398545";"";"None";"371.50";"0";"3.81";"1h";"CC[C@@H](C)[C@H](S)C(=O)N[C@@H](Cc1ccccc1-c1ccccc1)C(=O)O";"Ki";"'='";"20000.0";"nM";"4.70";"";"";"UO_0000065";"12.65";"0.25";"0.89";"7.08";"0";"CHEMBL928316";"Inhibition of human recombinant ACE by fluorescence assay";"B";"BAO_0000357";"single protein format";"Homo sapiens";"None";"None";"None";"None";"";"";"";"CHEMBL1808";"Angiotensin-converting enzyme";"Homo sapiens";"SINGLE PROTEIN";"CHEMBL1141500";"1";"Scientific Literature";"Bioorg Med Chem Lett";"2008";"None";"";"";"";"20000.0"
"CHEMBL400527";"";"None";"345.46";"0";"3.30";"1f";"CC[C@@H](C)[C@H](S)C(=O)N[C@@H](Cc1cccc2ccccc12)C(=O)O";"Ki";"'='";"1800.0";"nM";"5.75";"";"";"UO_0000065";"16.63";"0.33";"2.44";"8.65";"0";"CHEMBL928316";"Inhibition of human recombinant ACE by fluorescence assay";"B";"BAO_0000357";"single protein format";"Homo sapiens";"None";"None";"None";"None";"";"";"";"CHEMBL1808";"Angiotensin-converting enzyme";"Homo sapiens";"SINGLE PROTEIN";"CHEMBL1141500";"1";"Scientific Literature";"Bioorg Med Chem Lett";"2008";"None";"";"";"";"1800.0"
"CHEMBL291381";"";"None";"230.22";"0";"-0.65";"14";"O=C(CCC(=O)N1CCCC1C(=O)O)NO";"IC50";"'='";"50000.0";"nM";"4.30";"";"";"UO_0000065";"18.68";"0.37";"4.95";"4.02";"0";"CHEMBL648529";"Inhibition of Angiotensin I converting enzyme";"B";"BAO_0000357";"single protein format";"None";"None";"None";"None";"None";"";"";"";"CHEMBL1808";"Angiotensin-converting enzyme";"Homo sapiens";"SINGLE PROTEIN";"CHEMBL1126739";"1";"Scientific Literature";"J Med Chem";"1993";"None";"";"";"";"50.0"
"CHEMBL2112767";"";"None";"377.40";"0";"-0.08";"20S";"C[C@H](N[C@@H](CNC(=O)c1ccccc1)C(=O)O)C(=O)N1CCC[C@H]1C(=O)O";"IC50";"'='";"17.0";"nM";"7.77";"";"";"UO_0000065";"20.59";"0.39";"7.85";"5.71";"0";"CHEMBL645287";"In vitro inhibitory activity against Angiotensin I converting enzyme";"B";"BAO_0000357";"single protein format";"None";"None";"None";"None";"None";"";"";"";"CHEMBL1808";"Angiotensin-converting enzyme";"Homo sapiens";"SINGLE PROTEIN";"CHEMBL1122972";"1";"Scientific Literature";"J Med Chem";"1985";"None";"";"";"";"17.0"
"CHEMBL109178";"";"None";"488.48";"0";"3.04";"27d";"CC(OP(=O)(O)C(CCc1ccccc1)NC(=O)c1ccccc1)C(=O)N1CCCC1C(=O)O";"IC50";"'='";"39.81";"nM";"7.40";"";"";"UO_0000065";"15.15";"0.30";"4.36";"5.55";"0";"CHEMBL646945";"Inhibition of angiotensin I converting enzyme in silico";"B";"BAO_0000357";"single protein format";"None";"None";"None";"None";"None";"";"";"";"CHEMBL1808";"Angiotensin-converting enzyme";"Homo sapiens";"SINGLE PROTEIN";"CHEMBL1130169";"1";"Scientific Literature";"J Med Chem";"1997";"None";"";"";"";"7.4"
"CHEMBL328471";"";"None";"245.28";"0";"-2.04";"RA";"C[C@H](NC(=O)[C@@H](N)CCCN=C(N)N)C(=O)O";"IC50";"'='";"457088.19";"nM";"";"Outside typical range";"";"UO_0000065";"";"";"";"";"0";"CHEMBL858254";"Biological activity was measured against Angiotensin I converting enzyme";"B";"BAO_0000357";"single protein format";"None";"None";"None";"None";"None";"";"";"";"CHEMBL1808";"Angiotensin-converting enzyme";"Homo sapiens";"SINGLE PROTEIN";"CHEMBL1128468";"1";"Scientific Literature";"J Med Chem";"1995";"None";"";"";"";"3.34"
"CHEMBL10247";"THIORPHAN";"-1.0";"253.32";"0";"0.98";"Thiorphan";"O=C(O)CNC(=O)C(CS)Cc1ccccc1";"IC50";"'='";"140.0";"nM";"6.85";"";"";"UO_0000065";"27.06";"0.55";"5.87";"10.32";"0";"CHEMBL648692";"Inhibitory concentration was evaluated by Inhibiting 50% of Angiotensin I converting enzyme activity using 50 uM N-Cbz-Phe-His-Leu as substrate";"B";"BAO_0000357";"single protein format";"None";"None";"None";"None";"None";"";"";"";"CHEMBL1808";"Angiotensin-converting enzyme";"Homo sapiens";"SINGLE PROTEIN";"CHEMBL1126948";"1";"Scientific Literature";"J Med Chem";"1993";"None";"";"";"";"0.14"
"CHEMBL477922";"";"None";"428.35";"0";"2.65";"1-tetraacetate";"CC(=O)Oc1cc2oc3c(OC(C)=O)c(OC(C)=O)ccc3c(=O)c2cc1OC(C)=O";"Inhibition";"'<'";"9.82";"%";"";"";"";"UO_0000187";"";"";"";"";"0";"CHEMBL964321";"Inhibition of ACE at 100 uM";"B";"BAO_0000357";"single protein format";"None";"None";"None";"None";"None";"";"";"";"CHEMBL1808";"Angiotensin-converting enzyme";"Homo sapiens";"SINGLE PROTEIN";"CHEMBL1159033";"1";"Scientific Literature";"J Nat Prod";"1992";"None";"";"";"";"9.82"
"CHEMBL570953";"";"None";"711.71";"2";"5.78";"8F2";"O=C(N[C@@H](Cc1ccccc1)P(=O)(O)C[C@H](Cc1cc(-c2ccccc2)no1)C(=O)N[C@@H](Cc1ccc(O)cc1)C(=O)O)OCc1ccccc1";"Ki";"'='";"20.0";"nM";"7.70";"";"";"UO_0000065";"10.82";"0.21";"1.92";"4.09";"0";"CHEMBL1045253";"Inhibition of human somatic ACE in presence of 1:100 diluted SHR rat plasma complemented with 5 uM serum albumin";"B";"BAO_0000366";"cell-free format";"Homo sapiens";"CHEMBL3559721";"Plasma";"None";"None";"";"";"";"CHEMBL1808";"Angiotensin-converting enzyme";"Homo sapiens";"SINGLE PROTEIN";"CHEMBL1156752";"1";"Scientific Literature";"J Med Chem";"2010";"None";"";"";"";"20.0"
"CHEMBL571716";"";"None";"617.64";"2";"5.21";"21, RXPA380";"O=C(N[C@@H](Cc1ccccc1)P(=O)(O)[C@@H]1CCC[C@H]1C(=O)N[C@@H](Cc1c[nH]c2ccccc12)C(=O)O)OCc1ccccc1";"Ki";"'='";"2500.0";"nM";"5.60";"";"";"UO_0000065";"9.07";"0.17";"0.39";"3.55";"0";"CHEMBL1045257";"Inhibition of human somatic ACE N-terminal domain";"B";"BAO_0000357";"single protein format";"Homo sapiens";"None";"None";"None";"None";"";"";"";"CHEMBL1808";"Angiotensin-converting enzyme";"Homo sapiens";"SINGLE PROTEIN";"CHEMBL1156752";"1";"Scientific Literature";"J Med Chem";"2010";"None";"";"";"";"2500.0"
"CHEMBL477921";"";"None";"260.20";"0";"1.77";"3, 3,4,5,6-THX";"O=c1c2ccc(O)c(O)c2oc2c(O)c(O)ccc12";"Ki";"'='";"126000.0";"nM";"";"Outside typical range";"";"UO_0000065";"";"";"";"";"0";"CHEMBL964324";"Inhibition of ACE by Lineweaver-Burke plot";"B";"BAO_0000357";"single protein format";"None";"None";"None";"None";"None";"";"";"";"CHEMBL1808";"Angiotensin-converting enzyme";"Homo sapiens";"SINGLE PROTEIN";"CHEMBL1159033";"1";"Scientific Literature";"J Nat Prod";"1992";"None";"";"";"";"126.0"
"CHEMBL51438";"";"None";"426.54";"0";"2.71";"3j";"O=C(O)CCN1C(=O)[C@@H](NC(=O)[C@@H](CS)Cc2ccccc2)CCc2ccccc21";"IC50";"'='";"36.0";"nM";"7.44";"";"";"UO_0000065";"17.45";"0.34";"4.73";"8.58";"0";"CHEMBL648282";"Tested in vitro for inhibition of Angiotensin converting enzyme (ACE)";"B";"BAO_0000357";"single protein format";"None";"None";"None";"None";"None";"";"";"";"CHEMBL1808";"Angiotensin-converting enzyme";"Homo sapiens";"SINGLE PROTEIN";"CHEMBL1127937";"1";"Scientific Literature";"Bioorg Med Chem Lett";"1994";"None";"";"";"";"36.0"
"CHEMBL331378";"ZOFENOPRIL";"2.0";"429.56";"0";"4.04";"117 (zofenopril)";"C[C@H](CSC(=O)c1ccccc1)C(=O)N1C[C@@H](Sc2ccccc2)C[C@H]1C(=O)O";"IC50";"'='";"0.4";"nM";"9.40";"";"";"UO_0000065";"21.88";"0.44";"5.36";"12.58";"0";"CHEMBL648689";"Inhibitory activity against angiotensin I converting enzyme (ACE)";"B";"BAO_0000357";"single protein format";"None";"None";"None";"None";"None";"";"";"";"CHEMBL1808";"Angiotensin-converting enzyme";"Homo sapiens";"SINGLE PROTEIN";"CHEMBL1133572";"1";"Scientific Literature";"J Med Chem";"2000";"None";"";"";"";"0.4"
"CHEMBL314706";"";"None";"334.37";"0";"0.74";"35";"O=C(O)CN1CCCC(NC(CCc2ccccc2)C(=O)O)C1=O";"IC50";"'='";"430.0";"nM";"6.37";"";"";"UO_0000065";"19.04";"0.36";"5.63";"5.95";"0";"CHEMBL644703";"Inhibitory concentration (isomer A) against Angiotensin I converting enzyme";"B";"BAO_0000357";"single protein format";"None";"None";"None";"None";"None";"";"";"";"CHEMBL1808";"Angiotensin-converting enzyme";"Homo sapiens";"SINGLE PROTEIN";"CHEMBL1123398";"1";"Scientific Literature";"J Med Chem";"1986";"None";"";"";"";"4.3E-7"
"CHEMBL416339";"";"None";"259.33";"0";"0.98";"13";"CC(=O)SCC1CCCN(C(C)C(=O)O)C1=O";"IC50";"'='";"35000.0";"nM";"4.46";"";"";"UO_0000065";"17.18";"0.36";"3.48";"5.97";"0";"CHEMBL648347";"Concentration required for 50% inhibition of Angiotensin I converting enzyme";"B";"BAO_0000224";"protein format";"Cavia porcellus";"None";"None";"None";"None";"";"";"";"CHEMBL1808";"Angiotensin-converting enzyme";"Homo sapiens";"SINGLE PROTEIN";"CHEMBL1121705";"1";"Scientific Literature";"J Med Chem";"1981";"None";"";"";"";"0.000035"
"CHEMBL55583";"";"None";"429.58";"0";"4.10";"23";"CCC(C)C(CC(S)Cc1ccccc1)C(=O)NC(Cc1ccc(O)cc1)C(=O)O";"IC50";"'='";"800.0";"nM";"6.10";"";"";"UO_0000065";"14.19";"0.28";"2.00";"7.04";"0";"CHEMBL646968";"Tested for inhibitory potency against Angiotensin I Converting Enzyme";"B";"BAO_0000357";"single protein format";"None";"None";"None";"None";"None";"";"";"";"CHEMBL1808";"Angiotensin-converting enzyme";"Homo sapiens";"SINGLE PROTEIN";"CHEMBL1127546";"1";"Scientific Literature";"J Med Chem";"1994";"None";"";"";"";"0.8"
"CHEMBL12006";"";"None";"321.40";"0";"2.33";"15";"CC(=O)SCC1CCCN(C(C(=O)O)c2ccccc2)C1=O";"IC50";"'='";"19000.0";"nM";"4.72";"";"";"UO_0000065";"14.69";"0.29";"2.39";"6.32";"0";"CHEMBL648347";"Concentration required for 50% inhibition of Angiotensin I converting enzyme";"B";"BAO_0000224";"protein format";"Cavia porcellus";"None";"None";"None";"None";"";"";"";"CHEMBL1808";"Angiotensin-converting enzyme";"Homo sapiens";"SINGLE PROTEIN";"CHEMBL1121705";"1";"Scientific Literature";"J Med Chem";"1981";"None";"";"";"";"0.000019"
"CHEMBL2092878";"";"None";"285.37";"0";"1.91";"(S)-8d";"CCCC[C@@H](CC(=O)NO)S(=O)(=O)c1ccccc1";"IC50";"'>'";"100000.0";"nM";"";"";"";"UO_0000065";"";"";"";"";"0";"CHEMBL648688";"Inhibitory activity against angiotensin I converting enzyme (ACE)";"B";"BAO_0000357";"single protein format";"None";"None";"None";"None";"None";"";"";"";"CHEMBL1808";"Angiotensin-converting enzyme";"Homo sapiens";"SINGLE PROTEIN";"CHEMBL1133694";"1";"Scientific Literature";"J Med Chem";"2000";"None";"";"";"";"100.0"
"CHEMBL214268";"PHA-543613";"1.0";"271.32";"0";"1.65";"14, PHA-543613";"O=C(N[C@H]1CN2CCC1CC2)c1cc2ccoc2cn1";"Inhibition";"'<'";"10.0";"%";"";"";"";"UO_0000187";"";"";"";"";"0";"CHEMBL854450";"Inhibition of ACE at 1 uM";"B";"BAO_0000357";"single protein format";"Homo sapiens";"None";"None";"None";"None";"";"";"";"CHEMBL1808";"Angiotensin-converting enzyme";"Homo sapiens";"SINGLE PROTEIN";"CHEMBL1138064";"1";"Scientific Literature";"J Med Chem";"2006";"None";"";"";"";"10.0"
"CHEMBL386032";"";"None";"418.49";"0";"2.55";"18";"CC(C)(C)OC(=O)N[C@@H](Cc1ccccc1)C(=O)CCC(=O)N1CCC[C@H]1C(=O)O";"Ki";"'='";"33600.0";"nM";"4.47";"";"";"UO_0000065";"10.69";"0.20";"1.92";"3.96";"0";"CHEMBL869865";"Inhibition of recombinant ACE N domain";"B";"BAO_0000357";"single protein format";"Homo sapiens";"None";"None";"None";"None";"";"";"";"CHEMBL1808";"Angiotensin-converting enzyme";"Homo sapiens";"SINGLE PROTEIN";"CHEMBL1149521";"1";"Scientific Literature";"Bioorg Med Chem Lett";"2006";"None";"";"";"";"33.6"
"CHEMBL212710";"";"None";"494.59";"1";"2.45";"5a";"NCCCC[C@H](N[C@@H](CCc1ccccc1)C(=O)O)C(=O)N[C@@H](Cc1c[nH]c2ccccc12)C(=O)O";"Ki";"'='";"7000.0";"nM";"5.16";"";"";"UO_0000065";"10.42";"0.20";"2.70";"3.27";"0";"CHEMBL866171";"Inhibition of testis ACE C domain";"B";"BAO_0000357";"single protein format";"Homo sapiens";"None";"None";"None";"None";"";"";"";"CHEMBL1808";"Angiotensin-converting enzyme";"Homo sapiens";"SINGLE PROTEIN";"CHEMBL1149517";"1";"Scientific Literature";"Bioorg Med Chem Lett";"2006";"None";"";"";"";"7.0"
"CHEMBL284898";"";"None";"431.53";"0";"3.20";"7b";"CCOC(=O)C(CCc1ccccc1)OC(C)C(=O)N1C(C(=O)O)CC2CCCCC21";"IC50";"'='";"24.0";"nM";"7.62";"";"";"UO_0000065";"17.66";"0.34";"4.42";"8.18";"0";"CHEMBL648701";"In vitro inhibitory activity against Angiotensin I converting enzyme from unpurified guinea pig serum";"B";"BAO_0000357";"single protein format";"Cavia porcellus";"None";"None";"None";"None";"";"";"";"CHEMBL1808";"Angiotensin-converting enzyme";"Homo sapiens";"SINGLE PROTEIN";"CHEMBL1123106";"1";"Scientific Literature";"J Med Chem";"1985";"None";"";"";"";"2.4E-8"
"CHEMBL448040";"";"None";"260.20";"0";"1.77";"2, 1,3,5,6-THX";"O=c1c2ccc(O)c(O)c2oc2cc(O)cc(O)c12";"Inhibition";"'='";"56.4";"%";"";"";"";"UO_0000187";"";"";"";"";"0";"CHEMBL964321";"Inhibition of ACE at 100 uM";"B";"BAO_0000357";"single protein format";"None";"None";"None";"None";"None";"";"";"";"CHEMBL1808";"Angiotensin-converting enzyme";"Homo sapiens";"SINGLE PROTEIN";"CHEMBL1159033";"1";"Scientific Literature";"J Nat Prod";"1992";"None";"";"";"";"56.4"
"CHEMBL477921";"";"None";"260.20";"0";"1.77";"3, 3,4,5,6-THX";"O=c1c2ccc(O)c(O)c2oc2c(O)c(O)ccc12";"Inhibition";"'='";"55.47";"%";"";"";"";"UO_0000187";"";"";"";"";"0";"CHEMBL964323";"Inhibition of ACE at 400 uM";"B";"BAO_0000357";"single protein format";"None";"None";"None";"None";"None";"";"";"";"CHEMBL1808";"Angiotensin-converting enzyme";"Homo sapiens";"SINGLE PROTEIN";"CHEMBL1159033";"1";"Scientific Literature";"J Nat Prod";"1992";"None";"";"";"";"55.47"
"CHEMBL91777";"VALYLTRYPTOPHAN";"None";"303.36";"0";"1.26";"2 (table-2)";"CC(C)[C@H](N)C(=O)N[C@@H](Cc1c[nH]c2ccccc12)C(=O)O";"IC50";"'='";"1700.0";"nM";"5.77";"";"";"UO_0000065";"19.02";"0.36";"4.51";"5.33";"0";"CHEMBL644708";"Inhibition against ACE.";"B";"BAO_0000357";"single protein format";"None";"None";"None";"None";"None";"";"";"";"CHEMBL1808";"Angiotensin-converting enzyme";"Homo sapiens";"SINGLE PROTEIN";"CHEMBL1127412";"1";"Scientific Literature";"J Med Chem";"1994";"None";"";"";"";"1700.0"
"CHEMBL299946";"";"None";"291.72";"0";"0.32";"41";"O=C(CN1Cc2c(Cl)cccc2NS1(=O)=O)NO";"IC50";"'>'";"100000.0";"nM";"";"";"";"UO_0000065";"";"";"";"";"0";"CHEMBL648687";"Inhibition against angiotensin I converting enzyme";"B";"BAO_0000357";"single protein format";"None";"None";"None";"None";"None";"";"";"";"CHEMBL1808";"Angiotensin-converting enzyme";"Homo sapiens";"SINGLE PROTEIN";"CHEMBL1134493";"1";"Scientific Literature";"J Med Chem";"2001";"None";"";"";"";"100.0"
"CHEMBL172262";"";"None";"412.44";"0";"2.05";"17";"O=C(NC(Cc1ccccc1)C(=O)CCC(=O)N1CCC[C@H]1C(=O)O)c1ccco1";"IC50";"'='";"1.4";"nM";"8.85";"";"";"UO_0000065";"21.47";"0.40";"6.80";"7.57";"0";"CHEMBL648346";"Concentration required to inhibit the activity of Angiotensin I converting enzyme by 50%";"B";"BAO_0000224";"protein format";"Cavia porcellus";"None";"None";"None";"None";"";"";"";"CHEMBL1808";"Angiotensin-converting enzyme";"Homo sapiens";"SINGLE PROTEIN";"CHEMBL1121683";"1";"Scientific Literature";"J Med Chem";"1981";"None";"";"";"";"1.4E-9"
"CHEMBL442455";"";"None";"408.39";"0";"2.64";"15";"CC(C)CN(CP(=O)(O)O)C(=O)N[C@@H](Cc1ccc2ccccc2c1)C(=O)O";"IC50";"'='";"29.0";"nM";"7.54";"";"";"UO_0000065";"18.46";"0.37";"4.90";"5.93";"0";"CHEMBL930672";"Inhibition of ACE";"B";"BAO_0000357";"single protein format";"None";"None";"None";"None";"None";"";"";"";"CHEMBL1808";"Angiotensin-converting enzyme";"Homo sapiens";"SINGLE PROTEIN";"CHEMBL1143110";"1";"Scientific Literature";"Bioorg Med Chem Lett";"2008";"None";"";"";"";"29.0"
"CHEMBL91160";"";"None";"360.42";"1";"-0.34";"Table 1, 28";"NC(N)=NCCC[C@H](N)C(=O)N[C@@H](Cc1c[nH]c2ccccc12)C(=O)O";"logIC50";"'='";"1.2";"";"";"";"";"";"";"";"";"";"0";"CHEMBL3363246";"Inhibition of ACE (unknown origin)";"B";"BAO_0000357";"single protein format";"Homo sapiens";"None";"None";"None";"None";"";"";"";"CHEMBL1808";"Angiotensin-converting enzyme";"Homo sapiens";"SINGLE PROTEIN";"CHEMBL3352520";"1";"Scientific Literature";"Eur J Med Chem";"2014";"None";"";"";"";"1.2"
"CHEMBL78903";"";"None";"270.31";"0";"-0.08";"3";"C[C@@]1(CCS)C(=O)N2CC=C[C@@H](C(=O)O)N2C1=O";"IC50";"'='";"100.0";"nM";"7.00";"";"";"UO_0000065";"";"";"";"";"0";"CHEMBL648337";"Inhibitory activity against angiotensin converting enzyme (ACE)";"F";"BAO_0000019";"assay format";"None";"None";"None";"None";"None";"";"";"";"CHEMBL1808";"Angiotensin-converting enzyme";"Homo sapiens";"SINGLE PROTEIN";"CHEMBL1126767";"1";"Scientific Literature";"J Med Chem";"1993";"None";"";"";"";"7.0"
"CHEMBL78971";"";"None";"277.36";"0";"2.48";"54";"CC[C@@H](C)[C@H](C)C(=O)N[C@@H](Cc1ccccc1)C(=O)O";"IC50";"'='";"933254.3";"nM";"";"Outside typical range";"";"UO_0000065";"";"";"";"";"0";"CHEMBL648337";"Inhibitory activity against angiotensin converting enzyme (ACE)";"F";"BAO_0000019";"assay format";"None";"None";"None";"None";"None";"";"";"";"CHEMBL1808";"Angiotensin-converting enzyme";"Homo sapiens";"SINGLE PROTEIN";"CHEMBL1126767";"1";"Scientific Literature";"J Med Chem";"1993";"None";"";"";"";"3.03"
"CHEMBL40709";"";"None";"376.45";"0";"2.13";"5u";"CCCC[C@H](N[C@H]1CCc2ccccc2N(CC(=O)O)C1=O)C(=O)OCC";"IC50";"'='";"2600.0";"nM";"5.58";"";"";"UO_0000065";"14.84";"0.28";"3.46";"5.82";"0";"CHEMBL644701";"In vitro inhibitory activity against Angiotensin I converting enzyme";"B";"BAO_0000357";"single protein format";"None";"None";"None";"None";"None";"";"";"";"CHEMBL1808";"Angiotensin-converting enzyme";"Homo sapiens";"SINGLE PROTEIN";"CHEMBL1122836";"1";"Scientific Literature";"J Med Chem";"1985";"None";"";"";"";"2600.0"
"CHEMBL358203";"";"None";"436.51";"0";"2.79";"MDL-27088";"O=C(O)C(CCc1ccccc1)NC1Cc2ccccc2[C@H]2CCC[C@@H](C(=O)O)N2C1=O";"Ki";"'='";"1.2";"nM";"8.92";"";"";"UO_0000065";"20.44";"0.38";"6.13";"8.34";"0";"CHEMBL644713";"Compound was tested for its inhibitory potency against angiotensin I converting enzyme.";"B";"BAO_0000357";"single protein format";"None";"None";"None";"None";"None";"";"";"";"CHEMBL1808";"Angiotensin-converting enzyme";"Homo sapiens";"SINGLE PROTEIN";"CHEMBL1125229";"1";"Scientific Literature";"J Med Chem";"1991";"None";"";"";"";"1.2"
"CHEMBL263460";"";"None";"651.72";"2";"1.09";"38";"CC(NC(C(=O)O)C1CCCN1C(=O)NC(Cc1ccccc1)C(=O)NC(Cc1ccccc1)C(=O)O)C(=O)N1CCCC1C(=O)O";"IC50";"'='";"2.9";"nM";"8.54";"";"";"UO_0000065";"13.10";"0.25";"7.45";"4.15";"0";"CHEMBL645287";"In vitro inhibitory activity against Angiotensin I converting enzyme";"B";"BAO_0000357";"single protein format";"None";"None";"None";"None";"None";"";"";"";"CHEMBL1808";"Angiotensin-converting enzyme";"Homo sapiens";"SINGLE PROTEIN";"CHEMBL1122972";"1";"Scientific Literature";"J Med Chem";"1985";"None";"";"";"";"2.9"
"CHEMBL328537";"";"None";"436.51";"0";"2.70";"89";"C[C@@H](CC(=O)[C@@H](Cc1ccccc1)NC(=O)c1ccccc1)C(=O)N1CCC[C@H]1C(=O)O";"IC50";"'='";"3200.0";"nM";"5.50";"";"";"UO_0000065";"12.59";"0.23";"2.79";"5.29";"0";"CHEMBL2208710";"Inhibition of ACE";"B";"BAO_0000357";"single protein format";"None";"None";"None";"None";"None";"";"";"";"CHEMBL1808";"Angiotensin-converting enzyme";"Homo sapiens";"SINGLE PROTEIN";"CHEMBL2203023";"1";"Scientific Literature";"J Med Chem";"2011";"None";"";"";"";"3200.0"
"CHEMBL342652";"";"None";"355.39";"0";"-0.50";"30";"CC(=O)N1CCCC1C(NC(C)C(=O)N1CCCC1C(=O)O)C(=O)O";"IC50";"'='";"9.4";"nM";"8.03";"";"";"UO_0000065";"22.59";"0.44";"8.53";"6.31";"0";"CHEMBL645287";"In vitro inhibitory activity against Angiotensin I converting enzyme";"B";"BAO_0000357";"single protein format";"None";"None";"None";"None";"None";"";"";"";"CHEMBL1808";"Angiotensin-converting enzyme";"Homo sapiens";"SINGLE PROTEIN";"CHEMBL1122972";"1";"Scientific Literature";"J Med Chem";"1985";"None";"";"";"";"9.4"
"CHEMBL80548";"GLYCYL PROLINE";"None";"172.18";"0";"-0.98";"GP";"NCC(=O)N1CCC[C@H]1C(=O)O";"IC50";"'='";"446683.59";"nM";"";"Outside typical range";"";"UO_0000065";"";"";"";"";"1";"CHEMBL858254";"Biological activity was measured against Angiotensin I converting enzyme";"B";"BAO_0000357";"single protein format";"None";"None";"None";"None";"None";"";"";"";"CHEMBL1808";"Angiotensin-converting enzyme";"Homo sapiens";"SINGLE PROTEIN";"CHEMBL1128468";"1";"Scientific Literature";"J Med Chem";"1995";"None";"";"";"";"3.35"
"CHEMBL372307";"";"None";"394.56";"0";"2.76";"82 (Omapatrilat)";"O=C(N[C@H]1CCCSC2CCC[C@@H](C(=O)O)N21)[C@@H](S)Cc1ccccc1";"IC50";"'='";"5.0";"nM";"8.30";"";"";"UO_0000065";"21.04";"0.44";"5.54";"11.92";"0";"CHEMBL881232";"Inhibitory concentration against angiotensin I converting enzyme";"B";"BAO_0000357";"single protein format";"Homo sapiens";"None";"None";"None";"None";"";"";"";"CHEMBL1808";"Angiotensin-converting enzyme";"Homo sapiens";"SINGLE PROTEIN";"CHEMBL1140446";"1";"Scientific Literature";"J Med Chem";"2005";"None";"";"";"";"5.0"
"CHEMBL3221963";"";"None";"261.27";"0";"-0.31";"22a";"CC(C)C[C@@H](CC(=O)N[C@@H](CO)C(=O)O)C(=O)O";"IC50";"'>'";"31622.78";"nM";"";"";"";"UO_0000065";"";"";"";"";"0";"CHEMBL3223377";"Inhibition of human ACE-1 using Abz-Gly-p-nitro-Phe-Pro-OH as substrate preincubated for 10 mins followed by substrate addition measured after 17 hrs by spectrophotometric analysis";"B";"BAO_0000357";"single protein format";"Homo sapiens";"None";"None";"None";"None";"";"";"";"CHEMBL1808";"Angiotensin-converting enzyme";"Homo sapiens";"SINGLE PROTEIN";"CHEMBL3217740";"1";"Scientific Literature";"Medchemcomm";"2012";"None";"";"";"";"4.5"
"CHEMBL12050";"";"None";"244.32";"0";"-0.01";"18";"CC(=O)SCC1CCCN(CC(N)=O)C1=O";"IC50";"";"";"nM";"";"";"";"UO_0000065";"";"";"";"";"0";"CHEMBL648347";"Concentration required for 50% inhibition of Angiotensin I converting enzyme";"B";"BAO_0000224";"protein format";"Cavia porcellus";"None";"None";"None";"None";"";"";"";"CHEMBL1808";"Angiotensin-converting enzyme";"Homo sapiens";"SINGLE PROTEIN";"CHEMBL1121705";"1";"Scientific Literature";"J Med Chem";"1981";"None";"";"";"Not active";""
"CHEMBL1807689";"";"None";"278.31";"0";"0.34";"Table 1, 1";"N[C@@H](Cc1ccc(O)cc1)C(=O)N1CCC[C@H]1C(=O)O";"logIC50";"'='";"2.86";"";"";"";"";"";"";"";"";"";"0";"CHEMBL3363246";"Inhibition of ACE (unknown origin)";"B";"BAO_0000357";"single protein format";"Homo sapiens";"None";"None";"None";"None";"";"";"";"CHEMBL1808";"Angiotensin-converting enzyme";"Homo sapiens";"SINGLE PROTEIN";"CHEMBL3352520";"1";"Scientific Literature";"Eur J Med Chem";"2014";"None";"";"";"";"2.86"
"CHEMBL3322119";"";"None";"535.65";"2";"-0.47";"Table 1, 85";"CC(C)C[C@H](NC(=O)[C@H](Cc1cnc[nH]1)NC(=O)[C@@H](N)C(C)C)C(=O)N[C@@H](C)C(=O)N1CCC[C@H]1C(=O)O";"logIC50";"'='";"0.65";"";"";"";"";"";"";"";"";"";"0";"CHEMBL3363246";"Inhibition of ACE (unknown origin)";"B";"BAO_0000357";"single protein format";"Homo sapiens";"None";"None";"None";"None";"";"";"";"CHEMBL1808";"Angiotensin-converting enzyme";"Homo sapiens";"SINGLE PROTEIN";"CHEMBL3352520";"1";"Scientific Literature";"Eur J Med Chem";"2014";"None";"";"";"";"0.65"
"CHEMBL3322125";"";"None";"537.70";"1";"1.10";"Table 1, 94";"CC[C@H](C)[C@H](NC(=O)[C@@H]1CCCN1C(=O)[C@H](CC(C)C)NC(=O)[C@@H](N)C(C)C)C(=O)N1CCC[C@H]1C(=O)O";"logIC50";"'='";"1.49";"";"";"";"";"";"";"";"";"";"0";"CHEMBL3363246";"Inhibition of ACE (unknown origin)";"B";"BAO_0000357";"single protein format";"Homo sapiens";"None";"None";"None";"None";"";"";"";"CHEMBL1808";"Angiotensin-converting enzyme";"Homo sapiens";"SINGLE PROTEIN";"CHEMBL3352520";"1";"Scientific Literature";"Eur J Med Chem";"2014";"None";"";"";"";"1.49"
"CHEMBL3322137";"";"None";"632.76";"2";"-0.48";"Table 1, 106";"CC(C)C[C@H](NC(=O)[C@H](Cc1cnc[nH]1)NC(=O)[C@@H](N)CC(C)C)C(=O)N1CCC[C@H]1C(=O)NCC(=O)N1CCC[C@H]1C(=O)O";"logIC50";"'='";"0.28";"";"";"";"";"";"";"";"";"";"0";"CHEMBL3363246";"Inhibition of ACE (unknown origin)";"B";"BAO_0000357";"single protein format";"Homo sapiens";"None";"None";"None";"None";"";"";"";"CHEMBL1808";"Angiotensin-converting enzyme";"Homo sapiens";"SINGLE PROTEIN";"CHEMBL3352520";"1";"Scientific Literature";"Eur J Med Chem";"2014";"None";"";"";"";"0.28"
"CHEMBL526682";"";"None";"1444.76";"None";"None";"Table 2, 3";"CC(C)C[C@H](NC(=O)[C@H](Cc1c[nH]c2ccccc12)NC(=O)[C@H](CCCNC(=N)N)NC(=O)[C@H](CCCCN)NC(=O)[C@@H](N)CCCCN)C(=O)N[C@@H](Cc1c[nH]c2ccccc12)C(=O)N[C@@H](Cc1c[nH]c2ccccc12)C(=O)N[C@@H](Cc1c[nH]c2ccccc12)C(=O)N[C@@H](CCCNC(=N)N)C(=O)O";"Ratio IC50";"'='";"0.3";"";"";"";"";"";"";"";"";"";"0";"CHEMBL3363247";"Inhibition of ACE (unknown origin) relative to peptide Bac2A RLARIVVIRVAR sequence";"B";"BAO_0000357";"single protein format";"Homo sapiens";"None";"None";"None";"None";"";"";"";"CHEMBL1808";"Angiotensin-converting enzyme";"Homo sapiens";"SINGLE PROTEIN";"CHEMBL3352520";"1";"Scientific Literature";"Eur J Med Chem";"2014";"None";"";"";"";"0.3"
"CHEMBL525754";"";"None";"1459.77";"None";"None";"Table 2, 18";"N=C(N)NCCC[C@H](NC(=O)[C@H](CCCCN)NC(=O)[C@H](Cc1c[nH]c2ccccc12)NC(=O)[C@H](Cc1c[nH]c2ccccc12)NC(=O)[C@H](CCCCN)NC(=O)[C@H](Cc1c[nH]c2ccccc12)NC(=O)[C@H](CCCNC(=N)N)NC(=O)[C@H](CCCCN)NC(=O)[C@@H](N)Cc1c[nH]c2ccccc12)C(=O)O";"Ratio IC50";"'='";"0.25";"";"";"";"";"";"";"";"";"";"0";"CHEMBL3363247";"Inhibition of ACE (unknown origin) relative to peptide Bac2A RLARIVVIRVAR sequence";"B";"BAO_0000357";"single protein format";"Homo sapiens";"None";"None";"None";"None";"";"";"";"CHEMBL1808";"Angiotensin-converting enzyme";"Homo sapiens";"SINGLE PROTEIN";"CHEMBL3352520";"1";"Scientific Literature";"Eur J Med Chem";"2014";"None";"";"";"";"0.25"
"CHEMBL525993";"";"None";"1348.67";"None";"None";"Table 2, 13";"CC[C@H](C)[C@H](NC(=O)[C@H](Cc1c[nH]c2ccccc12)NC(=O)[C@H](Cc1c[nH]c2ccccc12)NC(=O)[C@H](CCCCN)NC(=O)[C@H](CC(C)C)NC(=O)[C@H](CCCNC(=N)N)NC(=O)[C@H](CCCCN)NC(=O)[C@@H](N)CCCNC(=N)N)C(=O)N[C@@H](Cc1ccc(O)cc1)C(=O)O";"Ratio IC50";"'='";"6.74";"";"";"";"";"";"";"";"";"";"0";"CHEMBL3363248";"Ratio of compound IC50 to peptide Bac2A RLARIVVIRVAR IC50 for ACE (unknown origin)";"B";"BAO_0000357";"single protein format";"Homo sapiens";"None";"None";"None";"None";"";"";"";"CHEMBL1808";"Angiotensin-converting enzyme";"Homo sapiens";"SINGLE PROTEIN";"CHEMBL3352520";"1";"Scientific Literature";"Eur J Med Chem";"2014";"None";"";"";"";"6.74"
"CHEMBL54922";"PROLINE";"2.0";"115.13";"0";"-0.18";"L-proline";"O=C(O)[C@@H]1CCCN1";"Ki";"'='";"86000.0";"nM";"4.07";"";"";"UO_0000065";"35.31";"0.69";"4.25";"8.24";"0";"CHEMBL3088740";"Inhibition of ACE (unknown origin) assessed as 3-Hydroxybutyril-glycil-glycil-glycine conversion to 3-hydroxybutyric acid after 60 mins by WST assay";"B";"BAO_0000357";"single protein format";"Homo sapiens";"None";"None";"None";"None";"";"";"";"CHEMBL1808";"Angiotensin-converting enzyme";"Homo sapiens";"SINGLE PROTEIN";"CHEMBL3085742";"1";"Scientific Literature";"J Med Chem";"2013";"None";"";"";"";"86.0"
"CHEMBL1560";"CAPTOPRIL";"4.0";"217.29";"0";"0.63";"Captopril";"C[C@H](CS)C(=O)N1CCC[C@H]1C(=O)O";"IC50";"'='";"20.0";"nM";"7.70";"";"";"UO_0000065";"35.43";"0.75";"7.07";"13.36";"1";"CHEMBL645287";"In vitro inhibitory activity against Angiotensin I converting enzyme";"B";"BAO_0000357";"single protein format";"None";"None";"None";"None";"None";"";"";"";"CHEMBL1808";"Angiotensin-converting enzyme";"Homo sapiens";"SINGLE PROTEIN";"CHEMBL1122972";"1";"Scientific Literature";"J Med Chem";"1985";"None";"";"";"";"20.0"
"CHEMBL148840";"";"None";"321.44";"0";"2.46";"15";"O=C1N[C@H](C(=O)O)CCCCCc2cccc(c2)C[C@H]1CS";"IC50";"'='";"4.0";"nM";"8.40";"";"";"UO_0000065";"26.13";"0.52";"5.94";"12.65";"0";"CHEMBL2208604";"Inhibition of ACE";"B";"BAO_0000357";"single protein format";"None";"None";"None";"None";"None";"";"";"";"CHEMBL1808";"Angiotensin-converting enzyme";"Homo sapiens";"SINGLE PROTEIN";"CHEMBL2203227";"1";"Scientific Literature";"J Med Chem";"2011";"None";"";"";"";"4.0"
"CHEMBL2296622";"";"None";"316.36";"0";"3.96";"4b";"Cc1nnc(-c2ccccc2-c2ccc(Cn3ccnc3)cc2)o1";"Inhibition";"";"";"%";"";"";"";"UO_0000187";"";"";"";"";"0";"CHEMBL3071359";"Inhibition of ACE (unknown origin) using Hippuryl-His-Leu as substrate at 1 to 10 ug incubated for 10 min prior to substrate addition measured after 45 min by spectrophotometric analysis relative to control";"B";"BAO_0000357";"single protein format";"Homo sapiens";"None";"None";"None";"None";"";"";"";"CHEMBL1808";"Angiotensin-converting enzyme";"Homo sapiens";"SINGLE PROTEIN";"CHEMBL3045976";"1";"Scientific Literature";"Med Chem Res";"2013";"None";"";"";"Not active";""
"CHEMBL2296621";"";"None";"365.41";"0";"3.91";"4a";"Cc1nnc(-c2ccccc2-c2ccc(CN3C(=O)CSC3=O)cc2)o1";"Inhibition";"";"";"%";"";"";"";"UO_0000187";"";"";"";"";"0";"CHEMBL3071359";"Inhibition of ACE (unknown origin) using Hippuryl-His-Leu as substrate at 1 to 10 ug incubated for 10 min prior to substrate addition measured after 45 min by spectrophotometric analysis relative to control";"B";"BAO_0000357";"single protein format";"Homo sapiens";"None";"None";"None";"None";"";"";"";"CHEMBL1808";"Angiotensin-converting enzyme";"Homo sapiens";"SINGLE PROTEIN";"CHEMBL3045976";"1";"Scientific Literature";"Med Chem Res";"2013";"None";"";"";"Not active";""
"CHEMBL2296614";"";"None";"351.39";"0";"2.73";"3a";"O=C1CSC(=O)N1Cc1ccc(-c2ccccc2-c2nnn[nH]2)cc1";"Inhibition";"";"";"%";"";"";"";"UO_0000187";"";"";"";"";"0";"CHEMBL3071359";"Inhibition of ACE (unknown origin) using Hippuryl-His-Leu as substrate at 1 to 10 ug incubated for 10 min prior to substrate addition measured after 45 min by spectrophotometric analysis relative to control";"B";"BAO_0000357";"single protein format";"Homo sapiens";"None";"None";"None";"None";"";"";"";"CHEMBL1808";"Angiotensin-converting enzyme";"Homo sapiens";"SINGLE PROTEIN";"CHEMBL3045976";"1";"Scientific Literature";"Med Chem Res";"2013";"None";"";"";"Not active";""
"CHEMBL198316";"";"None";"438.55";"0";"2.78";"84";"O=C(N[C@H]1Cc2ccccc2C2CCC[C@H](C(=O)O)N2C1=O)[C@H](S)Cc1ccccc1";"IC50";"'='";"0.11";"nM";"9.96";"";"";"UO_0000065";"22.71";"0.44";"7.18";"11.48";"0";"CHEMBL881232";"Inhibitory concentration against angiotensin I converting enzyme";"B";"BAO_0000357";"single protein format";"Homo sapiens";"None";"None";"None";"None";"";"";"";"CHEMBL1808";"Angiotensin-converting enzyme";"Homo sapiens";"SINGLE PROTEIN";"CHEMBL1140446";"1";"Scientific Literature";"J Med Chem";"2005";"None";"";"";"";"0.11"
"CHEMBL518500";"";"None";"332.23";"0";"1.99";"26";"O=C1c2ccccc2S(=O)(=O)N1c1c(F)c(F)nc(F)c1F";"IC50";"'>'";"100000.0";"nM";"";"";"";"UO_0000065";"";"";"";"";"0";"CHEMBL969703";"Inhibition of human ACE";"B";"BAO_0000357";"single protein format";"Homo sapiens";"None";"None";"None";"None";"";"";"";"CHEMBL1808";"Angiotensin-converting enzyme";"Homo sapiens";"SINGLE PROTEIN";"CHEMBL1139421";"1";"Scientific Literature";"Bioorg Med Chem";"2008";"None";"";"";"";"100.0"
"CHEMBL503392";"";"None";"353.27";"0";"2.89";"24";"O=C1C2=C(CCCC2)S(=O)(=O)N1c1c(F)c(F)c(F)c(F)c1F";"IC50";"'>'";"100000.0";"nM";"";"";"";"UO_0000065";"";"";"";"";"0";"CHEMBL969703";"Inhibition of human ACE";"B";"BAO_0000357";"single protein format";"Homo sapiens";"None";"None";"None";"None";"";"";"";"CHEMBL1808";"Angiotensin-converting enzyme";"Homo sapiens";"SINGLE PROTEIN";"CHEMBL1139421";"1";"Scientific Literature";"Bioorg Med Chem";"2008";"None";"";"";"";"100.0"
"CHEMBL512758";"";"None";"310.23";"0";"1.61";"22";"CC1=C(C)S(=O)(=O)N(c2c(F)c(F)nc(F)c2F)C1=O";"IC50";"'>'";"100000.0";"nM";"";"";"";"UO_0000065";"";"";"";"";"0";"CHEMBL969703";"Inhibition of human ACE";"B";"BAO_0000357";"single protein format";"Homo sapiens";"None";"None";"None";"None";"";"";"";"CHEMBL1808";"Angiotensin-converting enzyme";"Homo sapiens";"SINGLE PROTEIN";"CHEMBL1139421";"1";"Scientific Literature";"Bioorg Med Chem";"2008";"None";"";"";"";"100.0"
"CHEMBL172356";"";"None";"618.73";"2";"5.69";"9";"O=C(NC(Cc1ccc(OCc2ccccc2)cc1)C(=O)CCC(=O)N1CCC[C@H]1C(=O)OCc1ccccc1)c1ccccc1";"IC50";"'='";"86.0";"nM";"7.07";"";"";"UO_0000065";"11.42";"0.21";"1.38";"6.93";"0";"CHEMBL648346";"Concentration required to inhibit the activity of Angiotensin I converting enzyme by 50%";"B";"BAO_0000224";"protein format";"Cavia porcellus";"None";"None";"None";"None";"";"";"";"CHEMBL1808";"Angiotensin-converting enzyme";"Homo sapiens";"SINGLE PROTEIN";"CHEMBL1121683";"1";"Scientific Literature";"J Med Chem";"1981";"None";"";"";"";"8.6E-8"
"CHEMBL340528";"";"None";"392.48";"0";"1.57";"10";"O=C(O)C(CCc1ccccc1)N[C@H]1CCCC2SC[C@@H](C(=O)O)N2C1=O";"IC50";"'='";"0.6";"nM";"9.22";"";"";"UO_0000065";"23.50";"0.47";"7.65";"8.62";"0";"CHEMBL645285";"Inhibition of Angiotensin I converting enzyme";"B";"BAO_0000357";"single protein format";"None";"None";"None";"None";"None";"";"";"";"CHEMBL1808";"Angiotensin-converting enzyme";"Homo sapiens";"SINGLE PROTEIN";"CHEMBL1122964";"1";"Scientific Literature";"J Med Chem";"1985";"None";"";"";"";"6E-10"
"CHEMBL2324202";"";"None";"759.82";"2";"-0.34";"8b";"N=C(N)NCCC[C@H](NC(=O)[C@H](Cc1ccc2ccccc2c1)[C@@H](O)C(=O)NO)C(=O)N[C@@H](Cc1c[nH]c2ccccc12)C(=O)N[C@@H](CCC(=O)O)C(N)=O";"Inhibition";"";"";"%";"";"";"";"UO_0000187";"";"";"";"";"0";"CHEMBL2329959";"Inhibition of ACE (unknown origin)-mediated omniMMP degradation up to 10 uM";"B";"BAO_0000357";"single protein format";"Homo sapiens";"None";"None";"None";"None";"";"";"";"CHEMBL1808";"Angiotensin-converting enzyme";"Homo sapiens";"SINGLE PROTEIN";"CHEMBL2321806";"1";"Scientific Literature";"J Med Chem";"2013";"None";"";"";"Not active";""
"CHEMBL1237";"LISINOPRIL ANHYDROUS";"4.0";"405.50";"0";"1.24";"Lisinopril";"NCCCC[C@H](N[C@@H](CCc1ccccc1)C(=O)O)C(=O)N1CCC[C@H]1C(=O)O";"Ki";"'='";"4.8";"nM";"8.32";"";"";"UO_0000065";"20.51";"0.39";"7.08";"6.26";"0";"CHEMBL5042030";"Inhibition of recombinant human ACE N-domain expressed in CHO cells using Cbz-Phe-His-Leu as substrate preincubated for 15 mins followed by substrate addition and measured after 10 mins by fluorescence spectrophotometric analysis";"B";"BAO_0000219";"cell-based format";"Homo sapiens";"None";"None";"CHO";"None";"";"";"";"CHEMBL1808";"Angiotensin-converting enzyme";"Homo sapiens";"SINGLE PROTEIN";"CHEMBL5038663";"1";"Scientific Literature";"J Med Chem";"2022";"None";"TIME = 0.4167 hr";"INHIBITOR";"";"0.0048"
"CHEMBL10521";"";"None";"656.70";"1";"1.80";"15";"CC(CC(=O)C(Cc1ccccc1)NC(=O)C(CCCCN)NC(=O)C1CCC1)C(=O)N1CCCC1C(=O)O.O=C(O)C(F)(F)F";"IC50";"'='";"3.0";"nM";"8.52";"";"";"UO_0000065";"15.71";"0.30";"6.72";"5.36";"0";"CHEMBL644577";"Compound was evaluated for inhibition of porcine plasma Angiotensin I converting enzyme by using fluorometric assay";"B";"BAO_0000357";"single protein format";"Sus scrofa";"CHEMBL3559721";"Plasma";"None";"None";"";"";"";"CHEMBL1808";"Angiotensin-converting enzyme";"Homo sapiens";"SINGLE PROTEIN";"CHEMBL1122914";"1";"Scientific Literature";"J Med Chem";"1985";"None";"";"";"";"3.0"
"CHEMBL10973";"";"None";"446.51";"0";"2.25";"4";"O=C(NC(Cc1ccccc1)C(=O)CCC(=O)N1CCCC1c1nn[nH]n1)c1ccccc1";"IC50";"'='";"22000.0";"nM";"4.66";"";"";"UO_0000065";"10.43";"0.19";"2.41";"3.85";"0";"CHEMBL644578";"Inhibitory activity against porcine plasma Angiotensin I converting enzyme";"B";"BAO_0000366";"cell-free format";"Sus scrofa";"CHEMBL3559721";"Plasma";"None";"None";"";"";"";"CHEMBL1808";"Angiotensin-converting enzyme";"Homo sapiens";"SINGLE PROTEIN";"CHEMBL1122915";"1";"Scientific Literature";"J Med Chem";"1985";"None";"";"";"";"22.0"
"CHEMBL48534";"";"None";"412.51";"0";"2.47";"13 (Iso B)";"CC(S)(Cc1ccccc1)C(=O)N[C@H]1CCc2ccccc2N(CC(=O)O)C1=O";"IC50";"'='";"183.0";"nM";"6.74";"";"";"UO_0000065";"16.33";"0.32";"4.27";"7.77";"0";"CHEMBL645286";"Inhibition of Angiotensin I converting enzyme";"B";"BAO_0000357";"single protein format";"None";"None";"None";"None";"None";"";"";"";"CHEMBL1808";"Angiotensin-converting enzyme";"Homo sapiens";"SINGLE PROTEIN";"CHEMBL1152108";"1";"Scientific Literature";"Bioorg Med Chem Lett";"1994";"None";"";"";"";"183.0"
"CHEMBL100063";"";"None";"399.49";"0";"1.91";"3d";"CCCCCCCC[C@H](N[C@@H](CC)C(=O)N1C(=O)N(C)C[C@H]1C(=O)O)C(=O)O";"IC50";"'='";"2.4";"nM";"8.62";"";"";"UO_0000065";"21.58";"0.42";"6.71";"6.77";"0";"CHEMBL644735";"Inhibition of Angiotensin I converting enzyme from pig renal cortex, hippuryl-histidyl-leucine as substrate";"B";"BAO_0000019";"assay format";"Sus scrofa";"None";"None";"None";"None";"";"";"";"CHEMBL1808";"Angiotensin-converting enzyme";"Homo sapiens";"SINGLE PROTEIN";"CHEMBL1124381";"1";"Scientific Literature";"J Med Chem";"1989";"None";"";"";"";"2.4E-9"
"CHEMBL95564";"";"None";"436.51";"0";"2.70";"87";"C[C@H](CC(=O)[C@H](Cc1ccccc1)NC(=O)c1ccccc1)C(=O)N1CCC[C@H]1C(=O)O";"IC50";"'='";"1.0";"nM";"9.00";"";"";"UO_0000065";"20.62";"0.38";"6.30";"8.67";"0";"CHEMBL2208710";"Inhibition of ACE";"B";"BAO_0000357";"single protein format";"None";"None";"None";"None";"None";"";"";"";"CHEMBL1808";"Angiotensin-converting enzyme";"Homo sapiens";"SINGLE PROTEIN";"CHEMBL2203023";"1";"Scientific Literature";"J Med Chem";"2011";"None";"";"";"";"1.0"
"CHEMBL290802";"";"None";"382.42";"0";"1.70";"5n";"O=C(O)CN1C(=O)[C@@H](N[C@@H](Cc2ccccc2)C(=O)O)CCc2ccccc21";"IC50";"'='";"8.5";"nM";"8.07";"";"";"UO_0000065";"21.10";"0.39";"6.37";"7.55";"0";"CHEMBL644701";"In vitro inhibitory activity against Angiotensin I converting enzyme";"B";"BAO_0000357";"single protein format";"None";"None";"None";"None";"None";"";"";"";"CHEMBL1808";"Angiotensin-converting enzyme";"Homo sapiens";"SINGLE PROTEIN";"CHEMBL1122836";"1";"Scientific Literature";"J Med Chem";"1985";"None";"";"";"";"8.5"
"CHEMBL357311";"";"None";"321.44";"0";"2.46";"14";"O=C1N[C@H](C(=O)O)CCCCCc2ccccc2C[C@H]1CS";"IC50";"'='";"8000.0";"nM";"5.10";"";"";"UO_0000065";"15.86";"0.32";"2.64";"7.68";"0";"CHEMBL2208604";"Inhibition of ACE";"B";"BAO_0000357";"single protein format";"None";"None";"None";"None";"None";"";"";"";"CHEMBL1808";"Angiotensin-converting enzyme";"Homo sapiens";"SINGLE PROTEIN";"CHEMBL2203227";"1";"Scientific Literature";"J Med Chem";"2011";"None";"";"";"";"8.0"
"CHEMBL176960";"";"None";"472.61";"0";"2.82";"23";"CC(C)C(NC(=O)C(Cc1ccccc1)C(C)S)C(=O)NC(Cc1ccc(O)cc1)C(=O)O";"IC50";"'='";"1300.0";"nM";"5.89";"";"";"UO_0000065";"12.45";"0.24";"3.07";"5.09";"0";"CHEMBL648692";"Inhibitory concentration was evaluated by Inhibiting 50% of Angiotensin I converting enzyme activity using 50 uM N-Cbz-Phe-His-Leu as substrate";"B";"BAO_0000357";"single protein format";"None";"None";"None";"None";"None";"";"";"";"CHEMBL1808";"Angiotensin-converting enzyme";"Homo sapiens";"SINGLE PROTEIN";"CHEMBL1126948";"1";"Scientific Literature";"J Med Chem";"1993";"None";"";"";"";"1.3"
"CHEMBL78629";"";"None";"573.60";"1";"2.92";"COO_24C";"O=C(NC(Cc1ccccc1)C(=O)N[C@H](CCC(=O)N1c2ccccc2C[C@H]1C(=O)O)C(=O)O)OCc1ccccc1";"IC50";"'='";"0.2512";"nM";"9.60";"";"";"UO_0000065";"";"";"";"";"0";"CHEMBL648337";"Inhibitory activity against angiotensin converting enzyme (ACE)";"F";"BAO_0000019";"assay format";"None";"None";"None";"None";"None";"";"";"";"CHEMBL1808";"Angiotensin-converting enzyme";"Homo sapiens";"SINGLE PROTEIN";"CHEMBL1126767";"1";"Scientific Literature";"J Med Chem";"1993";"None";"";"";"";"9.6"
"CHEMBL1907755";"";"None";"419.54";"0";"3.44";"10b";"CC(SC(CCc1ccccc1)C(=O)O)C(=O)N1C2CCCCC2C[C@H]1C(=O)O";"IC50";"'='";"140.0";"nM";"6.85";"";"";"UO_0000065";"16.34";"0.32";"3.41";"7.22";"0";"CHEMBL648701";"In vitro inhibitory activity against Angiotensin I converting enzyme from unpurified guinea pig serum";"B";"BAO_0000357";"single protein format";"Cavia porcellus";"None";"None";"None";"None";"";"";"";"CHEMBL1808";"Angiotensin-converting enzyme";"Homo sapiens";"SINGLE PROTEIN";"CHEMBL1123106";"1";"Scientific Literature";"J Med Chem";"1985";"None";"";"";"";"1.4E-7"
"CHEMBL1907759";"";"None";"411.55";"0";"2.66";"8b";"CCOC(=O)C(CCc1ccccc1)SC(C)C(=O)N1CSC[C@@H]1C(=O)O";"IC50";"'='";"4800.0";"nM";"5.32";"";"";"UO_0000065";"12.92";"0.27";"2.66";"6.34";"0";"CHEMBL648701";"In vitro inhibitory activity against Angiotensin I converting enzyme from unpurified guinea pig serum";"B";"BAO_0000357";"single protein format";"Cavia porcellus";"None";"None";"None";"None";"";"";"";"CHEMBL1808";"Angiotensin-converting enzyme";"Homo sapiens";"SINGLE PROTEIN";"CHEMBL1123106";"1";"Scientific Literature";"J Med Chem";"1985";"None";"";"";"";"0.0000048"
"CHEMBL301703";"";"None";"463.60";"0";"4.29";"22";"O=C(NC(Cc1ccc(O)cc1)C(=O)O)C(Cc1ccccc1)CC(S)Cc1ccccc1";"IC50";"'='";"2400.0";"nM";"5.62";"";"";"UO_0000065";"12.12";"0.23";"1.33";"6.49";"0";"CHEMBL646968";"Tested for inhibitory potency against Angiotensin I Converting Enzyme";"B";"BAO_0000357";"single protein format";"None";"None";"None";"None";"None";"";"";"";"CHEMBL1808";"Angiotensin-converting enzyme";"Homo sapiens";"SINGLE PROTEIN";"CHEMBL1127546";"1";"Scientific Literature";"J Med Chem";"1994";"None";"";"";"";"2.4"
"CHEMBL309799";"";"None";"292.36";"0";"1.60";"THIOL_20B";"CC(S)C(=O)N[C@@H](Cc1c[nH]c2ccccc12)C(=O)O";"IC50";"'='";"363.08";"nM";"6.44";"";"";"UO_0000065";"";"";"";"";"0";"CHEMBL648337";"Inhibitory activity against angiotensin converting enzyme (ACE)";"F";"BAO_0000019";"assay format";"None";"None";"None";"None";"None";"";"";"";"CHEMBL1808";"Angiotensin-converting enzyme";"Homo sapiens";"SINGLE PROTEIN";"CHEMBL1126767";"1";"Scientific Literature";"J Med Chem";"1993";"None";"";"";"";"6.44"
"CHEMBL311064";"";"None";"292.36";"0";"1.60";"THIOL_27";"O=C(CCS)N[C@@H](Cc1c[nH]c2ccccc12)C(=O)O";"IC50";"'='";"4570.88";"nM";"5.34";"";"";"UO_0000065";"";"";"";"";"0";"CHEMBL648337";"Inhibitory activity against angiotensin converting enzyme (ACE)";"F";"BAO_0000019";"assay format";"None";"None";"None";"None";"None";"";"";"";"CHEMBL1808";"Angiotensin-converting enzyme";"Homo sapiens";"SINGLE PROTEIN";"CHEMBL1126767";"1";"Scientific Literature";"J Med Chem";"1993";"None";"";"";"";"5.34"
"CHEMBL346424";"";"None";"307.42";"0";"2.07";"17b";"O=C1N[C@H](C(=O)O)CCCCc2ccccc2C[C@H]1CS";"IC50";"'>'";"10000.0";"nM";"";"";"";"UO_0000065";"";"";"";"";"0";"CHEMBL644707";"Inhibitory concentration required to inhibit Angiotensin I converting enzyme (ACE)";"B";"BAO_0000357";"single protein format";"None";"None";"None";"None";"None";"";"";"";"CHEMBL1808";"Angiotensin-converting enzyme";"Homo sapiens";"SINGLE PROTEIN";"CHEMBL1129939";"1";"Scientific Literature";"J Med Chem";"1997";"None";"";"";"";"10000.0"
"CHEMBL93167";"";"None";"440.48";"0";"2.60";"28";"CC(C)[C@H](NCP(=O)(O)O)C(=O)N[C@@H](Cc1ccc(C2CCCCC2)cc1)C(=O)O";"IC50";"'='";"122.0";"nM";"6.91";"";"";"UO_0000065";"15.70";"0.31";"4.31";"5.09";"0";"CHEMBL876577";"In vitro inhibitory concentration against angiotensin-converting enzyme";"B";"BAO_0000224";"protein format";"None";"None";"None";"None";"None";"";"";"";"CHEMBL1808";"Angiotensin-converting enzyme";"Homo sapiens";"SINGLE PROTEIN";"CHEMBL1150039";"1";"Scientific Literature";"Bioorg Med Chem Lett";"1994";"None";"";"";"";"122.0"
"CHEMBL567628";"";"None";"695.71";"2";"6.08";"7F2";"O=C(N[C@@H](Cc1ccccc1)P(=O)(O)C[C@H](Cc1cc(-c2ccccc2)no1)C(=O)N[C@@H](Cc1ccccc1)C(=O)O)OCc1ccccc1";"Ki";"'='";"3.8";"nM";"8.42";"";"";"UO_0000065";"12.10";"0.23";"2.34";"5.01";"0";"CHEMBL1045247";"Inhibition of human somatic ACE C-terminal domain";"B";"BAO_0000357";"single protein format";"Homo sapiens";"None";"None";"None";"None";"";"";"";"CHEMBL1808";"Angiotensin-converting enzyme";"Homo sapiens";"SINGLE PROTEIN";"CHEMBL1156752";"1";"Scientific Literature";"J Med Chem";"2010";"None";"";"";"";"3.8"
"CHEMBL2371917";"";"None";"402.50";"0";"0.39";"8";"NCCCC[C@H](NC(=O)[C@@H]1Cc2ccccc2CN1)C(=O)N1CCC[C@H]1C(=O)O";"Inhibition";"'='";"19.43";"%";"";"";"";"UO_0000187";"";"";"";"";"0";"CHEMBL861823";"Inhibition of ACE in bovine kidney";"B";"BAO_0000221";"tissue-based format";"Bos taurus";"CHEMBL3638241";"Kidney";"None";"None";"";"";"";"CHEMBL1808";"Angiotensin-converting enzyme";"Homo sapiens";"SINGLE PROTEIN";"CHEMBL1146940";"1";"Scientific Literature";"Bioorg Med Chem Lett";"2006";"None";"";"";"";"19.43"
"CHEMBL378864";"";"None";"429.52";"0";"0.60";"10";"CN[C@@H](Cc1c[nH]c2ccccc12)C(=O)N[C@@H](CCCN)C(=O)N1CCC[C@H]1C(=O)O";"IC50";"'='";"10000.0";"nM";"5.00";"";"";"UO_0000065";"11.64";"0.22";"4.40";"3.56";"0";"CHEMBL861823";"Inhibition of ACE in bovine kidney";"B";"BAO_0000221";"tissue-based format";"Bos taurus";"CHEMBL3638241";"Kidney";"None";"None";"";"";"";"CHEMBL1808";"Angiotensin-converting enzyme";"Homo sapiens";"SINGLE PROTEIN";"CHEMBL1146940";"1";"Scientific Literature";"Bioorg Med Chem Lett";"2006";"None";"";"";"";"10.0"
"CHEMBL54677";"";"None";"523.68";"2";"3.46";"6";"CC(C)[C@@H](O)C[C@H](O)[C@H](CC1CCCCC1)NC(=O)[C@H](Cc1c[nH]cn1)NC(=O)c1cc2ccccc2[nH]1";"IC50";"'>'";"100000.0";"nM";"";"";"";"UO_0000065";"";"";"";"";"0";"CHEMBL648690";"Inhibitory activity against ACE human, expressed as IC50";"B";"BAO_0000357";"single protein format";"None";"None";"None";"None";"None";"";"";"";"CHEMBL1808";"Angiotensin-converting enzyme";"Homo sapiens";"SINGLE PROTEIN";"CHEMBL1130485";"1";"Scientific Literature";"Bioorg Med Chem Lett";"1997";"None";"";"";"";"100000.0"
"CHEMBL458237";"";"None";"391.54";"0";"1.46";"11u";"C[C@H](CS)C(=O)N[C@@H](CSCc1ccc(S(C)(=O)=O)cc1)C(=O)O";"IC50";"'='";"300.0";"nM";"6.52";"";"";"UO_0000065";"16.66";"0.37";"5.06";"6.49";"0";"CHEMBL1013488";"Inhibition of angiotensin-converting enzyme in whole blood by HPLC";"B";"BAO_0000221";"tissue-based format";"None";"CHEMBL3638178";"Blood";"None";"None";"";"";"";"CHEMBL1808";"Angiotensin-converting enzyme";"Homo sapiens";"SINGLE PROTEIN";"CHEMBL1154514";"1";"Scientific Literature";"Bioorg Med Chem Lett";"2009";"None";"";"";"";"300.0"
"CHEMBL458238";"";"None";"369.55";"0";"3.74";"16a";"CC(C)c1ccc(C(C)SC[C@H](NC(=O)[C@H](C)CS)C(=O)O)cc1";"IC50";"'='";"200.0";"nM";"6.70";"";"";"UO_0000065";"18.13";"0.38";"2.96";"10.09";"0";"CHEMBL1013488";"Inhibition of angiotensin-converting enzyme in whole blood by HPLC";"B";"BAO_0000221";"tissue-based format";"None";"CHEMBL3638178";"Blood";"None";"None";"";"";"";"CHEMBL1808";"Angiotensin-converting enzyme";"Homo sapiens";"SINGLE PROTEIN";"CHEMBL1154514";"1";"Scientific Literature";"Bioorg Med Chem Lett";"2009";"None";"";"";"";"200.0"
"CHEMBL458447";"";"None";"383.58";"0";"4.13";"16b";"CCC(SC[C@H](NC(=O)[C@H](C)CS)C(=O)O)c1ccc(C(C)C)cc1";"IC50";"'='";"340.0";"nM";"6.47";"";"";"UO_0000065";"16.86";"0.35";"2.34";"9.74";"0";"CHEMBL1013488";"Inhibition of angiotensin-converting enzyme in whole blood by HPLC";"B";"BAO_0000221";"tissue-based format";"None";"CHEMBL3638178";"Blood";"None";"None";"";"";"";"CHEMBL1808";"Angiotensin-converting enzyme";"Homo sapiens";"SINGLE PROTEIN";"CHEMBL1154514";"1";"Scientific Literature";"Bioorg Med Chem Lett";"2009";"None";"";"";"";"340.0"
"CHEMBL458450";"";"None";"397.61";"0";"4.52";"16c";"CCCC(SC[C@H](NC(=O)[C@H](C)CS)C(=O)O)c1ccc(C(C)C)cc1";"IC50";"'='";"420.0";"nM";"6.38";"";"";"UO_0000065";"16.04";"0.33";"1.86";"9.60";"0";"CHEMBL1013488";"Inhibition of angiotensin-converting enzyme in whole blood by HPLC";"B";"BAO_0000221";"tissue-based format";"None";"CHEMBL3638178";"Blood";"None";"None";"";"";"";"CHEMBL1808";"Angiotensin-converting enzyme";"Homo sapiens";"SINGLE PROTEIN";"CHEMBL1154514";"1";"Scientific Literature";"Bioorg Med Chem Lett";"2009";"None";"";"";"";"420.0"
"CHEMBL5177969";"";"None";"414.41";"0";"1.26";"362";"CC(=O)C[C@]1(O)C(=O)C2=C3O[C@H](C)C(C)(C)[C@]3(O)C(=O)c3c(C)cc(O)c(c32)C1=O";"IC50";"'='";"11280.0";"nM";"4.95";"";"";"UO_0000065";"11.94";"0.23";"3.69";"3.58";"0";"CHEMBL5108704";"Inhibition of ACE (unknown origin) using hippuryl-histidyl-leucine as substrate pre-incubated with compound for 10 mins followed by substrate addition measured after 60 mins by HPLC analysis";"B";"BAO_0000357";"single protein format";"Homo sapiens";"None";"None";"None";"None";"";"";"";"CHEMBL1808";"Angiotensin-converting enzyme";"Homo sapiens";"SINGLE PROTEIN";"CHEMBL5107956";"1";"Scientific Literature";"Eur J Med Chem";"2022";"None";"TIME = 1.167 hr";"INHIBITOR";"";"11.28"
"CHEMBL431";"SPIRAPRIL";"4.0";"466.63";"0";"2.39";"5 (Spirapiril)";"CCOC(=O)[C@H](CCc1ccccc1)N[C@@H](C)C(=O)N1CC2(C[C@H]1C(=O)O)SCCS2";"MIC";"'='";"0.3";"mg kg-1";"";"";"";"UO_0000308";"";"";"";"";"0";"CHEMBL648699";"Compound was tested for inhibitory activity against Angiotensin I converting enzyme when administered intraperitoneally to anesthetized dogs";"B";"BAO_0000357";"single protein format";"Canis lupus familiaris";"None";"None";"None";"None";"";"";"";"CHEMBL1808";"Angiotensin-converting enzyme";"Homo sapiens";"SINGLE PROTEIN";"CHEMBL1124532";"1";"Scientific Literature";"J Med Chem";"1989";"None";"";"";"";"0.3"
"CHEMBL177394";"";"None";"436.51";"0";"2.54";"2";"COC(=O)[C@@H]1CCCN1C(=O)CCC(=O)C(Cc1ccccc1)NC(=O)c1ccccc1";"IC50";"'='";"82.0";"nM";"7.09";"";"";"UO_0000065";"16.23";"0.30";"4.55";"7.64";"0";"CHEMBL648346";"Concentration required to inhibit the activity of Angiotensin I converting enzyme by 50%";"B";"BAO_0000224";"protein format";"Cavia porcellus";"None";"None";"None";"None";"";"";"";"CHEMBL1808";"Angiotensin-converting enzyme";"Homo sapiens";"SINGLE PROTEIN";"CHEMBL1121683";"1";"Scientific Literature";"J Med Chem";"1981";"None";"";"";"";"8.2E-8"
"CHEMBL212711";"";"None";"494.59";"1";"2.45";"5b";"NCCCC[C@H](N[C@H](CCc1ccccc1)C(=O)O)C(=O)N[C@@H](Cc1c[nH]c2ccccc12)C(=O)O";"Ki";"'='";"26300.0";"nM";"4.58";"";"";"UO_0000065";"9.26";"0.17";"2.13";"2.91";"0";"CHEMBL866171";"Inhibition of testis ACE C domain";"B";"BAO_0000357";"single protein format";"Homo sapiens";"None";"None";"None";"None";"";"";"";"CHEMBL1808";"Angiotensin-converting enzyme";"Homo sapiens";"SINGLE PROTEIN";"CHEMBL1149517";"1";"Scientific Literature";"Bioorg Med Chem Lett";"2006";"None";"";"";"";"26.3"
"CHEMBL91218";"";"None";"406.38";"0";"1.58";"1";"C[C@H](NCP(=O)(O)O)C(=O)N[C@@H](Cc1ccc(-c2ccccc2)cc1)C(=O)O";"IC50";"'='";"660.0";"nM";"6.18";"";"";"UO_0000065";"15.21";"0.30";"4.60";"4.55";"0";"CHEMBL876577";"In vitro inhibitory concentration against angiotensin-converting enzyme";"B";"BAO_0000224";"protein format";"None";"None";"None";"None";"None";"";"";"";"CHEMBL1808";"Angiotensin-converting enzyme";"Homo sapiens";"SINGLE PROTEIN";"CHEMBL1150039";"1";"Scientific Literature";"Bioorg Med Chem Lett";"1994";"None";"";"";"";"660.0"
"CHEMBL56923";"";"None";"317.39";"0";"1.65";"IW";"CC[C@H](C)[C@H](N)C(=O)N[C@@H](Cc1c[nH]c2ccccc12)C(=O)O";"IC50";"'='";"1995.26";"nM";"5.70";"";"";"UO_0000065";"17.96";"0.34";"4.05";"5.27";"0";"CHEMBL858254";"Biological activity was measured against Angiotensin I converting enzyme";"B";"BAO_0000357";"single protein format";"None";"None";"None";"None";"None";"";"";"";"CHEMBL1808";"Angiotensin-converting enzyme";"Homo sapiens";"SINGLE PROTEIN";"CHEMBL1128468";"1";"Scientific Literature";"J Med Chem";"1995";"None";"";"";"";"5.7"
"CHEMBL327588";"";"None";"261.28";"0";"0.24";"WG";"N[C@@H](Cc1c[nH]c2ccccc12)C(=O)NCC(=O)O";"IC50";"'='";"5888436.55";"nM";"";"Outside typical range";"";"UO_0000065";"";"";"";"";"0";"CHEMBL858254";"Biological activity was measured against Angiotensin I converting enzyme";"B";"BAO_0000357";"single protein format";"None";"None";"None";"None";"None";"";"";"";"CHEMBL1808";"Angiotensin-converting enzyme";"Homo sapiens";"SINGLE PROTEIN";"CHEMBL1128468";"1";"Scientific Literature";"J Med Chem";"1995";"None";"";"";"";"2.23"
"CHEMBL368640";"";"None";"421.50";"0";"1.85";"3";"NC(=O)[C@@H]1CCCN1C(=O)CCC(=O)C(Cc1ccccc1)NC(=O)c1ccccc1";"IC50";"'='";"150.0";"nM";"6.82";"";"";"UO_0000065";"16.19";"0.30";"4.97";"6.23";"0";"CHEMBL648346";"Concentration required to inhibit the activity of Angiotensin I converting enzyme by 50%";"B";"BAO_0000224";"protein format";"Cavia porcellus";"None";"None";"None";"None";"";"";"";"CHEMBL1808";"Angiotensin-converting enzyme";"Homo sapiens";"SINGLE PROTEIN";"CHEMBL1121683";"1";"Scientific Literature";"J Med Chem";"1981";"None";"";"";"";"1.5E-7"
"CHEMBL215163";"";"None";"507.59";"1";"3.77";"20";"CC(C)(C)OC(=O)N[C@@H](Cc1ccccc1)C(=O)CCC(=O)N[C@@H](Cc1c[nH]c2ccccc12)C(=O)O";"Ki";"'='";"13300.0";"nM";"4.88";"";"";"UO_0000065";"9.61";"0.18";"1.11";"3.54";"0";"CHEMBL869865";"Inhibition of recombinant ACE N domain";"B";"BAO_0000357";"single protein format";"Homo sapiens";"None";"None";"None";"None";"";"";"";"CHEMBL1808";"Angiotensin-converting enzyme";"Homo sapiens";"SINGLE PROTEIN";"CHEMBL1149521";"1";"Scientific Literature";"Bioorg Med Chem Lett";"2006";"None";"";"";"";"13.3"
"CHEMBL5416410";"DASATINIB";"4.0";"506.03";"0";"3.31";"DASATINIB";"Cc1nc(Nc2ncc(C(=O)Nc3c(C)cccc3Cl)s2)cc(N2CCN(CCO)CC2)n1.O";"Inhibition";"";"";"%";"";"";"Dose-dependent effect";"UO_0000187";"";"";"";"";"0";"CHEMBL3088740";"Inhibition of ACE (unknown origin) assessed as 3-Hydroxybutyril-glycil-glycil-glycine conversion to 3-hydroxybutyric acid after 60 mins by WST assay";"B";"BAO_0000357";"single protein format";"Homo sapiens";"None";"None";"None";"None";"";"";"";"CHEMBL1808";"Angiotensin-converting enzyme";"Homo sapiens";"SINGLE PROTEIN";"CHEMBL3085742";"1";"Scientific Literature";"J Med Chem";"2013";"None";"";"";"";""
"CHEMBL84969";"";"None";"329.44";"0";"1.26";"BB-3554";"CCCCC(CN(O)C=O)C(=O)N[C@H](C(=O)N(C)C)C(C)(C)C";"IC50";"";"";"nM";"";"";"Not Determined";"UO_0000065";"";"";"";"";"0";"CHEMBL645456";"Compound was tested for its inhibitory activity against Angiotensin I converting enzyme; ND=Not determined";"B";"BAO_0000357";"single protein format";"None";"None";"None";"None";"None";"";"";"";"CHEMBL1808";"Angiotensin-converting enzyme";"Homo sapiens";"SINGLE PROTEIN";"CHEMBL1133973";"1";"Scientific Literature";"Bioorg Med Chem Lett";"2001";"None";"";"";"";""
"CHEMBL310841";"";"None";"458.45";"0";"2.37";"24";"O=C(NC(Cc1ccccc1)CP(=O)(O)CC(=O)N1CCC[C@H]1C(=O)O)c1ccccc1";"IC50";"'='";"10.0";"nM";"8.00";"";"";"UO_0000065";"";"";"";"";"0";"CHEMBL648337";"Inhibitory activity against angiotensin converting enzyme (ACE)";"F";"BAO_0000019";"assay format";"None";"None";"None";"None";"None";"";"";"";"CHEMBL1808";"Angiotensin-converting enzyme";"Homo sapiens";"SINGLE PROTEIN";"CHEMBL1126767";"1";"Scientific Literature";"J Med Chem";"1993";"None";"";"";"";"8.0"
"CHEMBL463520";"";"None";"389.54";"0";"3.72";"11k";"C[C@H](CS)C(=O)N[C@@H](CSCc1ccc(-c2ccccc2)cc1)C(=O)O";"IC50";"'='";"280.0";"nM";"6.55";"";"";"UO_0000065";"16.82";"0.34";"2.83";"9.87";"0";"CHEMBL1013488";"Inhibition of angiotensin-converting enzyme in whole blood by HPLC";"B";"BAO_0000221";"tissue-based format";"None";"CHEMBL3638178";"Blood";"None";"None";"";"";"";"CHEMBL1808";"Angiotensin-converting enzyme";"Homo sapiens";"SINGLE PROTEIN";"CHEMBL1154514";"1";"Scientific Literature";"Bioorg Med Chem Lett";"2009";"None";"";"";"";"280.0"
"CHEMBL55613";"";"None";"363.52";"0";"3.66";"24";"CCC(C)C(CC(S)Cc1ccccc1)C(=O)N1CCCC1C(=O)O";"IC50";"'='";"2800.0";"nM";"5.55";"";"";"UO_0000065";"15.28";"0.30";"1.89";"9.64";"0";"CHEMBL884037";"Tested for inhibitory potency against Angiotensin I Converting Enzyme";"B";"BAO_0000357";"single protein format";"None";"None";"None";"None";"None";"";"";"";"CHEMBL1808";"Angiotensin-converting enzyme";"Homo sapiens";"SINGLE PROTEIN";"CHEMBL1127546";"1";"Scientific Literature";"J Med Chem";"1994";"None";"";"";"";"2.8"
"CHEMBL2296619";"";"None";"408.51";"0";"1.66";"3f";"OCCOCCN1CCN(Cc2ccc(-c3ccccc3-c3nnn[nH]3)cc2)CC1";"Inhibition";"";"";"%";"";"";"";"UO_0000187";"";"";"";"";"0";"CHEMBL3071359";"Inhibition of ACE (unknown origin) using Hippuryl-His-Leu as substrate at 1 to 10 ug incubated for 10 min prior to substrate addition measured after 45 min by spectrophotometric analysis relative to control";"B";"BAO_0000357";"single protein format";"Homo sapiens";"None";"None";"None";"None";"";"";"";"CHEMBL1808";"Angiotensin-converting enzyme";"Homo sapiens";"SINGLE PROTEIN";"CHEMBL3045976";"1";"Scientific Literature";"Med Chem Res";"2013";"None";"";"";"Not active";""
"CHEMBL2296615";"";"None";"302.34";"0";"2.78";"3b";"c1ccc(-c2nnn[nH]2)c(-c2ccc(Cn3ccnc3)cc2)c1";"Inhibition";"'='";"80.0";"%";"";"";"";"UO_0000187";"";"";"";"";"0";"CHEMBL3071360";"Inhibition of ACE (unknown origin) using Hippuryl-His-Leu as substrate at 10 ug incubated for 10 min prior to substrate addition measured after 45 min by spectrophotometric analysis relative to control";"B";"BAO_0000357";"single protein format";"Homo sapiens";"None";"None";"None";"None";"";"";"";"CHEMBL1808";"Angiotensin-converting enzyme";"Homo sapiens";"SINGLE PROTEIN";"CHEMBL3045976";"1";"Scientific Literature";"Med Chem Res";"2013";"None";"";"";"";"80.0"
"CHEMBL91090";"";"None";"294.35";"0";"0.88";"4 (table-2)";"CC[C@H](C)[C@H](N)C(=O)N[C@@H](Cc1ccc(O)cc1)C(=O)O";"IC50";"'='";"3700.0";"nM";"5.43";"";"";"UO_0000065";"18.45";"0.35";"4.55";"4.82";"0";"CHEMBL644708";"Inhibition against ACE.";"B";"BAO_0000357";"single protein format";"None";"None";"None";"None";"None";"";"";"";"CHEMBL1808";"Angiotensin-converting enzyme";"Homo sapiens";"SINGLE PROTEIN";"CHEMBL1127412";"1";"Scientific Literature";"J Med Chem";"1994";"None";"";"";"";"3700.0"
"CHEMBL5307400";"";"None";"380.38";"0";"1.89";"EUB0002188";"CCn1c(=O)c(C)cn(Cc2nnc(-c3ccc(F)c(O)c3F)s2)c1=O";"% Ctrl";"'='";"99.0";"%";"";"";"Not Active";"UO_0000187";"";"";"";"";"0";"CHEMBL5303933";"ACE(HU_AMTCH400) Eurofins SafetyScreen44 (BI)";"B";"BAO_0000357";"single protein format";"Homo sapiens";"None";"None";"None";"None";"Assay technology: Photometry | Assay type: biochemical | Method: Acetylcholinesterase ACE (human, AMTCh 400 uM) at CEREP";"";"";"CHEMBL1808";"Angiotensin-converting enzyme";"Homo sapiens";"SINGLE PROTEIN";"CHEMBL5303761";"54";"SGC Frankfurt - Donated Chemical Probes";"";"2023";"None";"Compound concentration = 10.0 uM";"";"";"99.0"
"CHEMBL383507";"";"None";"382.49";"0";"-0.08";"14";"NCCC[C@H](NC(=O)[C@@H](N)Cc1ccsc1)C(=O)N1CCC[C@H]1C(=O)O";"Inhibition";"'='";"74.68";"%";"";"";"";"UO_0000187";"";"";"";"";"0";"CHEMBL861823";"Inhibition of ACE in bovine kidney";"B";"BAO_0000221";"tissue-based format";"Bos taurus";"CHEMBL3638241";"Kidney";"None";"None";"";"";"";"CHEMBL1808";"Angiotensin-converting enzyme";"Homo sapiens";"SINGLE PROTEIN";"CHEMBL1146940";"1";"Scientific Literature";"Bioorg Med Chem Lett";"2006";"None";"";"";"";"74.68"
"CHEMBL204944";"";"None";"401.47";"0";"0.79";"20";"NCCC[C@H](NC(=O)CCc1nc2ccccc2[nH]1)C(=O)N1CCC[C@H]1C(=O)O";"IC50";"'='";"10000.0";"nM";"5.00";"";"";"UO_0000065";"12.45";"0.24";"4.21";"3.54";"0";"CHEMBL861823";"Inhibition of ACE in bovine kidney";"B";"BAO_0000221";"tissue-based format";"Bos taurus";"CHEMBL3638241";"Kidney";"None";"None";"";"";"";"CHEMBL1808";"Angiotensin-converting enzyme";"Homo sapiens";"SINGLE PROTEIN";"CHEMBL1146940";"1";"Scientific Literature";"Bioorg Med Chem Lett";"2006";"None";"";"";"";"10.0"
"CHEMBL381557";"";"None";"431.49";"1";"0.04";"11";"NCCC[C@H](NC(=O)[C@@H](N)Cc1c[nH]c2ccc(O)cc12)C(=O)N1CCC[C@H]1C(=O)O";"Inhibition";"'='";"68.8";"%";"";"";"";"UO_0000187";"";"";"";"";"0";"CHEMBL861823";"Inhibition of ACE in bovine kidney";"B";"BAO_0000221";"tissue-based format";"Bos taurus";"CHEMBL3638241";"Kidney";"None";"None";"";"";"";"CHEMBL1808";"Angiotensin-converting enzyme";"Homo sapiens";"SINGLE PROTEIN";"CHEMBL1146940";"1";"Scientific Literature";"Bioorg Med Chem Lett";"2006";"None";"";"";"";"68.8"
"CHEMBL205442";"";"None";"404.51";"0";"0.64";"3";"NCCCC[C@H](NC(=O)C[C@@H](N)Cc1ccccc1)C(=O)N1CCC[C@H]1C(=O)O";"Inhibition";"'='";"22.63";"%";"";"";"";"UO_0000187";"";"";"";"";"0";"CHEMBL861823";"Inhibition of ACE in bovine kidney";"B";"BAO_0000221";"tissue-based format";"Bos taurus";"CHEMBL3638241";"Kidney";"None";"None";"";"";"";"CHEMBL1808";"Angiotensin-converting enzyme";"Homo sapiens";"SINGLE PROTEIN";"CHEMBL1146940";"1";"Scientific Literature";"Bioorg Med Chem Lett";"2006";"None";"";"";"";"22.63"
"CHEMBL4217988";"";"None";"719.82";"2";"7.23";"5; PF-06456384";"N#Cc1cc(S(=O)(=O)Nc2ncns2)ccc1Oc1ccc(-c2cccc(C(F)(F)F)c2)cc1-c1ccnc(CNCCC2CCNCC2)c1";"Inhibition";"'='";"-8.0";"%";"";"";"";"UO_0000187";"";"";"";"";"0";"CHEMBL4179756";"Inhibition of ACE (unknown origin) at 10 uM by radioligand binding assay relative to control";"B";"BAO_0000357";"single protein format";"Homo sapiens";"None";"None";"None";"None";"";"";"";"CHEMBL1808";"Angiotensin-converting enzyme";"Homo sapiens";"SINGLE PROTEIN";"CHEMBL4177603";"1";"Scientific Literature";"Bioorg Med Chem Lett";"2017";"None";"";"";"";"-8.0"
"CHEMBL128399";"";"None";"333.39";"0";"0.14";"5 (table-2)";"C[C@H](NC(=O)[C@@H](N)Cc1ccccc1)C(=O)N1CCC[C@@H]1C(=O)O";"IC50";"'='";"4200.0";"nM";"5.38";"";"";"UO_0000065";"16.13";"0.31";"5.24";"4.77";"0";"CHEMBL644708";"Inhibition against ACE.";"B";"BAO_0000357";"single protein format";"None";"None";"None";"None";"None";"";"";"";"CHEMBL1808";"Angiotensin-converting enzyme";"Homo sapiens";"SINGLE PROTEIN";"CHEMBL1127412";"1";"Scientific Literature";"J Med Chem";"1994";"None";"";"";"";"4200.0"
"CHEMBL54477";"";"None";"371.50";"0";"3.37";"20";"O=C(O)CCNC(=O)C(Cc1ccccc1)CC(S)Cc1ccccc1";"IC50";"'='";"3500.0";"nM";"5.46";"";"";"UO_0000065";"14.69";"0.29";"2.09";"8.22";"0";"CHEMBL646968";"Tested for inhibitory potency against Angiotensin I Converting Enzyme";"B";"BAO_0000357";"single protein format";"None";"None";"None";"None";"None";"";"";"";"CHEMBL1808";"Angiotensin-converting enzyme";"Homo sapiens";"SINGLE PROTEIN";"CHEMBL1127546";"1";"Scientific Literature";"J Med Chem";"1994";"None";"";"";"";"3.5"
"CHEMBL176729";"";"None";"526.63";"1";"4.42";"19";"Cc1ccccc1C(=O)NC(Cc1ccccc1)C(=O)CCC(=O)N1CCC[C@H]1C(=O)OCc1ccccc1";"IC50";"'='";"1600.0";"nM";"5.80";"";"";"UO_0000065";"11.01";"0.20";"1.38";"6.25";"0";"CHEMBL648346";"Concentration required to inhibit the activity of Angiotensin I converting enzyme by 50%";"B";"BAO_0000224";"protein format";"Cavia porcellus";"None";"None";"None";"None";"";"";"";"CHEMBL1808";"Angiotensin-converting enzyme";"Homo sapiens";"SINGLE PROTEIN";"CHEMBL1121683";"1";"Scientific Literature";"J Med Chem";"1981";"None";"";"";"";"0.0000016"
"CHEMBL485818";"BAICALIN";"None";"446.36";"1";"0.14";"Baicalin";"O=C(O)[C@H]1O[C@@H](Oc2cc3oc(-c4ccccc4)cc(=O)c3c(O)c2O)[C@H](O)[C@@H](O)[C@@H]1O";"IC50";"'='";"2240000.0";"nM";"";"Outside typical range";"";"UO_0000065";"";"";"";"";"0";"CHEMBL5532912";"Inhibition of ACE (unknown origin) using Hippuryo-histidyl-leucine as substrate incubated for 40 mins by absorbance based assay";"B";"BAO_0000357";"single protein format";"Homo sapiens";"None";"None";"None";"None";"";"";"";"CHEMBL1808";"Angiotensin-converting enzyme";"Homo sapiens";"SINGLE PROTEIN";"CHEMBL5532636";"1";"Scientific Literature";"Eur J Med Chem";"2023";"None";"TIME = 0.6667 hr";"INHIBITOR";"";"2.24"
"CHEMBL258130";"";"None";"538.56";"1";"3.70";"7h";"O=C1c2ccccc2-c2ccc(CN(C[C@H](O)C(=O)O)C(=O)N[C@@H](Cc3ccc4ccccc4c3)C(=O)O)cc21";"IC50";"'='";"39.0";"nM";"7.41";"";"";"UO_0000065";"13.76";"0.25";"3.71";"5.14";"0";"CHEMBL930672";"Inhibition of ACE";"B";"BAO_0000357";"single protein format";"None";"None";"None";"None";"None";"";"";"";"CHEMBL1808";"Angiotensin-converting enzyme";"Homo sapiens";"SINGLE PROTEIN";"CHEMBL1143110";"1";"Scientific Literature";"Bioorg Med Chem Lett";"2008";"None";"";"";"";"39.0"
"CHEMBL409720";"";"None";"428.49";"0";"2.46";"7c";"CC(C)CN(C[C@H](O)C(=O)O)C(=O)N[C@@H](Cc1ccc(-c2ccccc2)cc1)C(=O)O";"IC50";"'='";"35.0";"nM";"7.46";"";"";"UO_0000065";"17.40";"0.33";"5.00";"5.86";"0";"CHEMBL930672";"Inhibition of ACE";"B";"BAO_0000357";"single protein format";"None";"None";"None";"None";"None";"";"";"";"CHEMBL1808";"Angiotensin-converting enzyme";"Homo sapiens";"SINGLE PROTEIN";"CHEMBL1143110";"1";"Scientific Literature";"Bioorg Med Chem Lett";"2008";"None";"";"";"";"35.0"
"CHEMBL342373";"";"None";"414.42";"0";"-1.25";"34";"CC(NC(C(=O)O)C1CCCN1C(=O)NCC(=O)O)C(=O)N1CCCC1C(=O)O";"IC50";"'='";"6.0";"nM";"8.22";"";"";"UO_0000065";"19.84";"0.39";"9.47";"4.66";"0";"CHEMBL645287";"In vitro inhibitory activity against Angiotensin I converting enzyme";"B";"BAO_0000357";"single protein format";"None";"None";"None";"None";"None";"";"";"";"CHEMBL1808";"Angiotensin-converting enzyme";"Homo sapiens";"SINGLE PROTEIN";"CHEMBL1122972";"1";"Scientific Literature";"J Med Chem";"1985";"None";"";"";"";"6.0"
"CHEMBL57201";"";"None";"321.40";"0";"2.11";"47";"CC(=O)SCC(C)C(=O)N1CCc2ccccc2C1C(=O)O";"IC50";"'>'";"100000.0";"nM";"";"";"";"UO_0000065";"";"";"";"";"0";"CHEMBL648350";"Inhibition of guinea pig angiotensin I converting enzyme";"B";"BAO_0000357";"single protein format";"Cavia porcellus";"None";"None";"None";"None";"";"";"";"CHEMBL1808";"Angiotensin-converting enzyme";"Homo sapiens";"SINGLE PROTEIN";"CHEMBL1123237";"1";"Scientific Literature";"J Med Chem";"1986";"None";"";"";"";"100.0"
"CHEMBL1560";"CAPTOPRIL";"4.0";"217.29";"0";"0.63";"captopril";"C[C@H](CS)C(=O)N1CCC[C@H]1C(=O)O";"IC50";"'='";"0.63";"nM";"9.20";"";"";"UO_0000065";"42.34";"0.90";"8.57";"15.97";"0";"CHEMBL984778";"Inhibition of human ACE";"B";"BAO_0000357";"single protein format";"Homo sapiens";"None";"None";"None";"None";"";"";"";"CHEMBL1808";"Angiotensin-converting enzyme";"Homo sapiens";"SINGLE PROTEIN";"CHEMBL1155111";"1";"Scientific Literature";"J Med Chem";"2008";"None";"";"";"";"0.00063"
"CHEMBL78074";"";"None";"177.22";"0";"-0.15";"40";"CN(CC(=O)O)C(=O)CCS";"IC50";"'='";"3019.95";"nM";"5.52";"";"";"UO_0000065";"";"";"";"";"0";"CHEMBL648337";"Inhibitory activity against angiotensin converting enzyme (ACE)";"F";"BAO_0000019";"assay format";"None";"None";"None";"None";"None";"";"";"";"CHEMBL1808";"Angiotensin-converting enzyme";"Homo sapiens";"SINGLE PROTEIN";"CHEMBL1126767";"1";"Scientific Literature";"J Med Chem";"1993";"None";"";"";"";"5.52"
"CHEMBL1560";"CAPTOPRIL";"4.0";"217.29";"0";"0.63";"79 (Captopril)";"C[C@H](CS)C(=O)N1CCC[C@H]1C(=O)O";"IC50";"'='";"23.0";"nM";"7.64";"";"";"UO_0000065";"35.15";"0.75";"7.01";"13.26";"1";"CHEMBL881232";"Inhibitory concentration against angiotensin I converting enzyme";"B";"BAO_0000357";"single protein format";"Homo sapiens";"None";"None";"None";"None";"";"";"";"CHEMBL1808";"Angiotensin-converting enzyme";"Homo sapiens";"SINGLE PROTEIN";"CHEMBL1140446";"1";"Scientific Literature";"J Med Chem";"2005";"None";"";"";"";"23.0"
"CHEMBL579";"SPIRAPRILAT";"2.0";"438.57";"0";"1.91";"25 (Spiraprilat)";"C[C@H](N[C@@H](CCc1ccccc1)C(=O)O)C(=O)N1CC2(C[C@H]1C(=O)O)SCCS2";"IC50";"'='";"0.8";"nM";"9.10";"";"";"UO_0000065";"20.74";"0.43";"7.19";"8.51";"0";"CHEMBL645288";"Compound tested in vitro for inhibition of Angiotensin I converting enzyme";"B";"BAO_0000357";"single protein format";"None";"None";"None";"None";"None";"";"";"";"CHEMBL1808";"Angiotensin-converting enzyme";"Homo sapiens";"SINGLE PROTEIN";"CHEMBL1124532";"1";"Scientific Literature";"J Med Chem";"1989";"None";"";"";"";"0.8"
"CHEMBL477740";"";"None";"260.20";"0";"1.77";"1, 3,4,6,7-THX";"O=c1c2cc(O)c(O)cc2oc2c(O)c(O)ccc12";"IC50";"'='";"35400.0";"nM";"4.45";"";"";"UO_0000065";"17.11";"0.32";"2.68";"4.01";"0";"CHEMBL964320";"Inhibition of ACE";"B";"BAO_0000357";"single protein format";"None";"None";"None";"None";"None";"";"";"";"CHEMBL1808";"Angiotensin-converting enzyme";"Homo sapiens";"SINGLE PROTEIN";"CHEMBL1159033";"1";"Scientific Literature";"J Nat Prod";"1992";"None";"";"";"";"35.4"
"CHEMBL477921";"";"None";"260.20";"0";"1.77";"3, 3,4,5,6-THX";"O=c1c2ccc(O)c(O)c2oc2c(O)c(O)ccc12";"Inhibition";"'='";"46.17";"%";"";"";"";"UO_0000187";"";"";"";"";"0";"CHEMBL964322";"Inhibition of ACE at 200 uM";"B";"BAO_0000357";"single protein format";"None";"None";"None";"None";"None";"";"";"";"CHEMBL1808";"Angiotensin-converting enzyme";"Homo sapiens";"SINGLE PROTEIN";"CHEMBL1159033";"1";"Scientific Literature";"J Nat Prod";"1992";"None";"";"";"";"46.17"
"CHEMBL1592";"QUINAPRIL";"4.0";"438.52";"0";"2.57";"Quinapril";"CCOC(=O)[C@H](CCc1ccccc1)N[C@@H](C)C(=O)N1Cc2ccccc2C[C@H]1C(=O)O";"IC50";"'='";"8.3";"nM";"8.08";"";"";"UO_0000065";"18.43";"0.34";"5.51";"8.42";"1";"CHEMBL648689";"Inhibitory activity against angiotensin I converting enzyme (ACE)";"B";"BAO_0000357";"single protein format";"None";"None";"None";"None";"None";"";"";"";"CHEMBL1808";"Angiotensin-converting enzyme";"Homo sapiens";"SINGLE PROTEIN";"CHEMBL1133572";"1";"Scientific Literature";"J Med Chem";"2000";"None";"";"";"";"8.3"
"CHEMBL409920";"";"None";"402.45";"0";"1.95";"7b";"CC(C)CN(C[C@H](O)C(=O)O)C(=O)N[C@@H](Cc1cccc2ccccc12)C(=O)O";"IC50";"'='";"110.0";"nM";"6.96";"";"";"UO_0000065";"17.29";"0.33";"5.01";"5.47";"0";"CHEMBL930672";"Inhibition of ACE";"B";"BAO_0000357";"single protein format";"None";"None";"None";"None";"None";"";"";"";"CHEMBL1808";"Angiotensin-converting enzyme";"Homo sapiens";"SINGLE PROTEIN";"CHEMBL1143110";"1";"Scientific Literature";"Bioorg Med Chem Lett";"2008";"None";"";"";"";"110.0"
"CHEMBL5207978";"";"None";"414.41";"0";"1.26";"361";"CC(=O)C[C@@]1(O)C(=O)C2=C3O[C@H](C)C(C)(C)[C@]3(O)C(=O)c3c(C)cc(O)c(c32)C1=O";"IC50";"'='";"3100.0";"nM";"5.51";"";"";"UO_0000065";"13.29";"0.25";"4.25";"3.99";"0";"CHEMBL5108704";"Inhibition of ACE (unknown origin) using hippuryl-histidyl-leucine as substrate pre-incubated with compound for 10 mins followed by substrate addition measured after 60 mins by HPLC analysis";"B";"BAO_0000357";"single protein format";"Homo sapiens";"None";"None";"None";"None";"";"";"";"CHEMBL1808";"Angiotensin-converting enzyme";"Homo sapiens";"SINGLE PROTEIN";"CHEMBL5107956";"1";"Scientific Literature";"Eur J Med Chem";"2022";"None";"TIME = 1.167 hr";"INHIBITOR";"";"3.1"
"CHEMBL477921";"";"None";"260.20";"0";"1.77";"3, 3,4,5,6-THX";"O=c1c2ccc(O)c(O)c2oc2c(O)c(O)ccc12";"Inhibition";"'='";"34.28";"%";"";"";"";"UO_0000187";"";"";"";"";"0";"CHEMBL964321";"Inhibition of ACE at 100 uM";"B";"BAO_0000357";"single protein format";"None";"None";"None";"None";"None";"";"";"";"CHEMBL1808";"Angiotensin-converting enzyme";"Homo sapiens";"SINGLE PROTEIN";"CHEMBL1159033";"1";"Scientific Literature";"J Nat Prod";"1992";"None";"";"";"";"34.28"
"CHEMBL10247";"THIORPHAN";"-1.0";"253.32";"0";"0.98";"121 (Thiorphan)";"O=C(O)CNC(=O)C(CS)Cc1ccccc1";"IC50";"'='";"860.0";"nM";"6.07";"";"";"UO_0000065";"23.94";"0.49";"5.09";"9.13";"0";"CHEMBL648689";"Inhibitory activity against angiotensin I converting enzyme (ACE)";"B";"BAO_0000357";"single protein format";"None";"None";"None";"None";"None";"";"";"";"CHEMBL1808";"Angiotensin-converting enzyme";"Homo sapiens";"SINGLE PROTEIN";"CHEMBL1133572";"1";"Scientific Literature";"J Med Chem";"2000";"None";"";"";"";"860.0"
"CHEMBL187265";"";"None";"260.20";"0";"1.77";"4, 1,3,6,7-THX";"O=c1c2cc(O)c(O)cc2oc2cc(O)cc(O)c12";"IC50";"'='";"530800.0";"nM";"";"Outside typical range";"";"UO_0000065";"";"";"";"";"0";"CHEMBL964320";"Inhibition of ACE";"B";"BAO_0000357";"single protein format";"None";"None";"None";"None";"None";"";"";"";"CHEMBL1808";"Angiotensin-converting enzyme";"Homo sapiens";"SINGLE PROTEIN";"CHEMBL1159033";"1";"Scientific Literature";"J Nat Prod";"1992";"None";"";"";"";"530.8"
"CHEMBL477921";"";"None";"260.20";"0";"1.77";"3, 3,4,5,6-THX";"O=c1c2ccc(O)c(O)c2oc2c(O)c(O)ccc12";"IC50";"'='";"238500.0";"nM";"";"Outside typical range";"";"UO_0000065";"";"";"";"";"0";"CHEMBL964320";"Inhibition of ACE";"B";"BAO_0000357";"single protein format";"None";"None";"None";"None";"None";"";"";"";"CHEMBL1808";"Angiotensin-converting enzyme";"Homo sapiens";"SINGLE PROTEIN";"CHEMBL1159033";"1";"Scientific Literature";"J Nat Prod";"1992";"None";"";"";"";"238.5"
"CHEMBL3414814";"";"None";"475.55";"1";"5.45";"9e";"Cc1ccc(-c2nc3ccccc3c(=O)n2CC(O)COc2cccc3[nH]c4ccccc4c23)cc1";"Inhibition";"'='";"100.0";"%";"";"";"";"UO_0000187";"";"";"";"";"0";"CHEMBL3421145";"Inhibition of ACE (unknown origin) at 1 uM using synthetic peptide hippuryl-histidyl-leucine substrate by high-throughput colorimetric screening method relative to lisinopril";"B";"BAO_0000357";"single protein format";"Homo sapiens";"None";"None";"None";"None";"";"";"";"CHEMBL1808";"Angiotensin-converting enzyme";"Homo sapiens";"SINGLE PROTEIN";"CHEMBL3414498";"1";"Scientific Literature";"Eur J Med Chem";"2015";"None";"";"";"";"100.0"
"CHEMBL4533479";"A-1806262";"None";"558.68";"2";"5.81";"EUB0000339";"CCCOc1ccc([C@@H]2[C@@H](C(=O)O)[C@H](c3ccc4c(c3)OCO4)CN2CC(=O)Nc2c(CC)cccc2CC)cc1";"% Inhibition of Control Values (Mean n=2)";"'='";"-13.7";"%";"";"";"";"UO_0000187";"";"";"";"";"0";"CHEMBL4880403";"ACE (h) Eurofins-Cerep enzyme and uptake assay";"B";"BAO_0000357";"single protein format";"Homo sapiens";"None";"None";"None";"None";"Source of protein: human recombinant | Reference compound: captopril | Incubation time: 30 min | Incubation temperature: 37°C | Detection method: Fluorimetry | Measured component: Abz-Phe-Arg | Substrate/Stimulus/Tracer: Abz-FRK(Dnp)-POH (15 µM) | Reference compound EC50 None 0.62 nM | Assay protocol publication: PMID: 20802975";"";"";"CHEMBL1808";"Angiotensin-converting enzyme";"Homo sapiens";"SINGLE PROTEIN";"CHEMBL4507261";"54";"SGC Frankfurt - Donated Chemical Probes";"";"2021";"None";"Compound concentration None 10.0 uM";"";"";"-13.7"
"CHEMBL329894";"";"None";"597.61";"2";"2.65";"24";"CC(C)[C@H](NCP(=O)(O)O)C(=O)N[C@@H](Cc1ccc(-c2ccccc2)cc1)C(=O)N[C@@H](Cc1ccc(O)cc1)C(=O)O";"IC50";"'>'";"1000.0";"nM";"";"";"";"UO_0000065";"";"";"";"";"0";"CHEMBL876577";"In vitro inhibitory concentration against angiotensin-converting enzyme";"B";"BAO_0000224";"protein format";"None";"None";"None";"None";"None";"";"";"";"CHEMBL1808";"Angiotensin-converting enzyme";"Homo sapiens";"SINGLE PROTEIN";"CHEMBL1150039";"1";"Scientific Literature";"Bioorg Med Chem Lett";"1994";"None";"";"";"";"1000.0"
"CHEMBL4166152";"";"None";"479.56";"0";"4.90";"5j";"Cc1ccc(C(=O)N2C(=O)/C(=N\C(=S)NCc3cc4ccccc4cc3O)c3ccccc32)cc1";"IC50";"'='";"24.22";"nM";"7.62";"";"";"UO_0000065";"15.88";"0.30";"2.72";"9.29";"0";"CHEMBL4135397";"Inhibition of ACE (unknown origin) using Hippuryl-L-Histidyl-L-Leucine as substrate after 60 mins by colorimetric method";"B";"BAO_0000357";"single protein format";"Homo sapiens";"None";"None";"None";"None";"";"";"";"CHEMBL1808";"Angiotensin-converting enzyme";"Homo sapiens";"SINGLE PROTEIN";"CHEMBL4130507";"1";"Scientific Literature";"Eur J Med Chem";"2017";"None";"";"";"";"24.22"
"CHEMBL4163798";"";"None";"471.97";"1";"5.74";"5i";"O=C1/C(=N\C(=S)NCc2cc3ccccc3cc2O)c2ccccc2N1c1ccccc1Cl";"Inhibition";"'='";"76.45";"%";"";"";"";"UO_0000187";"";"";"";"";"0";"CHEMBL4135398";"Inhibition of ACE (unknown origin) at IC50 using Hippuryl-L-Histidyl-L-Leucine as substrate after 60 mins by colorimetric method relative to control";"B";"BAO_0000357";"single protein format";"Homo sapiens";"None";"None";"None";"None";"";"";"";"CHEMBL1808";"Angiotensin-converting enzyme";"Homo sapiens";"SINGLE PROTEIN";"CHEMBL4130507";"1";"Scientific Literature";"Eur J Med Chem";"2017";"None";"";"";"";"76.45"
"CHEMBL435360";"";"None";"422.48";"0";"2.45";"1";"O=C(N[C@@H](Cc1ccccc1)C(=O)CCC(=O)N1CCC[C@H]1C(=O)O)c1ccccc1";"IC50";"'='";"3.2";"nM";"8.49";"";"";"UO_0000065";"20.11";"0.37";"6.04";"8.19";"0";"CHEMBL648346";"Concentration required to inhibit the activity of Angiotensin I converting enzyme by 50%";"B";"BAO_0000224";"protein format";"Cavia porcellus";"None";"None";"None";"None";"";"";"";"CHEMBL1808";"Angiotensin-converting enzyme";"Homo sapiens";"SINGLE PROTEIN";"CHEMBL1121683";"1";"Scientific Literature";"J Med Chem";"1981";"None";"";"";"";"3.2E-9"
"CHEMBL131552";"";"None";"437.50";"0";"1.61";"9";"C[C@@H](NC(=O)[C@H](Cc1ccccc1)NC(=O)c1ccccc1)C(=O)N1CCC[C@H]1C(=O)O";"IC50";"'='";"3.2";"nM";"8.49";"";"";"UO_0000065";"19.42";"0.36";"6.88";"7.34";"0";"CHEMBL645285";"Inhibition of Angiotensin I converting enzyme";"B";"BAO_0000357";"single protein format";"None";"None";"None";"None";"None";"";"";"";"CHEMBL1808";"Angiotensin-converting enzyme";"Homo sapiens";"SINGLE PROTEIN";"CHEMBL1122964";"1";"Scientific Literature";"J Med Chem";"1985";"None";"";"";"";"3.2E-9"
"CHEMBL50480";"";"None";"322.39";"0";"0.85";"7c";"C[C@H](S)C(=O)N[C@H]1CCc2ccccc2N(CC(=O)O)C1=O";"IC50";"'='";"24.0";"nM";"7.62";"";"";"UO_0000065";"23.64";"0.47";"6.77";"8.79";"0";"CHEMBL645286";"Inhibition of Angiotensin I converting enzyme";"B";"BAO_0000357";"single protein format";"None";"None";"None";"None";"None";"";"";"";"CHEMBL1808";"Angiotensin-converting enzyme";"Homo sapiens";"SINGLE PROTEIN";"CHEMBL1152108";"1";"Scientific Literature";"Bioorg Med Chem Lett";"1994";"None";"";"";"";"24.0"
"CHEMBL41045";"";"None";"362.43";"0";"1.74";"5y";"CCC[C@H](N[C@H]1CCc2ccccc2N(CC(=O)O)C1=O)C(=O)OCC";"IC50";"";"";"nM";"";"";"Not Determined";"UO_0000065";"";"";"";"";"0";"CHEMBL644701";"In vitro inhibitory activity against Angiotensin I converting enzyme";"B";"BAO_0000357";"single protein format";"None";"None";"None";"None";"None";"";"";"";"CHEMBL1808";"Angiotensin-converting enzyme";"Homo sapiens";"SINGLE PROTEIN";"CHEMBL1122836";"1";"Scientific Literature";"J Med Chem";"1985";"None";"";"";"";""
"CHEMBL322266";"";"None";"392.48";"0";"1.57";"14d";"O=C(O)C(CCc1ccccc1)NC1CCCC2SCC(C(=O)O)N2C1=O";"IC50";"'='";"1.995";"nM";"8.70";"";"";"UO_0000065";"22.17";"0.44";"7.13";"8.14";"0";"CHEMBL646945";"Inhibition of angiotensin I converting enzyme in silico";"B";"BAO_0000357";"single protein format";"None";"None";"None";"None";"None";"";"";"";"CHEMBL1808";"Angiotensin-converting enzyme";"Homo sapiens";"SINGLE PROTEIN";"CHEMBL1130169";"1";"Scientific Literature";"J Med Chem";"1997";"None";"";"";"";"8.7"
"CHEMBL148616";"";"None";"318.40";"0";"2.07";"23";"C[C@H](CS)C(=O)N1Cc2[nH]c3ccccc3c2CC1C(=O)O";"IC50";"'='";"500.0";"nM";"6.30";"";"";"UO_0000065";"19.79";"0.39";"4.23";"8.58";"0";"CHEMBL644707";"Inhibitory concentration required to inhibit Angiotensin I converting enzyme (ACE)";"B";"BAO_0000357";"single protein format";"None";"None";"None";"None";"None";"";"";"";"CHEMBL1808";"Angiotensin-converting enzyme";"Homo sapiens";"SINGLE PROTEIN";"CHEMBL1129939";"1";"Scientific Literature";"J Med Chem";"1997";"None";"";"";"";"500.0"
"CHEMBL325544";"";"None";"258.30";"0";"-0.24";"2d";"O=C(O)C1CCCN2C(=O)CC(CS)C(=O)N12";"IC50";"'='";"125.89";"nM";"6.90";"";"";"UO_0000065";"26.71";"0.55";"7.14";"8.86";"0";"CHEMBL646945";"Inhibition of angiotensin I converting enzyme in silico";"B";"BAO_0000357";"single protein format";"None";"None";"None";"None";"None";"";"";"";"CHEMBL1808";"Angiotensin-converting enzyme";"Homo sapiens";"SINGLE PROTEIN";"CHEMBL1130169";"1";"Scientific Literature";"J Med Chem";"1997";"None";"";"";"";"6.9"
"CHEMBL110870";"";"None";"265.20";"0";"0.13";"7d";"CC(NP(=O)(O)O)C(=O)C1CCCC1C(=O)O";"IC50";"'='";"5.012";"nM";"8.30";"";"";"UO_0000065";"31.30";"0.67";"8.17";"6.70";"0";"CHEMBL646945";"Inhibition of angiotensin I converting enzyme in silico";"B";"BAO_0000357";"single protein format";"None";"None";"None";"None";"None";"";"";"";"CHEMBL1808";"Angiotensin-converting enzyme";"Homo sapiens";"SINGLE PROTEIN";"CHEMBL1130169";"1";"Scientific Literature";"J Med Chem";"1997";"None";"";"";"";"8.3"
"CHEMBL50559";"";"None";"414.48";"0";"1.91";"3h";"C[C@@H]1Oc2ccccc2N(CC(=O)O)C(=O)[C@H]1NC(=O)[C@@H](S)Cc1ccccc1";"IC50";"'='";"36.0";"nM";"7.44";"";"";"UO_0000065";"17.96";"0.35";"5.53";"7.76";"0";"CHEMBL648282";"Tested in vitro for inhibition of Angiotensin converting enzyme (ACE)";"B";"BAO_0000357";"single protein format";"None";"None";"None";"None";"None";"";"";"";"CHEMBL1808";"Angiotensin-converting enzyme";"Homo sapiens";"SINGLE PROTEIN";"CHEMBL1127937";"1";"Scientific Literature";"Bioorg Med Chem Lett";"1994";"None";"";"";"";"36.0"
"CHEMBL430431";"";"None";"453.63";"0";"4.74";"29u";"Cc1ccc(CSC[C@@H](NC(=O)[C@H](CS)Cc2ccc3ccccc3c2)C(=O)O)cc1";"IC50";"'='";"3100.0";"nM";"5.51";"";"";"UO_0000065";"12.14";"0.24";"0.77";"8.30";"0";"CHEMBL648450";"Tested in vitro for its inhibitory activity against neutral endopeptidase (NEP)";"B";"BAO_0000357";"single protein format";"Oryctolagus cuniculus";"None";"None";"None";"None";"";"";"";"CHEMBL1808";"Angiotensin-converting enzyme";"Homo sapiens";"SINGLE PROTEIN";"CHEMBL1127600";"1";"Scientific Literature";"J Med Chem";"1994";"None";"";"";"";"3100.0"
"CHEMBL84966";"";"None";"200.24";"0";"-0.20";"9";"NC1CCCCCN(CC(=O)O)C1=O";"IC50";"'='";"440000.0";"nM";"";"Outside typical range";"";"UO_0000065";"";"";"";"";"0";"CHEMBL644705";"Inhibitory concentration against Angiotensin I converting enzyme";"B";"BAO_0000357";"single protein format";"None";"None";"None";"None";"None";"";"";"";"CHEMBL1808";"Angiotensin-converting enzyme";"Homo sapiens";"SINGLE PROTEIN";"CHEMBL1123398";"1";"Scientific Literature";"J Med Chem";"1986";"None";"";"";"";"0.00044"
"CHEMBL481690";"";"None";"351.45";"0";"4.61";"5";"c1ccc2[nH]c(Oc3ccc(OCCCN4CCCCC4)cc3)nc2c1";"Inhibition";"'<'";"10.0";"%";"";"";"";"UO_0000187";"";"";"";"";"0";"CHEMBL987470";"Inhibition of human ACE at 10 uM";"B";"BAO_0000357";"single protein format";"Homo sapiens";"None";"None";"None";"None";"";"";"";"CHEMBL1808";"Angiotensin-converting enzyme";"Homo sapiens";"SINGLE PROTEIN";"CHEMBL1155111";"1";"Scientific Literature";"J Med Chem";"2008";"None";"";"";"";"10.0"
"CHEMBL43370";"";"None";"703.80";"2";"2.84";"23, SCH-54470";"CS(=O)(=O)N[C@@H](CCCCN)C(=O)N[C@@H](Cc1ccccc1)P(=O)(O)CC1(C(=O)N[C@@H](Cc2c[nH]c3ccccc23)C(=O)O)CCCC1";"IC50";"'='";"2.5";"nM";"8.60";"";"";"UO_0000065";"12.22";"0.24";"5.76";"3.90";"0";"CHEMBL1045247";"Inhibition of human somatic ACE C-terminal domain";"B";"BAO_0000357";"single protein format";"Homo sapiens";"None";"None";"None";"None";"";"";"";"CHEMBL1808";"Angiotensin-converting enzyme";"Homo sapiens";"SINGLE PROTEIN";"CHEMBL1156752";"1";"Scientific Literature";"J Med Chem";"2010";"None";"";"";"";"2.5"
"CHEMBL577754";"";"None";"734.75";"2";"6.56";"5F2";"O=C(N[C@@H](Cc1ccccc1)P(=O)(O)C[C@H](Cc1cc(-c2ccccc2)no1)C(=O)N[C@@H](Cc1c[nH]c2ccccc12)C(=O)O)OCc1ccccc1";"Ki";"'='";"1520.0";"nM";"5.82";"";"";"UO_0000065";"7.92";"0.15";"-0.74";"3.16";"0";"CHEMBL1045251";"Inhibition of human somatic ACE in presence of 1:50 diluted SHR rat plasma";"B";"BAO_0000357";"single protein format";"Homo sapiens";"CHEMBL3559721";"Plasma";"None";"None";"";"";"";"CHEMBL1808";"Angiotensin-converting enzyme";"Homo sapiens";"SINGLE PROTEIN";"CHEMBL1156752";"1";"Scientific Literature";"J Med Chem";"2010";"None";"";"";"";"1520.0"
"CHEMBL2153740";"";"None";"617.64";"2";"5.21";"22, RXP380";"O=C(N[C@@H](Cc1ccccc1)P(=O)(O)C1CCC[C@H]1C(=O)N[C@@H](Cc1c[nH]c2ccccc12)C(=O)O)OCc1ccccc1";"Ki";"'='";"10000.0";"nM";"5.00";"";"";"UO_0000065";"8.10";"0.16";"-0.21";"3.17";"0";"CHEMBL2155979";"Inhibition of human ACE N-terminal domain expressed in CHO cells after 90 mins by fluorescence assay";"B";"BAO_0000219";"cell-based format";"Homo sapiens";"None";"None";"CHO";"None";"";"";"";"CHEMBL1808";"Angiotensin-converting enzyme";"Homo sapiens";"SINGLE PROTEIN";"CHEMBL2150865";"1";"Scientific Literature";"J Med Chem";"2011";"CHEMBL3308072";"";"";"";"10000.0"
"CHEMBL444474";"";"None";"347.89";"0";"2.71";"11b";"C[C@H](CS)C(=O)N[C@@H](CSCc1ccc(Cl)cc1)C(=O)O";"IC50";"'='";"250.0";"nM";"6.60";"";"";"UO_0000065";"18.98";"0.43";"3.89";"9.94";"0";"CHEMBL1013488";"Inhibition of angiotensin-converting enzyme in whole blood by HPLC";"B";"BAO_0000221";"tissue-based format";"None";"CHEMBL3638178";"Blood";"None";"None";"";"";"";"CHEMBL1808";"Angiotensin-converting enzyme";"Homo sapiens";"SINGLE PROTEIN";"CHEMBL1154514";"1";"Scientific Literature";"Bioorg Med Chem Lett";"2009";"None";"";"";"";"250.0"
"CHEMBL513671";"";"None";"392.34";"0";"2.82";"11c";"C[C@H](CS)C(=O)N[C@@H](CSCc1ccc(Br)cc1)C(=O)O";"IC50";"'='";"280.0";"nM";"6.55";"";"";"UO_0000065";"16.70";"0.43";"3.73";"9.87";"0";"CHEMBL1013488";"Inhibition of angiotensin-converting enzyme in whole blood by HPLC";"B";"BAO_0000221";"tissue-based format";"None";"CHEMBL3638178";"Blood";"None";"None";"";"";"";"CHEMBL1808";"Angiotensin-converting enzyme";"Homo sapiens";"SINGLE PROTEIN";"CHEMBL1154514";"1";"Scientific Literature";"Bioorg Med Chem Lett";"2009";"None";"";"";"";"280.0"
"CHEMBL456045";"";"None";"423.64";"0";"4.84";"16i";"C[C@H](CS)C(=O)N[C@@H](CSC(C)(C)c1ccc(C2CCCCC2)cc1)C(=O)O";"IC50";"'='";"3000.0";"nM";"5.52";"";"";"UO_0000065";"13.04";"0.27";"0.68";"8.32";"0";"CHEMBL1013488";"Inhibition of angiotensin-converting enzyme in whole blood by HPLC";"B";"BAO_0000221";"tissue-based format";"None";"CHEMBL3638178";"Blood";"None";"None";"";"";"";"CHEMBL1808";"Angiotensin-converting enzyme";"Homo sapiens";"SINGLE PROTEIN";"CHEMBL1154514";"1";"Scientific Literature";"Bioorg Med Chem Lett";"2009";"None";"";"";"";"3000.0"
"CHEMBL310200";"";"None";"419.57";"0";"3.29";"29d";"COc1ccc(CSC[C@@H](NC(=O)[C@H](CS)Cc2ccccc2)C(=O)O)cc1";"IC50";"'='";"290.0";"nM";"6.54";"";"";"UO_0000065";"15.58";"0.32";"3.25";"8.64";"0";"CHEMBL648450";"Tested in vitro for its inhibitory activity against neutral endopeptidase (NEP)";"B";"BAO_0000357";"single protein format";"Oryctolagus cuniculus";"None";"None";"None";"None";"";"";"";"CHEMBL1808";"Angiotensin-converting enzyme";"Homo sapiens";"SINGLE PROTEIN";"CHEMBL1127600";"1";"Scientific Literature";"J Med Chem";"1994";"None";"";"";"";"290.0"
"CHEMBL177870";"";"None";"378.47";"0";"3.00";"24";"O=C(NC(Cc1ccccc1)C(=O)CCC(=O)N1CCCC1)c1ccccc1";"IC50";"";"";"nM";"";"";"";"UO_0000065";"";"";"";"";"0";"CHEMBL648346";"Concentration required to inhibit the activity of Angiotensin I converting enzyme by 50%";"B";"BAO_0000224";"protein format";"Cavia porcellus";"None";"None";"None";"None";"";"";"";"CHEMBL1808";"Angiotensin-converting enzyme";"Homo sapiens";"SINGLE PROTEIN";"CHEMBL1121683";"1";"Scientific Literature";"J Med Chem";"1981";"None";"";"";"Not active";""
"CHEMBL2370854";"";"None";"437.50";"0";"1.61";"4";"C[C@H](NC(=O)[C@H](Cc1ccccc1)NC(=O)c1ccccc1)C(=O)N1CCC[C@H]1C(=O)O";"IC50";"'='";"2700.0";"nM";"5.57";"";"";"UO_0000065";"12.73";"0.24";"3.96";"4.81";"0";"CHEMBL645287";"In vitro inhibitory activity against Angiotensin I converting enzyme";"B";"BAO_0000357";"single protein format";"None";"None";"None";"None";"None";"";"";"";"CHEMBL1808";"Angiotensin-converting enzyme";"Homo sapiens";"SINGLE PROTEIN";"CHEMBL1122972";"1";"Scientific Literature";"J Med Chem";"1985";"None";"";"";"";"0.0000027"
"CHEMBL1788109";"";"None";"365.41";"0";"1.78";"Pyrrolidone";"CC(=O)S[C@H](C)C(=O)N1[C@H](C(=O)O)C[C@H](C(=O)O)[C@@H]1c1ccccc1";"Ki";"'='";"0.16";"nM";"9.80";"";"";"UO_0000065";"26.81";"0.54";"8.02";"8.75";"0";"CHEMBL644714";"Enzyme inhibitory activity towards Angiotensin I converting enzyme";"B";"BAO_0000357";"single protein format";"None";"None";"None";"None";"None";"";"";"";"CHEMBL1808";"Angiotensin-converting enzyme";"Homo sapiens";"SINGLE PROTEIN";"CHEMBL1132386";"1";"Scientific Literature";"J Med Chem";"1999";"None";"";"";"";"160.0"
"CHEMBL2296624";"";"None";"334.42";"0";"3.12";"4d";"Cc1nnc(-c2ccccc2-c2ccc(CN3CCNCC3)cc2)o1";"Inhibition";"";"";"%";"";"";"";"UO_0000187";"";"";"";"";"0";"CHEMBL3071359";"Inhibition of ACE (unknown origin) using Hippuryl-His-Leu as substrate at 1 to 10 ug incubated for 10 min prior to substrate addition measured after 45 min by spectrophotometric analysis relative to control";"B";"BAO_0000357";"single protein format";"Homo sapiens";"None";"None";"None";"None";"";"";"";"CHEMBL1808";"Angiotensin-converting enzyme";"Homo sapiens";"SINGLE PROTEIN";"CHEMBL3045976";"1";"Scientific Literature";"Med Chem Res";"2013";"None";"";"";"Not active";""
"CHEMBL524316";"";"None";"1472.77";"None";"None";"Table 2, 2";"CC[C@H](C)[C@H](NC(=O)[C@@H](N)CCCNC(=N)N)C(=O)N[C@@H](CCCCN)C(=O)N[C@@H](CCCNC(=N)N)C(=O)N[C@@H](Cc1c[nH]c2ccccc12)C(=O)N[C@@H](Cc1c[nH]c2ccccc12)C(=O)N[C@@H](Cc1c[nH]c2ccccc12)C(=O)N[C@@H](Cc1c[nH]c2ccccc12)C(=O)N[C@@H](CCCNC(=N)N)C(=O)O";"Ratio IC50";"'='";"6.51";"";"";"";"";"";"";"";"";"";"0";"CHEMBL3363248";"Ratio of compound IC50 to peptide Bac2A RLARIVVIRVAR IC50 for ACE (unknown origin)";"B";"BAO_0000357";"single protein format";"Homo sapiens";"None";"None";"None";"None";"";"";"";"CHEMBL1808";"Angiotensin-converting enzyme";"Homo sapiens";"SINGLE PROTEIN";"CHEMBL3352520";"1";"Scientific Literature";"Eur J Med Chem";"2014";"None";"";"";"";"6.51"
"CHEMBL448852";"";"None";"1383.63";"None";"None";"Table 2, 12";"C[C@@H](O)[C@H](NC(=O)[C@H](CCCCN)NC(=O)[C@H](Cc1c[nH]c2ccccc12)NC(=O)[C@H](Cc1cnc[nH]1)NC(=O)[C@@H](N)CCCNC(=N)N)C(=O)N[C@@H](Cc1c[nH]c2ccccc12)C(=O)N[C@@H](Cc1c[nH]c2ccccc12)C(=O)N[C@@H](CCCCN)C(=O)N[C@@H](CCCNC(=N)N)C(=O)O";"Ratio IC50";"'='";"6.02";"";"";"";"";"";"";"";"";"";"0";"CHEMBL3363248";"Ratio of compound IC50 to peptide Bac2A RLARIVVIRVAR IC50 for ACE (unknown origin)";"B";"BAO_0000357";"single protein format";"Homo sapiens";"None";"None";"None";"None";"";"";"";"CHEMBL1808";"Angiotensin-converting enzyme";"Homo sapiens";"SINGLE PROTEIN";"CHEMBL3352520";"1";"Scientific Literature";"Eur J Med Chem";"2014";"None";"";"";"";"6.02"
"CHEMBL449792";"";"None";"381.56";"0";"4.01";"3f";"CC(C)c1ccc(CS[C@H]2CC[C@@H](C(=O)O)N2C(=O)[C@H](C)CS)cc1";"IC50";"'='";"8.4";"nM";"8.08";"";"";"UO_0000065";"21.17";"0.44";"4.07";"14.02";"0";"CHEMBL1004838";"Inhibition of ACE";"B";"BAO_0000357";"single protein format";"None";"None";"None";"None";"None";"";"";"";"CHEMBL1808";"Angiotensin-converting enzyme";"Homo sapiens";"SINGLE PROTEIN";"CHEMBL1156603";"1";"Scientific Literature";"Bioorg Med Chem Lett";"2008";"None";"";"";"";"8.4"
"CHEMBL80240";"";"None";"236.27";"0";"0.76";"69";"Cc1ccc(N(CC(=O)O)C(=O)C(C)N)cc1";"IC50";"'='";"2570.4";"nM";"5.59";"";"";"UO_0000065";"";"";"";"";"0";"CHEMBL648337";"Inhibitory activity against angiotensin converting enzyme (ACE)";"F";"BAO_0000019";"assay format";"None";"None";"None";"None";"None";"";"";"";"CHEMBL1808";"Angiotensin-converting enzyme";"Homo sapiens";"SINGLE PROTEIN";"CHEMBL1126767";"1";"Scientific Literature";"J Med Chem";"1993";"None";"";"";"";"5.59"
"CHEMBL61137";"";"None";"293.34";"0";"1.82";"43";"CC(=O)SCCC(=O)N1Cc2ccccc2C1C(=O)O";"IC50";"'='";"22000.0";"nM";"4.66";"";"";"UO_0000065";"15.88";"0.32";"2.84";"6.24";"0";"CHEMBL648350";"Inhibition of guinea pig angiotensin I converting enzyme";"B";"BAO_0000357";"single protein format";"Cavia porcellus";"None";"None";"None";"None";"";"";"";"CHEMBL1808";"Angiotensin-converting enzyme";"Homo sapiens";"SINGLE PROTEIN";"CHEMBL1123237";"1";"Scientific Literature";"J Med Chem";"1986";"None";"";"";"";"22.0"
"CHEMBL1560";"CAPTOPRIL";"4.0";"217.29";"0";"0.63";"Captopril";"C[C@H](CS)C(=O)N1CCC[C@H]1C(=O)O";"IC50";"'='";"23.0";"nM";"7.64";"";"";"UO_0000065";"35.15";"0.75";"7.01";"13.26";"1";"CHEMBL648689";"Inhibitory activity against angiotensin I converting enzyme (ACE)";"B";"BAO_0000357";"single protein format";"None";"None";"None";"None";"None";"";"";"";"CHEMBL1808";"Angiotensin-converting enzyme";"Homo sapiens";"SINGLE PROTEIN";"CHEMBL1133572";"1";"Scientific Literature";"J Med Chem";"2000";"None";"";"";"";"23.0"
"CHEMBL174237";"";"None";"323.46";"0";"2.78";"17a";"CC(C)C[C@@H](S)[C@H](Cc1ccccc1)C(=O)N[C@@H](C)C(=O)O";"IC50";"'='";"5000.0";"nM";"5.30";"";"";"UO_0000065";"16.39";"0.33";"2.52";"7.98";"0";"CHEMBL646967";"Inhibitory concentration was evaluated by inhibiting 50% of Angiotensin I Converting Enzyme activity using 50 uM N-Cbz-Phe-His-Leu as substrate";"B";"BAO_0000357";"single protein format";"None";"None";"None";"None";"None";"";"";"";"CHEMBL1808";"Angiotensin-converting enzyme";"Homo sapiens";"SINGLE PROTEIN";"CHEMBL1126948";"1";"Scientific Literature";"J Med Chem";"1993";"None";"";"";"";"5.0"
"CHEMBL110444";"";"None";"313.40";"0";"1.74";"5d";"O=C(O)C1CSC(c2ccccc2O)N1C(=O)CCS";"IC50";"'='";"19.95";"nM";"7.70";"";"";"UO_0000065";"24.57";"0.53";"5.96";"9.89";"0";"CHEMBL646945";"Inhibition of angiotensin I converting enzyme in silico";"B";"BAO_0000357";"single protein format";"None";"None";"None";"None";"None";"";"";"";"CHEMBL1808";"Angiotensin-converting enzyme";"Homo sapiens";"SINGLE PROTEIN";"CHEMBL1130169";"1";"Scientific Literature";"J Med Chem";"1997";"None";"";"";"";"7.7"
"CHEMBL311525";"";"None";"231.27";"0";"0.15";"10";"C[C@H](CS)C(=O)N1C(=O)CC[C@H]1C(=O)O";"IC50";"'='";"8.913";"nM";"8.05";"";"";"UO_0000065";"";"";"";"";"1";"CHEMBL648337";"Inhibitory activity against angiotensin converting enzyme (ACE)";"F";"BAO_0000019";"assay format";"None";"None";"None";"None";"None";"";"";"";"CHEMBL1808";"Angiotensin-converting enzyme";"Homo sapiens";"SINGLE PROTEIN";"CHEMBL1126767";"1";"Scientific Literature";"J Med Chem";"1993";"None";"";"";"";"8.05"
"CHEMBL62955";"";"None";"354.34";"0";"1.47";"10d";"CC(NP(=O)(O)CCc1ccccc1)C(=O)N1CCCC1C(=O)O";"IC50";"'='";"25.12";"nM";"7.60";"";"";"UO_0000065";"21.45";"0.43";"6.13";"7.11";"0";"CHEMBL646945";"Inhibition of angiotensin I converting enzyme in silico";"B";"BAO_0000357";"single protein format";"None";"None";"None";"None";"None";"";"";"";"CHEMBL1808";"Angiotensin-converting enzyme";"Homo sapiens";"SINGLE PROTEIN";"CHEMBL1130169";"1";"Scientific Literature";"J Med Chem";"1997";"None";"";"";"";"7.6"
"CHEMBL80646";"";"None";"384.37";"0";"1.18";"147";"C[C@H](NC(CCc1ccccc1)P(=O)(O)O)C(=O)N1CCC[C@H]1C(=O)O";"IC50";"'='";"51.29";"nM";"7.29";"";"";"UO_0000065";"";"";"";"";"0";"CHEMBL648337";"Inhibitory activity against angiotensin converting enzyme (ACE)";"F";"BAO_0000019";"assay format";"None";"None";"None";"None";"None";"";"";"";"CHEMBL1808";"Angiotensin-converting enzyme";"Homo sapiens";"SINGLE PROTEIN";"CHEMBL1126767";"1";"Scientific Literature";"J Med Chem";"1993";"None";"";"";"";"7.29"
"CHEMBL432689";"";"None";"497.55";"0";"2.56";"5c";"O=C(O)CN1C(=O)[C@@H](N[C@@H](CCCCNC(=O)OCc2ccccc2)C(=O)O)CCc2ccccc21";"IC50";"'='";"13.0";"nM";"7.89";"";"";"UO_0000065";"15.85";"0.30";"5.33";"5.43";"0";"CHEMBL644701";"In vitro inhibitory activity against Angiotensin I converting enzyme";"B";"BAO_0000357";"single protein format";"None";"None";"None";"None";"None";"";"";"";"CHEMBL1808";"Angiotensin-converting enzyme";"Homo sapiens";"SINGLE PROTEIN";"CHEMBL1122836";"1";"Scientific Literature";"J Med Chem";"1985";"None";"";"";"";"13.0"
"CHEMBL205452";"";"None";"443.55";"0";"0.99";"1";"CN[C@@H](Cc1c[nH]c2ccccc12)C(=O)N[C@@H](CCCCN)C(=O)N1CCC[C@H]1C(=O)O";"Activity";"'='";"8.2";"mU/ml";"";"";"";"";"";"";"";"";"0";"CHEMBL861822";"Activity against ACE in bovine kidney";"B";"BAO_0000221";"tissue-based format";"Bos taurus";"CHEMBL3638241";"Kidney";"None";"None";"";"";"";"CHEMBL1808";"Angiotensin-converting enzyme";"Homo sapiens";"SINGLE PROTEIN";"CHEMBL1146940";"1";"Scientific Literature";"Bioorg Med Chem Lett";"2006";"None";"";"";"";"8.2"
"CHEMBL203179";"";"None";"377.44";"0";"0.62";"19";"NCCC[C@H](NC(=O)CCc1ccc(O)cc1)C(=O)N1CCC[C@H]1C(=O)O";"Activity";"'='";"10.26";"mU/ml";"";"";"";"";"";"";"";"";"0";"CHEMBL861822";"Activity against ACE in bovine kidney";"B";"BAO_0000221";"tissue-based format";"Bos taurus";"CHEMBL3638241";"Kidney";"None";"None";"";"";"";"CHEMBL1808";"Angiotensin-converting enzyme";"Homo sapiens";"SINGLE PROTEIN";"CHEMBL1146940";"1";"Scientific Literature";"Bioorg Med Chem Lett";"2006";"None";"";"";"";"10.26"
"CHEMBL204510";"";"None";"366.42";"0";"-0.55";"15";"NCCC[C@H](NC(=O)[C@@H](N)Cc1ccco1)C(=O)N1CCC[C@H]1C(=O)O";"Activity";"'='";"8.67";"mU/ml";"";"";"";"";"";"";"";"";"0";"CHEMBL861822";"Activity against ACE in bovine kidney";"B";"BAO_0000221";"tissue-based format";"Bos taurus";"CHEMBL3638241";"Kidney";"None";"None";"";"";"";"CHEMBL1808";"Angiotensin-converting enzyme";"Homo sapiens";"SINGLE PROTEIN";"CHEMBL1146940";"1";"Scientific Literature";"Bioorg Med Chem Lett";"2006";"None";"";"";"";"8.67"
"CHEMBL381993";"";"None";"429.52";"0";"0.73";"12";"NCCC[C@H](NC(=O)C[C@@H](N)Cc1c[nH]c2ccccc12)C(=O)N1CCC[C@H]1C(=O)O";"Activity";"'='";"12.23";"mU/ml";"";"";"";"";"";"";"";"";"0";"CHEMBL861822";"Activity against ACE in bovine kidney";"B";"BAO_0000221";"tissue-based format";"Bos taurus";"CHEMBL3638241";"Kidney";"None";"None";"";"";"";"CHEMBL1808";"Angiotensin-converting enzyme";"Homo sapiens";"SINGLE PROTEIN";"CHEMBL1146940";"1";"Scientific Literature";"Bioorg Med Chem Lett";"2006";"None";"";"";"";"12.23"
"CHEMBL205442";"";"None";"404.51";"0";"0.64";"3";"NCCCC[C@H](NC(=O)C[C@@H](N)Cc1ccccc1)C(=O)N1CCC[C@H]1C(=O)O";"Activity";"'='";"10.42";"mU/ml";"";"";"";"";"";"";"";"";"0";"CHEMBL861822";"Activity against ACE in bovine kidney";"B";"BAO_0000221";"tissue-based format";"Bos taurus";"CHEMBL3638241";"Kidney";"None";"None";"";"";"";"CHEMBL1808";"Angiotensin-converting enzyme";"Homo sapiens";"SINGLE PROTEIN";"CHEMBL1146940";"1";"Scientific Literature";"Bioorg Med Chem Lett";"2006";"None";"";"";"";"10.42"
"CHEMBL204510";"";"None";"366.42";"0";"-0.55";"15";"NCCC[C@H](NC(=O)[C@@H](N)Cc1ccco1)C(=O)N1CCC[C@H]1C(=O)O";"Inhibition";"'='";"35.61";"%";"";"";"";"UO_0000187";"";"";"";"";"0";"CHEMBL861823";"Inhibition of ACE in bovine kidney";"B";"BAO_0000221";"tissue-based format";"Bos taurus";"CHEMBL3638241";"Kidney";"None";"None";"";"";"";"CHEMBL1808";"Angiotensin-converting enzyme";"Homo sapiens";"SINGLE PROTEIN";"CHEMBL1146940";"1";"Scientific Literature";"Bioorg Med Chem Lett";"2006";"None";"";"";"";"35.61"
"CHEMBL1237";"LISINOPRIL ANHYDROUS";"4.0";"405.50";"0";"1.24";"17";"NCCCC[C@H](N[C@@H](CCc1ccccc1)C(=O)O)C(=O)N1CCC[C@H]1C(=O)O";"IC50";"'='";"1.2";"nM";"8.92";"";"";"UO_0000065";"22.00";"0.42";"7.68";"6.71";"1";"CHEMBL883277";"Inhibition of Angiotensin I converting enzyme (ACE) in Bothrops jararaca venom";"B";"BAO_0000357";"single protein format";"Bothrops jararaca";"None";"None";"None";"None";"";"";"";"CHEMBL1808";"Angiotensin-converting enzyme";"Homo sapiens";"SINGLE PROTEIN";"CHEMBL1135683";"1";"Scientific Literature";"J Med Chem";"2002";"None";"";"";"";"1.2E-9"
"CHEMBL100413";"";"None";"453.50";"0";"1.97";"3m";"C[C@H](N[C@@H](CCc1ccccc1)C(=O)O)C(=O)N1C(=O)N(Cc2ccccc2)C[C@H]1C(=O)O";"IC50";"'='";"1.7";"nM";"8.77";"";"";"UO_0000065";"19.34";"0.36";"6.80";"6.89";"0";"CHEMBL644735";"Inhibition of Angiotensin I converting enzyme from pig renal cortex, hippuryl-histidyl-leucine as substrate";"B";"BAO_0000019";"assay format";"Sus scrofa";"None";"None";"None";"None";"";"";"";"CHEMBL1808";"Angiotensin-converting enzyme";"Homo sapiens";"SINGLE PROTEIN";"CHEMBL1124381";"1";"Scientific Literature";"J Med Chem";"1989";"None";"";"";"";"1.7E-9"
"CHEMBL577";"ENALAPRILAT ANHYDROUS";"4.0";"348.40";"0";"1.13";"enalaprilat";"C[C@H](N[C@@H](CCc1ccccc1)C(=O)O)C(=O)N1CCC[C@H]1C(=O)O";"IC50";"'='";"2.9";"nM";"8.54";"";"";"UO_0000065";"24.51";"0.47";"7.41";"7.98";"0";"CHEMBL644735";"Inhibition of Angiotensin I converting enzyme from pig renal cortex, hippuryl-histidyl-leucine as substrate";"B";"BAO_0000019";"assay format";"Sus scrofa";"None";"None";"None";"None";"";"";"";"CHEMBL1808";"Angiotensin-converting enzyme";"Homo sapiens";"SINGLE PROTEIN";"CHEMBL1124381";"1";"Scientific Literature";"J Med Chem";"1989";"None";"";"";"";"2.9E-9"
"CHEMBL92676";"";"None";"448.46";"0";"2.61";"15";"CC(C)C[C@H](NCP(=O)(O)O)C(=O)N[C@@H](Cc1ccc(-c2ccccc2)cc1)C(=O)O";"IC50";"'>'";"1000.0";"nM";"";"";"";"UO_0000065";"";"";"";"";"0";"CHEMBL876577";"In vitro inhibitory concentration against angiotensin-converting enzyme";"B";"BAO_0000224";"protein format";"None";"None";"None";"None";"None";"";"";"";"CHEMBL1808";"Angiotensin-converting enzyme";"Homo sapiens";"SINGLE PROTEIN";"CHEMBL1150039";"1";"Scientific Literature";"Bioorg Med Chem Lett";"1994";"None";"";"";"";"1000.0"
"CHEMBL204593";"";"None";"346.38";"0";"0.71";"40";"Cc1cc(S(=O)(=O)N[C@@H](C(=O)NO)C2CCOCC2)ccc1F";"Inhibition";"'<'";"10.0";"%";"";"";"";"UO_0000187";"";"";"";"";"0";"CHEMBL861859";"Inhibition of ACE at 10 uM";"B";"BAO_0000357";"single protein format";"Homo sapiens";"None";"None";"None";"None";"";"";"";"CHEMBL1808";"Angiotensin-converting enzyme";"Homo sapiens";"SINGLE PROTEIN";"CHEMBL1138106";"1";"Scientific Literature";"Bioorg Med Chem Lett";"2006";"None";"";"";"";"10.0"
"CHEMBL512569";"";"None";"364.76";"0";"1.59";"25";"O=C1C2=C(CCCC2)S(=O)(=O)N1c1ccncc1.[O-][Cl+3]([O-])([O-])O";"IC50";"'>'";"100000.0";"nM";"";"";"";"UO_0000065";"";"";"";"";"0";"CHEMBL969703";"Inhibition of human ACE";"B";"BAO_0000357";"single protein format";"Homo sapiens";"None";"None";"None";"None";"";"";"";"CHEMBL1808";"Angiotensin-converting enzyme";"Homo sapiens";"SINGLE PROTEIN";"CHEMBL1139421";"1";"Scientific Literature";"Bioorg Med Chem";"2008";"None";"";"";"";"100.0"
"CHEMBL5402703";"";"None";"2118.51";"None";"None";"BCY20859";"CC[C@H](C)[C@@H]1NC(=O)[C@H](CCCNC(=N)N)NC(=O)[C@@H]2CCCN2C(=O)[C@H](CC(C)C)NC(=O)[C@H](CC(C)C)NC(=O)[C@H](CO)NC(=O)[C@H](CO)NNC(=O)[C@@H]2CSCCC(=O)N3CN(CN(C3)C(=O)CCSC[C@@H](C(=O)N[C@@H](C)C(N)=O)NC(=O)[C@H](Cc3c[nH]cn3)NC1=O)C(=O)CCSC[C@H](NC(=O)[C@H](C)N)C(=O)N[C@@H]([C@@H](C)O)C(=O)N[C@@H](CCCNC(=N)N)C(=O)N[C@@H](CO)C(=O)N[C@@H](Cc1c[nH]cn1)C(=O)N2";"Kd";"'>'";"10000.0";"nM";"";"";"";"UO_0000065";"";"";"";"";"0";"CHEMBL5350899";"Binding affinity to human ACE assessed as binding constant by surface plasmon resonance analysis";"B";"BAO_0000357";"single protein format";"Homo sapiens";"None";"None";"None";"None";"";"";"";"CHEMBL1808";"Angiotensin-converting enzyme";"Homo sapiens";"SINGLE PROTEIN";"CHEMBL5346959";"1";"Scientific Literature";"J Med Chem";"2023";"None";"";"";"";"10.0"
"CHEMBL55286";"";"None";"323.46";"0";"2.78";"17";"CC(C)CC(S)C(Cc1ccccc1)C(=O)NC(C)C(=O)O";"IC50";"'='";"12000.0";"nM";"4.92";"";"";"UO_0000065";"15.21";"0.31";"2.14";"7.41";"0";"CHEMBL646967";"Inhibitory concentration was evaluated by inhibiting 50% of Angiotensin I Converting Enzyme activity using 50 uM N-Cbz-Phe-His-Leu as substrate";"B";"BAO_0000357";"single protein format";"None";"None";"None";"None";"None";"";"";"";"CHEMBL1808";"Angiotensin-converting enzyme";"Homo sapiens";"SINGLE PROTEIN";"CHEMBL1126948";"1";"Scientific Literature";"J Med Chem";"1993";"None";"";"";"";"12.0"
"CHEMBL421361";"";"None";"204.18";"0";"-1.62";"EG";"N[C@@H](CCC(=O)O)C(=O)NCC(=O)O";"IC50";"'='";"10000000.0";"nM";"";"Outside typical range";"";"UO_0000065";"";"";"";"";"0";"CHEMBL858254";"Biological activity was measured against Angiotensin I converting enzyme";"B";"BAO_0000357";"single protein format";"None";"None";"None";"None";"None";"";"";"";"CHEMBL1808";"Angiotensin-converting enzyme";"Homo sapiens";"SINGLE PROTEIN";"CHEMBL1128468";"1";"Scientific Literature";"J Med Chem";"1995";"None";"";"";"";"2.0"
"CHEMBL525948";"";"None";"395.59";"0";"4.05";"3g";"CC(C)c1ccc(CCS[C@H]2CC[C@@H](C(=O)O)N2C(=O)[C@H](C)CS)cc1";"IC50";"'='";"19.0";"nM";"7.72";"";"";"UO_0000065";"19.52";"0.41";"3.67";"13.40";"0";"CHEMBL1004838";"Inhibition of ACE";"B";"BAO_0000357";"single protein format";"None";"None";"None";"None";"None";"";"";"";"CHEMBL1808";"Angiotensin-converting enzyme";"Homo sapiens";"SINGLE PROTEIN";"CHEMBL1156603";"1";"Scientific Literature";"Bioorg Med Chem Lett";"2008";"None";"";"";"";"19.0"
"CHEMBL53879";"";"None";"414.48";"0";"1.91";"3g";"C[C@H]1Oc2ccccc2N(CC(=O)O)C(=O)[C@H]1NC(=O)[C@@H](S)Cc1ccccc1";"IC50";"'='";"13.0";"nM";"7.89";"";"";"UO_0000065";"19.03";"0.37";"5.98";"8.22";"0";"CHEMBL648282";"Tested in vitro for inhibition of Angiotensin converting enzyme (ACE)";"B";"BAO_0000357";"single protein format";"None";"None";"None";"None";"None";"";"";"";"CHEMBL1808";"Angiotensin-converting enzyme";"Homo sapiens";"SINGLE PROTEIN";"CHEMBL1127937";"1";"Scientific Literature";"Bioorg Med Chem Lett";"1994";"None";"";"";"";"13.0"
"CHEMBL1560";"CAPTOPRIL";"4.0";"217.29";"0";"0.63";"1";"C[C@H](CS)C(=O)N1CCC[C@H]1C(=O)O";"IC50";"'='";"20.0";"nM";"7.70";"";"";"UO_0000065";"35.43";"0.75";"7.07";"13.36";"0";"CHEMBL645285";"Inhibition of Angiotensin I converting enzyme";"B";"BAO_0000357";"single protein format";"None";"None";"None";"None";"None";"";"";"";"CHEMBL1808";"Angiotensin-converting enzyme";"Homo sapiens";"SINGLE PROTEIN";"CHEMBL1122964";"1";"Scientific Literature";"J Med Chem";"1985";"None";"";"";"";"2E-8"
"CHEMBL406291";"BRADYKININ";"2.0";"1060.23";"None";"None";"Bradykinin";"N=C(N)NCCC[C@H](NC(=O)[C@H](Cc1ccccc1)NC(=O)[C@@H]1CCCN1C(=O)[C@H](CO)NC(=O)[C@H](Cc1ccccc1)NC(=O)CNC(=O)[C@@H]1CCCN1C(=O)[C@@H]1CCCN1C(=O)[C@@H](N)CCCNC(=N)N)C(=O)O";"Km";"'='";"180.0";"nM";"";"";"";"UO_0000065";"";"";"";"";"0";"CHEMBL4406516";"Substrate activity at human ACE expressed in CHO cells by HPLC analysis";"B";"BAO_0000219";"cell-based format";"Homo sapiens";"None";"None";"CHO";"None";"";"";"";"CHEMBL1808";"Angiotensin-converting enzyme";"Homo sapiens";"SINGLE PROTEIN";"CHEMBL4402607";"1";"Scientific Literature";"J Med Chem";"2020";"CHEMBL3308072";"";"";"";"0.18"
"CHEMBL571716";"";"None";"617.64";"2";"5.21";"RXPA380";"O=C(N[C@@H](Cc1ccccc1)P(=O)(O)[C@@H]1CCC[C@H]1C(=O)N[C@@H](Cc1c[nH]c2ccccc12)C(=O)O)OCc1ccccc1";"Ratio Ki";"'='";"3000.0";"";"";"";"";"";"";"";"";"";"0";"CHEMBL4406522";"Selectivity index, ratio of Ki for human somatic ACE N-terminal domain to human somatic ACE C-terminal domain using MCA-RPPGFSAFK-Dnp-OH as substrate by fluorescence based analysis";"U";"BAO_0000019";"assay format";"Homo sapiens";"None";"None";"None";"None";"";"";"";"CHEMBL1808";"Angiotensin-converting enzyme";"Homo sapiens";"SINGLE PROTEIN";"CHEMBL4402607";"1";"Scientific Literature";"J Med Chem";"2020";"None";"";"";"";"3000.0"
"CHEMBL5403774";"";"None";"2192.66";"None";"None";"BCY15292";"CSCC[C@@H]1NC(=O)[C@H](CC(C)C)NC(=O)[C@H]([C@@H](C)O)NC(=O)[C@H](Cc2c[nH]cn2)NC(=O)[C@@H]2CSCCC(=O)N3CN(CN(C3)C(=O)CCSC[C@@H](C(=O)N[C@@H](C)C(N)=O)NC(=O)[C@H](CC(C)C)NC(=O)[C@H](Cc3c[nH]cn3)NC(=O)[C@H](CCCNC(=N)N)NC(=O)[C@@H]3CCCN3C1=O)C(=O)CCSC[C@H](NC(=O)[C@H](C)N)C(=O)NCC(=O)N[C@@H](CCCNC(=N)N)C(=O)N[C@@H](CCC(N)=O)C(=O)N[C@@H](Cc1ccccc1)C(=O)N2";"IC50";"'='";"22.0";"nM";"7.66";"";"";"UO_0000065";"3.49";"None";"None";"None";"0";"CHEMBL5350896";"Inhibition of human ACE (30 to 1261 residues) using MCA-RPPGFSAFK-Dnp-OH as substrate by fluorescence based analysis";"B";"BAO_0000357";"single protein format";"Homo sapiens";"None";"None";"None";"None";"";"";"";"CHEMBL1808";"Angiotensin-converting enzyme";"Homo sapiens";"SINGLE PROTEIN";"CHEMBL5346959";"1";"Scientific Literature";"J Med Chem";"2023";"None";"";"INHIBITOR";"";"22.0"
"CHEMBL5407252";"";"None";"1910.33";"None";"None";"BCY15298";"CC[C@H](C)[C@@H]1NC(=O)[C@H](CCCNC(=N)N)NC(=O)[C@@H]2CSCCC(=O)N3CN(CN(C3)C(=O)CCSC[C@@H](C(=O)N[C@@H](C)C(N)=O)NC(=O)[C@H](CC(C)C)NC(=O)[C@H](CCCCN)NC1=O)C(=O)CCSC[C@H](NC(=O)[C@H](C)N)C(=O)NCC(=O)N[C@@H](CCCNC(=N)N)C(=O)N[C@@H](CCC(=O)O)C(=O)N[C@@H](CCC(=O)O)C(=O)N[C@@H](CC(C)C)C(=O)N1CCC[C@H]1C(=O)N2";"IC50";"'>'";"40.0";"nM";"";"";"";"UO_0000065";"";"";"";"";"0";"CHEMBL5350896";"Inhibition of human ACE (30 to 1261 residues) using MCA-RPPGFSAFK-Dnp-OH as substrate by fluorescence based analysis";"B";"BAO_0000357";"single protein format";"Homo sapiens";"None";"None";"None";"None";"";"";"";"CHEMBL1808";"Angiotensin-converting enzyme";"Homo sapiens";"SINGLE PROTEIN";"CHEMBL5346959";"1";"Scientific Literature";"J Med Chem";"2023";"None";"";"";"";"40.0"
"CHEMBL5406655";"";"None";"2144.56";"None";"None";"BCY20863";"CC[C@H](C)[C@@H]1NC(=O)[C@H](CCCNC(=N)N)NC(=O)[C@@H]2CCCN2C(=O)[C@H](CC(C)C)NC(=O)[C@H](CC(C)C)NC(=O)[C@H](CO)NC(=O)[C@H](CO)NNC(=O)[C@@H]2CSCCC(=O)N3CN(CN(C3)C(=O)CCSC[C@@H](C(=O)N[C@@H](C)C(N)=O)NC(=O)[C@H](Cc3c[nH]cn3)NC1=O)C(=O)CCSC[C@H](NC(=O)[C@H](C)N)C(=O)N[C@@H](C(C)C)C(=O)N[C@@H](CCCNC(=N)N)C(=O)N[C@@H](CO)C(=O)N[C@@H](Cc1ccc(F)cc1)C(=O)N2";"IC50";"'>'";"40.0";"nM";"";"";"";"UO_0000065";"";"";"";"";"0";"CHEMBL5350896";"Inhibition of human ACE (30 to 1261 residues) using MCA-RPPGFSAFK-Dnp-OH as substrate by fluorescence based analysis";"B";"BAO_0000357";"single protein format";"Homo sapiens";"None";"None";"None";"None";"";"";"";"CHEMBL1808";"Angiotensin-converting enzyme";"Homo sapiens";"SINGLE PROTEIN";"CHEMBL5346959";"1";"Scientific Literature";"J Med Chem";"2023";"None";"";"";"";"40.0"
"CHEMBL5400018";"";"None";"2130.57";"None";"None";"BCY20865";"CC[C@H](C)[C@@H]1NC(=O)[C@H](CCCNC(=N)N)NC(=O)[C@@H]2CCCN2C(=O)[C@H](CC(C)C)NC(=O)[C@H](CC(C)C)NC(=O)[C@H]([C@@H](C)O)NC(=O)[C@H](CO)NNC(=O)[C@@H]2CSCCC(=O)N3CN(CN(C3)C(=O)CCSC[C@@H](C(=O)N[C@@H](C)C(N)=O)NC(=O)[C@H](Cc3c[nH]cn3)NC1=O)C(=O)CCSC[C@H](NC(=O)[C@H](C)N)C(=O)N[C@@H](C(C)C)C(=O)N[C@@H](CCCNC(=N)N)C(=O)N[C@@H](CO)C(=O)N[C@@H](Cc1c[nH]cn1)C(=O)N2";"IC50";"'>'";"40.0";"nM";"";"";"";"UO_0000065";"";"";"";"";"0";"CHEMBL5350896";"Inhibition of human ACE (30 to 1261 residues) using MCA-RPPGFSAFK-Dnp-OH as substrate by fluorescence based analysis";"B";"BAO_0000357";"single protein format";"Homo sapiens";"None";"None";"None";"None";"";"";"";"CHEMBL1808";"Angiotensin-converting enzyme";"Homo sapiens";"SINGLE PROTEIN";"CHEMBL5346959";"1";"Scientific Literature";"J Med Chem";"2023";"None";"";"";"";"40.0"
"CHEMBL5424641";"";"None";"2158.57";"None";"None";"BCY20866";"CC[C@H](C)[C@@H]1NC(=O)[C@H](CCCNC(=N)N)NC(=O)[C@]2(C)CCCN2C(=O)[C@H](CC(C)C)NC(=O)[C@H](CC(C)C)NC(=O)[C@@H](CC(=O)O)NC(=O)[C@H](CO)NNC(=O)[C@@H]2CSCCC(=O)N3CN(CN(C3)C(=O)CCSC[C@@H](C(=O)N[C@@H](C)C(N)=O)NC(=O)[C@H](Cc3c[nH]cn3)NC1=O)C(=O)CCSC[C@H](NC(=O)[C@H](C)N)C(=O)N[C@@H](C(C)C)C(=O)N[C@@H](CCCNC(=N)N)C(=O)N[C@@H](CO)C(=O)N[C@@H](Cc1c[nH]cn1)C(=O)N2";"IC50";"'>'";"40.0";"nM";"";"";"";"UO_0000065";"";"";"";"";"0";"CHEMBL5350896";"Inhibition of human ACE (30 to 1261 residues) using MCA-RPPGFSAFK-Dnp-OH as substrate by fluorescence based analysis";"B";"BAO_0000357";"single protein format";"Homo sapiens";"None";"None";"None";"None";"";"";"";"CHEMBL1808";"Angiotensin-converting enzyme";"Homo sapiens";"SINGLE PROTEIN";"CHEMBL5346959";"1";"Scientific Literature";"J Med Chem";"2023";"None";"";"";"";"40.0"
"CHEMBL506459";"";"None";"1342.66";"None";"None";"Table 2, 20";"CC[C@H](C)[C@H](NC(=O)[C@@H](NC(=O)[C@H](CCCCN)NC(=O)[C@@H](NC(=O)[C@@H](N)CCCNC(=N)N)[C@@H](C)CC)C(C)C)C(=O)N[C@@H](Cc1c[nH]c2ccccc12)C(=O)N[C@@H](Cc1c[nH]c2ccccc12)C(=O)N[C@@H](Cc1c[nH]c2ccccc12)C(=O)N[C@@H](CCCNC(=N)N)C(=O)O";"Ratio IC50";"'='";"6.29";"";"";"";"";"";"";"";"";"";"0";"CHEMBL3363248";"Ratio of compound IC50 to peptide Bac2A RLARIVVIRVAR IC50 for ACE (unknown origin)";"B";"BAO_0000357";"single protein format";"Homo sapiens";"None";"None";"None";"None";"";"";"";"CHEMBL1808";"Angiotensin-converting enzyme";"Homo sapiens";"SINGLE PROTEIN";"CHEMBL3352520";"1";"Scientific Literature";"Eur J Med Chem";"2014";"None";"";"";"";"6.29"
"CHEMBL3321995";"";"None";"391.42";"0";"-0.02";"Table 1, 39";"N[C@@H](Cc1ccccc1)C(=O)N[C@@H](CCC(=O)O)C(=O)N1CCC[C@H]1C(=O)O";"logIC50";"'='";"1.08";"";"";"";"";"";"";"";"";"";"0";"CHEMBL3363246";"Inhibition of ACE (unknown origin)";"B";"BAO_0000357";"single protein format";"Homo sapiens";"None";"None";"None";"None";"";"";"";"CHEMBL1808";"Angiotensin-converting enzyme";"Homo sapiens";"SINGLE PROTEIN";"CHEMBL3352520";"1";"Scientific Literature";"Eur J Med Chem";"2014";"None";"";"";"";"1.08"
"CHEMBL57338";"";"None";"236.27";"0";"0.15";"Table 1, 36";"C[C@H](N)C(=O)N[C@@H](Cc1ccccc1)C(=O)O";"logIC50";"'='";"1.88";"";"";"";"";"";"";"";"";"";"0";"CHEMBL3363246";"Inhibition of ACE (unknown origin)";"B";"BAO_0000357";"single protein format";"Homo sapiens";"None";"None";"None";"None";"";"";"";"CHEMBL1808";"Angiotensin-converting enzyme";"Homo sapiens";"SINGLE PROTEIN";"CHEMBL3352520";"1";"Scientific Literature";"Eur J Med Chem";"2014";"None";"";"";"";"1.88"
"CHEMBL499090";"";"None";"1517.81";"None";"None";"Table 2, 23";"N=C(N)NCCC[C@H](NC(=O)[C@H](CCCCN)NC(=O)[C@H](Cc1c[nH]c2ccccc12)NC(=O)[C@H](Cc1c[nH]c2ccccc12)NC(=O)[C@H](Cc1c[nH]c2ccccc12)NC(=O)[C@H](Cc1c[nH]c2ccccc12)NC(=O)[C@H](Cc1c[nH]c2ccccc12)NC(=O)[C@H](CCCNC(=N)N)NC(=O)[C@@H](N)CCCCN)C(=O)O";"Ratio IC50";"'='";"6.66";"";"";"";"";"";"";"";"";"";"0";"CHEMBL3363248";"Ratio of compound IC50 to peptide Bac2A RLARIVVIRVAR IC50 for ACE (unknown origin)";"B";"BAO_0000357";"single protein format";"Homo sapiens";"None";"None";"None";"None";"";"";"";"CHEMBL1808";"Angiotensin-converting enzyme";"Homo sapiens";"SINGLE PROTEIN";"CHEMBL3352520";"1";"Scientific Literature";"Eur J Med Chem";"2014";"None";"";"";"";"6.66"
"CHEMBL434617";"";"None";"596.64";"2";"-1.23";"41";"CC(NC(C(=O)O)C1CCCN1C(=O)NC(CCCCN)C(=O)N1C(=O)CCC1C(=O)O)C(=O)N1CCCC1C(=O)O";"IC50";"'='";"8.5";"nM";"8.07";"";"";"UO_0000065";"13.53";"0.26";"9.30";"3.36";"0";"CHEMBL645287";"In vitro inhibitory activity against Angiotensin I converting enzyme";"B";"BAO_0000357";"single protein format";"None";"None";"None";"None";"None";"";"";"";"CHEMBL1808";"Angiotensin-converting enzyme";"Homo sapiens";"SINGLE PROTEIN";"CHEMBL1122972";"1";"Scientific Literature";"J Med Chem";"1985";"None";"";"";"";"8.5"
"CHEMBL1233799";"";"None";"535.53";"2";"1.54";"1, K-26";"CC[C@H](C)[C@H](NC(C)=O)C(=O)N[C@@H](Cc1ccc(O)cc1)C(=O)N[C@@H](Cc1ccc(O)cc1)P(=O)(O)O";"IC50";"'='";"110.0";"nM";"6.96";"";"";"UO_0000065";"12.99";"0.26";"5.42";"3.76";"0";"CHEMBL3269461";"Inhibition of human ACE C-terminal domain using Cbz-Phe-His-Leu-OH substrate";"B";"BAO_0000357";"single protein format";"Homo sapiens";"None";"None";"None";"None";"";"";"";"CHEMBL1808";"Angiotensin-converting enzyme";"Homo sapiens";"SINGLE PROTEIN";"CHEMBL3259630";"1";"Scientific Literature";"ACS Med Chem Lett";"2014";"None";"";"";"";"110.0"
"CHEMBL3264008";"";"None";"493.50";"1";"1.23";"3, 15-B-2";"CN[C@H](C(=O)N[C@@H](Cc1ccc(O)cc1)C(=O)N[C@@H](Cc1ccc(O)cc1)P(=O)(O)O)C(C)C";"IC50";"'='";"54.0";"nM";"7.27";"";"";"UO_0000065";"14.73";"0.29";"6.04";"4.32";"0";"CHEMBL3269460";"Inhibition of human ACE N-terminal domain using Cbz-Phe-His-Leu-OH substrate";"B";"BAO_0000357";"single protein format";"Homo sapiens";"None";"None";"None";"None";"";"";"";"CHEMBL1808";"Angiotensin-converting enzyme";"Homo sapiens";"SINGLE PROTEIN";"CHEMBL3259630";"1";"Scientific Literature";"ACS Med Chem Lett";"2014";"None";"";"";"";"54.0"
"CHEMBL191879";"";"None";"497.49";"0";"4.31";"14";"CC(=O)S[C@@H]1C[C@@H](COCc2cc(F)c(F)cc2F)N(C(=O)Oc2cccc3c2OCCO3)C1";"IC50";"'>'";"100000.0";"nM";"";"";"";"UO_0000065";"";"";"";"";"0";"CHEMBL832631";"Inhibitory concentration against human angiotensin I converting enzyme";"B";"BAO_0000357";"single protein format";"Homo sapiens";"None";"None";"None";"None";"";"";"";"CHEMBL1808";"Angiotensin-converting enzyme";"Homo sapiens";"SINGLE PROTEIN";"CHEMBL1144347";"1";"Scientific Literature";"J Med Chem";"2005";"None";"";"";"";"100.0"
"CHEMBL305388";"";"None";"438.55";"0";"3.56";"85";"COc1ccc2c(c1)CC[C@H]2[C@@H](CS)C(=O)N[C@@H](Cc1c[nH]c2ccccc12)C(=O)O";"Ki";"'='";"1.3";"nM";"8.89";"";"";"UO_0000065";"20.26";"0.39";"5.33";"9.72";"0";"CHEMBL884718";"Inhibition constant against angiotensin I converting enzyme";"B";"BAO_0000357";"single protein format";"Homo sapiens";"None";"None";"None";"None";"";"";"";"CHEMBL1808";"Angiotensin-converting enzyme";"Homo sapiens";"SINGLE PROTEIN";"CHEMBL1140446";"1";"Scientific Literature";"J Med Chem";"2005";"None";"";"";"";"1.3"
"CHEMBL516734";"";"None";"428.35";"0";"2.65";"5-tetraacetate";"CC(=O)Oc1cc2oc3cc(OC(C)=O)c(OC(C)=O)cc3c(=O)c2cc1OC(C)=O";"Inhibition";"'<'";"1.0";"%";"";"";"";"UO_0000187";"";"";"";"";"0";"CHEMBL964321";"Inhibition of ACE at 100 uM";"B";"BAO_0000357";"single protein format";"None";"None";"None";"None";"None";"";"";"";"CHEMBL1808";"Angiotensin-converting enzyme";"Homo sapiens";"SINGLE PROTEIN";"CHEMBL1159033";"1";"Scientific Literature";"J Nat Prod";"1992";"None";"";"";"";"1.0"
"CHEMBL478778";"";"None";"428.35";"0";"2.65";"4-tetraacetate";"CC(=O)Oc1cc(OC(C)=O)c2c(=O)c3cc(OC(C)=O)c(OC(C)=O)cc3oc2c1";"Inhibition";"'<'";"1.0";"%";"";"";"";"UO_0000187";"";"";"";"";"0";"CHEMBL964321";"Inhibition of ACE at 100 uM";"B";"BAO_0000357";"single protein format";"None";"None";"None";"None";"None";"";"";"";"CHEMBL1808";"Angiotensin-converting enzyme";"Homo sapiens";"SINGLE PROTEIN";"CHEMBL1159033";"1";"Scientific Literature";"J Nat Prod";"1992";"None";"";"";"";"1.0"
"CHEMBL12700";"";"None";"260.20";"0";"1.77";"5, 2,3,6,7-THX";"O=c1c2cc(O)c(O)cc2oc2cc(O)c(O)cc12";"Inhibition";"'='";"17.23";"%";"";"";"";"UO_0000187";"";"";"";"";"0";"CHEMBL964322";"Inhibition of ACE at 200 uM";"B";"BAO_0000357";"single protein format";"None";"None";"None";"None";"None";"";"";"";"CHEMBL1808";"Angiotensin-converting enzyme";"Homo sapiens";"SINGLE PROTEIN";"CHEMBL1159033";"1";"Scientific Literature";"J Nat Prod";"1992";"None";"";"";"";"17.23"
"CHEMBL187265";"";"None";"260.20";"0";"1.77";"4, 1,3,6,7-THX";"O=c1c2cc(O)c(O)cc2oc2cc(O)cc(O)c12";"Inhibition";"'='";"40.27";"%";"";"";"";"UO_0000187";"";"";"";"";"0";"CHEMBL964323";"Inhibition of ACE at 400 uM";"B";"BAO_0000357";"single protein format";"None";"None";"None";"None";"None";"";"";"";"CHEMBL1808";"Angiotensin-converting enzyme";"Homo sapiens";"SINGLE PROTEIN";"CHEMBL1159033";"1";"Scientific Literature";"J Nat Prod";"1992";"None";"";"";"";"40.27"
"CHEMBL367174";"";"None";"472.61";"0";"2.97";"24";"CC(C)CC(S)CC(=O)NC(Cc1ccccc1)C(=O)NC(Cc1ccc(O)cc1)C(=O)O";"IC50";"'='";"2800.0";"nM";"5.55";"";"";"UO_0000065";"11.75";"0.23";"2.58";"4.80";"0";"CHEMBL648692";"Inhibitory concentration was evaluated by Inhibiting 50% of Angiotensin I converting enzyme activity using 50 uM N-Cbz-Phe-His-Leu as substrate";"B";"BAO_0000357";"single protein format";"None";"None";"None";"None";"None";"";"";"";"CHEMBL1808";"Angiotensin-converting enzyme";"Homo sapiens";"SINGLE PROTEIN";"CHEMBL1126948";"1";"Scientific Literature";"J Med Chem";"1993";"None";"";"";"";"2.8"
"CHEMBL288114";"GALLIC ACID";"2.0";"170.12";"0";"0.50";"Gallic acid";"O=C(O)c1cc(O)c(O)c(O)c1";"IC50";"'='";"7700000.0";"nM";"";"Outside typical range";"";"UO_0000065";"";"";"";"";"0";"CHEMBL1015636";"Inhibition of ACE by fluorometric assay";"B";"BAO_0000357";"single protein format";"None";"None";"None";"None";"None";"";"";"";"CHEMBL1808";"Angiotensin-converting enzyme";"Homo sapiens";"SINGLE PROTEIN";"CHEMBL1150754";"1";"Scientific Literature";"J Nat Prod";"1988";"None";"";"";"";"7.7"
"CHEMBL13883";"VANILLIN";"-1.0";"152.15";"0";"1.21";"Vanillin";"COc1cc(C=O)ccc1O";"Inhibition";"'='";"41.52";"%";"";"";"";"UO_0000187";"";"";"";"";"0";"CHEMBL4057853";"Inhibition of recombinant human ACE at 100 uM using Mca-R-P-PG-F-S-A-F-K(Dnp)-OH as substrate measured every 2 mins for 8 mins by fluorescence assay";"B";"BAO_0000357";"single protein format";"Homo sapiens";"None";"None";"None";"None";"";"";"";"CHEMBL1808";"Angiotensin-converting enzyme";"Homo sapiens";"SINGLE PROTEIN";"CHEMBL4052767";"1";"Scientific Literature";"Bioorg Med Chem Lett";"2017";"None";"";"";"";"41.52"
"CHEMBL300016";"";"None";"386.47";"0";"2.15";"1F";"C[C@H](NC(=O)[C@@H](S)Cc1ccccc1)C(=O)N(CC(=O)O)c1ccccc1";"IC50";"'='";"14.0";"nM";"7.85";"";"";"UO_0000065";"20.32";"0.40";"5.70";"9.06";"0";"CHEMBL645286";"Inhibition of Angiotensin I converting enzyme";"B";"BAO_0000357";"single protein format";"None";"None";"None";"None";"None";"";"";"";"CHEMBL1808";"Angiotensin-converting enzyme";"Homo sapiens";"SINGLE PROTEIN";"CHEMBL1152108";"1";"Scientific Literature";"Bioorg Med Chem Lett";"1994";"None";"";"";"";"14.0"
"CHEMBL54823";"";"None";"443.61";"0";"4.49";"25";"CCC(C)C(CC(S)CCc1ccccc1)C(=O)NC(Cc1ccc(O)cc1)C(=O)O";"IC50";"'='";"2900.0";"nM";"5.54";"";"";"UO_0000065";"12.48";"0.24";"1.05";"6.39";"0";"CHEMBL646968";"Tested for inhibitory potency against Angiotensin I Converting Enzyme";"B";"BAO_0000357";"single protein format";"None";"None";"None";"None";"None";"";"";"";"CHEMBL1808";"Angiotensin-converting enzyme";"Homo sapiens";"SINGLE PROTEIN";"CHEMBL1127546";"1";"Scientific Literature";"J Med Chem";"1994";"None";"";"";"";"2.9"
"CHEMBL269996";"";"None";"371.50";"0";"3.81";"1j";"CC[C@H](C)[C@H](S)C(=O)N[C@@H](Cc1ccc(-c2ccccc2)cc1)C(=O)O";"Ki";"'='";"200.0";"nM";"6.70";"";"";"UO_0000065";"18.03";"0.35";"2.89";"10.09";"0";"CHEMBL933039";"Inhibition of human recombinant ACE by fluorescence assay";"B";"BAO_0000357";"single protein format";"Homo sapiens";"None";"None";"None";"None";"";"";"";"CHEMBL1808";"Angiotensin-converting enzyme";"Homo sapiens";"SINGLE PROTEIN";"CHEMBL1142293";"1";"Scientific Literature";"Bioorg Med Chem Lett";"2008";"None";"";"";"";"200.0"
"CHEMBL257726";"";"None";"343.45";"0";"3.17";"1f";"CC[C@H](S)C(=O)N[C@@H](Cc1ccc(-c2ccccc2)cc1)C(=O)O";"Ki";"'='";"8.6";"nM";"8.07";"";"";"UO_0000065";"23.48";"0.46";"4.90";"12.15";"0";"CHEMBL933039";"Inhibition of human recombinant ACE by fluorescence assay";"B";"BAO_0000357";"single protein format";"Homo sapiens";"None";"None";"None";"None";"";"";"";"CHEMBL1808";"Angiotensin-converting enzyme";"Homo sapiens";"SINGLE PROTEIN";"CHEMBL1142293";"1";"Scientific Literature";"Bioorg Med Chem Lett";"2008";"None";"";"";"";"8.6"
"CHEMBL253428";"";"None";"345.46";"0";"3.30";"1g";"CC[C@@H](C)[C@H](S)C(=O)N[C@@H](Cc1ccc2ccccc2c1)C(=O)O";"Ki";"'='";"310.0";"nM";"6.51";"";"";"UO_0000065";"18.84";"0.37";"3.21";"9.80";"0";"CHEMBL928316";"Inhibition of human recombinant ACE by fluorescence assay";"B";"BAO_0000357";"single protein format";"Homo sapiens";"None";"None";"None";"None";"";"";"";"CHEMBL1808";"Angiotensin-converting enzyme";"Homo sapiens";"SINGLE PROTEIN";"CHEMBL1141500";"1";"Scientific Literature";"Bioorg Med Chem Lett";"2008";"None";"";"";"";"310.0"
"CHEMBL1560";"CAPTOPRIL";"4.0";"217.29";"0";"0.63";"Captopril";"C[C@H](CS)C(=O)N1CCC[C@H]1C(=O)O";"IC50";"'='";"5.0";"nM";"8.30";"";"";"UO_0000065";"38.20";"0.81";"7.67";"14.41";"0";"CHEMBL1015636";"Inhibition of ACE by fluorometric assay";"B";"BAO_0000357";"single protein format";"None";"None";"None";"None";"None";"";"";"";"CHEMBL1808";"Angiotensin-converting enzyme";"Homo sapiens";"SINGLE PROTEIN";"CHEMBL1150754";"1";"Scientific Literature";"J Nat Prod";"1988";"None";"";"";"";"5.0"
"CHEMBL147185";"";"None";"321.44";"0";"2.46";"16a";"O=C1N[C@H](C(=O)O)CCCCCc2cccc(c2)C[C@@H]1CS";"IC50";"'='";"4.0";"nM";"8.40";"";"";"UO_0000065";"26.13";"0.52";"5.94";"12.65";"0";"CHEMBL644707";"Inhibitory concentration required to inhibit Angiotensin I converting enzyme (ACE)";"B";"BAO_0000357";"single protein format";"None";"None";"None";"None";"None";"";"";"";"CHEMBL1808";"Angiotensin-converting enzyme";"Homo sapiens";"SINGLE PROTEIN";"CHEMBL1129939";"1";"Scientific Literature";"J Med Chem";"1997";"None";"";"";"";"4.0"
"CHEMBL299639";"";"None";"398.48";"0";"2.08";"1A";"O=C(O)CN1C(=O)[C@@H](NC(=O)[C@@H](S)Cc2ccccc2)CCc2ccccc21";"IC50";"'='";"12.0";"nM";"7.92";"";"";"UO_0000065";"19.88";"0.39";"5.84";"9.13";"0";"CHEMBL645286";"Inhibition of Angiotensin I converting enzyme";"B";"BAO_0000357";"single protein format";"None";"None";"None";"None";"None";"";"";"";"CHEMBL1808";"Angiotensin-converting enzyme";"Homo sapiens";"SINGLE PROTEIN";"CHEMBL1152108";"1";"Scientific Literature";"Bioorg Med Chem Lett";"1994";"None";"";"";"";"12.0"
"CHEMBL315579";"";"None";"158.16";"0";"-1.37";"6";"NC1CCN(CC(=O)O)C1=O";"IC50";"";"";"nM";"";"";"";"UO_0000065";"";"";"";"";"0";"CHEMBL644706";"Inhibitory concentration against Angiotensin I converting enzyme; IA is Inactive with 0% inhibition at 3.3 x 10e-4;";"B";"BAO_0000357";"single protein format";"None";"None";"None";"None";"None";"";"";"";"CHEMBL1808";"Angiotensin-converting enzyme";"Homo sapiens";"SINGLE PROTEIN";"CHEMBL1123398";"1";"Scientific Literature";"J Med Chem";"1986";"None";"";"";"Not active";""
"CHEMBL1560";"CAPTOPRIL";"4.0";"217.29";"0";"0.63";"68";"C[C@H](CS)C(=O)N1CCC[C@H]1C(=O)O";"IC50";"'='";"6.3";"nM";"8.20";"";"";"UO_0000065";"37.74";"0.80";"7.57";"14.23";"1";"CHEMBL5229316";"Inhibition of ACE (unknown origin) using tripeptide Hip-His-Leu-OH as substrate incubated for 4 mins by fluorimetric method";"B";"BAO_0000357";"single protein format";"Homo sapiens";"None";"None";"None";"None";"";"";"";"CHEMBL1808";"Angiotensin-converting enzyme";"Homo sapiens";"SINGLE PROTEIN";"CHEMBL5226360";"1";"Scientific Literature";"Bioorg Med Chem Lett";"2022";"None";"TIME = 0.06667 hr";"INHIBITOR";"";"6.3"
"CHEMBL5220968";"";"None";"428.32";"0";"3.32";"MLN-4760-S/R";"CC(C)CC(N[C@@H](Cc1cncn1Cc1cc(Cl)cc(Cl)c1)C(=O)O)C(=O)O";"IC50";"'='";"39810.72";"nM";"4.40";"";"";"UO_0000065";"10.27";"0.21";"1.08";"4.21";"0";"CHEMBL5216075";"Inhibition of recombinant human ACE using Mca-RPGFSAFK (Dnp)- OH as substrate by fluorescence plate reader assay";"B";"BAO_0000357";"single protein format";"Homo sapiens";"None";"None";"None";"None";"";"";"";"CHEMBL1808";"Angiotensin-converting enzyme";"Homo sapiens";"SINGLE PROTEIN";"CHEMBL5214916";"1";"Scientific Literature";"Bioorg Med Chem";"2021";"None";"";"INHIBITOR";"";"4.4"
"CHEMBL2114322";"";"None";"438.52";"0";"2.57";"23 (R,S,S)";"CCOC(=O)[C@@H](CCc1ccccc1)N[C@@H](C)C(=O)N1Cc2ccccc2C[C@H]1C(=O)O";"IC50";"'='";"200.0";"nM";"6.70";"";"";"UO_0000065";"15.28";"0.29";"4.13";"6.98";"0";"CHEMBL648350";"Inhibition of guinea pig angiotensin I converting enzyme";"B";"BAO_0000357";"single protein format";"Cavia porcellus";"None";"None";"None";"None";"";"";"";"CHEMBL1808";"Angiotensin-converting enzyme";"Homo sapiens";"SINGLE PROTEIN";"CHEMBL1123237";"1";"Scientific Literature";"J Med Chem";"1986";"None";"";"";"";"0.2"
"CHEMBL459684";"";"None";"300.29";"0";"1.86";"20";"O=C1C2=C(CCCC2)S(=O)(=O)N1c1ncc(F)cc1F";"IC50";"'>'";"100000.0";"nM";"";"";"";"UO_0000065";"";"";"";"";"0";"CHEMBL969703";"Inhibition of human ACE";"B";"BAO_0000357";"single protein format";"Homo sapiens";"None";"None";"None";"None";"";"";"";"CHEMBL1808";"Angiotensin-converting enzyme";"Homo sapiens";"SINGLE PROTEIN";"CHEMBL1139421";"1";"Scientific Literature";"Bioorg Med Chem";"2008";"None";"";"";"";"100.0"
"CHEMBL61811";"";"None";"410.47";"0";"2.26";"35";"CC(NC(CCc1ccccc1)C(=O)O)C(=O)N1CCc2ccccc2C1C(=O)O";"IC50";"'='";"5.8";"nM";"8.24";"";"";"UO_0000065";"20.07";"0.37";"5.98";"7.70";"0";"CHEMBL648350";"Inhibition of guinea pig angiotensin I converting enzyme";"B";"BAO_0000357";"single protein format";"Cavia porcellus";"None";"None";"None";"None";"";"";"";"CHEMBL1808";"Angiotensin-converting enzyme";"Homo sapiens";"SINGLE PROTEIN";"CHEMBL1123237";"1";"Scientific Literature";"J Med Chem";"1986";"None";"";"";"";"0.0058"
"CHEMBL330038";"";"None";"203.20";"0";"-2.22";"GQ";"NCC(=O)N[C@@H](CCC(N)=O)C(=O)O";"IC50";"'='";"7079457.84";"nM";"";"Outside typical range";"";"UO_0000065";"";"";"";"";"0";"CHEMBL858254";"Biological activity was measured against Angiotensin I converting enzyme";"B";"BAO_0000357";"single protein format";"None";"None";"None";"None";"None";"";"";"";"CHEMBL1808";"Angiotensin-converting enzyme";"Homo sapiens";"SINGLE PROTEIN";"CHEMBL1128468";"1";"Scientific Literature";"J Med Chem";"1995";"None";"";"";"";"2.15"
"CHEMBL541207";"LEU-ALA";"None";"202.25";"0";"-0.05";"LA";"CC(C)C[C@H](N)C(=O)N[C@@H](C)C(=O)O";"IC50";"'='";"309029.54";"nM";"";"Outside typical range";"";"UO_0000065";"";"";"";"";"0";"CHEMBL858254";"Biological activity was measured against Angiotensin I converting enzyme";"B";"BAO_0000357";"single protein format";"None";"None";"None";"None";"None";"";"";"";"CHEMBL1808";"Angiotensin-converting enzyme";"Homo sapiens";"SINGLE PROTEIN";"CHEMBL1128468";"1";"Scientific Literature";"J Med Chem";"1995";"None";"";"";"";"3.51"
"CHEMBL5433480";"";"None";"1974.38";"None";"None";"BCY20855";"CC[C@H](C)[C@@H]1NC(=O)[C@H](CCCNC(=N)N)NC(=O)[C@@H]2CCCN2C(=O)[C@H](CC(C)C)NC(=O)[C@H](CC(C)C)NC(=O)[C@H](CO)NC(=O)[C@H](CO)NNC(=O)[C@@H]2CSCCC(=O)N3CN(CN(C3)C(=O)CCSC[C@H](N)C(=O)N[C@@H](C(C)C)C(=O)N[C@@H](CCCNC(=N)N)C(=O)N[C@@H](CO)C(=O)N[C@@H](Cc3c[nH]cn3)C(=O)N2)C(=O)CCSC[C@@H](C(N)=O)NC(=O)[C@H](Cc2c[nH]cn2)NC1=O";"IC50";"'>'";"40.0";"nM";"";"";"";"UO_0000065";"";"";"";"";"0";"CHEMBL5350896";"Inhibition of human ACE (30 to 1261 residues) using MCA-RPPGFSAFK-Dnp-OH as substrate by fluorescence based analysis";"B";"BAO_0000357";"single protein format";"Homo sapiens";"None";"None";"None";"None";"";"";"";"CHEMBL1808";"Angiotensin-converting enzyme";"Homo sapiens";"SINGLE PROTEIN";"CHEMBL5346959";"1";"Scientific Literature";"J Med Chem";"2023";"None";"";"";"";"40.0"
"CHEMBL5429801";"";"None";"2102.51";"None";"None";"BCY20860";"CC[C@H](C)[C@@H]1NC(=O)[C@H](CCCNC(=N)N)NC(=O)[C@@H]2CCCN2C(=O)[C@H](CC(C)C)NC(=O)[C@H](CC(C)C)NC(=O)[C@H](CO)NC(=O)[C@H](CO)NNC(=O)[C@@H]2CSCCC(=O)N3CN(CN(C3)C(=O)CCSC[C@@H](C(=O)N[C@@H](C)C(N)=O)NC(=O)[C@H](Cc3c[nH]cn3)NC1=O)C(=O)CCSC[C@H](NC(=O)[C@H](C)N)C(=O)N[C@@H](C(C)C)C(=O)N[C@@H](CCNC(=N)N)C(=O)N[C@@H](CO)C(=O)N[C@@H](Cc1c[nH]cn1)C(=O)N2";"IC50";"'>'";"40.0";"nM";"";"";"";"UO_0000065";"";"";"";"";"0";"CHEMBL5350896";"Inhibition of human ACE (30 to 1261 residues) using MCA-RPPGFSAFK-Dnp-OH as substrate by fluorescence based analysis";"B";"BAO_0000357";"single protein format";"Homo sapiens";"None";"None";"None";"None";"";"";"";"CHEMBL1808";"Angiotensin-converting enzyme";"Homo sapiens";"SINGLE PROTEIN";"CHEMBL5346959";"1";"Scientific Literature";"J Med Chem";"2023";"None";"";"";"";"40.0"
"CHEMBL5394399";"";"None";"2126.57";"None";"None";"BCY20861";"CC[C@H](C)[C@@H]1NC(=O)[C@H](CCCNC(=N)N)NC(=O)[C@@H]2CCCN2C(=O)[C@H](CC(C)C)NC(=O)[C@H](CC(C)C)NC(=O)[C@H](CO)NC(=O)[C@H](CO)NNC(=O)[C@@H]2CSCCC(=O)N3CN(CN(C3)C(=O)CCSC[C@@H](C(=O)N[C@@H](C)C(N)=O)NC(=O)[C@H](Cc3c[nH]cn3)NC1=O)C(=O)CCSC[C@H](NC(=O)[C@H](C)N)C(=O)N[C@@H](C(C)C)C(=O)N[C@@H](CCCNC(=N)N)C(=O)N[C@@H](CO)C(=O)N[C@@H](Cc1ccccc1)C(=O)N2";"IC50";"'>'";"40.0";"nM";"";"";"";"UO_0000065";"";"";"";"";"0";"CHEMBL5350896";"Inhibition of human ACE (30 to 1261 residues) using MCA-RPPGFSAFK-Dnp-OH as substrate by fluorescence based analysis";"B";"BAO_0000357";"single protein format";"Homo sapiens";"None";"None";"None";"None";"";"";"";"CHEMBL1808";"Angiotensin-converting enzyme";"Homo sapiens";"SINGLE PROTEIN";"CHEMBL5346959";"1";"Scientific Literature";"J Med Chem";"2023";"None";"";"";"";"40.0"
"CHEMBL5396932";"";"None";"2134.55";"None";"None";"BCY15293";"CC(C)C[C@@H]1NC(=O)[C@H](CO)NC(=O)[C@H](Cc2c[nH]cn2)NC(=O)[C@@H]2CSCCC(=O)N3CN(CN(C3)C(=O)CCSC[C@@H](C(=O)N[C@@H](C)C(N)=O)NC(=O)[C@H]([C@@H](C)O)NC(=O)[C@H](C)NC(=O)[C@H](CCCNC(=N)N)NC(=O)[C@@H]3CCCN3C(=O)[C@H](CC(C)C)NC1=O)C(=O)CCSC[C@H](NC(=O)[C@H](C)N)C(=O)N[C@@H]([C@@H](C)O)C(=O)N[C@@H](CCCNC(=N)N)C(=O)N1CCC[C@H]1C(=O)N[C@@H](Cc1c[nH]c3ccccc13)C(=O)N2";"Kd";"'>'";"10000.0";"nM";"";"";"";"UO_0000065";"";"";"";"";"0";"CHEMBL5350899";"Binding affinity to human ACE assessed as binding constant by surface plasmon resonance analysis";"B";"BAO_0000357";"single protein format";"Homo sapiens";"None";"None";"None";"None";"";"";"";"CHEMBL1808";"Angiotensin-converting enzyme";"Homo sapiens";"SINGLE PROTEIN";"CHEMBL5346959";"1";"Scientific Literature";"J Med Chem";"2023";"None";"";"";"";"10.0"
"CHEMBL287896";"";"None";"350.44";"0";"1.11";"81 (SQ-28603)";"C[C@H](NC(=O)[C@@H](S)Cc1ccccc1)C(=O)N1CCC[C@H]1C(=O)O";"IC50";"'='";"30.0";"nM";"7.52";"";"";"UO_0000065";"21.47";"0.43";"6.41";"8.68";"1";"CHEMBL881232";"Inhibitory concentration against angiotensin I converting enzyme";"B";"BAO_0000357";"single protein format";"Homo sapiens";"None";"None";"None";"None";"";"";"";"CHEMBL1808";"Angiotensin-converting enzyme";"Homo sapiens";"SINGLE PROTEIN";"CHEMBL1140446";"1";"Scientific Literature";"J Med Chem";"2005";"None";"";"";"";"30.0"
"CHEMBL3264010";"";"None";"519.54";"2";"1.83";"5, SF2513 C";"CC[C@H](C)[C@H](NC(C)=O)C(=O)N[C@@H](Cc1ccccc1)C(=O)N[C@@H](Cc1ccc(O)cc1)P(=O)(O)O";"Ki";"'='";"170.0";"nM";"6.77";"";"";"UO_0000065";"13.03";"0.26";"4.94";"4.10";"0";"CHEMBL3269461";"Inhibition of human ACE C-terminal domain using Cbz-Phe-His-Leu-OH substrate";"B";"BAO_0000357";"single protein format";"Homo sapiens";"None";"None";"None";"None";"";"";"";"CHEMBL1808";"Angiotensin-converting enzyme";"Homo sapiens";"SINGLE PROTEIN";"CHEMBL3259630";"1";"Scientific Literature";"ACS Med Chem Lett";"2014";"None";"";"";"";"170.0"
"CHEMBL3264007";"";"None";"477.50";"1";"1.53";"2, K-4";"CN[C@H](C(=O)N[C@@H](Cc1ccccc1)C(=O)N[C@@H](Cc1ccc(O)cc1)P(=O)(O)O)C(C)C";"IC50";"'='";"590.0";"nM";"6.23";"";"";"UO_0000065";"13.05";"0.26";"4.70";"4.21";"0";"CHEMBL3269460";"Inhibition of human ACE N-terminal domain using Cbz-Phe-His-Leu-OH substrate";"B";"BAO_0000357";"single protein format";"Homo sapiens";"None";"None";"None";"None";"";"";"";"CHEMBL1808";"Angiotensin-converting enzyme";"Homo sapiens";"SINGLE PROTEIN";"CHEMBL3259630";"1";"Scientific Literature";"ACS Med Chem Lett";"2014";"None";"";"";"";"590.0"
"CHEMBL340119";"";"None";"299.37";"0";"-0.06";"3 (table-2)";"CC(C)C[C@H](N)C(=O)N[C@@H](C)C(=O)N1CCC[C@@H]1C(=O)O";"IC50";"'='";"2300.0";"nM";"5.64";"";"";"UO_0000065";"18.83";"0.37";"5.70";"5.00";"0";"CHEMBL644708";"Inhibition against ACE.";"B";"BAO_0000357";"single protein format";"None";"None";"None";"None";"None";"";"";"";"CHEMBL1808";"Angiotensin-converting enzyme";"Homo sapiens";"SINGLE PROTEIN";"CHEMBL1127412";"1";"Scientific Literature";"J Med Chem";"1994";"None";"";"";"";"2300.0"
"CHEMBL385901";"";"None";"511.58";"1";"3.67";"19";"O=C(CCC(=O)[C@H](Cc1ccccc1)NC(=O)c1ccccc1)N[C@@H](Cc1c[nH]c2ccccc12)C(=O)O";"Ki";"'='";"195700.0";"nM";"";"Outside typical range";"";"UO_0000065";"";"";"";"";"0";"CHEMBL869865";"Inhibition of recombinant ACE N domain";"B";"BAO_0000357";"single protein format";"Homo sapiens";"None";"None";"None";"None";"";"";"";"CHEMBL1808";"Angiotensin-converting enzyme";"Homo sapiens";"SINGLE PROTEIN";"CHEMBL1149521";"1";"Scientific Literature";"Bioorg Med Chem Lett";"2006";"None";"";"";"";"195.7"
"CHEMBL369809";"";"None";"584.71";"2";"5.29";"8";"CC(C)(C)OC(=O)[C@@H]1CCCN1C(=O)CCC(=O)C(Cc1ccc(OCc2ccccc2)cc1)NC(=O)c1ccccc1";"IC50";"'='";"8600.0";"nM";"5.07";"";"";"UO_0000065";"8.66";"0.16";"-0.22";"4.97";"0";"CHEMBL648346";"Concentration required to inhibit the activity of Angiotensin I converting enzyme by 50%";"B";"BAO_0000224";"protein format";"Cavia porcellus";"None";"None";"None";"None";"";"";"";"CHEMBL1808";"Angiotensin-converting enzyme";"Homo sapiens";"SINGLE PROTEIN";"CHEMBL1121683";"1";"Scientific Literature";"J Med Chem";"1981";"None";"";"";"";"0.0000086"
"CHEMBL298647";"";"None";"255.66";"0";"1.19";"36";"O=C(CN1Cc2c(Cl)cccc2NC1=O)NO";"IC50";"'='";"90000.0";"nM";"4.05";"";"";"UO_0000065";"15.82";"0.33";"2.86";"4.95";"0";"CHEMBL648687";"Inhibition against angiotensin I converting enzyme";"B";"BAO_0000357";"single protein format";"None";"None";"None";"None";"None";"";"";"";"CHEMBL1808";"Angiotensin-converting enzyme";"Homo sapiens";"SINGLE PROTEIN";"CHEMBL1134493";"1";"Scientific Literature";"J Med Chem";"2001";"None";"";"";"";"90.0"
"CHEMBL284843";"";"None";"530.60";"1";"4.25";"SQ-29852_2R";"NCCCC[C@H](OP(=O)(O)CCCCc1ccccc1)C(=O)N1C[C@@H](Cc2ccccc2)C[C@H]1C(=O)O";"IC50";"'='";"0.8913";"nM";"9.05";"";"";"UO_0000065";"";"";"";"";"0";"CHEMBL648337";"Inhibitory activity against angiotensin converting enzyme (ACE)";"F";"BAO_0000019";"assay format";"None";"None";"None";"None";"None";"";"";"";"CHEMBL1808";"Angiotensin-converting enzyme";"Homo sapiens";"SINGLE PROTEIN";"CHEMBL1126767";"1";"Scientific Literature";"J Med Chem";"1993";"None";"";"";"";"9.05"
"CHEMBL311988";"";"None";"230.33";"0";"2.01";"129";"CC(C(=O)O)C1CCCCC(CS)C1=O";"IC50";"'='";"52.48";"nM";"7.28";"";"";"UO_0000065";"";"";"";"";"0";"CHEMBL648337";"Inhibitory activity against angiotensin converting enzyme (ACE)";"F";"BAO_0000019";"assay format";"None";"None";"None";"None";"None";"";"";"";"CHEMBL1808";"Angiotensin-converting enzyme";"Homo sapiens";"SINGLE PROTEIN";"CHEMBL1126767";"1";"Scientific Literature";"J Med Chem";"1993";"None";"";"";"";"7.28"
"CHEMBL311525";"";"None";"231.27";"0";"0.15";"3";"C[C@H](CS)C(=O)N1C(=O)CC[C@H]1C(=O)O";"IC50";"'='";"9.0";"nM";"8.05";"";"";"UO_0000065";"34.79";"0.73";"7.90";"10.77";"0";"CHEMBL645285";"Inhibition of Angiotensin I converting enzyme";"B";"BAO_0000357";"single protein format";"None";"None";"None";"None";"None";"";"";"";"CHEMBL1808";"Angiotensin-converting enzyme";"Homo sapiens";"SINGLE PROTEIN";"CHEMBL1122964";"1";"Scientific Literature";"J Med Chem";"1985";"None";"";"";"";"9E-9"
"CHEMBL415932";"";"None";"364.47";"0";"1.88";"7e";"CC(C)C[C@H](S)C(=O)N[C@H]1CCc2ccccc2N(CC(=O)O)C1=O";"IC50";"'='";"6.3";"nM";"8.20";"";"";"UO_0000065";"22.50";"0.45";"6.32";"9.46";"0";"CHEMBL645286";"Inhibition of Angiotensin I converting enzyme";"B";"BAO_0000357";"single protein format";"None";"None";"None";"None";"None";"";"";"";"CHEMBL1808";"Angiotensin-converting enzyme";"Homo sapiens";"SINGLE PROTEIN";"CHEMBL1152108";"1";"Scientific Literature";"Bioorg Med Chem Lett";"1994";"None";"";"";"";"6.3"
"CHEMBL5279614";"";"None";"396.44";"0";"1.70";"46";"O=C(O)CN1Cc2ccccc2C[C@H](N[C@@H](CCc2ccccc2)C(=O)O)C1=O";"Ki";"'='";"10.0";"nM";"8.00";"";"";"UO_0000065";"20.18";"0.38";"6.30";"7.48";"0";"CHEMBL5258029";"Binding affinity to angiotensin-converting enzyme (unknown origin) assessed as inhibition constant";"B";"BAO_0000357";"single protein format";"Homo sapiens";"None";"None";"None";"None";"";"";"";"CHEMBL1808";"Angiotensin-converting enzyme";"Homo sapiens";"SINGLE PROTEIN";"CHEMBL5257037";"1";"Scientific Literature";"J Med Chem";"2016";"None";"";"INHIBITOR";"";"10.0"
"CHEMBL114552";"";"None";"285.28";"0";"1.91";"I";"O=C(O)CCCNCP(=O)(O)CCc1ccccc1";"IC50";"'='";"100000.0";"nM";"4.00";"";"";"UO_0000065";"14.02";"0.29";"2.09";"4.62";"0";"CHEMBL648691";"Inhibitory activity against Angiotensin I converting enzyme (ACE) from human blood serum";"B";"BAO_0000357";"single protein format";"None";"None";"None";"None";"None";"";"";"";"CHEMBL1808";"Angiotensin-converting enzyme";"Homo sapiens";"SINGLE PROTEIN";"CHEMBL1145855";"1";"Scientific Literature";"J Med Chem";"2003";"None";"";"";"";"0.0001"
"CHEMBL398771";"";"None";"437.51";"0";"4.00";"1q";"CC[C@@H](C)[C@H](S)C(=O)N[C@@H](Cc1ccc(OCc2ccc(F)cc2F)cc1)C(=O)O";"Ki";"'='";"950.0";"nM";"6.02";"";"";"UO_0000065";"13.76";"0.27";"2.02";"7.96";"0";"CHEMBL928316";"Inhibition of human recombinant ACE by fluorescence assay";"B";"BAO_0000357";"single protein format";"Homo sapiens";"None";"None";"None";"None";"";"";"";"CHEMBL1808";"Angiotensin-converting enzyme";"Homo sapiens";"SINGLE PROTEIN";"CHEMBL1141500";"1";"Scientific Literature";"Bioorg Med Chem Lett";"2008";"None";"";"";"";"950.0"
"CHEMBL439762";"";"None";"214.26";"0";"0.05";"49";"CC(C)[C@H](N)C(=O)N1CCC[C@H]1C(=O)O";"IC50";"'='";"416869.38";"nM";"";"Outside typical range";"";"UO_0000065";"";"";"";"";"0";"CHEMBL648337";"Inhibitory activity against angiotensin converting enzyme (ACE)";"F";"BAO_0000019";"assay format";"None";"None";"None";"None";"None";"";"";"";"CHEMBL1808";"Angiotensin-converting enzyme";"Homo sapiens";"SINGLE PROTEIN";"CHEMBL1126767";"1";"Scientific Literature";"J Med Chem";"1993";"None";"";"";"";"3.38"
"CHEMBL433442";"";"None";"486.57";"0";"3.13";"SQ-29852_2V";"CS[C@H]1C[C@@H](C(=O)O)N(C(=O)[C@H](CCCCN)OP(=O)(O)CCCCc2ccccc2)C1";"IC50";"'='";"1.905";"nM";"8.72";"";"";"UO_0000065";"";"";"";"";"0";"CHEMBL648337";"Inhibitory activity against angiotensin converting enzyme (ACE)";"F";"BAO_0000019";"assay format";"None";"None";"None";"None";"None";"";"";"";"CHEMBL1808";"Angiotensin-converting enzyme";"Homo sapiens";"SINGLE PROTEIN";"CHEMBL1126767";"1";"Scientific Literature";"J Med Chem";"1993";"None";"";"";"";"8.72"
"CHEMBL26226";"";"None";"411.45";"0";"2.52";"9b";"CC(OC(CCc1ccccc1)C(=O)O)C(=O)N1Cc2ccccc2CC1C(=O)O";"IC50";"'='";"86.0";"nM";"7.07";"";"";"UO_0000065";"17.17";"0.32";"4.55";"6.78";"0";"CHEMBL648701";"In vitro inhibitory activity against Angiotensin I converting enzyme from unpurified guinea pig serum";"B";"BAO_0000357";"single protein format";"Cavia porcellus";"None";"None";"None";"None";"";"";"";"CHEMBL1808";"Angiotensin-converting enzyme";"Homo sapiens";"SINGLE PROTEIN";"CHEMBL1123106";"1";"Scientific Literature";"J Med Chem";"1985";"None";"";"";"";"8.6E-8"
"CHEMBL78731";"";"None";"391.42";"0";"0.91";"104";"C[C@H](NC(CCC(=O)Nc1ccccc1)C(=O)O)C(=O)N1CCC[C@H]1C(=O)O";"IC50";"'='";"5.248";"nM";"8.28";"";"";"UO_0000065";"";"";"";"";"0";"CHEMBL648337";"Inhibitory activity against angiotensin converting enzyme (ACE)";"F";"BAO_0000019";"assay format";"None";"None";"None";"None";"None";"";"";"";"CHEMBL1808";"Angiotensin-converting enzyme";"Homo sapiens";"SINGLE PROTEIN";"CHEMBL1126767";"1";"Scientific Literature";"J Med Chem";"1993";"None";"";"";"";"8.28"
"CHEMBL80384";"";"None";"195.26";"0";"-0.58";"THIOL_5";"O=C(CS)N[C@@H](CS)C(=O)O";"IC50";"'='";"19054.61";"nM";"4.72";"";"";"UO_0000065";"";"";"";"";"0";"CHEMBL648337";"Inhibitory activity against angiotensin converting enzyme (ACE)";"F";"BAO_0000019";"assay format";"None";"None";"None";"None";"None";"";"";"";"CHEMBL1808";"Angiotensin-converting enzyme";"Homo sapiens";"SINGLE PROTEIN";"CHEMBL1126767";"1";"Scientific Literature";"J Med Chem";"1993";"None";"";"";"";"4.72"
"CHEMBL264538";"";"None";"611.70";"2";"-0.33";"SQ-20475";"C[C@H](NC(=O)[C@H](Cc1c[nH]c2ccccc12)NC(=O)[C@H](CCCCN)NC(=O)[C@@H]1CCC(=O)N1)C(=O)N1CCC[C@H]1C(=O)O";"IC50";"'='";"730.0";"nM";"6.14";"";"";"UO_0000065";"10.03";"0.19";"6.47";"2.84";"0";"CHEMBL644576";"Compound is evaluated for the inhibition of porcine plasma Angiotensin I converting enzyme";"B";"BAO_0000366";"cell-free format";"Sus scrofa";"CHEMBL3559721";"Plasma";"None";"None";"";"";"";"CHEMBL1808";"Angiotensin-converting enzyme";"Homo sapiens";"SINGLE PROTEIN";"CHEMBL1121370";"1";"Scientific Literature";"J Med Chem";"1980";"None";"";"";"";"0.73"
"CHEMBL277919";"";"None";"229.23";"0";"0.32";"10";"O=C(O)CCCC(=O)N1CCC[C@H]1C(=O)O";"IC50";"'='";"70000.0";"nM";"4.16";"";"";"UO_0000065";"18.13";"0.35";"3.83";"4.38";"0";"CHEMBL883277";"Inhibition of Angiotensin I converting enzyme (ACE) in Bothrops jararaca venom";"B";"BAO_0000357";"single protein format";"Bothrops jararaca";"None";"None";"None";"None";"";"";"";"CHEMBL1808";"Angiotensin-converting enzyme";"Homo sapiens";"SINGLE PROTEIN";"CHEMBL1135683";"1";"Scientific Literature";"J Med Chem";"2002";"None";"";"";"";"70.0"
"CHEMBL152758";"";"None";"258.27";"0";"-0.49";"20";"CC(N[C@H](C)C(=O)N1CCC[C@H]1C(=O)O)C(=O)O";"IC50";"'='";"90.0";"nM";"7.05";"";"";"UO_0000065";"27.28";"0.53";"7.54";"6.59";"0";"CHEMBL648529";"Inhibition of Angiotensin I converting enzyme";"B";"BAO_0000357";"single protein format";"None";"None";"None";"None";"None";"";"";"";"CHEMBL1808";"Angiotensin-converting enzyme";"Homo sapiens";"SINGLE PROTEIN";"CHEMBL1126739";"1";"Scientific Literature";"J Med Chem";"1993";"None";"";"";"";"0.09"
"CHEMBL114552";"";"None";"285.28";"0";"1.91";"I";"O=C(O)CCCNCP(=O)(O)CCc1ccccc1";"Inhibition";"'='";"18.0";"%";"";"";"";"UO_0000187";"";"";"";"";"0";"CHEMBL651104";"Inhibitory activity of compound at 1*10e-4 M against Angiotensin I converting enzyme (ACE) from bovine kidney";"B";"BAO_0000221";"tissue-based format";"Bos taurus";"CHEMBL3638241";"Kidney";"None";"None";"";"";"";"CHEMBL1808";"Angiotensin-converting enzyme";"Homo sapiens";"SINGLE PROTEIN";"CHEMBL1145855";"1";"Scientific Literature";"J Med Chem";"2003";"None";"";"";"";"18.0"
"CHEMBL577";"ENALAPRILAT ANHYDROUS";"4.0";"348.40";"0";"1.13";"enalaprilat";"C[C@H](N[C@@H](CCc1ccccc1)C(=O)O)C(=O)N1CCC[C@H]1C(=O)O";"IC50";"'='";"3.1";"nM";"";"Potential transcription error";"";"UO_0000065";"";"";"";"";"1";"CHEMBL644700";"Compound was tested for its inhibitory potency against angiotensin I converting enzyme.";"B";"BAO_0000357";"single protein format";"None";"None";"None";"None";"None";"";"";"";"CHEMBL1808";"Angiotensin-converting enzyme";"Homo sapiens";"SINGLE PROTEIN";"CHEMBL1125229";"1";"Scientific Literature";"J Med Chem";"1991";"None";"";"";"";"3.1"
"CHEMBL163454";"";"None";"405.52";"0";"4.01";"1b";"O=C(N[C@@H](Cc1ccc(-c2ccccc2)cc1)C(=O)O)[C@H](S)Cc1ccccc1";"Ki";"'='";"520.0";"nM";"6.28";"";"";"UO_0000065";"15.50";"0.30";"2.27";"9.46";"0";"CHEMBL933039";"Inhibition of human recombinant ACE by fluorescence assay";"B";"BAO_0000357";"single protein format";"Homo sapiens";"None";"None";"None";"None";"";"";"";"CHEMBL1808";"Angiotensin-converting enzyme";"Homo sapiens";"SINGLE PROTEIN";"CHEMBL1142293";"1";"Scientific Literature";"Bioorg Med Chem Lett";"2008";"None";"";"";"";"520.0"
"CHEMBL414828";"";"None";"186.21";"0";"-0.59";"Ala-Pro";"C[C@H](N)C(=O)N1CCC[C@H]1C(=O)O";"Ki";"'='";"50000.0";"nM";"4.30";"";"";"UO_0000065";"23.10";"0.45";"4.89";"5.14";"0";"CHEMBL644715";"Inhibitory activity against Angiotensin I converting enzyme";"B";"BAO_0000357";"single protein format";"None";"None";"None";"None";"None";"";"";"";"CHEMBL1808";"Angiotensin-converting enzyme";"Homo sapiens";"SINGLE PROTEIN";"CHEMBL1127221";"1";"Scientific Literature";"Bioorg Med Chem Lett";"1993";"None";"";"";"";"50.0"
"CHEMBL91399";"";"None";"496.50";"0";"3.11";"4";"Cc1ccccc1C[C@H](NCP(=O)(O)O)C(=O)N[C@@H](Cc1ccc(-c2ccccc2)cc1)C(=O)O";"IC50";"'='";"498.0";"nM";"6.30";"";"";"UO_0000065";"12.69";"0.25";"3.19";"4.64";"0";"CHEMBL876577";"In vitro inhibitory concentration against angiotensin-converting enzyme";"B";"BAO_0000224";"protein format";"None";"None";"None";"None";"None";"";"";"";"CHEMBL1808";"Angiotensin-converting enzyme";"Homo sapiens";"SINGLE PROTEIN";"CHEMBL1150039";"1";"Scientific Literature";"Bioorg Med Chem Lett";"1994";"None";"";"";"";"498.0"
"CHEMBL451273";"CRENATOSIDE";"None";"622.58";"3";"-0.48";"5";"C[C@@H]1O[C@@H](O[C@@H]2[C@H]3O[C@@H](c4ccc(O)c(O)c4)CO[C@@H]3O[C@H](CO)[C@H]2OC(=O)/C=C/c2ccc(O)c(O)c2)[C@H](O)[C@H](O)[C@H]1O";"Inhibition";"'='";"75.5";"%";"";"";"";"UO_0000187";"";"";"";"";"0";"CHEMBL999967";"Inhibition of ACE at 0.1 mg/ml";"B";"BAO_0000357";"single protein format";"None";"None";"None";"None";"None";"";"";"";"CHEMBL1808";"Angiotensin-converting enzyme";"Homo sapiens";"SINGLE PROTEIN";"CHEMBL1151228";"1";"Scientific Literature";"J Nat Prod";"2004";"None";"";"";"";"75.5"
"CHEMBL2097001";"";"None";"470.60";"None";"None";"86";"C[C@H](C[Si](O)(O)[C@H](Cc1ccccc1)NC(=O)c1ccccc1)C(=O)N1CCC[C@H]1C(=O)O";"IC50";"'='";"3.8";"nM";"8.42";"";"";"UO_0000065";"17.89";"None";"None";"None";"0";"CHEMBL2208710";"Inhibition of ACE";"B";"BAO_0000357";"single protein format";"None";"None";"None";"None";"None";"";"";"";"CHEMBL1808";"Angiotensin-converting enzyme";"Homo sapiens";"SINGLE PROTEIN";"CHEMBL2203023";"1";"Scientific Literature";"J Med Chem";"2011";"None";"";"";"";"3.8"
"CHEMBL271224";"";"None";"411.57";"0";"4.73";"1q";"O=C(O)[C@H](Cc1ccc(-c2ccccc2)cc1)NC(=O)[C@@H](S)CC1CCCCC1";"Ki";"'='";"840.0";"nM";"6.08";"";"";"UO_0000065";"14.76";"0.29";"1.35";"9.15";"0";"CHEMBL933039";"Inhibition of human recombinant ACE by fluorescence assay";"B";"BAO_0000357";"single protein format";"Homo sapiens";"None";"None";"None";"None";"";"";"";"CHEMBL1808";"Angiotensin-converting enzyme";"Homo sapiens";"SINGLE PROTEIN";"CHEMBL1142293";"1";"Scientific Literature";"Bioorg Med Chem Lett";"2008";"None";"";"";"";"840.0"
"CHEMBL257026";"";"None";"397.54";"0";"4.34";"1m";"O=C(O)[C@H](Cc1ccc(-c2ccccc2)cc1)NC(=O)[C@@H](S)C1CCCCC1";"Ki";"'='";"13000.0";"nM";"4.89";"";"";"UO_0000065";"12.29";"0.24";"0.55";"7.36";"0";"CHEMBL933039";"Inhibition of human recombinant ACE by fluorescence assay";"B";"BAO_0000357";"single protein format";"Homo sapiens";"None";"None";"None";"None";"";"";"";"CHEMBL1808";"Angiotensin-converting enzyme";"Homo sapiens";"SINGLE PROTEIN";"CHEMBL1142293";"1";"Scientific Literature";"Bioorg Med Chem Lett";"2008";"None";"";"";"";"13000.0"
"CHEMBL257229";"";"None";"369.49";"0";"3.56";"1k";"O=C(O)[C@H](Cc1ccc(-c2ccccc2)cc1)NC(=O)[C@@H](S)C1CCC1";"Ki";"'='";"620.0";"nM";"6.21";"";"";"UO_0000065";"16.80";"0.33";"2.65";"9.35";"0";"CHEMBL933039";"Inhibition of human recombinant ACE by fluorescence assay";"B";"BAO_0000357";"single protein format";"Homo sapiens";"None";"None";"None";"None";"";"";"";"CHEMBL1808";"Angiotensin-converting enzyme";"Homo sapiens";"SINGLE PROTEIN";"CHEMBL1142293";"1";"Scientific Literature";"Bioorg Med Chem Lett";"2008";"None";"";"";"";"620.0"
"CHEMBL269997";"";"None";"357.48";"0";"3.42";"1h";"CC(C)[C@H](S)C(=O)N[C@@H](Cc1ccc(-c2ccccc2)cc1)C(=O)O";"Ki";"'='";"200.0";"nM";"6.70";"";"";"UO_0000065";"18.74";"0.37";"3.28";"10.09";"0";"CHEMBL933039";"Inhibition of human recombinant ACE by fluorescence assay";"B";"BAO_0000357";"single protein format";"Homo sapiens";"None";"None";"None";"None";"";"";"";"CHEMBL1808";"Angiotensin-converting enzyme";"Homo sapiens";"SINGLE PROTEIN";"CHEMBL1142293";"1";"Scientific Literature";"Bioorg Med Chem Lett";"2008";"None";"";"";"";"200.0"
"CHEMBL258333";"";"None";"315.39";"0";"2.40";"1c";"O=C(CS)N[C@@H](Cc1ccc(-c2ccccc2)cc1)C(=O)O";"Ki";"'='";"16.0";"nM";"7.80";"";"";"UO_0000065";"24.72";"0.48";"5.40";"11.74";"0";"CHEMBL933039";"Inhibition of human recombinant ACE by fluorescence assay";"B";"BAO_0000357";"single protein format";"Homo sapiens";"None";"None";"None";"None";"";"";"";"CHEMBL1808";"Angiotensin-converting enzyme";"Homo sapiens";"SINGLE PROTEIN";"CHEMBL1142293";"1";"Scientific Literature";"Bioorg Med Chem Lett";"2008";"None";"";"";"";"16.0"
"CHEMBL499611";"";"None";"409.62";"0";"4.44";"3h";"CC(C)c1ccc(CCCS[C@H]2CC[C@@H](C(=O)O)N2C(=O)[C@H](C)CS)cc1";"IC50";"'='";"15.0";"nM";"7.82";"";"";"UO_0000065";"19.10";"0.40";"3.38";"13.58";"0";"CHEMBL1004838";"Inhibition of ACE";"B";"BAO_0000357";"single protein format";"None";"None";"None";"None";"None";"";"";"";"CHEMBL1808";"Angiotensin-converting enzyme";"Homo sapiens";"SINGLE PROTEIN";"CHEMBL1156603";"1";"Scientific Literature";"Bioorg Med Chem Lett";"2008";"None";"";"";"";"15.0"
"CHEMBL459961";"";"None";"381.44";"0";"3.07";"11f";"C[C@H](CS)C(=O)N[C@@H](CSCc1ccc(C(F)(F)F)cc1)C(=O)O";"IC50";"'='";"340.0";"nM";"6.47";"";"";"UO_0000065";"16.96";"0.37";"3.40";"9.74";"0";"CHEMBL1013488";"Inhibition of angiotensin-converting enzyme in whole blood by HPLC";"B";"BAO_0000221";"tissue-based format";"None";"CHEMBL3638178";"Blood";"None";"None";"";"";"";"CHEMBL1808";"Angiotensin-converting enzyme";"Homo sapiens";"SINGLE PROTEIN";"CHEMBL1154514";"1";"Scientific Literature";"Bioorg Med Chem Lett";"2009";"None";"";"";"";"340.0"
"CHEMBL457796";"";"None";"338.45";"0";"1.93";"11r";"C[C@H](CS)C(=O)N[C@@H](CSCc1ccc(C#N)cc1)C(=O)O";"IC50";"'='";"300.0";"nM";"6.52";"";"";"UO_0000065";"19.27";"0.40";"4.59";"7.23";"0";"CHEMBL1013488";"Inhibition of angiotensin-converting enzyme in whole blood by HPLC";"B";"BAO_0000221";"tissue-based format";"None";"CHEMBL3638178";"Blood";"None";"None";"";"";"";"CHEMBL1808";"Angiotensin-converting enzyme";"Homo sapiens";"SINGLE PROTEIN";"CHEMBL1154514";"1";"Scientific Literature";"Bioorg Med Chem Lett";"2009";"None";"";"";"";"300.0"
"CHEMBL505067";"";"None";"411.63";"0";"4.91";"16e";"CCCCC(SC[C@H](NC(=O)[C@H](C)CS)C(=O)O)c1ccc(C(C)C)cc1";"IC50";"'='";"3600.0";"nM";"5.44";"";"";"UO_0000065";"13.22";"0.28";"0.53";"8.20";"0";"CHEMBL1013488";"Inhibition of angiotensin-converting enzyme in whole blood by HPLC";"B";"BAO_0000221";"tissue-based format";"None";"CHEMBL3638178";"Blood";"None";"None";"";"";"";"CHEMBL1808";"Angiotensin-converting enzyme";"Homo sapiens";"SINGLE PROTEIN";"CHEMBL1154514";"1";"Scientific Literature";"Bioorg Med Chem Lett";"2009";"None";"";"";"";"3600.0"
"CHEMBL1515648";"";"None";"316.38";"0";"2.34";"3";"COC(=O)c1ccc(CSc2nc3c(c(=O)[nH]2)CCC3)cc1";"Inhibition";"'>'";"10.0";"%";"";"";"";"UO_0000187";"";"";"";"";"0";"CHEMBL3387093";"Inhibition of recombinant human ACE using RPFNYLAK substrate up to 20 uM";"B";"BAO_0000357";"single protein format";"Homo sapiens";"None";"None";"None";"None";"";"";"";"CHEMBL1808";"Angiotensin-converting enzyme";"Homo sapiens";"SINGLE PROTEIN";"CHEMBL3352788";"1";"Scientific Literature";"J Med Chem";"2014";"None";"";"";"";"10.0"
"CHEMBL2207559";"";"None";"407.56";"0";"1.72";"EUB0001713a";"CCC(C)(C)CC[C@H](NC(=O)N1CCOCC1)C(=O)NC1(C#N)CCN(C)CC1";"% Ctrl";"'='";"98.5";"%";"";"";"Not Active";"UO_0000187";"";"";"";"";"0";"CHEMBL5463744";"Activity against ACE(HU_AMTCH400) in the  Eurofins Cerep SafetyScreen44 (BI) by Photometry (Cerep_3441)";"B";"BAO_0000357";"single protein format";"Homo sapiens";"None";"None";"None";"None";"Assay technology: Photometry | Assay type: biochemical | Assay technology: Photometry | Assay type: biochemical | Method: Acetylcholinesterase ACE (human, AMTCh 400 uM) at CEREP";"";"";"CHEMBL1808";"Angiotensin-converting enzyme";"Homo sapiens";"SINGLE PROTEIN";"CHEMBL5723586";"54";"SGC Frankfurt - Donated Chemical Probes";"";"2024";"None";"Compound concentration = 10.0 uM";"";"";"98.5"
"CHEMBL502334";"";"None";"1403.66";"None";"None";"Table 2, 11";"CC(C)[C@H](NC(=O)[C@H](CCCCN)NC(=O)[C@H](CCCNC(=N)N)NC(=O)[C@@H](N)[C@@H](C)O)C(=O)N[C@@H](Cc1c[nH]c2ccccc12)C(=O)N[C@@H](Cc1c[nH]c2ccccc12)C(=O)N[C@@H](Cc1c[nH]c2ccccc12)C(=O)N[C@@H](CCCNC(=N)N)C(=O)N[C@@H](Cc1c[nH]c2ccccc12)C(=O)O";"Ratio IC50";"'='";"0.76";"";"";"";"";"";"";"";"";"";"0";"CHEMBL3363247";"Inhibition of ACE (unknown origin) relative to peptide Bac2A RLARIVVIRVAR sequence";"B";"BAO_0000357";"single protein format";"Homo sapiens";"None";"None";"None";"None";"";"";"";"CHEMBL1808";"Angiotensin-converting enzyme";"Homo sapiens";"SINGLE PROTEIN";"CHEMBL3352520";"1";"Scientific Literature";"Eur J Med Chem";"2014";"None";"";"";"";"0.76"
"CHEMBL10962";"";"None";"203.26";"0";"0.38";"56";"O=C(O)[C@@H]1CCCN1C(=O)CCS";"IC50";"'='";"16982.44";"nM";"4.77";"";"";"UO_0000065";"";"";"";"";"0";"CHEMBL648337";"Inhibitory activity against angiotensin converting enzyme (ACE)";"F";"BAO_0000019";"assay format";"None";"None";"None";"None";"None";"";"";"";"CHEMBL1808";"Angiotensin-converting enzyme";"Homo sapiens";"SINGLE PROTEIN";"CHEMBL1126767";"1";"Scientific Literature";"J Med Chem";"1993";"None";"";"";"";"4.77"
"CHEMBL3321992";"";"None";"335.43";"0";"1.36";"Table 1, 27";"CSCC[C@H](N)C(=O)N[C@@H](Cc1c[nH]c2ccccc12)C(=O)O";"logIC50";"'='";"1.0";"";"";"";"";"";"";"";"";"";"0";"CHEMBL3363246";"Inhibition of ACE (unknown origin)";"B";"BAO_0000357";"single protein format";"Homo sapiens";"None";"None";"None";"None";"";"";"";"CHEMBL1808";"Angiotensin-converting enzyme";"Homo sapiens";"SINGLE PROTEIN";"CHEMBL3352520";"1";"Scientific Literature";"Eur J Med Chem";"2014";"None";"";"";"";"1.0"
"CHEMBL170376";"";"None";"280.28";"0";"-0.40";"Table 1, 22";"N[C@@H](CC(=O)O)C(=O)N[C@@H](Cc1ccccc1)C(=O)O";"logIC50";"'='";"2.56";"";"";"";"";"";"";"";"";"";"0";"CHEMBL3363246";"Inhibition of ACE (unknown origin)";"B";"BAO_0000357";"single protein format";"Homo sapiens";"None";"None";"None";"None";"";"";"";"CHEMBL1808";"Angiotensin-converting enzyme";"Homo sapiens";"SINGLE PROTEIN";"CHEMBL3352520";"1";"Scientific Literature";"Eur J Med Chem";"2014";"None";"";"";"";"2.56"
"CHEMBL299889";"";"None";"222.24";"0";"-0.24";"Table 1, 20";"NCC(=O)N[C@@H](Cc1ccccc1)C(=O)O";"logIC50";"'='";"2.44";"";"";"";"";"";"";"";"";"";"0";"CHEMBL3363246";"Inhibition of ACE (unknown origin)";"B";"BAO_0000357";"single protein format";"Homo sapiens";"None";"None";"None";"None";"";"";"";"CHEMBL1808";"Angiotensin-converting enzyme";"Homo sapiens";"SINGLE PROTEIN";"CHEMBL3352520";"1";"Scientific Literature";"Eur J Med Chem";"2014";"None";"";"";"";"2.44"
"CHEMBL505535";"";"None";"1545.83";"None";"None";"Table 2, 24";"N=C(N)NCCC[C@H](NC(=O)[C@H](Cc1c[nH]c2ccccc12)NC(=O)[C@H](Cc1c[nH]c2ccccc12)NC(=O)[C@H](CCCNC(=N)N)NC(=O)[C@H](Cc1c[nH]c2ccccc12)NC(=O)[C@H](Cc1c[nH]c2ccccc12)NC(=O)[C@H](CCCCN)NC(=O)[C@@H](N)CCCNC(=N)N)C(=O)N[C@@H](Cc1c[nH]c2ccccc12)C(=O)O";"Ratio IC50";"'='";"6.51";"";"";"";"";"";"";"";"";"";"0";"CHEMBL3363248";"Ratio of compound IC50 to peptide Bac2A RLARIVVIRVAR IC50 for ACE (unknown origin)";"B";"BAO_0000357";"single protein format";"Homo sapiens";"None";"None";"None";"None";"";"";"";"CHEMBL1808";"Angiotensin-converting enzyme";"Homo sapiens";"SINGLE PROTEIN";"CHEMBL3352520";"1";"Scientific Literature";"Eur J Med Chem";"2014";"None";"";"";"";"6.51"
"CHEMBL41081";"";"None";"394.49";"0";"1.69";"5w";"CCOC(=O)[C@H](CCSC)N[C@H]1CCc2ccccc2N(CC(=O)O)C1=O";"IC50";"";"";"nM";"";"";"Not Determined";"UO_0000065";"";"";"";"";"0";"CHEMBL644701";"In vitro inhibitory activity against Angiotensin I converting enzyme";"B";"BAO_0000357";"single protein format";"None";"None";"None";"None";"None";"";"";"";"CHEMBL1808";"Angiotensin-converting enzyme";"Homo sapiens";"SINGLE PROTEIN";"CHEMBL1122836";"1";"Scientific Literature";"J Med Chem";"1985";"None";"";"";"";""
"CHEMBL326902";"";"None";"255.19";"0";"-1.91";"9d";"O=C(O)Cn1c(=O)n2n(c1=O)C(C(=O)O)C=CC2";"IC50";"'='";"3.162";"nM";"8.50";"";"";"UO_0000065";"33.31";"0.64";"10.41";"6.88";"0";"CHEMBL646945";"Inhibition of angiotensin I converting enzyme in silico";"B";"BAO_0000357";"single protein format";"None";"None";"None";"None";"None";"";"";"";"CHEMBL1808";"Angiotensin-converting enzyme";"Homo sapiens";"SINGLE PROTEIN";"CHEMBL1130169";"1";"Scientific Literature";"J Med Chem";"1997";"None";"";"";"";"8.5"
"CHEMBL5416410";"DASATINIB";"4.0";"506.03";"0";"3.31";"dasatinib";"Cc1nc(Nc2ncc(C(=O)Nc3c(C)cccc3Cl)s2)cc(N2CCN(CCO)CC2)n1.O";"Inhibition";"'='";"46.0";"%";"";"";"";"UO_0000187";"";"";"";"";"0";"CHEMBL3088741";"Inhibition of ACE (unknown origin) assessed as 3-Hydroxybutyril-glycil-glycil-glycine conversion to 3-hydroxybutyric acid at 500 uM after 60 mins by WST assay relative to control";"B";"BAO_0000357";"single protein format";"Homo sapiens";"None";"None";"None";"None";"";"";"";"CHEMBL1808";"Angiotensin-converting enzyme";"Homo sapiens";"SINGLE PROTEIN";"CHEMBL3085742";"1";"Scientific Literature";"J Med Chem";"2013";"None";"";"";"";"46.0"
"CHEMBL206021";"";"None";"380.45";"0";"-0.16";"5";"NCCCC[C@H](NC(=O)[C@@H](N)Cc1ccco1)C(=O)N1CCC[C@H]1C(=O)O";"Activity";"'='";"12.11";"mU/ml";"";"";"";"";"";"";"";"";"0";"CHEMBL861822";"Activity against ACE in bovine kidney";"B";"BAO_0000221";"tissue-based format";"Bos taurus";"CHEMBL3638241";"Kidney";"None";"None";"";"";"";"CHEMBL1808";"Angiotensin-converting enzyme";"Homo sapiens";"SINGLE PROTEIN";"CHEMBL1146940";"1";"Scientific Literature";"Bioorg Med Chem Lett";"2006";"None";"";"";"";"12.11"
"CHEMBL556775";"";"None";"354.83";"0";"0.98";"14";"Cl.NC(Cc1ccccc1)C(=O)CCC(=O)N1CCC[C@H]1C(=O)O";"IC50";"'='";"25000.0";"nM";"4.60";"";"";"UO_0000065";"14.46";"0.27";"3.62";"4.57";"0";"CHEMBL648346";"Concentration required to inhibit the activity of Angiotensin I converting enzyme by 50%";"B";"BAO_0000224";"protein format";"Cavia porcellus";"None";"None";"None";"None";"";"";"";"CHEMBL1808";"Angiotensin-converting enzyme";"Homo sapiens";"SINGLE PROTEIN";"CHEMBL1121683";"1";"Scientific Literature";"J Med Chem";"1981";"None";"";"";"";"0.000025"
"CHEMBL66481";"";"None";"405.48";"0";"0.63";"2b";"O=C(N[C@H]1CCC(=O)N2CCC[C@@H](C(=O)O)N2C1=O)[C@@H](S)Cc1ccccc1";"IC50";"'='";"7.0";"nM";"8.15";"";"";"UO_0000065";"20.11";"0.40";"7.52";"7.62";"0";"CHEMBL648283";"In vitro inhibitory activity against angiotensin converting enzyme (ACE) in rat was determined";"B";"BAO_0000019";"assay format";"None";"None";"None";"None";"None";"";"";"";"CHEMBL1808";"Angiotensin-converting enzyme";"Homo sapiens";"SINGLE PROTEIN";"CHEMBL1127958";"1";"Scientific Literature";"Bioorg Med Chem Lett";"1994";"None";"";"";"";"7.0"
"CHEMBL62417";"";"None";"407.49";"0";"0.87";"3h";"CCCN1C(=O)CC[C@H](NC(=O)[C@@H](S)Cc2ccccc2)C(=O)N1CC(=O)O";"IC50";"'='";"10.0";"nM";"8.00";"";"";"UO_0000065";"19.63";"0.39";"7.13";"7.48";"0";"CHEMBL648283";"In vitro inhibitory activity against angiotensin converting enzyme (ACE) in rat was determined";"B";"BAO_0000019";"assay format";"None";"None";"None";"None";"None";"";"";"";"CHEMBL1808";"Angiotensin-converting enzyme";"Homo sapiens";"SINGLE PROTEIN";"CHEMBL1127958";"1";"Scientific Literature";"Bioorg Med Chem Lett";"1994";"None";"";"";"";"10.0"
"CHEMBL85175";"";"None";"348.40";"0";"1.13";"36";"O=C(O)CN1CCCCC(NC(CCc2ccccc2)C(=O)O)C1=O";"IC50";"'='";"700.0";"nM";"6.16";"";"";"UO_0000065";"17.67";"0.34";"5.02";"5.76";"0";"CHEMBL644703";"Inhibitory concentration (isomer A) against Angiotensin I converting enzyme";"B";"BAO_0000357";"single protein format";"None";"None";"None";"None";"None";"";"";"";"CHEMBL1808";"Angiotensin-converting enzyme";"Homo sapiens";"SINGLE PROTEIN";"CHEMBL1123398";"1";"Scientific Literature";"J Med Chem";"1986";"None";"";"";"";"7E-7"
"CHEMBL93127";"";"None";"212.21";"0";"-1.52";"GH";"NCC(=O)N[C@@H](Cc1cnc[nH]1)C(=O)O";"IC50";"'='";"3090295.43";"nM";"";"Outside typical range";"";"UO_0000065";"";"";"";"";"0";"CHEMBL858254";"Biological activity was measured against Angiotensin I converting enzyme";"B";"BAO_0000357";"single protein format";"None";"None";"None";"None";"None";"";"";"";"CHEMBL1808";"Angiotensin-converting enzyme";"Homo sapiens";"SINGLE PROTEIN";"CHEMBL1128468";"1";"Scientific Literature";"J Med Chem";"1995";"None";"";"";"";"2.51"
"CHEMBL526298";"";"None";"353.51";"0";"2.93";"3b";"C[C@H](CS)C(=O)N1[C@@H](SCCc2ccccc2)CC[C@H]1C(=O)O";"IC50";"'='";"0.18";"nM";"9.74";"";"";"UO_0000065";"27.57";"0.58";"6.81";"16.91";"0";"CHEMBL1004838";"Inhibition of ACE";"B";"BAO_0000357";"single protein format";"None";"None";"None";"None";"None";"";"";"";"CHEMBL1808";"Angiotensin-converting enzyme";"Homo sapiens";"SINGLE PROTEIN";"CHEMBL1156603";"1";"Scientific Literature";"Bioorg Med Chem Lett";"2008";"None";"";"";"";"0.18"
"CHEMBL274550";"";"None";"642.67";"1";"1.55";"18";"NCCCCC(NC(=O)C1CCC1)C(=O)NC(Cc1ccccc1)C(=O)CCC(=O)N1CCCC1C(=O)O.O=C(O)C(F)(F)F";"IC50";"'='";"7.6";"nM";"8.12";"";"";"UO_0000065";"15.36";"0.29";"6.57";"5.11";"0";"CHEMBL644578";"Inhibitory activity against porcine plasma Angiotensin I converting enzyme";"B";"BAO_0000366";"cell-free format";"Sus scrofa";"CHEMBL3559721";"Plasma";"None";"None";"";"";"";"CHEMBL1808";"Angiotensin-converting enzyme";"Homo sapiens";"SINGLE PROTEIN";"CHEMBL1122915";"1";"Scientific Literature";"J Med Chem";"1985";"None";"";"";"";"0.0076"
"CHEMBL4174467";"";"None";"419.46";"0";"2.84";"5h";"O=C(O)CN1C(=O)/C(=N\C(=S)NCc2cc3ccccc3cc2O)c2ccccc21";"IC50";"'='";"2.846";"nM";"8.55";"";"";"UO_0000065";"20.37";"0.39";"5.71";"8.36";"0";"CHEMBL4135397";"Inhibition of ACE (unknown origin) using Hippuryl-L-Histidyl-L-Leucine as substrate after 60 mins by colorimetric method";"B";"BAO_0000357";"single protein format";"Homo sapiens";"None";"None";"None";"None";"";"";"";"CHEMBL1808";"Angiotensin-converting enzyme";"Homo sapiens";"SINGLE PROTEIN";"CHEMBL4130507";"1";"Scientific Literature";"Eur J Med Chem";"2017";"None";"";"";"";"2.846"
"CHEMBL1237";"LISINOPRIL ANHYDROUS";"4.0";"405.50";"0";"1.24";"23 (lisinopril)";"NCCCC[C@H](N[C@@H](CCc1ccccc1)C(=O)O)C(=O)N1CCC[C@H]1C(=O)O";"IC50";"'='";"1.2";"nM";"8.92";"";"";"UO_0000065";"22.00";"0.42";"7.68";"6.71";"0";"CHEMBL648529";"Inhibition of Angiotensin I converting enzyme";"B";"BAO_0000357";"single protein format";"None";"None";"None";"None";"None";"";"";"";"CHEMBL1808";"Angiotensin-converting enzyme";"Homo sapiens";"SINGLE PROTEIN";"CHEMBL1126739";"1";"Scientific Literature";"J Med Chem";"1993";"None";"";"";"";"1.2"
"CHEMBL4171024";"";"None";"403.51";"0";"4.17";"5b";"CCCN1C(=O)/C(=N\C(=S)NCc2cc3ccccc3cc2O)c2ccccc21";"IC50";"'='";"11.8";"nM";"7.93";"";"";"UO_0000065";"19.65";"0.37";"3.76";"12.21";"0";"CHEMBL4135397";"Inhibition of ACE (unknown origin) using Hippuryl-L-Histidyl-L-Leucine as substrate after 60 mins by colorimetric method";"B";"BAO_0000357";"single protein format";"Homo sapiens";"None";"None";"None";"None";"";"";"";"CHEMBL1808";"Angiotensin-converting enzyme";"Homo sapiens";"SINGLE PROTEIN";"CHEMBL4130507";"1";"Scientific Literature";"Eur J Med Chem";"2017";"None";"";"";"";"11.8"
"CHEMBL416706";"";"None";"287.38";"0";"1.76";"14";"CCCC(C(=O)O)N1CCCC(CSC(C)=O)C1=O";"IC50";"'='";"30000.0";"nM";"4.52";"";"";"UO_0000065";"15.74";"0.33";"2.76";"6.06";"0";"CHEMBL648347";"Concentration required for 50% inhibition of Angiotensin I converting enzyme";"B";"BAO_0000224";"protein format";"Cavia porcellus";"None";"None";"None";"None";"";"";"";"CHEMBL1808";"Angiotensin-converting enzyme";"Homo sapiens";"SINGLE PROTEIN";"CHEMBL1121705";"1";"Scientific Literature";"J Med Chem";"1981";"None";"";"";"";"0.00003"
"CHEMBL514138";"CGS-27023A";"None";"429.93";"0";"1.81";"CGS, CGS 27023A";"COc1ccc(S(=O)(=O)N(Cc2cccnc2)[C@@H](C(=O)NO)C(C)C)cc1.Cl";"Inhibition";"";"";"%";"";"";"";"UO_0000187";"";"";"";"";"0";"CHEMBL2439710";"Inhibition of human recombinant ACE/CD143 somatic form using Mca-Pro-Leu-Gly-Leu-Dpa-Ala-Arg-NH2.AcOH as substrate at 10 uM preincubated for 10 mins prior to substrate addition measured for 30 mins by spectrophotometric analysis";"B";"BAO_0000357";"single protein format";"Homo sapiens";"None";"None";"None";"None";"";"";"";"CHEMBL1808";"Angiotensin-converting enzyme";"Homo sapiens";"SINGLE PROTEIN";"CHEMBL2434956";"1";"Scientific Literature";"J Med Chem";"2013";"None";"";"";"Active";""
"CHEMBL437595";"";"None";"391.49";"0";"4.14";"1n";"O=C(O)[C@H](Cc1ccc(-c2ccccc2)cc1)NC(=O)[C@@H](S)c1ccccc1";"Ki";"'>'";"10000.0";"nM";"";"";"";"UO_0000065";"";"";"";"";"0";"CHEMBL933039";"Inhibition of human recombinant ACE by fluorescence assay";"B";"BAO_0000357";"single protein format";"Homo sapiens";"None";"None";"None";"None";"";"";"";"CHEMBL1808";"Angiotensin-converting enzyme";"Homo sapiens";"SINGLE PROTEIN";"CHEMBL1142293";"1";"Scientific Literature";"Bioorg Med Chem Lett";"2008";"None";"";"";"";"10000.0"
"CHEMBL293794";"";"None";"371.50";"0";"3.37";"19";"CC(NC(=O)C(Cc1ccccc1)CC(S)Cc1ccccc1)C(=O)O";"IC50";"'='";"3800.0";"nM";"5.42";"";"";"UO_0000065";"14.59";"0.28";"2.05";"8.16";"0";"CHEMBL646969";"Tested for inhibitory potency against Angiotensin I converting enzyme";"B";"BAO_0000357";"single protein format";"None";"None";"None";"None";"None";"";"";"";"CHEMBL1808";"Angiotensin-converting enzyme";"Homo sapiens";"SINGLE PROTEIN";"CHEMBL1127546";"1";"Scientific Literature";"J Med Chem";"1994";"None";"";"";"";"3.8"
"CHEMBL329666";"";"None";"446.44";"0";"2.50";"18";"O=C(O)[C@H](Cc1ccc(-c2ccccc2)cc1)NC(=O)C1(NCP(=O)(O)O)CCCC1";"IC50";"'>'";"1000.0";"nM";"";"";"";"UO_0000065";"";"";"";"";"0";"CHEMBL876577";"In vitro inhibitory concentration against angiotensin-converting enzyme";"B";"BAO_0000224";"protein format";"None";"None";"None";"None";"None";"";"";"";"CHEMBL1808";"Angiotensin-converting enzyme";"Homo sapiens";"SINGLE PROTEIN";"CHEMBL1150039";"1";"Scientific Literature";"Bioorg Med Chem Lett";"1994";"None";"";"";"";"1000.0"
"CHEMBL558146";"";"None";"371.33";"0";"2.68";"3e";"O=C(CC(S)C(F)(F)C(F)(F)F)NC(Cc1ccccc1)C(=O)O";"IC50";"'='";"1010.0";"nM";"6.00";"";"";"UO_0000065";"16.15";"0.34";"3.32";"9.03";"0";"CHEMBL1060018";"Inhibition of human recombinant ACE by fluorimetry";"B";"BAO_0000357";"single protein format";"Homo sapiens";"None";"None";"None";"None";"";"";"";"CHEMBL1808";"Angiotensin-converting enzyme";"Homo sapiens";"SINGLE PROTEIN";"CHEMBL1154033";"1";"Scientific Literature";"Bioorg Med Chem Lett";"2009";"None";"";"";"";"1010.0"
"CHEMBL51498";"";"None";"412.51";"0";"2.32";"3b";"O=C(O)CN1C(=O)[C@@H](NC(=O)[C@@H](CS)Cc2ccccc2)CCc2ccccc21";"IC50";"'='";"4.8";"nM";"8.32";"";"";"UO_0000065";"20.17";"0.39";"6.00";"9.59";"0";"CHEMBL648282";"Tested in vitro for inhibition of Angiotensin converting enzyme (ACE)";"B";"BAO_0000357";"single protein format";"None";"None";"None";"None";"None";"";"";"";"CHEMBL1808";"Angiotensin-converting enzyme";"Homo sapiens";"SINGLE PROTEIN";"CHEMBL1127937";"1";"Scientific Literature";"Bioorg Med Chem Lett";"1994";"None";"";"";"";"4.8"
"CHEMBL3235416";"";"None";"401.47";"0";"0.20";"5, BDM43079";"CNC(=O)[C@H](Cc1c[nH]cn1)NC(=O)CN(CCCc1ccccc1)CC(=O)O";"IC50";"'>'";"100000.0";"nM";"";"";"";"UO_0000065";"";"";"";"";"0";"CHEMBL3243748";"Inhibition of human ACE-mediated amyloid beta hydrolysis";"B";"BAO_0000357";"single protein format";"Homo sapiens";"None";"None";"None";"None";"";"";"";"CHEMBL1808";"Angiotensin-converting enzyme";"Homo sapiens";"SINGLE PROTEIN";"CHEMBL3232818";"1";"Scientific Literature";"Eur J Med Chem";"2014";"None";"";"";"";"100.0"
"CHEMBL3322115";"";"None";"558.71";"2";"-1.85";"Table 1, 81";"CSCC[C@H](NC(=O)[C@@H](NC(=O)[C@H](CCCNC(=N)N)NC(=O)CN)C(C)C)C(=O)N1CCC[C@H]1C(=O)O";"logIC50";"'='";"2.4";"";"";"";"";"";"";"";"";"";"0";"CHEMBL3363246";"Inhibition of ACE (unknown origin)";"B";"BAO_0000357";"single protein format";"Homo sapiens";"None";"None";"None";"None";"";"";"";"CHEMBL1808";"Angiotensin-converting enzyme";"Homo sapiens";"SINGLE PROTEIN";"CHEMBL3352520";"1";"Scientific Literature";"Eur J Med Chem";"2014";"None";"";"";"";"2.4"
"CHEMBL524316";"";"None";"1472.77";"None";"None";"Table 2, 2";"CC[C@H](C)[C@H](NC(=O)[C@@H](N)CCCNC(=N)N)C(=O)N[C@@H](CCCCN)C(=O)N[C@@H](CCCNC(=N)N)C(=O)N[C@@H](Cc1c[nH]c2ccccc12)C(=O)N[C@@H](Cc1c[nH]c2ccccc12)C(=O)N[C@@H](Cc1c[nH]c2ccccc12)C(=O)N[C@@H](Cc1c[nH]c2ccccc12)C(=O)N[C@@H](CCCNC(=N)N)C(=O)O";"Ratio IC50";"'='";"0.31";"";"";"";"";"";"";"";"";"";"0";"CHEMBL3363247";"Inhibition of ACE (unknown origin) relative to peptide Bac2A RLARIVVIRVAR sequence";"B";"BAO_0000357";"single protein format";"Homo sapiens";"None";"None";"None";"None";"";"";"";"CHEMBL1808";"Angiotensin-converting enzyme";"Homo sapiens";"SINGLE PROTEIN";"CHEMBL3352520";"1";"Scientific Literature";"Eur J Med Chem";"2014";"None";"";"";"";"0.31"
"CHEMBL254495";"";"None";"401.53";"0";"3.72";"1n";"CC[C@@H](C)[C@H](S)C(=O)N[C@@H](Cc1cccc(OCc2ccccc2)c1)C(=O)O";"Ki";"'='";"750.0";"nM";"6.12";"";"";"UO_0000065";"15.25";"0.30";"2.40";"8.10";"0";"CHEMBL928316";"Inhibition of human recombinant ACE by fluorescence assay";"B";"BAO_0000357";"single protein format";"Homo sapiens";"None";"None";"None";"None";"";"";"";"CHEMBL1808";"Angiotensin-converting enzyme";"Homo sapiens";"SINGLE PROTEIN";"CHEMBL1141500";"1";"Scientific Literature";"Bioorg Med Chem Lett";"2008";"None";"";"";"";"750.0"
"CHEMBL461946";"";"None";"372.30";"0";"2.75";"23";"CC1=C(c2ccccc2)C(=O)N(c2c(F)c(F)nc(F)c2F)S1(=O)=O";"IC50";"'>'";"100000.0";"nM";"";"";"";"UO_0000065";"";"";"";"";"0";"CHEMBL969703";"Inhibition of human ACE";"B";"BAO_0000357";"single protein format";"Homo sapiens";"None";"None";"None";"None";"";"";"";"CHEMBL1808";"Angiotensin-converting enzyme";"Homo sapiens";"SINGLE PROTEIN";"CHEMBL1139421";"1";"Scientific Literature";"Bioorg Med Chem";"2008";"None";"";"";"";"100.0"
"CHEMBL42583";"SAMPATRILAT";"2.0";"584.69";"2";"0.32";"Sampatrilat";"CS(=O)(=O)N[C@@H](CCCCN)C(=O)NC[C@H](CC1(C(=O)N[C@@H](Cc2ccc(O)cc2)C(=O)O)CCCC1)C(=O)O";"Ki";"'='";"13.8";"nM";"7.86";"";"";"UO_0000065";"13.44";"0.27";"7.54";"3.49";"0";"CHEMBL4406514";"Inhibition of human testis ACE C-domain lacking unique O-glycosylated region, transmembrane anchor and cytoplasmic tail expressed in CHO cells using Z-FHL as substrate by fluorescence based assay";"B";"BAO_0000219";"cell-based format";"Homo sapiens";"None";"None";"CHO";"None";"";"";"";"CHEMBL1808";"Angiotensin-converting enzyme";"Homo sapiens";"SINGLE PROTEIN";"CHEMBL4402607";"1";"Scientific Literature";"J Med Chem";"2020";"CHEMBL3308072";"";"";"";"13.8"
"CHEMBL500408";"";"None";"353.51";"0";"3.20";"3j";"Cc1ccccc1CS[C@H]1CC[C@@H](C(=O)O)N1C(=O)[C@H](C)CS";"IC50";"'='";"2.3";"nM";"8.64";"";"";"UO_0000065";"24.44";"0.51";"5.44";"14.99";"0";"CHEMBL1004838";"Inhibition of ACE";"B";"BAO_0000357";"single protein format";"None";"None";"None";"None";"None";"";"";"";"CHEMBL1808";"Angiotensin-converting enzyme";"Homo sapiens";"SINGLE PROTEIN";"CHEMBL1156603";"1";"Scientific Literature";"Bioorg Med Chem Lett";"2008";"None";"";"";"";"2.3"
"CHEMBL3321990";"";"None";"252.27";"0";"-0.88";"Table 1, 19";"N[C@@H](CO)C(=O)N[C@@H](Cc1ccccc1)C(=O)O";"logIC50";"'='";"2.11";"";"";"";"";"";"";"";"";"";"0";"CHEMBL3363246";"Inhibition of ACE (unknown origin)";"B";"BAO_0000357";"single protein format";"Homo sapiens";"None";"None";"None";"None";"";"";"";"CHEMBL1808";"Angiotensin-converting enzyme";"Homo sapiens";"SINGLE PROTEIN";"CHEMBL3352520";"1";"Scientific Literature";"Eur J Med Chem";"2014";"None";"";"";"";"2.11"
"CHEMBL3321984";"";"None";"216.24";"0";"-1.23";"Table 1, 5";"C[C@@H](O)[C@H](N)C(=O)N1CCC[C@H]1C(=O)O";"logIC50";"'='";"2.46";"";"";"";"";"";"";"";"";"";"0";"CHEMBL3363246";"Inhibition of ACE (unknown origin)";"B";"BAO_0000357";"single protein format";"Homo sapiens";"None";"None";"None";"None";"";"";"";"CHEMBL1808";"Angiotensin-converting enzyme";"Homo sapiens";"SINGLE PROTEIN";"CHEMBL3352520";"1";"Scientific Literature";"Eur J Med Chem";"2014";"None";"";"";"";"2.46"
"CHEMBL3322011";"";"None";"391.47";"0";"0.87";"Table 1, 62";"CC(C)C[C@H](N)C(=O)N[C@@H](Cc1ccc(O)cc1)C(=O)N1CCC[C@H]1C(=O)O";"logIC50";"'='";"0.82";"";"";"";"";"";"";"";"";"";"0";"CHEMBL3363246";"Inhibition of ACE (unknown origin)";"B";"BAO_0000357";"single protein format";"Homo sapiens";"None";"None";"None";"None";"";"";"";"CHEMBL1808";"Angiotensin-converting enzyme";"Homo sapiens";"SINGLE PROTEIN";"CHEMBL3352520";"1";"Scientific Literature";"Eur J Med Chem";"2014";"None";"";"";"";"0.82"
"CHEMBL3322116";"";"None";"550.66";"1";"-0.91";"Table 1, 82";"CC[C@H](C)[C@H](NC(=O)[C@@H]1CCCN1C(=O)[C@H](CCC(N)=O)NC(=O)[C@@H]1CCCN1)C(=O)N1CCC[C@H]1C(=O)O";"logIC50";"'='";"2.53";"";"";"";"";"";"";"";"";"";"0";"CHEMBL3363246";"Inhibition of ACE (unknown origin)";"B";"BAO_0000357";"single protein format";"Homo sapiens";"None";"None";"None";"None";"";"";"";"CHEMBL1808";"Angiotensin-converting enzyme";"Homo sapiens";"SINGLE PROTEIN";"CHEMBL3352520";"1";"Scientific Literature";"Eur J Med Chem";"2014";"None";"";"";"";"2.53"
"CHEMBL3322117";"";"None";"556.71";"2";"-0.94";"Table 1, 83";"CC[C@H](C)[C@H](NC(=O)[C@@H](NC(=O)[C@H](CCCCN)NC(=O)[C@@H](N)[C@@H](C)O)C(C)C)C(=O)N1CCC[C@H]1C(=O)O";"logIC50";"'='";"2.6";"";"";"";"";"";"";"";"";"";"0";"CHEMBL3363246";"Inhibition of ACE (unknown origin)";"B";"BAO_0000357";"single protein format";"Homo sapiens";"None";"None";"None";"None";"";"";"";"CHEMBL1808";"Angiotensin-converting enzyme";"Homo sapiens";"SINGLE PROTEIN";"CHEMBL3352520";"1";"Scientific Literature";"Eur J Med Chem";"2014";"None";"";"";"";"2.6"
"CHEMBL3322118";"";"None";"561.68";"1";"0.02";"Table 1, 84";"CC(C)C[C@H](NC(=O)[C@H](Cc1cnc[nH]1)NC(=O)[C@@H](N)C(C)C)C(=O)N1CCC[C@H]1C(=O)N1CCC[C@H]1C(=O)O";"logIC50";"'='";"1.26";"";"";"";"";"";"";"";"";"";"0";"CHEMBL3363246";"Inhibition of ACE (unknown origin)";"B";"BAO_0000357";"single protein format";"Homo sapiens";"None";"None";"None";"None";"";"";"";"CHEMBL1808";"Angiotensin-converting enzyme";"Homo sapiens";"SINGLE PROTEIN";"CHEMBL3352520";"1";"Scientific Literature";"Eur J Med Chem";"2014";"None";"";"";"";"1.26"
"CHEMBL3322121";"";"None";"509.65";"1";"0.46";"Table 1, 87";"CC(C)C[C@H](NC(=O)[C@H](C)NC(=O)[C@@H](N)CC(C)C)C(=O)N1CCC[C@H]1C(=O)N1CCC[C@H]1C(=O)O";"logIC50";"'='";"2.9";"";"";"";"";"";"";"";"";"";"0";"CHEMBL3363246";"Inhibition of ACE (unknown origin)";"B";"BAO_0000357";"single protein format";"Homo sapiens";"None";"None";"None";"None";"";"";"";"CHEMBL1808";"Angiotensin-converting enzyme";"Homo sapiens";"SINGLE PROTEIN";"CHEMBL3352520";"1";"Scientific Literature";"Eur J Med Chem";"2014";"None";"";"";"";"2.9"
"CHEMBL507901";"";"None";"1545.83";"None";"None";"Table 2, 10";"N=C(N)NCCC[C@H](NC(=O)[C@H](CCCNC(=N)N)NC(=O)[C@H](Cc1c[nH]c2ccccc12)NC(=O)[C@H](Cc1c[nH]c2ccccc12)NC(=O)[C@H](CCCCN)NC(=O)[C@H](Cc1c[nH]c2ccccc12)NC(=O)[C@H](Cc1c[nH]c2ccccc12)NC(=O)[C@H](CCCNC(=N)N)NC(=O)[C@@H](N)Cc1c[nH]c2ccccc12)C(=O)O";"Ratio IC50";"'='";"6.64";"";"";"";"";"";"";"";"";"";"0";"CHEMBL3363248";"Ratio of compound IC50 to peptide Bac2A RLARIVVIRVAR IC50 for ACE (unknown origin)";"B";"BAO_0000357";"single protein format";"Homo sapiens";"None";"None";"None";"None";"";"";"";"CHEMBL1808";"Angiotensin-converting enzyme";"Homo sapiens";"SINGLE PROTEIN";"CHEMBL3352520";"1";"Scientific Literature";"Eur J Med Chem";"2014";"None";"";"";"";"6.64"
"CHEMBL3321986";"";"None";"337.38";"1";"-0.91";"Table 1, 10";"N=C(N)NCCC[C@H](N)C(=O)N[C@@H](Cc1ccc(O)cc1)C(=O)O";"logIC50";"'='";"1.71";"";"";"";"";"";"";"";"";"";"0";"CHEMBL3363246";"Inhibition of ACE (unknown origin)";"B";"BAO_0000357";"single protein format";"Homo sapiens";"None";"None";"None";"None";"";"";"";"CHEMBL1808";"Angiotensin-converting enzyme";"Homo sapiens";"SINGLE PROTEIN";"CHEMBL3352520";"1";"Scientific Literature";"Eur J Med Chem";"2014";"None";"";"";"";"1.71"
"CHEMBL3322106";"";"None";"587.72";"1";"1.00";"Table 1, 88";"CC(C)C[C@H](NC(=O)[C@@H](N)C(C)C)C(=O)N1CCC[C@H]1C(=O)N[C@@H](Cc1ccc(O)cc1)C(=O)N1CCC[C@H]1C(=O)O";"logIC50";"'='";"1.56";"";"";"";"";"";"";"";"";"";"0";"CHEMBL3363246";"Inhibition of ACE (unknown origin)";"B";"BAO_0000357";"single protein format";"Homo sapiens";"None";"None";"None";"None";"";"";"";"CHEMBL1808";"Angiotensin-converting enzyme";"Homo sapiens";"SINGLE PROTEIN";"CHEMBL3352520";"1";"Scientific Literature";"Eur J Med Chem";"2014";"None";"";"";"";"1.56"
"CHEMBL3322127";"";"None";"726.78";"2";"-0.62";"Table 1, 96";"CC(C)C[C@H](NC(=O)CNC(=O)[C@H](Cc1ccc(O)cc1)NC(=O)[C@@H](N)CC(=O)O)C(=O)N[C@@H](Cc1ccc(O)cc1)C(=O)N1CCC[C@H]1C(=O)O";"logIC50";"'='";"1.79";"";"";"";"";"";"";"";"";"";"0";"CHEMBL3363246";"Inhibition of ACE (unknown origin)";"B";"BAO_0000357";"single protein format";"Homo sapiens";"None";"None";"None";"None";"";"";"";"CHEMBL1808";"Angiotensin-converting enzyme";"Homo sapiens";"SINGLE PROTEIN";"CHEMBL3352520";"1";"Scientific Literature";"Eur J Med Chem";"2014";"None";"";"";"";"1.79"
"CHEMBL3322132";"";"None";"706.85";"2";"-2.08";"Table 1, 101";"CC[C@H](C)[C@H](NC(=O)[C@H](CCC(N)=O)NC(=O)[C@@H]1CCCN1C(=O)[C@@H](N)CCCNC(=N)N)C(=O)N1CCC[C@H]1C(=O)N1CCC[C@H]1C(=O)O";"logIC50";"'='";"1.66";"";"";"";"";"";"";"";"";"";"0";"CHEMBL3363246";"Inhibition of ACE (unknown origin)";"B";"BAO_0000357";"single protein format";"Homo sapiens";"None";"None";"None";"None";"";"";"";"CHEMBL1808";"Angiotensin-converting enzyme";"Homo sapiens";"SINGLE PROTEIN";"CHEMBL3352520";"1";"Scientific Literature";"Eur J Med Chem";"2014";"None";"";"";"";"1.66"
"CHEMBL3322133";"";"None";"755.89";"2";"-0.63";"Table 1, 102";"CC[C@H](C)[C@H](NC(=O)[C@@H](N)CC(N)=O)C(=O)N[C@@H](Cc1ccccc1)C(=O)N[C@@H](Cc1ccc(O)cc1)C(=O)N[C@@H](CS)C(=O)N1CCC[C@H]1C(=O)O";"logIC50";"'='";"1.18";"";"";"";"";"";"";"";"";"";"0";"CHEMBL3363246";"Inhibition of ACE (unknown origin)";"B";"BAO_0000357";"single protein format";"Homo sapiens";"None";"None";"None";"None";"";"";"";"CHEMBL1808";"Angiotensin-converting enzyme";"Homo sapiens";"SINGLE PROTEIN";"CHEMBL3352520";"1";"Scientific Literature";"Eur J Med Chem";"2014";"None";"";"";"";"1.18"
"CHEMBL10786";"";"None";"1472.77";"None";"None";"Table 2, 8";"CC[C@H](C)[C@H](N)C(=O)N[C@@H](CCCNC(=N)N)C(=O)N[C@@H](CCCNC(=N)N)C(=O)N[C@@H](CCCNC(=N)N)C(=O)N[C@@H](CCCCN)C(=O)N[C@@H](Cc1c[nH]c2ccccc12)C(=O)N[C@@H](Cc1c[nH]c2ccccc12)C(=O)N[C@@H](Cc1c[nH]c2ccccc12)C(=O)N[C@@H](Cc1c[nH]c2ccccc12)C(=O)O";"Ratio IC50";"'='";"6.68";"";"";"";"";"";"";"";"";"";"0";"CHEMBL3363248";"Ratio of compound IC50 to peptide Bac2A RLARIVVIRVAR IC50 for ACE (unknown origin)";"B";"BAO_0000357";"single protein format";"Homo sapiens";"None";"None";"None";"None";"";"";"";"CHEMBL1808";"Angiotensin-converting enzyme";"Homo sapiens";"SINGLE PROTEIN";"CHEMBL3352520";"1";"Scientific Literature";"Eur J Med Chem";"2014";"None";"";"";"";"6.68"
"CHEMBL188695";"";"None";"384.48";"0";"-1.03";"Table 1, 42";"CC(C)C[C@H](N)C(=O)N[C@@H](CCCN=C(N)N)C(=O)N1CCC[C@H]1C(=O)O";"logIC50";"'='";"-0.57";"";"";"";"";"";"";"";"";"";"0";"CHEMBL3363246";"Inhibition of ACE (unknown origin)";"B";"BAO_0000357";"single protein format";"Homo sapiens";"None";"None";"None";"None";"";"";"";"CHEMBL1808";"Angiotensin-converting enzyme";"Homo sapiens";"SINGLE PROTEIN";"CHEMBL3352520";"1";"Scientific Literature";"Eur J Med Chem";"2014";"None";"";"";"";"-0.57"
"CHEMBL1807676";"";"None";"356.47";"0";"0.05";"Table 1, 40";"CC(C)C[C@H](N)C(=O)N[C@@H](CCCCN)C(=O)N1CCC[C@H]1C(=O)O";"logIC50";"'='";"0.6";"";"";"";"";"";"";"";"";"";"0";"CHEMBL3363246";"Inhibition of ACE (unknown origin)";"B";"BAO_0000357";"single protein format";"Homo sapiens";"None";"None";"None";"None";"";"";"";"CHEMBL1808";"Angiotensin-converting enzyme";"Homo sapiens";"SINGLE PROTEIN";"CHEMBL3352520";"1";"Scientific Literature";"Eur J Med Chem";"2014";"None";"";"";"";"0.6"
"CHEMBL54572";"PHENYLALANYLTYROSINE";"None";"328.37";"0";"1.07";"Table 1, 34";"N[C@@H](Cc1ccccc1)C(=O)N[C@@H](Cc1ccc(O)cc1)C(=O)O";"logIC50";"'='";"1.4";"";"";"";"";"";"";"";"";"";"0";"CHEMBL3363246";"Inhibition of ACE (unknown origin)";"B";"BAO_0000357";"single protein format";"Homo sapiens";"None";"None";"None";"None";"";"";"";"CHEMBL1808";"Angiotensin-converting enzyme";"Homo sapiens";"SINGLE PROTEIN";"CHEMBL3352520";"1";"Scientific Literature";"Eur J Med Chem";"2014";"None";"";"";"";"1.4"
"CHEMBL289556";"OMAPATRILAT";"2.0";"408.55";"0";"1.94";"Omapatrilat";"O=C(N[C@H]1CCS[C@H]2CCC[C@@H](C(=O)O)N2C1=O)[C@@H](S)Cc1ccccc1";"IC50";"'='";"0.1";"nM";"10.00";"";"";"UO_0000065";"24.48";"0.51";"8.06";"11.53";"0";"CHEMBL4311874";"Inhibition of recombinant human ACE using Mca-BK2 as substrate preincubated for 10 mins followed by fluorogenic substrate addition and measured after 20 mins by fluorescence assay";"B";"BAO_0000357";"single protein format";"Homo sapiens";"None";"None";"None";"None";"";"";"";"CHEMBL1808";"Angiotensin-converting enzyme";"Homo sapiens";"SINGLE PROTEIN";"CHEMBL4308919";"1";"Scientific Literature";"ACS Med Chem Lett";"2019";"None";"";"";"";"10.0"
"CHEMBL570704";"";"None";"804.76";"2";"7.26";"3";"O=C(N[C@@H](Cc1ccccc1)P(=O)(O)CC(CC1CC(c2ccc(C(F)(F)F)cc2)=NO1)C(=O)N[C@@H](Cc1c[nH]c2ccccc12)C(=O)O)OCc1ccccc1";"Ki";"'='";"20.0";"nM";"7.70";"";"";"UO_0000065";"9.57";"0.18";"0.44";"4.29";"0";"CHEMBL1045247";"Inhibition of human somatic ACE C-terminal domain";"B";"BAO_0000357";"single protein format";"Homo sapiens";"None";"None";"None";"None";"";"";"";"CHEMBL1808";"Angiotensin-converting enzyme";"Homo sapiens";"SINGLE PROTEIN";"CHEMBL1156752";"1";"Scientific Literature";"J Med Chem";"2010";"None";"";"";"";"20.0"
"CHEMBL4294217";"";"None";"815.07";"1";"4.42";"Omapatrilat Dimer";"O=C(N[C@H]1CCS[C@H]2CCC[C@@H](C(=O)O)N2C1=O)[C@H](Cc1ccccc1)SS[C@@H](Cc1ccccc1)C(=O)N[C@H]1CCS[C@H]2CCC[C@@H](C(=O)O)N2C1=O";"IC50";"'='";"1800.0";"nM";"5.75";"";"";"UO_0000065";"7.05";"0.15";"1.32";"3.31";"0";"CHEMBL4269908";"Inhibition of human fully glycosylated ACE C-terminal domain expressed in CHO cells using MCA-RPPGFSAFK(Dnp)-OH as substrate preincubated for 15 mins followed by substrate addition measured after 10 mins by fluorescence spectrophotometric analysis";"B";"BAO_0000219";"cell-based format";"Homo sapiens";"None";"None";"CHO";"None";"";"";"";"CHEMBL1808";"Angiotensin-converting enzyme";"Homo sapiens";"SINGLE PROTEIN";"CHEMBL4266030";"1";"Scientific Literature";"J Med Chem";"2018";"None";"";"";"";"1.8"
"CHEMBL512941";"";"None";"395.59";"0";"4.10";"11l";"C[C@H](CS)C(=O)N[C@@H](CSCc1ccc(C2CCCCC2)cc1)C(=O)O";"IC50";"'='";"4000.0";"nM";"5.40";"";"";"UO_0000065";"13.65";"0.28";"1.30";"8.13";"0";"CHEMBL1013488";"Inhibition of angiotensin-converting enzyme in whole blood by HPLC";"B";"BAO_0000221";"tissue-based format";"None";"CHEMBL3638178";"Blood";"None";"None";"";"";"";"CHEMBL1808";"Angiotensin-converting enzyme";"Homo sapiens";"SINGLE PROTEIN";"CHEMBL1154514";"1";"Scientific Literature";"Bioorg Med Chem Lett";"2009";"None";"";"";"";"4000.0"
"CHEMBL457571";"";"None";"357.50";"0";"2.45";"11o";"CCOc1ccc(CSC[C@H](NC(=O)[C@H](C)CS)C(=O)O)cc1";"IC50";"'='";"340.0";"nM";"6.47";"";"";"UO_0000065";"18.09";"0.38";"4.02";"8.55";"0";"CHEMBL1013488";"Inhibition of angiotensin-converting enzyme in whole blood by HPLC";"B";"BAO_0000221";"tissue-based format";"None";"CHEMBL3638178";"Blood";"None";"None";"";"";"";"CHEMBL1808";"Angiotensin-converting enzyme";"Homo sapiens";"SINGLE PROTEIN";"CHEMBL1154514";"1";"Scientific Literature";"Bioorg Med Chem Lett";"2009";"None";"";"";"";"340.0"
"CHEMBL456044";"";"None";"471.69";"1";"5.69";"16h";"C[C@H](CS)C(=O)N[C@@H](CSC(c1ccccc1)c1ccc(C2CCCCC2)cc1)C(=O)O";"IC50";"'>'";"10000.0";"nM";"";"";"";"UO_0000065";"";"";"";"";"0";"CHEMBL1013488";"Inhibition of angiotensin-converting enzyme in whole blood by HPLC";"B";"BAO_0000221";"tissue-based format";"None";"CHEMBL3638178";"Blood";"None";"None";"";"";"";"CHEMBL1808";"Angiotensin-converting enzyme";"Homo sapiens";"SINGLE PROTEIN";"CHEMBL1154514";"1";"Scientific Literature";"Bioorg Med Chem Lett";"2009";"None";"";"";"";"10000.0"
"CHEMBL54922";"PROLINE";"2.0";"115.13";"0";"-0.18";"L-proline";"O=C(O)[C@@H]1CCCN1";"Inhibition";"";"";"%";"";"";"Dose-dependent effect";"UO_0000187";"";"";"";"";"0";"CHEMBL3088740";"Inhibition of ACE (unknown origin) assessed as 3-Hydroxybutyril-glycil-glycil-glycine conversion to 3-hydroxybutyric acid after 60 mins by WST assay";"B";"BAO_0000357";"single protein format";"Homo sapiens";"None";"None";"None";"None";"";"";"";"CHEMBL1808";"Angiotensin-converting enzyme";"Homo sapiens";"SINGLE PROTEIN";"CHEMBL3085742";"1";"Scientific Literature";"J Med Chem";"2013";"None";"";"";"";""
"CHEMBL350414";"";"None";"405.52";"0";"4.01";"1a";"O=C(O)[C@H](Cc1ccc(-c2ccccc2)cc1)NC(=O)[C@@H](S)Cc1ccccc1";"Ki";"'='";"30.0";"nM";"7.52";"";"";"UO_0000065";"18.55";"0.35";"3.51";"11.33";"0";"CHEMBL933039";"Inhibition of human recombinant ACE by fluorescence assay";"B";"BAO_0000357";"single protein format";"Homo sapiens";"None";"None";"None";"None";"";"";"";"CHEMBL1808";"Angiotensin-converting enzyme";"Homo sapiens";"SINGLE PROTEIN";"CHEMBL1142293";"1";"Scientific Literature";"Bioorg Med Chem Lett";"2008";"None";"";"";"";"30.0"
"CHEMBL401086";"";"None";"205.28";"0";"0.53";"1b";"CC[C@@H](C)[C@H](S)C(=O)NCC(=O)O";"Ki";"'='";"250.0";"nM";"6.60";"";"";"UO_0000065";"32.16";"0.69";"6.07";"9.94";"0";"CHEMBL928316";"Inhibition of human recombinant ACE by fluorescence assay";"B";"BAO_0000357";"single protein format";"Homo sapiens";"None";"None";"None";"None";"";"";"";"CHEMBL1808";"Angiotensin-converting enzyme";"Homo sapiens";"SINGLE PROTEIN";"CHEMBL1141500";"1";"Scientific Literature";"Bioorg Med Chem Lett";"2008";"None";"";"";"";"250.0"
"CHEMBL329464";"";"None";"516.92";"1";"3.46";"9";"O=C(O)[C@H](Cc1ccc(-c2ccccc2)cc1)NC(=O)[C@H](Cc1ccc(Cl)cc1)NCP(=O)(O)O";"IC50";"'='";"473.0";"nM";"6.33";"";"";"UO_0000065";"12.24";"0.25";"2.87";"4.65";"0";"CHEMBL876577";"In vitro inhibitory concentration against angiotensin-converting enzyme";"B";"BAO_0000224";"protein format";"None";"None";"None";"None";"None";"";"";"";"CHEMBL1808";"Angiotensin-converting enzyme";"Homo sapiens";"SINGLE PROTEIN";"CHEMBL1150039";"1";"Scientific Literature";"Bioorg Med Chem Lett";"1994";"None";"";"";"";"473.0"
"CHEMBL567893";"GRASSYSTATIN A";"None";"1174.44";"None";"None";"1";"COC(=O)[C@@H]1CCCN1C(=O)[C@@H](Cc1ccccc1)N(C)C(=O)[C@H](C)NC(=O)[C@@H](NC(=O)C[C@H](O)[C@H](CC(C)C)NC(=O)[C@H](CC(N)=O)NC(=O)[C@H](CC(C)C)NC(=O)[C@H](OC(=O)[C@@H](OC(=O)[C@H](C(C)C)N(C)C)C(C)C)C(C)C)[C@@H](C)O";"IC50";"'='";"10000.0";"nM";"5.00";"";"";"UO_0000065";"4.26";"None";"None";"None";"0";"CHEMBL1039225";"Inhibition of ACE1 after 10 to 15 mins by fluorescence assay";"B";"BAO_0000357";"single protein format";"None";"None";"None";"None";"None";"";"";"";"CHEMBL1808";"Angiotensin-converting enzyme";"Homo sapiens";"SINGLE PROTEIN";"CHEMBL1156023";"1";"Scientific Literature";"J Med Chem";"2009";"None";"";"";"";"10.0"
"CHEMBL4128481";"";"None";"327.39";"0";"2.72";"(S)-3";"COc1ccc2c(N[C@@H](C)Cc3cc(C)[nH]n3)ncnc2c1OC";"Inhibition";"'<'";"50.0";"%";"";"";"";"UO_0000187";"";"";"";"";"0";"CHEMBL4122550";"Inhibition of human angiotensin converting enzyme at 10 uM relative to control";"B";"BAO_0000357";"single protein format";"Homo sapiens";"None";"None";"None";"None";"";"";"";"CHEMBL1808";"Angiotensin-converting enzyme";"Homo sapiens";"SINGLE PROTEIN";"CHEMBL4118152";"1";"Scientific Literature";"J Med Chem";"2018";"None";"";"";"";"50.0"
"CHEMBL473326";"";"None";"292.79";"0";"3.62";"1";"Oc1nc(SCc2ccc(Cl)cc2)nc2c1CCC2";"Inhibition";"'>'";"10.0";"%";"";"";"";"UO_0000187";"";"";"";"";"0";"CHEMBL3387093";"Inhibition of recombinant human ACE using RPFNYLAK substrate up to 20 uM";"B";"BAO_0000357";"single protein format";"Homo sapiens";"None";"None";"None";"None";"";"";"";"CHEMBL1808";"Angiotensin-converting enzyme";"Homo sapiens";"SINGLE PROTEIN";"CHEMBL3352788";"1";"Scientific Literature";"J Med Chem";"2014";"None";"";"";"";"10.0"
"CHEMBL4174072";"";"None";"481.58";"0";"4.96";"5k";"COc1ccc(CN2C(=O)/C(=N\C(=S)NCc3cc4ccccc4cc3O)c3ccccc32)cc1";"IC50";"'='";"7.64";"nM";"8.12";"";"";"UO_0000065";"16.85";"0.32";"3.16";"10.95";"0";"CHEMBL4135397";"Inhibition of ACE (unknown origin) using Hippuryl-L-Histidyl-L-Leucine as substrate after 60 mins by colorimetric method";"B";"BAO_0000357";"single protein format";"Homo sapiens";"None";"None";"None";"None";"";"";"";"CHEMBL1808";"Angiotensin-converting enzyme";"Homo sapiens";"SINGLE PROTEIN";"CHEMBL4130507";"1";"Scientific Literature";"Eur J Med Chem";"2017";"None";"";"";"";"7.64"
"CHEMBL4174467";"";"None";"419.46";"0";"2.84";"5h";"O=C(O)CN1C(=O)/C(=N\C(=S)NCc2cc3ccccc3cc2O)c2ccccc21";"Inhibition";"'='";"96.14";"%";"";"";"";"UO_0000187";"";"";"";"";"0";"CHEMBL4135398";"Inhibition of ACE (unknown origin) at IC50 using Hippuryl-L-Histidyl-L-Leucine as substrate after 60 mins by colorimetric method relative to control";"B";"BAO_0000357";"single protein format";"Homo sapiens";"None";"None";"None";"None";"";"";"";"CHEMBL1808";"Angiotensin-converting enzyme";"Homo sapiens";"SINGLE PROTEIN";"CHEMBL4130507";"1";"Scientific Literature";"Eur J Med Chem";"2017";"None";"";"";"";"96.14"
"CHEMBL2295850";"";"None";"321.38";"0";"2.37";"3g";"c1ccc(-c2nnn[nH]2)c(-c2ccc(CN3CCOCC3)cc2)c1";"Inhibition";"";"";"%";"";"";"";"UO_0000187";"";"";"";"";"0";"CHEMBL3071359";"Inhibition of ACE (unknown origin) using Hippuryl-His-Leu as substrate at 1 to 10 ug incubated for 10 min prior to substrate addition measured after 45 min by spectrophotometric analysis relative to control";"B";"BAO_0000357";"single protein format";"Homo sapiens";"None";"None";"None";"None";"";"";"";"CHEMBL1808";"Angiotensin-converting enzyme";"Homo sapiens";"SINGLE PROTEIN";"CHEMBL3045976";"1";"Scientific Literature";"Med Chem Res";"2013";"None";"";"";"Not active";""
"CHEMBL540674";"";"None";"337.32";"0";"1.75";"3b";"O=C(CC(S)C(F)(F)F)NC(Cc1ccc(O)cc1)C(=O)O";"IC50";"'='";"160.0";"nM";"6.80";"";"";"UO_0000065";"20.15";"0.42";"5.05";"7.84";"0";"CHEMBL1060018";"Inhibition of human recombinant ACE by fluorimetry";"B";"BAO_0000357";"single protein format";"Homo sapiens";"None";"None";"None";"None";"";"";"";"CHEMBL1808";"Angiotensin-converting enzyme";"Homo sapiens";"SINGLE PROTEIN";"CHEMBL1154033";"1";"Scientific Literature";"Bioorg Med Chem Lett";"2009";"None";"";"";"";"160.0"
"CHEMBL36506";"NOVOBIOCIN";"4.0";"612.63";"2";"3.63";"novobiocin";"CO[C@@H]1[C@@H](OC(N)=O)[C@@H](O)[C@H](Oc2ccc3c(O)c(NC(=O)c4ccc(O)c(CC=C(C)C)c4)c(=O)oc3c2C)OC1(C)C";"Ki";"'='";"167000.0";"nM";"";"Outside typical range";"";"UO_0000065";"";"";"";"";"0";"CHEMBL3088740";"Inhibition of ACE (unknown origin) assessed as 3-Hydroxybutyril-glycil-glycil-glycine conversion to 3-hydroxybutyric acid after 60 mins by WST assay";"B";"BAO_0000357";"single protein format";"Homo sapiens";"None";"None";"None";"None";"";"";"";"CHEMBL1808";"Angiotensin-converting enzyme";"Homo sapiens";"SINGLE PROTEIN";"CHEMBL3085742";"1";"Scientific Literature";"J Med Chem";"2013";"None";"";"";"";"167.0"
"CHEMBL105890";"";"None";"405.50";"0";"1.24";"21d";"NCCCCC(NC(CCc1ccccc1)C(=O)O)C(=O)N1CCCC1C(=O)O";"IC50";"'='";"3.981";"nM";"8.40";"";"";"UO_0000065";"20.72";"0.40";"7.16";"6.32";"0";"CHEMBL646945";"Inhibition of angiotensin I converting enzyme in silico";"B";"BAO_0000357";"single protein format";"None";"None";"None";"None";"None";"";"";"";"CHEMBL1808";"Angiotensin-converting enzyme";"Homo sapiens";"SINGLE PROTEIN";"CHEMBL1130169";"1";"Scientific Literature";"J Med Chem";"1997";"None";"";"";"";"8.4"
"CHEMBL254282";"";"None";"387.50";"0";"3.94";"1l";"CC[C@@H](C)[C@H](S)C(=O)N[C@@H](Cc1ccc(Oc2ccccc2)cc1)C(=O)O";"Ki";"'='";"250.0";"nM";"6.60";"";"";"UO_0000065";"17.04";"0.33";"2.66";"8.73";"0";"CHEMBL928316";"Inhibition of human recombinant ACE by fluorescence assay";"B";"BAO_0000357";"single protein format";"Homo sapiens";"None";"None";"None";"None";"";"";"";"CHEMBL1808";"Angiotensin-converting enzyme";"Homo sapiens";"SINGLE PROTEIN";"CHEMBL1141500";"1";"Scientific Literature";"Bioorg Med Chem Lett";"2008";"None";"";"";"";"250.0"
"CHEMBL252391";"";"None";"371.50";"0";"3.81";"1a";"CC[C@@H](C)[C@H](S)C(=O)N[C@@H](Cc1ccc(-c2ccccc2)cc1)C(=O)O";"Ki";"'='";"490.0";"nM";"6.31";"";"";"UO_0000065";"16.98";"0.33";"2.50";"9.50";"1";"CHEMBL928316";"Inhibition of human recombinant ACE by fluorescence assay";"B";"BAO_0000357";"single protein format";"Homo sapiens";"None";"None";"None";"None";"";"";"";"CHEMBL1808";"Angiotensin-converting enzyme";"Homo sapiens";"SINGLE PROTEIN";"CHEMBL1141500";"1";"Scientific Literature";"Bioorg Med Chem Lett";"2008";"None";"";"";"";"490.0"
"CHEMBL252009";"";"None";"537.52";"2";"5.76";"1t";"CC[C@@H](C)[C@H](S)C(=O)N[C@@H](Cc1ccc(OCc2cc(C(F)(F)F)cc(C(F)(F)F)c2)cc1)C(=O)O";"Ki";"'='";"25000.0";"nM";"4.60";"";"";"UO_0000065";"8.56";"0.17";"-1.16";"6.08";"0";"CHEMBL928316";"Inhibition of human recombinant ACE by fluorescence assay";"B";"BAO_0000357";"single protein format";"Homo sapiens";"None";"None";"None";"None";"";"";"";"CHEMBL1808";"Angiotensin-converting enzyme";"Homo sapiens";"SINGLE PROTEIN";"CHEMBL1141500";"1";"Scientific Literature";"Bioorg Med Chem Lett";"2008";"None";"";"";"";"25000.0"
"CHEMBL251808";"";"None";"437.51";"0";"4.00";"1r";"CC[C@@H](C)[C@H](S)C(=O)N[C@@H](Cc1ccc(OCc2ccc(F)c(F)c2)cc1)C(=O)O";"Ki";"'='";"1800.0";"nM";"5.75";"";"";"UO_0000065";"13.13";"0.26";"1.74";"7.60";"0";"CHEMBL928316";"Inhibition of human recombinant ACE by fluorescence assay";"B";"BAO_0000357";"single protein format";"Homo sapiens";"None";"None";"None";"None";"";"";"";"CHEMBL1808";"Angiotensin-converting enzyme";"Homo sapiens";"SINGLE PROTEIN";"CHEMBL1141500";"1";"Scientific Literature";"Bioorg Med Chem Lett";"2008";"None";"";"";"";"1800.0"
"CHEMBL3264010";"";"None";"519.54";"2";"1.83";"5, SF2513 C";"CC[C@H](C)[C@H](NC(C)=O)C(=O)N[C@@H](Cc1ccccc1)C(=O)N[C@@H](Cc1ccc(O)cc1)P(=O)(O)O";"Ratio Ki";"'='";"15.0";"";"";"";"";"";"";"";"";"";"0";"CHEMBL3269462";"Selectivity ratio of Ki for human ACE N-terminal domain to Ki for human ACE C-terminal domain";"B";"BAO_0000357";"single protein format";"Homo sapiens";"None";"None";"None";"None";"";"";"";"CHEMBL1808";"Angiotensin-converting enzyme";"Homo sapiens";"SINGLE PROTEIN";"CHEMBL3259630";"1";"Scientific Literature";"ACS Med Chem Lett";"2014";"None";"";"";"";"15.0"
"CHEMBL3264009";"";"None";"485.52";"1";"1.64";"4, SF2513 B";"CC[C@H](C)[C@H](NC(C)=O)C(=O)N[C@@H](CC(C)C)C(=O)N[C@@H](Cc1ccc(O)cc1)P(=O)(O)O";"Ki";"'='";"33.0";"nM";"7.48";"";"";"UO_0000065";"15.41";"0.31";"5.84";"4.53";"0";"CHEMBL3269461";"Inhibition of human ACE C-terminal domain using Cbz-Phe-His-Leu-OH substrate";"B";"BAO_0000357";"single protein format";"Homo sapiens";"None";"None";"None";"None";"";"";"";"CHEMBL1808";"Angiotensin-converting enzyme";"Homo sapiens";"SINGLE PROTEIN";"CHEMBL3259630";"1";"Scientific Literature";"ACS Med Chem Lett";"2014";"None";"";"";"";"33.0"
"CHEMBL51389";"";"None";"414.48";"0";"1.77";"3f";"O=C(O)CN1C(=O)[C@@H](NC(=O)[C@@H](CS)Cc2ccccc2)COc2ccccc21";"IC50";"'='";"4.4";"nM";"8.36";"";"";"UO_0000065";"20.16";"0.39";"6.59";"8.71";"0";"CHEMBL648282";"Tested in vitro for inhibition of Angiotensin converting enzyme (ACE)";"B";"BAO_0000357";"single protein format";"None";"None";"None";"None";"None";"";"";"";"CHEMBL1808";"Angiotensin-converting enzyme";"Homo sapiens";"SINGLE PROTEIN";"CHEMBL1127937";"1";"Scientific Literature";"Bioorg Med Chem Lett";"1994";"None";"";"";"";"4.4"
"CHEMBL79008";"";"None";"231.25";"0";"0.47";"45";"CCC(C)[C@H](NC(=O)CCC(=O)O)C(=O)O";"IC50";"'='";"1047128.55";"nM";"";"Outside typical range";"";"UO_0000065";"";"";"";"";"0";"CHEMBL648337";"Inhibitory activity against angiotensin converting enzyme (ACE)";"F";"BAO_0000019";"assay format";"None";"None";"None";"None";"None";"";"";"";"CHEMBL1808";"Angiotensin-converting enzyme";"Homo sapiens";"SINGLE PROTEIN";"CHEMBL1126767";"1";"Scientific Literature";"J Med Chem";"1993";"None";"";"";"";"2.98"
"CHEMBL309962";"RENTIAPRIL";"2.0";"313.40";"0";"1.74";"71";"O=C(O)[C@@H]1CS[C@H](c2ccccc2O)N1C(=O)CCS";"Ki";"'='";"2.2";"nM";"8.66";"";"";"UO_0000065";"27.62";"0.59";"6.92";"11.12";"0";"CHEMBL5229289";"Inhibition of ACE (unknown origin)";"B";"BAO_0000357";"single protein format";"Homo sapiens";"None";"None";"None";"None";"";"";"";"CHEMBL1808";"Angiotensin-converting enzyme";"Homo sapiens";"SINGLE PROTEIN";"CHEMBL5226360";"1";"Scientific Literature";"Bioorg Med Chem Lett";"2022";"None";"";"INHIBITOR";"";"2.2"
"CHEMBL4160421";"";"None";"468.38";"0";"4.15";"5c";"O=C1/C(=N\C(=S)NCc2cc3ccccc3cc2O)c2ccccc2N1CCBr";"IC50";"'='";"4.11";"nM";"8.39";"";"";"UO_0000065";"17.90";"0.39";"4.24";"12.92";"0";"CHEMBL4135397";"Inhibition of ACE (unknown origin) using Hippuryl-L-Histidyl-L-Leucine as substrate after 60 mins by colorimetric method";"B";"BAO_0000357";"single protein format";"Homo sapiens";"None";"None";"None";"None";"";"";"";"CHEMBL1808";"Angiotensin-converting enzyme";"Homo sapiens";"SINGLE PROTEIN";"CHEMBL4130507";"1";"Scientific Literature";"Eur J Med Chem";"2017";"None";"";"";"";"4.11"
"CHEMBL4097344";"";"None";"448.38";"2";"0.49";"Rhodionin";"C[C@@H]1O[C@@H](Oc2cc(O)c3c(=O)c(O)c(-c4ccc(O)cc4)oc3c2O)[C@H](O)[C@H](O)[C@H]1O";"Inhibition";"'='";"17.24";"%";"";"";"";"UO_0000187";"";"";"";"";"0";"CHEMBL4057853";"Inhibition of recombinant human ACE at 100 uM using Mca-R-P-PG-F-S-A-F-K(Dnp)-OH as substrate measured every 2 mins for 8 mins by fluorescence assay";"B";"BAO_0000357";"single protein format";"Homo sapiens";"None";"None";"None";"None";"";"";"";"CHEMBL1808";"Angiotensin-converting enzyme";"Homo sapiens";"SINGLE PROTEIN";"CHEMBL4052767";"1";"Scientific Literature";"Bioorg Med Chem Lett";"2017";"None";"";"";"";"17.24"
"CHEMBL109266";"RHAPONTIN";"None";"420.41";"1";"0.46";"Rhaponticin";"COc1ccc(/C=C/c2cc(O)cc(O[C@@H]3O[C@H](CO)[C@@H](O)[C@H](O)[C@H]3O)c2)cc1O";"Inhibition";"'='";"18.25";"%";"";"";"";"UO_0000187";"";"";"";"";"0";"CHEMBL4057853";"Inhibition of recombinant human ACE at 100 uM using Mca-R-P-PG-F-S-A-F-K(Dnp)-OH as substrate measured every 2 mins for 8 mins by fluorescence assay";"B";"BAO_0000357";"single protein format";"Homo sapiens";"None";"None";"None";"None";"";"";"";"CHEMBL1808";"Angiotensin-converting enzyme";"Homo sapiens";"SINGLE PROTEIN";"CHEMBL4052767";"1";"Scientific Literature";"Bioorg Med Chem Lett";"2017";"None";"";"";"";"18.25"
"CHEMBL4066040";"A-1596584";"None";"539.53";"2";"5.45";"EUB0000264";"COc1ccc2c(c1)O[C@H](c1ccc(OC)c(OC)c1)C[C@@H]2NC(=O)C1(c2ccc3c(c2)OC(F)(F)O3)CC1";"% Inhibition of Control Values (Mean n=2)";"'='";"-28.5";"%";"";"";"";"UO_0000187";"";"";"";"";"0";"CHEMBL4880560";"ACE (h) Eurofins-Cerep enzyme and uptake assay";"B";"BAO_0000357";"single protein format";"Homo sapiens";"None";"None";"None";"None";"Source of protein: human recombinant | Reference compound: captopril | Incubation time: 30 min | Incubation temperature: 37°C | Detection method: Fluorimetry | Measured component: Abz-Phe-Arg | Substrate/Stimulus/Tracer: Abz-FRK(Dnp)-POH (15 µM) | Reference compound EC50 None 1.2 nM | Assay protocol publication: PMID: 20802975";"";"";"CHEMBL1808";"Angiotensin-converting enzyme";"Homo sapiens";"SINGLE PROTEIN";"CHEMBL4507262";"54";"SGC Frankfurt - Donated Chemical Probes";"";"2021";"None";"Compound concentration None 10.0 uM";"";"";"-28.5"
"CHEMBL1237";"LISINOPRIL ANHYDROUS";"4.0";"405.50";"0";"1.24";"LISINOPRIL";"NCCCC[C@H](N[C@@H](CCc1ccccc1)C(=O)O)C(=O)N1CCC[C@H]1C(=O)O";"Ki";"'='";"1.2";"nM";"8.92";"";"";"UO_0000065";"22.00";"0.42";"7.68";"6.71";"0";"CHEMBL5042029";"Inhibition of recombinant human ACE C-domain expressed in CHO cells using Cbz-Phe-His-Leu as substrate preincubated for 15 mins followed by substrate addition and measured after 10 mins by fluorescence spectrophotometric analysis";"B";"BAO_0000219";"cell-based format";"Homo sapiens";"None";"None";"CHO";"None";"";"";"";"CHEMBL1808";"Angiotensin-converting enzyme";"Homo sapiens";"SINGLE PROTEIN";"CHEMBL5038663";"1";"Scientific Literature";"J Med Chem";"2022";"None";"TIME = 0.4167 hr";"INHIBITOR";"";"0.0012"
"CHEMBL5075686";"";"None";"424.50";"0";"2.79";"AD013";"Cc1ccc([C@H]2CC[C@@H](C(=O)O)N2C(=O)CN[C@@H](CCc2ccccc2)C(=O)O)cc1";"Ki";"'='";"3400.0";"nM";"5.47";"";"";"UO_0000065";"12.88";"0.24";"2.68";"5.11";"0";"CHEMBL5042030";"Inhibition of recombinant human ACE N-domain expressed in CHO cells using Cbz-Phe-His-Leu as substrate preincubated for 15 mins followed by substrate addition and measured after 10 mins by fluorescence spectrophotometric analysis";"B";"BAO_0000219";"cell-based format";"Homo sapiens";"None";"None";"CHO";"None";"";"";"";"CHEMBL1808";"Angiotensin-converting enzyme";"Homo sapiens";"SINGLE PROTEIN";"CHEMBL5038663";"1";"Scientific Literature";"J Med Chem";"2022";"None";"TIME = 0.4167 hr";"INHIBITOR";"";"3.4"
"CHEMBL5272875";"";"None";"235.33";"0";"0.54";"70";"C[C@H](CS)C(=O)N1CCS[C@H]1C(=O)O";"IC50";"'='";"831.76";"nM";"6.08";"";"";"UO_0000065";"25.84";"0.59";"5.54";"10.55";"0";"CHEMBL5229289";"Inhibition of ACE (unknown origin)";"B";"BAO_0000357";"single protein format";"Homo sapiens";"None";"None";"None";"None";"";"";"";"CHEMBL1808";"Angiotensin-converting enzyme";"Homo sapiens";"SINGLE PROTEIN";"CHEMBL5226360";"1";"Scientific Literature";"Bioorg Med Chem Lett";"2022";"None";"";"INHIBITOR";"";"6.08"
"CHEMBL5087608";"";"None";"292.30";"0";"-1.19";"NSC523374, NlnA#2";"NC(Cc1c[nH]cn1)C(=O)NC(Cc1c[nH]cn1)C(=O)O";"Inhibition";"'='";"12.2";"%";"";"";"";"UO_0000187";"";"";"";"";"0";"CHEMBL5051267";"Inhibition of recombinant C-terminal 10His-tagged human ACE at 300 uM using Mca-Arg-Pro-Pro-Gly-Phe-Ser-Ala-Phe-Lys(Dnp)-OH as substrate and measured by fluorescence based assay relative to control";"B";"BAO_0000357";"single protein format";"Homo sapiens";"None";"None";"None";"None";"";"";"";"CHEMBL1808";"Angiotensin-converting enzyme";"Homo sapiens";"SINGLE PROTEIN";"CHEMBL5050845";"38";"SureChEMBL Patent Bioactivity Data";"";"2020";"None";"Dose = 300.0 microM";"";"";"12.2"
"CHEMBL3221965";"";"None";"261.27";"0";"-0.31";"27a";"CC(C)C[C@@H](CC(=O)O)C(=O)N[C@@H](CO)C(=O)O";"IC50";"'>'";"31622.78";"nM";"";"";"";"UO_0000065";"";"";"";"";"0";"CHEMBL3223377";"Inhibition of human ACE-1 using Abz-Gly-p-nitro-Phe-Pro-OH as substrate preincubated for 10 mins followed by substrate addition measured after 17 hrs by spectrophotometric analysis";"B";"BAO_0000357";"single protein format";"Homo sapiens";"None";"None";"None";"None";"";"";"";"CHEMBL1808";"Angiotensin-converting enzyme";"Homo sapiens";"SINGLE PROTEIN";"CHEMBL3217740";"1";"Scientific Literature";"Medchemcomm";"2012";"None";"";"";"";"4.5"
"CHEMBL415881";"";"None";"523.72";"1";"2.50";"36";"CCOC(=O)[C@H](CCc1ccccc1)N[C@@H](CCCCN)C(=O)N1CC2(C[C@H]1C(=O)O)SCCS2";"IC50";"'='";"200.0";"nM";"6.70";"";"";"UO_0000065";"12.79";"0.26";"4.20";"5.49";"0";"CHEMBL645288";"Compound tested in vitro for inhibition of Angiotensin I converting enzyme";"B";"BAO_0000357";"single protein format";"None";"None";"None";"None";"None";"";"";"";"CHEMBL1808";"Angiotensin-converting enzyme";"Homo sapiens";"SINGLE PROTEIN";"CHEMBL1124532";"1";"Scientific Literature";"J Med Chem";"1989";"None";"";"";"";"200.0"
"CHEMBL3321997";"";"None";"357.41";"0";"-0.21";"Table 1, 43";"CC[C@H](C)[C@H](N)C(=O)N[C@@H](CCC(=O)O)C(=O)N1CCC[C@H]1C(=O)O";"logIC50";"'='";"0.2";"";"";"";"";"";"";"";"";"";"0";"CHEMBL3363246";"Inhibition of ACE (unknown origin)";"B";"BAO_0000357";"single protein format";"Homo sapiens";"None";"None";"None";"None";"";"";"";"CHEMBL1808";"Angiotensin-converting enzyme";"Homo sapiens";"SINGLE PROTEIN";"CHEMBL3352520";"1";"Scientific Literature";"Eur J Med Chem";"2014";"None";"";"";"";"0.2"
"CHEMBL3321998";"";"None";"328.37";"1";"-2.23";"Table 1, 45";"N=C(N)NCCC[C@H](NC(=O)CN)C(=O)N1CCC[C@H]1C(=O)O";"logIC50";"'='";"1.3";"";"";"";"";"";"";"";"";"";"0";"CHEMBL3363246";"Inhibition of ACE (unknown origin)";"B";"BAO_0000357";"single protein format";"Homo sapiens";"None";"None";"None";"None";"";"";"";"CHEMBL1808";"Angiotensin-converting enzyme";"Homo sapiens";"SINGLE PROTEIN";"CHEMBL3352520";"1";"Scientific Literature";"Eur J Med Chem";"2014";"None";"";"";"";"1.3"
"CHEMBL28361";"";"None";"333.39";"0";"0.14";"Table 1, 59";"C[C@H](NC(=O)[C@@H](N)Cc1ccccc1)C(=O)N1CCC[C@H]1C(=O)O";"logIC50";"'='";"0.58";"";"";"";"";"";"";"";"";"";"0";"CHEMBL3363246";"Inhibition of ACE (unknown origin)";"B";"BAO_0000357";"single protein format";"Homo sapiens";"None";"None";"None";"None";"";"";"";"CHEMBL1808";"Angiotensin-converting enzyme";"Homo sapiens";"SINGLE PROTEIN";"CHEMBL3352520";"1";"Scientific Literature";"Eur J Med Chem";"2014";"None";"";"";"";"0.58"
"CHEMBL448852";"";"None";"1383.63";"None";"None";"Table 2, 12";"C[C@@H](O)[C@H](NC(=O)[C@H](CCCCN)NC(=O)[C@H](Cc1c[nH]c2ccccc12)NC(=O)[C@H](Cc1cnc[nH]1)NC(=O)[C@@H](N)CCCNC(=N)N)C(=O)N[C@@H](Cc1c[nH]c2ccccc12)C(=O)N[C@@H](Cc1c[nH]c2ccccc12)C(=O)N[C@@H](CCCCN)C(=O)N[C@@H](CCCNC(=N)N)C(=O)O";"Ratio IC50";"'='";"0.95";"";"";"";"";"";"";"";"";"";"0";"CHEMBL3363247";"Inhibition of ACE (unknown origin) relative to peptide Bac2A RLARIVVIRVAR sequence";"B";"BAO_0000357";"single protein format";"Homo sapiens";"None";"None";"None";"None";"";"";"";"CHEMBL1808";"Angiotensin-converting enzyme";"Homo sapiens";"SINGLE PROTEIN";"CHEMBL3352520";"1";"Scientific Literature";"Eur J Med Chem";"2014";"None";"";"";"";"0.95"
"CHEMBL526674";"";"None";"1416.75";"None";"None";"Table 2, 19";"CC[C@H](C)[C@H](NC(=O)[C@H](CCCCN)NC(=O)[C@H](Cc1c[nH]c2ccccc12)NC(=O)[C@H](Cc1c[nH]c2ccccc12)NC(=O)[C@@H](N)CCCCN)C(=O)N[C@@H](Cc1c[nH]c2ccccc12)C(=O)N[C@@H](Cc1c[nH]c2ccccc12)C(=O)N[C@@H](CCCCN)C(=O)N[C@@H](CCCNC(=N)N)C(=O)O";"Ratio IC50";"'='";"0.2";"";"";"";"";"";"";"";"";"";"0";"CHEMBL3363247";"Inhibition of ACE (unknown origin) relative to peptide Bac2A RLARIVVIRVAR sequence";"B";"BAO_0000357";"single protein format";"Homo sapiens";"None";"None";"None";"None";"";"";"";"CHEMBL1808";"Angiotensin-converting enzyme";"Homo sapiens";"SINGLE PROTEIN";"CHEMBL3352520";"1";"Scientific Literature";"Eur J Med Chem";"2014";"None";"";"";"";"0.2"
"CHEMBL90069";"";"None";"280.32";"0";"0.49";"Table 1, 15";"CC(C)[C@H](N)C(=O)N[C@@H](Cc1ccc(O)cc1)C(=O)O";"logIC50";"'='";"1.2";"";"";"";"";"";"";"";"";"";"0";"CHEMBL3363246";"Inhibition of ACE (unknown origin)";"B";"BAO_0000357";"single protein format";"Homo sapiens";"None";"None";"None";"None";"";"";"";"CHEMBL1808";"Angiotensin-converting enzyme";"Homo sapiens";"SINGLE PROTEIN";"CHEMBL3352520";"1";"Scientific Literature";"Eur J Med Chem";"2014";"None";"";"";"";"1.2"
"CHEMBL439762";"";"None";"214.26";"0";"0.05";"Table 1, 6";"CC(C)[C@H](N)C(=O)N1CCC[C@H]1C(=O)O";"logIC50";"'='";"2.62";"";"";"";"";"";"";"";"";"";"0";"CHEMBL3363246";"Inhibition of ACE (unknown origin)";"B";"BAO_0000357";"single protein format";"Homo sapiens";"None";"None";"None";"None";"";"";"";"CHEMBL1808";"Angiotensin-converting enzyme";"Homo sapiens";"SINGLE PROTEIN";"CHEMBL3352520";"1";"Scientific Literature";"Eur J Med Chem";"2014";"None";"";"";"";"2.62"
"CHEMBL506459";"";"None";"1342.66";"None";"None";"Table 2, 20";"CC[C@H](C)[C@H](NC(=O)[C@@H](NC(=O)[C@H](CCCCN)NC(=O)[C@@H](NC(=O)[C@@H](N)CCCNC(=N)N)[C@@H](C)CC)C(C)C)C(=O)N[C@@H](Cc1c[nH]c2ccccc12)C(=O)N[C@@H](Cc1c[nH]c2ccccc12)C(=O)N[C@@H](Cc1c[nH]c2ccccc12)C(=O)N[C@@H](CCCNC(=N)N)C(=O)O";"Ratio IC50";"'='";"0.51";"";"";"";"";"";"";"";"";"";"0";"CHEMBL3363247";"Inhibition of ACE (unknown origin) relative to peptide Bac2A RLARIVVIRVAR sequence";"B";"BAO_0000357";"single protein format";"Homo sapiens";"None";"None";"None";"None";"";"";"";"CHEMBL1808";"Angiotensin-converting enzyme";"Homo sapiens";"SINGLE PROTEIN";"CHEMBL3352520";"1";"Scientific Literature";"Eur J Med Chem";"2014";"None";"";"";"";"0.51"
"CHEMBL507372";"";"None";"1317.65";"None";"None";"Table 2, 22";"CC[C@H](C)[C@H](NC(=O)[C@H](Cc1ccccc1)NC(=O)[C@H](CCCNC(=N)N)NC(=O)[C@@H](N)CC(C)C)C(=O)N[C@@H](CC(C)C)C(=O)N[C@@H](Cc1c[nH]c2ccccc12)C(=O)N[C@@H](Cc1c[nH]c2ccccc12)C(=O)N[C@@H](CCCCN)C(=O)N[C@@H](CCCNC(=N)N)C(=O)O";"Ratio IC50";"'='";"0.88";"";"";"";"";"";"";"";"";"";"0";"CHEMBL3363247";"Inhibition of ACE (unknown origin) relative to peptide Bac2A RLARIVVIRVAR sequence";"B";"BAO_0000357";"single protein format";"Homo sapiens";"None";"None";"None";"None";"";"";"";"CHEMBL1808";"Angiotensin-converting enzyme";"Homo sapiens";"SINGLE PROTEIN";"CHEMBL3352520";"1";"Scientific Literature";"Eur J Med Chem";"2014";"None";"";"";"";"0.88"
"CHEMBL500619";"";"None";"1472.77";"None";"None";"Table 2, 4";"CC[C@H](C)[C@H](NC(=O)[C@H](Cc1c[nH]c2ccccc12)NC(=O)[C@H](Cc1c[nH]c2ccccc12)NC(=O)[C@H](CCCCN)NC(=O)[C@H](CCCNC(=N)N)NC(=O)[C@H](Cc1c[nH]c2ccccc12)NC(=O)[C@H](Cc1c[nH]c2ccccc12)NC(=O)[C@@H](N)CCCNC(=N)N)C(=O)N[C@@H](CCCNC(=N)N)C(=O)O";"Ratio IC50";"'='";"6.62";"";"";"";"";"";"";"";"";"";"0";"CHEMBL3363248";"Ratio of compound IC50 to peptide Bac2A RLARIVVIRVAR IC50 for ACE (unknown origin)";"B";"BAO_0000357";"single protein format";"Homo sapiens";"None";"None";"None";"None";"";"";"";"CHEMBL1808";"Angiotensin-converting enzyme";"Homo sapiens";"SINGLE PROTEIN";"CHEMBL3352520";"1";"Scientific Literature";"Eur J Med Chem";"2014";"None";"";"";"";"6.62"
"CHEMBL1422";"SITAGLIPTIN";"4.0";"407.32";"0";"2.02";"4";"N[C@@H](CC(=O)N1CCn2c(nnc2C(F)(F)F)C1)Cc1cc(F)c(F)cc1F";"IC50";"'='";"11000.0";"nM";"4.96";"";"";"UO_0000065";"12.17";"0.24";"2.94";"6.44";"0";"CHEMBL4021433";"Inhibition of human plasma ACE";"B";"BAO_0000357";"single protein format";"Homo sapiens";"None";"None";"None";"None";"";"";"";"CHEMBL1808";"Angiotensin-converting enzyme";"Homo sapiens";"SINGLE PROTEIN";"CHEMBL4020733";"1";"Scientific Literature";"Bioorg Med Chem Lett";"2017";"None";"";"";"";"11.0"
"CHEMBL3581910";"";"None";"150.22";"0";"1.08";"asparagusic acid";"O=C(O)C1CSSC1";"IC50";"";"";"";"";"";"";"";"";"";"";"";"0";"CHEMBL3583583";"Inhibition of ACE (unknown origin) using 3-Hydroxybutylyl-Gly-Gly-Gly substrate assessed as reduction in 3-Hyroxybutylic acid generation incubated for 1 hr by colorimetric assay";"B";"BAO_0000357";"single protein format";"Homo sapiens";"None";"None";"None";"None";"";"";"";"CHEMBL1808";"Angiotensin-converting enzyme";"Homo sapiens";"SINGLE PROTEIN";"CHEMBL3580612";"1";"Scientific Literature";"J Nat Prod";"2015";"None";"";"";"Not active";""
"CHEMBL147526";"";"None";"335.47";"0";"2.85";"14b";"O=C1N[C@H](C(=O)O)CCCCCCc2cccc(c2)C[C@H]1CS";"IC50";"'='";"118.0";"nM";"6.93";"";"";"UO_0000065";"20.65";"0.41";"4.08";"10.43";"0";"CHEMBL644707";"Inhibitory concentration required to inhibit Angiotensin I converting enzyme (ACE)";"B";"BAO_0000357";"single protein format";"None";"None";"None";"None";"None";"";"";"";"CHEMBL1808";"Angiotensin-converting enzyme";"Homo sapiens";"SINGLE PROTEIN";"CHEMBL1129939";"1";"Scientific Literature";"J Med Chem";"1997";"None";"";"";"";"118.0"
"CHEMBL149841";"";"None";"335.47";"0";"2.85";"19a";"O=C1N[C@H](C(=O)O)CCCCCCc2ccccc2C[C@@H]1CS";"IC50";"'>'";"10000.0";"nM";"";"";"";"UO_0000065";"";"";"";"";"0";"CHEMBL644707";"Inhibitory concentration required to inhibit Angiotensin I converting enzyme (ACE)";"B";"BAO_0000357";"single protein format";"None";"None";"None";"None";"None";"";"";"";"CHEMBL1808";"Angiotensin-converting enzyme";"Homo sapiens";"SINGLE PROTEIN";"CHEMBL1129939";"1";"Scientific Literature";"J Med Chem";"1997";"None";"";"";"";"10000.0"
"CHEMBL1907751";"";"None";"397.45";"0";"0.95";"14";"CC(C(=O)N1CCC[C@H]1C(=O)O)S(=O)(=O)C(CCc1ccccc1)C(=O)O";"IC50";"";"";"nM";"";"";"No significant activity";"UO_0000065";"";"";"";"";"0";"CHEMBL884035";"In vitro inhibitory activity against Angiotensin I converting enzyme from unpurified guinea pig serum; No significant activity";"B";"BAO_0000357";"single protein format";"Cavia porcellus";"None";"None";"None";"None";"";"";"";"CHEMBL1808";"Angiotensin-converting enzyme";"Homo sapiens";"SINGLE PROTEIN";"CHEMBL1123106";"1";"Scientific Literature";"J Med Chem";"1985";"None";"";"";"";""
"CHEMBL2296627";"";"None";"335.41";"0";"3.54";"4g";"Cc1nnc(-c2ccccc2-c2ccc(CN3CCOCC3)cc2)o1";"Inhibition";"";"";"%";"";"";"";"UO_0000187";"";"";"";"";"0";"CHEMBL3071359";"Inhibition of ACE (unknown origin) using Hippuryl-His-Leu as substrate at 1 to 10 ug incubated for 10 min prior to substrate addition measured after 45 min by spectrophotometric analysis relative to control";"B";"BAO_0000357";"single protein format";"Homo sapiens";"None";"None";"None";"None";"";"";"";"CHEMBL1808";"Angiotensin-converting enzyme";"Homo sapiens";"SINGLE PROTEIN";"CHEMBL3045976";"1";"Scientific Literature";"Med Chem Res";"2013";"None";"";"";"Not active";""
"CHEMBL567893";"GRASSYSTATIN A";"None";"1174.44";"None";"None";"1";"COC(=O)[C@@H]1CCCN1C(=O)[C@@H](Cc1ccccc1)N(C)C(=O)[C@H](C)NC(=O)[C@@H](NC(=O)C[C@H](O)[C@H](CC(C)C)NC(=O)[C@H](CC(N)=O)NC(=O)[C@H](CC(C)C)NC(=O)[C@H](OC(=O)[C@@H](OC(=O)[C@H](C(C)C)N(C)C)C(C)C)C(C)C)[C@@H](C)O";"Activity";"'='";"84.0";"%";"";"";"";"UO_0000187";"";"";"";"";"0";"CHEMBL1045496";"Inhibition of ACE1 assessed as residual activity at 10 uM after 10 to 15 mins by fluorescence assay relative to control";"B";"BAO_0000357";"single protein format";"None";"None";"None";"None";"None";"";"";"";"CHEMBL1808";"Angiotensin-converting enzyme";"Homo sapiens";"SINGLE PROTEIN";"CHEMBL1156023";"1";"Scientific Literature";"J Med Chem";"2009";"None";"";"";"";"84.0"
"CHEMBL5303508";"";"None";"523.47";"0";"1.56";"EUB0001755";"CCn1c(CNC(=O)c2nc(Cl)cnc2N)[n+](CC)c2ccc(C(=O)N(C)CCN(C)C)cc21.[Cl-]";"% Ctrl";"'='";"24.0";"%";"";"";"Slightly Active";"UO_0000187";"";"";"";"";"0";"CHEMBL5304017";"ACE(HU_AMTCH400) Eurofins SafetyScreen44 (BI)";"B";"BAO_0000357";"single protein format";"Homo sapiens";"None";"None";"None";"None";"Assay technology: Photometry | Assay type: biochemical";"";"";"CHEMBL1808";"Angiotensin-converting enzyme";"Homo sapiens";"SINGLE PROTEIN";"CHEMBL5303762";"54";"SGC Frankfurt - Donated Chemical Probes";"";"2023";"None";"Compound concentration = 100.0 uM";"";"";"24.0"
"CHEMBL36506";"NOVOBIOCIN";"4.0";"612.63";"2";"3.63";"novobiocin";"CO[C@@H]1[C@@H](OC(N)=O)[C@@H](O)[C@H](Oc2ccc3c(O)c(NC(=O)c4ccc(O)c(CC=C(C)C)c4)c(=O)oc3c2C)OC1(C)C";"Inhibition";"";"";"%";"";"";"Dose-dependent effect";"UO_0000187";"";"";"";"";"0";"CHEMBL3088740";"Inhibition of ACE (unknown origin) assessed as 3-Hydroxybutyril-glycil-glycil-glycine conversion to 3-hydroxybutyric acid after 60 mins by WST assay";"B";"BAO_0000357";"single protein format";"Homo sapiens";"None";"None";"None";"None";"";"";"";"CHEMBL1808";"Angiotensin-converting enzyme";"Homo sapiens";"SINGLE PROTEIN";"CHEMBL3085742";"1";"Scientific Literature";"J Med Chem";"2013";"None";"";"";"";""
"CHEMBL4159339";"";"None";"417.49";"0";"3.34";"5f";"CC(=O)CN1C(=O)/C(=N\C(=S)NCc2cc3ccccc3cc2O)c2ccccc21";"IC50";"'='";"112.0";"nM";"6.95";"";"";"UO_0000065";"16.65";"0.32";"3.61";"8.48";"0";"CHEMBL4135397";"Inhibition of ACE (unknown origin) using Hippuryl-L-Histidyl-L-Leucine as substrate after 60 mins by colorimetric method";"B";"BAO_0000357";"single protein format";"Homo sapiens";"None";"None";"None";"None";"";"";"";"CHEMBL1808";"Angiotensin-converting enzyme";"Homo sapiens";"SINGLE PROTEIN";"CHEMBL4130507";"1";"Scientific Literature";"Eur J Med Chem";"2017";"None";"";"";"";"112.0"
"CHEMBL4167252";"";"None";"437.52";"1";"5.09";"5g";"O=C1/C(=N\C(=S)NCc2cc3ccccc3cc2O)c2ccccc2N1c1ccccc1";"Inhibition";"'='";"69.18";"%";"";"";"";"UO_0000187";"";"";"";"";"0";"CHEMBL4135398";"Inhibition of ACE (unknown origin) at IC50 using Hippuryl-L-Histidyl-L-Leucine as substrate after 60 mins by colorimetric method relative to control";"B";"BAO_0000357";"single protein format";"Homo sapiens";"None";"None";"None";"None";"";"";"";"CHEMBL1808";"Angiotensin-converting enzyme";"Homo sapiens";"SINGLE PROTEIN";"CHEMBL4130507";"1";"Scientific Literature";"Eur J Med Chem";"2017";"None";"";"";"";"69.18"
"CHEMBL4163798";"";"None";"471.97";"1";"5.74";"5i";"O=C1/C(=N\C(=S)NCc2cc3ccccc3cc2O)c2ccccc2N1c1ccccc1Cl";"IC50";"'='";"15.11";"nM";"7.82";"";"";"UO_0000065";"16.57";"0.32";"2.08";"12.04";"0";"CHEMBL4135397";"Inhibition of ACE (unknown origin) using Hippuryl-L-Histidyl-L-Leucine as substrate after 60 mins by colorimetric method";"B";"BAO_0000357";"single protein format";"Homo sapiens";"None";"None";"None";"None";"";"";"";"CHEMBL1808";"Angiotensin-converting enzyme";"Homo sapiens";"SINGLE PROTEIN";"CHEMBL4130507";"1";"Scientific Literature";"Eur J Med Chem";"2017";"None";"";"";"";"15.11"
"CHEMBL579";"SPIRAPRILAT";"2.0";"438.57";"0";"1.91";"25 (Spiraprilat)";"C[C@H](N[C@@H](CCc1ccccc1)C(=O)O)C(=O)N1CC2(C[C@H]1C(=O)O)SCCS2";"ID50";"'='";"0.03";"mg.kg-1";"";"";"";"UO_0000308";"";"";"";"";"0";"CHEMBL651247";"Compound was tested for inhibitory activity against Angiotensin I converting enzyme when administered intraperitoneally to anesthetized dogs";"B";"BAO_0000357";"single protein format";"Canis lupus familiaris";"None";"None";"None";"None";"";"";"";"CHEMBL1808";"Angiotensin-converting enzyme";"Homo sapiens";"SINGLE PROTEIN";"CHEMBL1124532";"1";"Scientific Literature";"J Med Chem";"1989";"None";"";"";"";"0.03"
"CHEMBL499612";"";"None";"353.51";"0";"3.20";"3i";"Cc1cccc(CS[C@H]2CC[C@@H](C(=O)O)N2C(=O)[C@H](C)CS)c1";"IC50";"'='";"0.9";"nM";"9.05";"";"";"UO_0000065";"25.59";"0.54";"5.85";"15.70";"0";"CHEMBL1004838";"Inhibition of ACE";"B";"BAO_0000357";"single protein format";"None";"None";"None";"None";"None";"";"";"";"CHEMBL1808";"Angiotensin-converting enzyme";"Homo sapiens";"SINGLE PROTEIN";"CHEMBL1156603";"1";"Scientific Literature";"Bioorg Med Chem Lett";"2008";"None";"";"";"";"0.9"
"CHEMBL2097001";"";"None";"470.60";"None";"None";"4";"C[C@H](C[Si](O)(O)[C@H](Cc1ccccc1)NC(=O)c1ccccc1)C(=O)N1CCC[C@H]1C(=O)O";"IC50";"'='";"3.8";"nM";"8.42";"";"";"UO_0000065";"17.89";"None";"None";"None";"1";"CHEMBL2184742";"Inhibition of ACE";"B";"BAO_0000357";"single protein format";"None";"None";"None";"None";"None";"";"";"";"CHEMBL1808";"Angiotensin-converting enzyme";"Homo sapiens";"SINGLE PROTEIN";"CHEMBL2176905";"1";"Scientific Literature";"J Med Chem";"2012";"None";"";"";"";"3.8"
"CHEMBL58340";"";"None";"588.70";"1";"4.24";"19";"CCOC(=O)C(CCc1ccccc1)NC(C)C(=O)N1Cc2cc(OC)c(OC)cc2CC1C(=O)OCc1ccccc1";"IC50";"'='";"300.0";"nM";"6.52";"";"";"UO_0000065";"11.08";"0.21";"2.28";"6.31";"0";"CHEMBL648350";"Inhibition of guinea pig angiotensin I converting enzyme";"B";"BAO_0000357";"single protein format";"Cavia porcellus";"None";"None";"None";"None";"";"";"";"CHEMBL1808";"Angiotensin-converting enzyme";"Homo sapiens";"SINGLE PROTEIN";"CHEMBL1123237";"1";"Scientific Literature";"J Med Chem";"1986";"None";"";"";"";"0.3"
"CHEMBL309962";"RENTIAPRIL";"2.0";"313.40";"0";"1.74";"71";"O=C(O)[C@@H]1CS[C@H](c2ccccc2O)N1C(=O)CCS";"IC50";"'='";"28.18";"nM";"7.55";"";"";"UO_0000065";"24.09";"0.52";"5.81";"9.70";"0";"CHEMBL5229289";"Inhibition of ACE (unknown origin)";"B";"BAO_0000357";"single protein format";"Homo sapiens";"None";"None";"None";"None";"";"";"";"CHEMBL1808";"Angiotensin-converting enzyme";"Homo sapiens";"SINGLE PROTEIN";"CHEMBL5226360";"1";"Scientific Literature";"Bioorg Med Chem Lett";"2022";"None";"";"INHIBITOR";"";"7.55"
"CHEMBL328814";"";"None";"470.60";"None";"None";"88";"C[C@@H](C[Si](O)(O)[C@@H](Cc1ccccc1)NC(=O)c1ccccc1)C(=O)N1CCC[C@H]1C(=O)O";"IC50";"'='";"72.0";"nM";"7.14";"";"";"UO_0000065";"15.18";"None";"None";"None";"0";"CHEMBL2208710";"Inhibition of ACE";"B";"BAO_0000357";"single protein format";"None";"None";"None";"None";"None";"";"";"";"CHEMBL1808";"Angiotensin-converting enzyme";"Homo sapiens";"SINGLE PROTEIN";"CHEMBL2203023";"1";"Scientific Literature";"J Med Chem";"2011";"None";"";"";"";"72.0"
"CHEMBL577753";"";"None";"734.75";"2";"6.56";"5F1";"O=C(N[C@@H](Cc1ccccc1)P(=O)(O)C[C@@H](Cc1cc(-c2ccccc2)no1)C(=O)N[C@@H](Cc1c[nH]c2ccccc12)C(=O)O)OCc1ccccc1";"Ki";"'='";"1.4";"nM";"8.85";"";"";"UO_0000065";"12.05";"0.23";"2.29";"4.82";"0";"CHEMBL1045247";"Inhibition of human somatic ACE C-terminal domain";"B";"BAO_0000357";"single protein format";"Homo sapiens";"None";"None";"None";"None";"";"";"";"CHEMBL1808";"Angiotensin-converting enzyme";"Homo sapiens";"SINGLE PROTEIN";"CHEMBL1156752";"1";"Scientific Literature";"J Med Chem";"2010";"None";"";"";"";"1.4"
"CHEMBL570843";"";"None";"734.75";"2";"6.56";"5";"O=C(N[C@@H](Cc1ccccc1)P(=O)(O)CC(Cc1cc(-c2ccccc2)no1)C(=O)N[C@@H](Cc1c[nH]c2ccccc12)C(=O)O)OCc1ccccc1";"Ki";"'='";"16.0";"nM";"7.80";"";"";"UO_0000065";"10.61";"0.20";"1.24";"4.24";"0";"CHEMBL1045247";"Inhibition of human somatic ACE C-terminal domain";"B";"BAO_0000357";"single protein format";"Homo sapiens";"None";"None";"None";"None";"";"";"";"CHEMBL1808";"Angiotensin-converting enzyme";"Homo sapiens";"SINGLE PROTEIN";"CHEMBL1156752";"1";"Scientific Literature";"J Med Chem";"2010";"None";"";"";"";"16.0"
"CHEMBL5177023";"";"None";"681.81";"2";"6.20";"57";"Cc1c(C#Cc2ccc(CN3CCC(CO)CC3)cc2)cc(C(F)F)c2cn(C(C(=O)Nc3nccs3)c3ncn4c3CCC43CC3)nc12";"Inhibition";"'='";"96.0";"%";"";"";"";"UO_0000187";"";"";"";"";"0";"CHEMBL5120438";"Inhibition of angiotensin converting enzyme (unknown origin) at 10 uM relative to control";"B";"BAO_0000357";"single protein format";"Homo sapiens";"None";"None";"None";"None";"";"";"";"CHEMBL1808";"Angiotensin-converting enzyme";"Homo sapiens";"SINGLE PROTEIN";"CHEMBL5113538";"1";"Scientific Literature";"J Med Chem";"2022";"None";"Dose = 10.0 microM";"INHIBITOR";"";"96.0"
"CHEMBL1237";"LISINOPRIL ANHYDROUS";"4.0";"405.50";"0";"1.24";"Lisinopril";"NCCCC[C@H](N[C@@H](CCc1ccccc1)C(=O)O)C(=O)N1CCC[C@H]1C(=O)O";"IC50";"'='";"7.92";"nM";"8.10";"";"";"UO_0000065";"19.98";"0.38";"6.86";"6.09";"0";"CHEMBL4135397";"Inhibition of ACE (unknown origin) using Hippuryl-L-Histidyl-L-Leucine as substrate after 60 mins by colorimetric method";"B";"BAO_0000357";"single protein format";"Homo sapiens";"None";"None";"None";"None";"";"";"";"CHEMBL1808";"Angiotensin-converting enzyme";"Homo sapiens";"SINGLE PROTEIN";"CHEMBL4130507";"1";"Scientific Literature";"Eur J Med Chem";"2017";"None";"";"";"";"7.92"
"CHEMBL451209";"";"None";"313.44";"0";"2.06";"2b";"C[C@H](CS)C(=O)N[C@@H](CSCc1ccccc1)C(=O)O";"IC50";"'='";"34.0";"nM";"7.47";"";"";"UO_0000065";"23.83";"0.51";"5.41";"11.25";"0";"CHEMBL1013488";"Inhibition of angiotensin-converting enzyme in whole blood by HPLC";"B";"BAO_0000221";"tissue-based format";"None";"CHEMBL3638178";"Blood";"None";"None";"";"";"";"CHEMBL1808";"Angiotensin-converting enzyme";"Homo sapiens";"SINGLE PROTEIN";"CHEMBL1154514";"1";"Scientific Literature";"Bioorg Med Chem Lett";"2009";"None";"";"";"";"34.0"
"CHEMBL467378";"";"None";"376.40";"0";"3.55";"13";"COc1ccc(-n2c(C)nnc2-c2cnc(-c3ccc(F)cc3C)cn2)cn1";"Activity";"";"";"";"";"";"";"";"";"";"";"";"0";"CHEMBL975416";"Binding affinity to angiotensin converting enzyme at <3 uM";"B";"BAO_0000357";"single protein format";"None";"None";"None";"None";"None";"";"";"";"CHEMBL1808";"Angiotensin-converting enzyme";"Homo sapiens";"SINGLE PROTEIN";"CHEMBL1155900";"1";"Scientific Literature";"Bioorg Med Chem Lett";"2008";"None";"";"";"Not active";""
"CHEMBL4067185";"";"None";"578.59";"1";"1.60";"6a";"C[C@H](N[C@@H](CCc1ccccc1)C(=O)O)C(=O)N1C[C@@H](NC(=O)C[C@H](N)Cc2cc(F)c(F)cc2F)C[C@H]1C(=O)O";"IC50";"'='";"158.0";"nM";"6.80";"";"";"UO_0000065";"11.76";"0.23";"5.20";"4.20";"0";"CHEMBL4021433";"Inhibition of human plasma ACE";"B";"BAO_0000357";"single protein format";"Homo sapiens";"None";"None";"None";"None";"";"";"";"CHEMBL1808";"Angiotensin-converting enzyme";"Homo sapiens";"SINGLE PROTEIN";"CHEMBL4020733";"1";"Scientific Literature";"Bioorg Med Chem Lett";"2017";"None";"";"";"";"158.0"
"CHEMBL3321996";"";"None";"299.37";"0";"-0.06";"Table 1, 41";"CC(C)C[C@H](NC(=O)[C@H](C)N)C(=O)N1CCC[C@H]1C(=O)O";"logIC50";"'='";"2.38";"";"";"";"";"";"";"";"";"";"0";"CHEMBL3363246";"Inhibition of ACE (unknown origin)";"B";"BAO_0000357";"single protein format";"Homo sapiens";"None";"None";"None";"None";"";"";"";"CHEMBL1808";"Angiotensin-converting enzyme";"Homo sapiens";"SINGLE PROTEIN";"CHEMBL3352520";"1";"Scientific Literature";"Eur J Med Chem";"2014";"None";"";"";"";"2.38"
"CHEMBL578";"ENALAPRIL";"4.0";"376.45";"0";"1.60";"16";"CCOC(=O)[C@H](CCc1ccccc1)N[C@@H](C)C(=O)N1CCC[C@H]1C(=O)O";"IC50";"'='";"1200.0";"nM";"5.92";"";"";"UO_0000065";"15.73";"0.30";"4.32";"6.17";"1";"CHEMBL883277";"Inhibition of Angiotensin I converting enzyme (ACE) in Bothrops jararaca venom";"B";"BAO_0000357";"single protein format";"Bothrops jararaca";"None";"None";"None";"None";"";"";"";"CHEMBL1808";"Angiotensin-converting enzyme";"Homo sapiens";"SINGLE PROTEIN";"CHEMBL1135683";"1";"Scientific Literature";"J Med Chem";"2002";"None";"";"";"";"0.0000012"
"CHEMBL570718";"";"None";"695.71";"2";"6.08";"7F1";"O=C(N[C@@H](Cc1ccccc1)P(=O)(O)C[C@@H](Cc1cc(-c2ccccc2)no1)C(=O)N[C@@H](Cc1ccccc1)C(=O)O)OCc1ccccc1";"Ki";"'='";"0.4";"nM";"9.40";"";"";"UO_0000065";"13.51";"0.26";"3.32";"5.59";"0";"CHEMBL1045247";"Inhibition of human somatic ACE C-terminal domain";"B";"BAO_0000357";"single protein format";"Homo sapiens";"None";"None";"None";"None";"";"";"";"CHEMBL1808";"Angiotensin-converting enzyme";"Homo sapiens";"SINGLE PROTEIN";"CHEMBL1156752";"1";"Scientific Literature";"J Med Chem";"2010";"None";"";"";"";"0.4"
"CHEMBL570811";"";"None";"621.63";"1";"4.54";"2";"C[C@H](NC(=O)C(CC1CC(c2ccccc2)=NO1)CP(=O)(O)[C@H](Cc1ccccc1)NC(=O)OCc1ccccc1)C(=O)O";"Ki";"'='";"5.0";"nM";"8.30";"";"";"UO_0000065";"13.35";"0.26";"3.76";"5.07";"0";"CHEMBL1045247";"Inhibition of human somatic ACE C-terminal domain";"B";"BAO_0000357";"single protein format";"Homo sapiens";"None";"None";"None";"None";"";"";"";"CHEMBL1808";"Angiotensin-converting enzyme";"Homo sapiens";"SINGLE PROTEIN";"CHEMBL1156752";"1";"Scientific Literature";"J Med Chem";"2010";"None";"";"";"";"5.0"
"CHEMBL54036";"";"None";"400.46";"0";"1.52";"3e";"O=C(O)CN1C(=O)[C@@H](NC(=O)[C@@H](S)Cc2ccccc2)COc2ccccc21";"IC50";"'='";"28.0";"nM";"7.55";"";"";"UO_0000065";"18.86";"0.37";"6.03";"7.87";"0";"CHEMBL648282";"Tested in vitro for inhibition of Angiotensin converting enzyme (ACE)";"B";"BAO_0000357";"single protein format";"None";"None";"None";"None";"None";"";"";"";"CHEMBL1808";"Angiotensin-converting enzyme";"Homo sapiens";"SINGLE PROTEIN";"CHEMBL1127937";"1";"Scientific Literature";"Bioorg Med Chem Lett";"1994";"None";"";"";"";"28.0"
"CHEMBL461022";"";"None";"355.53";"0";"3.18";"11i";"CC(C)c1ccc(CSC[C@H](NC(=O)[C@H](C)CS)C(=O)O)cc1";"IC50";"'='";"300.0";"nM";"6.52";"";"";"UO_0000065";"18.35";"0.39";"3.34";"9.82";"0";"CHEMBL1013488";"Inhibition of angiotensin-converting enzyme in whole blood by HPLC";"B";"BAO_0000221";"tissue-based format";"None";"CHEMBL3638178";"Blood";"None";"None";"";"";"";"CHEMBL1808";"Angiotensin-converting enzyme";"Homo sapiens";"SINGLE PROTEIN";"CHEMBL1154514";"1";"Scientific Literature";"Bioorg Med Chem Lett";"2009";"None";"";"";"";"300.0"
"CHEMBL4476621";"";"None";"356.23";"0";"3.33";"29";"O=C(NNC(=S)Nc1ccc(Cl)c(Cl)c1)c1ccccc1O";"Inhibition";"'<='";"30.0";"%";"";"";"";"UO_0000187";"";"";"";"";"0";"CHEMBL4383332";"Inhibition of human recombinant ACE at 10 uM using Abz-FRK(Dnp)-P-OH as substrate after 30 mins by fluorimetric analysis relative to control";"B";"BAO_0000357";"single protein format";"Homo sapiens";"None";"None";"None";"None";"";"";"";"CHEMBL1808";"Angiotensin-converting enzyme";"Homo sapiens";"SINGLE PROTEIN";"CHEMBL4382202";"1";"Scientific Literature";"Eur J Med Chem";"2018";"None";"";"";"";"30.0"
"CHEMBL570953";"";"None";"711.71";"2";"5.78";"8F2";"O=C(N[C@@H](Cc1ccccc1)P(=O)(O)C[C@H](Cc1cc(-c2ccccc2)no1)C(=O)N[C@@H](Cc1ccc(O)cc1)C(=O)O)OCc1ccccc1";"Ki";"'='";"0.68";"nM";"9.17";"";"";"UO_0000065";"12.88";"0.25";"3.39";"4.87";"0";"CHEMBL1045256";"Inhibition of human somatic ACE in presence of buffer";"B";"BAO_0000357";"single protein format";"Homo sapiens";"None";"None";"None";"None";"";"";"";"CHEMBL1808";"Angiotensin-converting enzyme";"Homo sapiens";"SINGLE PROTEIN";"CHEMBL1156752";"1";"Scientific Literature";"J Med Chem";"2010";"None";"";"";"";"0.68"
"CHEMBL578";"ENALAPRIL";"4.0";"376.45";"0";"1.60";"enalapril";"CCOC(=O)[C@H](CCc1ccccc1)N[C@@H](C)C(=O)N1CCC[C@H]1C(=O)O";"IC50";"'='";"1200.0";"nM";"5.92";"";"";"UO_0000065";"15.73";"0.30";"4.32";"6.17";"0";"CHEMBL648683";"In vitro inhibition of Angiotensin I converting enzyme in Hog plasma";"B";"BAO_0000366";"cell-free format";"Sus scrofa";"CHEMBL3559721";"Plasma";"None";"None";"";"";"";"CHEMBL1808";"Angiotensin-converting enzyme";"Homo sapiens";"SINGLE PROTEIN";"CHEMBL1124790";"1";"Scientific Literature";"J Med Chem";"1990";"None";"";"";"";"1.2"
"CHEMBL94016";"";"None";"252.27";"0";"-0.15";"AY";"C[C@H](N)C(=O)N[C@@H](Cc1ccc(O)cc1)C(=O)O";"IC50";"'='";"87096.36";"nM";"4.06";"";"";"UO_0000065";"16.09";"0.31";"4.21";"3.60";"0";"CHEMBL858254";"Biological activity was measured against Angiotensin I converting enzyme";"B";"BAO_0000357";"single protein format";"None";"None";"None";"None";"None";"";"";"";"CHEMBL1808";"Angiotensin-converting enzyme";"Homo sapiens";"SINGLE PROTEIN";"CHEMBL1128468";"1";"Scientific Literature";"J Med Chem";"1995";"None";"";"";"";"4.06"
"CHEMBL322069";"";"None";"237.32";"0";"2.54";"III";"CC(=O)SCC(C)C(=O)Nc1ccccc1";"IC50";"'='";"300.0";"nM";"6.52";"";"";"UO_0000065";"27.49";"0.56";"3.98";"14.13";"0";"CHEMBL652025";"Inhibitory activity against Angiotensin I converting enzyme (ACE) from bovine kidney";"B";"BAO_0000221";"tissue-based format";"Bos taurus";"CHEMBL3638241";"Kidney";"None";"None";"";"";"";"CHEMBL1808";"Angiotensin-converting enzyme";"Homo sapiens";"SINGLE PROTEIN";"CHEMBL1145855";"1";"Scientific Literature";"J Med Chem";"2003";"None";"";"";"";"3E-7"
"CHEMBL1221898";"";"None";"268.27";"0";"-1.18";"Table 1, 13";"N[C@@H](CO)C(=O)N[C@@H](Cc1ccc(O)cc1)C(=O)O";"logIC50";"'='";"1.82";"";"";"";"";"";"";"";"";"";"0";"CHEMBL3363246";"Inhibition of ACE (unknown origin)";"B";"BAO_0000357";"single protein format";"Homo sapiens";"None";"None";"None";"None";"";"";"";"CHEMBL1808";"Angiotensin-converting enzyme";"Homo sapiens";"SINGLE PROTEIN";"CHEMBL3352520";"1";"Scientific Literature";"Eur J Med Chem";"2014";"None";"";"";"";"1.82"
"CHEMBL447273";"";"None";"1487.79";"None";"None";"Table 2, 6";"N=C(N)NCCC[C@H](NC(=O)[C@H](CCCNC(=N)N)NC(=O)[C@H](Cc1c[nH]c2ccccc12)NC(=O)[C@H](Cc1c[nH]c2ccccc12)NC(=O)[C@H](CCCCN)NC(=O)[C@H](Cc1c[nH]c2ccccc12)NC(=O)[C@H](Cc1c[nH]c2ccccc12)NC(=O)[C@H](CCCNC(=N)N)NC(=O)[C@@H](N)CCCCN)C(=O)O";"Ratio IC50";"'='";"6.89";"";"";"";"";"";"";"";"";"";"0";"CHEMBL3363248";"Ratio of compound IC50 to peptide Bac2A RLARIVVIRVAR IC50 for ACE (unknown origin)";"B";"BAO_0000357";"single protein format";"Homo sapiens";"None";"None";"None";"None";"";"";"";"CHEMBL1808";"Angiotensin-converting enzyme";"Homo sapiens";"SINGLE PROTEIN";"CHEMBL3352520";"1";"Scientific Literature";"Eur J Med Chem";"2014";"None";"";"";"";"6.89"
"CHEMBL3322130";"";"None";"651.85";"2";"0.32";"Table 1, 99";"CC(C)C[C@H](NC(=O)[C@@H](NC(=O)[C@@H](N)CCCCN)C(C)C)C(=O)N1CCC[C@H]1C(=O)N[C@H](C(=O)N1CCC[C@H]1C(=O)O)C(C)C";"logIC50";"'='";"0.7";"";"";"";"";"";"";"";"";"";"0";"CHEMBL3363246";"Inhibition of ACE (unknown origin)";"B";"BAO_0000357";"single protein format";"Homo sapiens";"None";"None";"None";"None";"";"";"";"CHEMBL1808";"Angiotensin-converting enzyme";"Homo sapiens";"SINGLE PROTEIN";"CHEMBL3352520";"1";"Scientific Literature";"Eur J Med Chem";"2014";"None";"";"";"";"0.7"
"CHEMBL429844";"ORE-1001";"1.0";"428.32";"0";"3.32";"MLN-4760-S";"CC(C)C[C@H](N[C@@H](Cc1cncn1Cc1cc(Cl)cc(Cl)c1)C(=O)O)C(=O)O";"Imax";"'='";"46.0";"%";"";"";"";"UO_0000187";"";"";"";"";"0";"CHEMBL5216073";"Inhibition of recombinant human ACE assessed as maximum inhibition using Mca-RPGFSAFK (Dnp)-OH as substrate by fluorescence plate reader assay relative to control";"B";"BAO_0000357";"single protein format";"Homo sapiens";"None";"None";"None";"None";"";"";"";"CHEMBL1808";"Angiotensin-converting enzyme";"Homo sapiens";"SINGLE PROTEIN";"CHEMBL5214916";"1";"Scientific Literature";"Bioorg Med Chem";"2021";"None";"";"INHIBITOR";"";"46.0"
"CHEMBL5220314";"";"None";"428.32";"0";"3.32";"MLN-4760-R";"CC(C)C[C@@H](N[C@@H](Cc1cncn1Cc1cc(Cl)cc(Cl)c1)C(=O)O)C(=O)O";"IC50";"'='";"39810.72";"nM";"4.40";"";"";"UO_0000065";"10.27";"0.21";"1.08";"4.21";"0";"CHEMBL5216075";"Inhibition of recombinant human ACE using Mca-RPGFSAFK (Dnp)- OH as substrate by fluorescence plate reader assay";"B";"BAO_0000357";"single protein format";"Homo sapiens";"None";"None";"None";"None";"";"";"";"CHEMBL1808";"Angiotensin-converting enzyme";"Homo sapiens";"SINGLE PROTEIN";"CHEMBL5214916";"1";"Scientific Literature";"Bioorg Med Chem";"2021";"None";"";"INHIBITOR";"";"4.4"
"CHEMBL506786";"";"None";"1414.73";"None";"None";"Table 2, 14";"CC[C@H](C)[C@H](NC(=O)[C@H](CCCNC(=N)N)NC(=O)[C@H](Cc1c[nH]c2ccccc12)NC(=O)[C@H](Cc1c[nH]c2ccccc12)NC(=O)[C@H](Cc1c[nH]c2ccccc12)NC(=O)[C@H](CC(C)C)NC(=O)[C@@H](NC(=O)[C@H](Cc1c[nH]c2ccccc12)NC(=O)[C@@H](N)CCCNC(=N)N)[C@@H](C)CC)C(=O)O";"Ratio IC50";"'='";"4.6";"";"";"";"";"";"";"";"";"";"0";"CHEMBL3363248";"Ratio of compound IC50 to peptide Bac2A RLARIVVIRVAR IC50 for ACE (unknown origin)";"B";"BAO_0000357";"single protein format";"Homo sapiens";"None";"None";"None";"None";"";"";"";"CHEMBL1808";"Angiotensin-converting enzyme";"Homo sapiens";"SINGLE PROTEIN";"CHEMBL3352520";"1";"Scientific Literature";"Eur J Med Chem";"2014";"None";"";"";"";"4.6"
"CHEMBL301364";"";"None";"412.51";"0";"2.47";"3i";"O=C(O)CCN1C(=O)[C@@H](NC(=O)[C@@H](S)Cc2ccccc2)CCc2ccccc21";"IC50";"'='";"36.0";"nM";"7.44";"";"";"UO_0000065";"18.04";"0.35";"4.97";"8.58";"0";"CHEMBL648282";"Tested in vitro for inhibition of Angiotensin converting enzyme (ACE)";"B";"BAO_0000357";"single protein format";"None";"None";"None";"None";"None";"";"";"";"CHEMBL1808";"Angiotensin-converting enzyme";"Homo sapiens";"SINGLE PROTEIN";"CHEMBL1127937";"1";"Scientific Literature";"Bioorg Med Chem Lett";"1994";"None";"";"";"";"36.0"
"CHEMBL78001";"";"None";"335.43";"0";"3.07";"8l";"CCCCC(CC(=O)NO)S(=O)(=O)c1ccc2ccccc2c1";"IC50";"'='";"12400.0";"nM";"4.91";"";"";"UO_0000065";"14.63";"0.29";"1.84";"5.88";"0";"CHEMBL648688";"Inhibitory activity against angiotensin I converting enzyme (ACE)";"B";"BAO_0000357";"single protein format";"None";"None";"None";"None";"None";"";"";"";"CHEMBL1808";"Angiotensin-converting enzyme";"Homo sapiens";"SINGLE PROTEIN";"CHEMBL1133694";"1";"Scientific Literature";"J Med Chem";"2000";"None";"";"";"";"12.4"
"CHEMBL2115076";"";"None";"424.50";"0";"2.70";"29 (S,S,R)";"CCOC(=O)[C@H](CCc1ccccc1)N[C@@H](C)C(=O)N1Cc2ccccc2[C@@H]1C(=O)O";"IC50";"'>'";"1000.0";"nM";"";"";"";"UO_0000065";"";"";"";"";"0";"CHEMBL648350";"Inhibition of guinea pig angiotensin I converting enzyme";"B";"BAO_0000357";"single protein format";"Cavia porcellus";"None";"None";"None";"None";"";"";"";"CHEMBL1808";"Angiotensin-converting enzyme";"Homo sapiens";"SINGLE PROTEIN";"CHEMBL1123237";"1";"Scientific Literature";"J Med Chem";"1986";"None";"";"";"";"1.0"
"CHEMBL40535";"";"None";"442.54";"0";"2.73";"5m";"CCOC(=O)[C@H](CSc1ccccc1)N[C@H]1CCc2ccccc2N(CC(=O)O)C1=O";"IC50";"";"";"nM";"";"";"Not Determined";"UO_0000065";"";"";"";"";"0";"CHEMBL644701";"In vitro inhibitory activity against Angiotensin I converting enzyme";"B";"BAO_0000357";"single protein format";"None";"None";"None";"None";"None";"";"";"";"CHEMBL1808";"Angiotensin-converting enzyme";"Homo sapiens";"SINGLE PROTEIN";"CHEMBL1122836";"1";"Scientific Literature";"J Med Chem";"1985";"None";"";"";"";""
"CHEMBL312918";"";"None";"541.67";"1";"2.01";"5";"C[C@H](N[C@@H](CCc1ccccc1)C(=O)O)C(=O)N1C[C@@H](NC(=O)C(CS)Cc2ccccc2)C[C@H]1C(=O)O";"IC50";"'='";"42.0";"nM";"7.38";"";"";"UO_0000065";"13.62";"0.27";"5.37";"5.42";"0";"CHEMBL648286";"In vitro inhibition against angiotensin converting enzyme (ACE)";"B";"BAO_0000357";"single protein format";"None";"None";"None";"None";"None";"";"";"";"CHEMBL1808";"Angiotensin-converting enzyme";"Homo sapiens";"SINGLE PROTEIN";"CHEMBL1152063";"1";"Scientific Literature";"Bioorg Med Chem Lett";"1994";"None";"";"";"";"42.0"
"CHEMBL301979";"";"None";"188.23";"0";"-0.44";"IG";"CC[C@H](C)[C@H](N)C(=O)NCC(=O)O";"IC50";"'='";"1202264.43";"nM";"";"Outside typical range";"";"UO_0000065";"";"";"";"";"0";"CHEMBL858254";"Biological activity was measured against Angiotensin I converting enzyme";"B";"BAO_0000357";"single protein format";"None";"None";"None";"None";"None";"";"";"";"CHEMBL1808";"Angiotensin-converting enzyme";"Homo sapiens";"SINGLE PROTEIN";"CHEMBL1128468";"1";"Scientific Literature";"J Med Chem";"1995";"None";"";"";"";"2.92"
"CHEMBL3264356";"";"None";"501.47";"2";"0.46";"7, SF2513 D";"CC[C@H](C)[C@H](NC(C)=O)C(=O)N[C@@H](CCC(=O)O)C(=O)N[C@@H](Cc1ccc(O)cc1)P(=O)(O)O";"Ki";"";"";"";"";"";"Not Determined";"";"";"";"";"";"0";"CHEMBL3269461";"Inhibition of human ACE C-terminal domain using Cbz-Phe-His-Leu-OH substrate";"B";"BAO_0000357";"single protein format";"Homo sapiens";"None";"None";"None";"None";"";"";"";"CHEMBL1808";"Angiotensin-converting enzyme";"Homo sapiens";"SINGLE PROTEIN";"CHEMBL3259630";"1";"Scientific Literature";"ACS Med Chem Lett";"2014";"None";"";"";"";""
"CHEMBL2110258";"";"None";"323.46";"0";"2.78";"17c";"CC(C)C[C@H](S)[C@H](Cc1ccccc1)C(=O)N[C@@H](C)C(=O)O";"IC50";"'='";"10000.0";"nM";"5.00";"";"";"UO_0000065";"15.46";"0.31";"2.22";"7.53";"0";"CHEMBL646967";"Inhibitory concentration was evaluated by inhibiting 50% of Angiotensin I Converting Enzyme activity using 50 uM N-Cbz-Phe-His-Leu as substrate";"B";"BAO_0000357";"single protein format";"None";"None";"None";"None";"None";"";"";"";"CHEMBL1808";"Angiotensin-converting enzyme";"Homo sapiens";"SINGLE PROTEIN";"CHEMBL1126948";"1";"Scientific Literature";"J Med Chem";"1993";"None";"";"";"";"10.0"
"CHEMBL366937";"";"None";"267.35";"0";"1.36";"14";"CC(S)C(Cc1ccccc1)C(=O)NCC(=O)O";"IC50";"'='";"11000.0";"nM";"4.96";"";"";"UO_0000065";"18.55";"0.38";"3.60";"7.47";"0";"CHEMBL648692";"Inhibitory concentration was evaluated by Inhibiting 50% of Angiotensin I converting enzyme activity using 50 uM N-Cbz-Phe-His-Leu as substrate";"B";"BAO_0000357";"single protein format";"None";"None";"None";"None";"None";"";"";"";"CHEMBL1808";"Angiotensin-converting enzyme";"Homo sapiens";"SINGLE PROTEIN";"CHEMBL1126948";"1";"Scientific Literature";"J Med Chem";"1993";"None";"";"";"";"11.0"
"CHEMBL277431";"";"None";"416.39";"0";"1.73";"27";"CC(C)CC(NC(=O)C(Cc1ccccc1)NP(C)([O-])=S)C(=O)[O-].[Na+].[Na+]";"Ratio";"'='";"26.4";"";"";"";"";"";"";"";"";"";"0";"CHEMBL848248";"Ratio of Ki (ACE) to that of Ki (enkephalinase).";"B";"BAO_0000357";"single protein format";"None";"None";"None";"None";"None";"";"";"";"CHEMBL1808";"Angiotensin-converting enzyme";"Homo sapiens";"SINGLE PROTEIN";"CHEMBL1123029";"1";"Scientific Literature";"J Med Chem";"1985";"None";"";"";"";"26.4"
"CHEMBL451273";"CRENATOSIDE";"None";"622.58";"3";"-0.48";"5";"C[C@@H]1O[C@@H](O[C@@H]2[C@H]3O[C@@H](c4ccc(O)c(O)c4)CO[C@@H]3O[C@H](CO)[C@H]2OC(=O)/C=C/c2ccc(O)c(O)c2)[C@H](O)[C@H](O)[C@H]1O";"Inhibition";"'='";"34.6";"%";"";"";"";"UO_0000187";"";"";"";"";"0";"CHEMBL999964";"Inhibition of ACE at 0.01 mg/ml";"B";"BAO_0000357";"single protein format";"None";"None";"None";"None";"None";"";"";"";"CHEMBL1808";"Angiotensin-converting enzyme";"Homo sapiens";"SINGLE PROTEIN";"CHEMBL1151228";"1";"Scientific Literature";"J Nat Prod";"2004";"None";"";"";"";"34.6"
"CHEMBL187265";"";"None";"260.20";"0";"1.77";"4, 1,3,6,7-THX";"O=c1c2cc(O)c(O)cc2oc2cc(O)cc(O)c12";"Inhibition";"'='";"23.51";"%";"";"";"";"UO_0000187";"";"";"";"";"0";"CHEMBL964322";"Inhibition of ACE at 200 uM";"B";"BAO_0000357";"single protein format";"None";"None";"None";"None";"None";"";"";"";"CHEMBL1808";"Angiotensin-converting enzyme";"Homo sapiens";"SINGLE PROTEIN";"CHEMBL1159033";"1";"Scientific Literature";"J Nat Prod";"1992";"None";"";"";"";"23.51"
"CHEMBL1237";"LISINOPRIL ANHYDROUS";"4.0";"405.50";"0";"1.24";"lisinopril";"NCCCC[C@H](N[C@@H](CCc1ccccc1)C(=O)O)C(=O)N1CCC[C@H]1C(=O)O";"Ratio Ki";"'='";"2.6";"";"";"";"";"";"";"";"";"";"0";"CHEMBL869860";"Selectivity for ACE C domain over ACE N domain";"B";"BAO_0000357";"single protein format";"Homo sapiens";"None";"None";"None";"None";"";"";"";"CHEMBL1808";"Angiotensin-converting enzyme";"Homo sapiens";"SINGLE PROTEIN";"CHEMBL1149517";"1";"Scientific Literature";"Bioorg Med Chem Lett";"2006";"None";"";"";"";"2.6"
"CHEMBL435360";"";"None";"422.48";"0";"2.45";"1";"O=C(N[C@@H](Cc1ccccc1)C(=O)CCC(=O)N1CCC[C@H]1C(=O)O)c1ccccc1";"Ki";"'='";"45200.0";"nM";"4.34";"";"";"UO_0000065";"10.28";"0.19";"1.89";"4.19";"0";"CHEMBL869865";"Inhibition of recombinant ACE N domain";"B";"BAO_0000357";"single protein format";"Homo sapiens";"None";"None";"None";"None";"";"";"";"CHEMBL1808";"Angiotensin-converting enzyme";"Homo sapiens";"SINGLE PROTEIN";"CHEMBL1149521";"1";"Scientific Literature";"Bioorg Med Chem Lett";"2006";"None";"";"";"";"45.2"
"CHEMBL213105";"";"None";"472.54";"0";"3.19";"21";"O=C(CCC(=O)[C@H](Cc1ccccc1)NC(=O)c1ccccc1)N[C@@H](Cc1ccccc1)C(=O)O";"Ki";"'='";"84300.0";"nM";"4.07";"";"";"UO_0000065";"8.62";"0.16";"0.88";"3.62";"0";"CHEMBL869865";"Inhibition of recombinant ACE N domain";"B";"BAO_0000357";"single protein format";"Homo sapiens";"None";"None";"None";"None";"";"";"";"CHEMBL1808";"Angiotensin-converting enzyme";"Homo sapiens";"SINGLE PROTEIN";"CHEMBL1149521";"1";"Scientific Literature";"Bioorg Med Chem Lett";"2006";"None";"";"";"";"84.3"
"CHEMBL274553";"";"None";"437.50";"0";"1.87";"3";"O=C(NC(Cc1ccccc1)C(=O)CCC(=O)N1CCCC1C(=O)NO)c1ccccc1";"IC50";"'='";"1600.0";"nM";"5.80";"";"";"UO_0000065";"13.25";"0.25";"3.93";"5.00";"0";"CHEMBL644578";"Inhibitory activity against porcine plasma Angiotensin I converting enzyme";"B";"BAO_0000366";"cell-free format";"Sus scrofa";"CHEMBL3559721";"Plasma";"None";"None";"";"";"";"CHEMBL1808";"Angiotensin-converting enzyme";"Homo sapiens";"SINGLE PROTEIN";"CHEMBL1122915";"1";"Scientific Literature";"J Med Chem";"1985";"None";"";"";"";"1.6"
"CHEMBL1168";"RAMIPRIL";"4.0";"416.52";"0";"2.38";"Ramipril";"CCOC(=O)[C@H](CCc1ccccc1)N[C@@H](C)C(=O)N1[C@H](C(=O)O)C[C@@H]2CCC[C@@H]21";"IC50";"'='";"4.0";"nM";"8.40";"";"";"UO_0000065";"20.16";"0.38";"6.02";"8.75";"0";"CHEMBL648689";"Inhibitory activity against angiotensin I converting enzyme (ACE)";"B";"BAO_0000357";"single protein format";"None";"None";"None";"None";"None";"";"";"";"CHEMBL1808";"Angiotensin-converting enzyme";"Homo sapiens";"SINGLE PROTEIN";"CHEMBL1133572";"1";"Scientific Literature";"J Med Chem";"2000";"None";"";"";"";"4.0"
"CHEMBL23849";"";"None";"265.33";"0";"1.59";"4d";"CC(CS)C(=O)N1c2ccccc2CC1C(=O)O";"IC50";"'='";"12.59";"nM";"7.90";"";"";"UO_0000065";"29.77";"0.60";"6.31";"13.71";"0";"CHEMBL646945";"Inhibition of angiotensin I converting enzyme in silico";"B";"BAO_0000357";"single protein format";"None";"None";"None";"None";"None";"";"";"";"CHEMBL1808";"Angiotensin-converting enzyme";"Homo sapiens";"SINGLE PROTEIN";"CHEMBL1130169";"1";"Scientific Literature";"J Med Chem";"1997";"None";"";"";"";"7.9"
"CHEMBL288370";"";"None";"495.58";"0";"2.54";"5f";"CCOC(=O)[C@H](CCCCNC(=O)c1ccccc1)N[C@H]1CCc2ccccc2N(CC(=O)O)C1=O";"IC50";"";"";"nM";"";"";"Not Determined";"UO_0000065";"";"";"";"";"0";"CHEMBL644701";"In vitro inhibitory activity against Angiotensin I converting enzyme";"B";"BAO_0000357";"single protein format";"None";"None";"None";"None";"None";"";"";"";"CHEMBL1808";"Angiotensin-converting enzyme";"Homo sapiens";"SINGLE PROTEIN";"CHEMBL1122836";"1";"Scientific Literature";"J Med Chem";"1985";"None";"";"";"";""
"CHEMBL24734";"";"None";"594.02";"1";"3.39";"2u";"Nc1cnc(-c2cccc(Cl)c2)n(CC(=O)NC(Cc2ccccc2)C(=O)C(F)(F)C(=O)NCc2ccccc2)c1=O";"NI";"";"";"";"";"";"Not Active";"";"";"";"";"";"0";"CHEMBL649541";"Inhibitory activity against human angiotensin I converting enzyme (10 uM); No inhibition";"B";"BAO_0000357";"single protein format";"None";"None";"None";"None";"None";"";"";"";"CHEMBL1808";"Angiotensin-converting enzyme";"Homo sapiens";"SINGLE PROTEIN";"CHEMBL1134398";"1";"Scientific Literature";"J Med Chem";"2001";"None";"";"";"";""
"CHEMBL499305";"";"None";"381.56";"0";"4.01";"4";"CC(C)c1ccc(CS[C@@H]2CC[C@@H](C(=O)O)N2C(=O)[C@H](C)CS)cc1";"IC50";"'='";"3.3";"nM";"8.48";"";"";"UO_0000065";"22.23";"0.46";"4.47";"14.72";"0";"CHEMBL1004838";"Inhibition of ACE";"B";"BAO_0000357";"single protein format";"None";"None";"None";"None";"None";"";"";"";"CHEMBL1808";"Angiotensin-converting enzyme";"Homo sapiens";"SINGLE PROTEIN";"CHEMBL1156603";"1";"Scientific Literature";"Bioorg Med Chem Lett";"2008";"None";"";"";"";"3.3"
"CHEMBL525967";"";"None";"385.58";"0";"3.61";"3k";"CSc1ccc(CS[C@H]2CC[C@@H](C(=O)O)N2C(=O)[C@H](C)CS)cc1";"IC50";"'='";"4.1";"nM";"8.39";"";"";"UO_0000065";"21.75";"0.48";"4.78";"14.56";"0";"CHEMBL1004838";"Inhibition of ACE";"B";"BAO_0000357";"single protein format";"None";"None";"None";"None";"None";"";"";"";"CHEMBL1808";"Angiotensin-converting enzyme";"Homo sapiens";"SINGLE PROTEIN";"CHEMBL1156603";"1";"Scientific Literature";"Bioorg Med Chem Lett";"2008";"None";"";"";"";"4.1"
"CHEMBL443353";"";"None";"367.54";"0";"3.32";"3c";"C[C@H](CS)C(=O)N1[C@@H](SCCCc2ccccc2)CC[C@H]1C(=O)O";"IC50";"'='";"0.029";"nM";"10.54";"";"";"UO_0000065";"28.67";"0.60";"7.22";"18.29";"0";"CHEMBL1004838";"Inhibition of ACE";"B";"BAO_0000357";"single protein format";"None";"None";"None";"None";"None";"";"";"";"CHEMBL1808";"Angiotensin-converting enzyme";"Homo sapiens";"SINGLE PROTEIN";"CHEMBL1156603";"1";"Scientific Literature";"Bioorg Med Chem Lett";"2008";"None";"";"";"";"0.029"
"CHEMBL3954917";"";"None";"427.57";"0";"1.24";"BDBM197054";"CC(C)C[C@H](S)C(=O)N1CCC[C@H]1C(=O)N1CCC[C@H]1C(=O)N(C)[C@@H](C)C(=O)O";"IC50";"'='";"640.0";"nM";"6.19";"";"350122";"UO_0000065";"14.49";"0.29";"4.95";"6.31";"0";"CHEMBL3887730";"Enzyme Assay: Human recombinant angiotensin-converting enzyme (hrACE) was obtained from R&D Systems (Minneapolis, Minn.). Its enzyme activity was determined using the internally quenched fluorescent substrate ES005: (7-methoxycoumarin-4-yl)acetyl-Arg-Pro-Pro-Gly-Phe-Ser-Ala-Phe-(2,4-dinitrophenyl)-Lys (R&D Systems, Minneapolis, Minn.). The assay buffer was 0.1 M HEPES, pH 7.4, and the temperature was 30° C. The substrate concentration was below Km (≦40 μM). Enzyme rates were determined in an Fmax fluorescence plate reader (Molecular Devices, Sunnyvale, Calif.) using an excitation wavelength of 320 nm and an emission wavelength of 405 nm.";"B";"BAO_0000357";"single protein format";"Homo sapiens";"None";"None";"None";"None";"";"";"";"CHEMBL1808";"Angiotensin-converting enzyme";"Homo sapiens";"SINGLE PROTEIN";"CHEMBL3886427";"37";"BindingDB Patent Bioactivity Data";"";"2015";"None";"";"";"";"640.0"
"CHEMBL577754";"";"None";"734.75";"2";"6.56";"5F2";"O=C(N[C@@H](Cc1ccccc1)P(=O)(O)C[C@H](Cc1cc(-c2ccccc2)no1)C(=O)N[C@@H](Cc1c[nH]c2ccccc12)C(=O)O)OCc1ccccc1";"Ki";"'='";"36.0";"nM";"7.44";"";"";"UO_0000065";"10.13";"0.19";"0.88";"4.05";"0";"CHEMBL1045256";"Inhibition of human somatic ACE in presence of buffer";"B";"BAO_0000357";"single protein format";"Homo sapiens";"None";"None";"None";"None";"";"";"";"CHEMBL1808";"Angiotensin-converting enzyme";"Homo sapiens";"SINGLE PROTEIN";"CHEMBL1156752";"1";"Scientific Literature";"J Med Chem";"2010";"None";"";"";"";"36.0"
"CHEMBL577754";"";"None";"734.75";"2";"6.56";"5F2";"O=C(N[C@@H](Cc1ccccc1)P(=O)(O)C[C@H](Cc1cc(-c2ccccc2)no1)C(=O)N[C@@H](Cc1c[nH]c2ccccc12)C(=O)O)OCc1ccccc1";"Ki";"'='";"1510.0";"nM";"5.82";"";"";"UO_0000065";"7.92";"0.15";"-0.74";"3.17";"0";"CHEMBL1045253";"Inhibition of human somatic ACE in presence of 1:100 diluted SHR rat plasma complemented with 5 uM serum albumin";"B";"BAO_0000366";"cell-free format";"Homo sapiens";"CHEMBL3559721";"Plasma";"None";"None";"";"";"";"CHEMBL1808";"Angiotensin-converting enzyme";"Homo sapiens";"SINGLE PROTEIN";"CHEMBL1156752";"1";"Scientific Literature";"J Med Chem";"2010";"None";"";"";"";"1510.0"
"CHEMBL1560";"CAPTOPRIL";"4.0";"217.29";"0";"0.63";"captopril";"C[C@H](CS)C(=O)N1CCC[C@H]1C(=O)O";"Ki";"'='";"2.0";"nM";"8.70";"";"";"UO_0000065";"40.03";"0.85";"8.07";"15.10";"0";"CHEMBL3088740";"Inhibition of ACE (unknown origin) assessed as 3-Hydroxybutyril-glycil-glycil-glycine conversion to 3-hydroxybutyric acid after 60 mins by WST assay";"B";"BAO_0000357";"single protein format";"Homo sapiens";"None";"None";"None";"None";"";"";"";"CHEMBL1808";"Angiotensin-converting enzyme";"Homo sapiens";"SINGLE PROTEIN";"CHEMBL3085742";"1";"Scientific Literature";"J Med Chem";"2013";"None";"";"";"";"2.0"
"CHEMBL108606";"";"None";"314.38";"0";"0.93";"17d";"CC(C)CCC(NC(C)C(=O)N1CCCC1C(=O)O)C(=O)O";"IC50";"'='";"7.943";"nM";"8.10";"";"";"UO_0000065";"25.77";"0.50";"7.17";"7.57";"0";"CHEMBL646945";"Inhibition of angiotensin I converting enzyme in silico";"B";"BAO_0000357";"single protein format";"None";"None";"None";"None";"None";"";"";"";"CHEMBL1808";"Angiotensin-converting enzyme";"Homo sapiens";"SINGLE PROTEIN";"CHEMBL1130169";"1";"Scientific Literature";"J Med Chem";"1997";"None";"";"";"";"8.1"
"CHEMBL2338554";"Symplostatin 5";"None";"1022.12";"None";"None";"1";"C/C=C1\NC(=O)[C@@H](NC(=O)[C@@H](NC(=O)[C@@H](COS(=O)(=O)[O-])OC)C(C)C)[C@@H](C)OC(=O)[C@H]([C@H](C)CC)NC(=O)[C@H](Cc2ccccc2)N(C)C(=O)[C@H](Cc2ccccc2)N2C(=O)[C@H](CC[C@H]2O)NC1=O.[Na+]";"Activity";"'='";"100.0";"%";"";"";"";"UO_0000187";"";"";"";"";"0";"CHEMBL2340938";"Inhibition of ACE1 (unknown origin) using MCA-RPPGFSAFK(Dnp) substrate assessed as residual activity at 10 uM incubated for 15 mins prior to substrate addition measured for 2 hrs";"B";"BAO_0000357";"single protein format";"Homo sapiens";"None";"None";"None";"None";"";"";"";"CHEMBL1808";"Angiotensin-converting enzyme";"Homo sapiens";"SINGLE PROTEIN";"CHEMBL2331221";"1";"Scientific Literature";"J Med Chem";"2013";"None";"";"";"";"100.0"
"CHEMBL3264009";"";"None";"485.52";"1";"1.64";"4, SF2513 B";"CC[C@H](C)[C@H](NC(C)=O)C(=O)N[C@@H](CC(C)C)C(=O)N[C@@H](Cc1ccc(O)cc1)P(=O)(O)O";"IC50";"'='";"76.0";"nM";"7.12";"";"";"UO_0000065";"14.66";"0.29";"5.48";"4.31";"0";"CHEMBL3269461";"Inhibition of human ACE C-terminal domain using Cbz-Phe-His-Leu-OH substrate";"B";"BAO_0000357";"single protein format";"Homo sapiens";"None";"None";"None";"None";"";"";"";"CHEMBL1808";"Angiotensin-converting enzyme";"Homo sapiens";"SINGLE PROTEIN";"CHEMBL3259630";"1";"Scientific Literature";"ACS Med Chem Lett";"2014";"None";"";"";"";"76.0"
"CHEMBL3264007";"";"None";"477.50";"1";"1.53";"2, K-4";"CN[C@H](C(=O)N[C@@H](Cc1ccccc1)C(=O)N[C@@H](Cc1ccc(O)cc1)P(=O)(O)O)C(C)C";"Ki";"";"";"";"";"";"Not Determined";"";"";"";"";"";"0";"CHEMBL3269460";"Inhibition of human ACE N-terminal domain using Cbz-Phe-His-Leu-OH substrate";"B";"BAO_0000357";"single protein format";"Homo sapiens";"None";"None";"None";"None";"";"";"";"CHEMBL1808";"Angiotensin-converting enzyme";"Homo sapiens";"SINGLE PROTEIN";"CHEMBL3259630";"1";"Scientific Literature";"ACS Med Chem Lett";"2014";"None";"";"";"";""
"CHEMBL205336";"";"None";"396.51";"0";"0.31";"4";"NCCCC[C@H](NC(=O)[C@@H](N)Cc1ccsc1)C(=O)N1CCC[C@H]1C(=O)O";"Activity";"'='";"11.67";"mU/ml";"";"";"";"";"";"";"";"";"0";"CHEMBL861822";"Activity against ACE in bovine kidney";"B";"BAO_0000221";"tissue-based format";"Bos taurus";"CHEMBL3638241";"Kidney";"None";"None";"";"";"";"CHEMBL1808";"Angiotensin-converting enzyme";"Homo sapiens";"SINGLE PROTEIN";"CHEMBL1146940";"1";"Scientific Literature";"Bioorg Med Chem Lett";"2006";"None";"";"";"";"11.67"
"CHEMBL3322109";"";"None";"424.54";"0";"0.57";"Table 1, 75";"CC(C)C[C@H](N)C(=O)N[C@H](C(=O)N1CCC[C@H]1C(=O)N1CCC[C@H]1C(=O)O)C(C)C";"logIC50";"'='";"2.1";"";"";"";"";"";"";"";"";"";"0";"CHEMBL3363246";"Inhibition of ACE (unknown origin)";"B";"BAO_0000357";"single protein format";"Homo sapiens";"None";"None";"None";"None";"";"";"";"CHEMBL1808";"Angiotensin-converting enzyme";"Homo sapiens";"SINGLE PROTEIN";"CHEMBL3352520";"1";"Scientific Literature";"Eur J Med Chem";"2014";"None";"";"";"";"2.1"
"CHEMBL212711";"";"None";"494.59";"1";"2.45";"5b";"NCCCC[C@H](N[C@H](CCc1ccccc1)C(=O)O)C(=O)N[C@@H](Cc1c[nH]c2ccccc12)C(=O)O";"Activity";"";"";"";"";"";"";"";"";"";"";"";"0";"CHEMBL869859";"Inhibition of somatic ACE N domain upto 500 uM";"B";"BAO_0000357";"single protein format";"Homo sapiens";"None";"None";"None";"None";"";"";"";"CHEMBL1808";"Angiotensin-converting enzyme";"Homo sapiens";"SINGLE PROTEIN";"CHEMBL1149517";"1";"Scientific Literature";"Bioorg Med Chem Lett";"2006";"None";"";"";"Not active";""
"CHEMBL53678";"";"None";"395.57";"0";"3.90";"26";"CCC(C)C(S)CC(C(=O)NC(Cc1ccc(O)cc1)C(=O)O)C(C)CC";"IC50";"'='";"3400.0";"nM";"5.47";"";"";"UO_0000065";"13.82";"0.28";"1.57";"6.31";"0";"CHEMBL646968";"Tested for inhibitory potency against Angiotensin I Converting Enzyme";"B";"BAO_0000357";"single protein format";"None";"None";"None";"None";"None";"";"";"";"CHEMBL1808";"Angiotensin-converting enzyme";"Homo sapiens";"SINGLE PROTEIN";"CHEMBL1127546";"1";"Scientific Literature";"J Med Chem";"1994";"None";"";"";"";"3.4"
"CHEMBL1560";"CAPTOPRIL";"4.0";"217.29";"0";"0.63";"Captopril";"C[C@H](CS)C(=O)N1CCC[C@H]1C(=O)O";"Inhibition";"'='";"95.03";"%";"";"";"";"UO_0000187";"";"";"";"";"1";"CHEMBL4057852";"Inhibition of recombinant human ACE at 1 uM using Mca-R-P-PG-F-S-A-F-K(Dnp)-OH as substrate measured every 2 mins for 8 mins by fluorescence assay";"B";"BAO_0000357";"single protein format";"Homo sapiens";"None";"None";"None";"None";"";"";"";"CHEMBL1808";"Angiotensin-converting enzyme";"Homo sapiens";"SINGLE PROTEIN";"CHEMBL4052767";"1";"Scientific Literature";"Bioorg Med Chem Lett";"2017";"None";"";"";"";"95.03"
"CHEMBL1165";"MOEXIPRIL";"4.0";"498.58";"0";"2.58";"25";"CCOC(=O)[C@H](CCc1ccccc1)N[C@@H](C)C(=O)N1Cc2cc(OC)c(OC)cc2C[C@H]1C(=O)O";"IC50";"'='";"56.0";"nM";"7.25";"";"";"UO_0000065";"14.54";"0.28";"4.67";"6.34";"0";"CHEMBL648350";"Inhibition of guinea pig angiotensin I converting enzyme";"B";"BAO_0000357";"single protein format";"Cavia porcellus";"None";"None";"None";"None";"";"";"";"CHEMBL1808";"Angiotensin-converting enzyme";"Homo sapiens";"SINGLE PROTEIN";"CHEMBL1123237";"1";"Scientific Literature";"J Med Chem";"1986";"None";"";"";"";"0.056"
"CHEMBL315669";"";"None";"472.44";"1";"1.52";"8";"O=C(O)[C@H](Cc1ccc(-c2ccccc2)cc1)NC(=O)[C@H](Cc1c[nH]cn1)NCP(=O)(O)O";"IC50";"'>'";"1000.0";"nM";"";"";"";"UO_0000065";"";"";"";"";"0";"CHEMBL876577";"In vitro inhibitory concentration against angiotensin-converting enzyme";"B";"BAO_0000224";"protein format";"None";"None";"None";"None";"None";"";"";"";"CHEMBL1808";"Angiotensin-converting enzyme";"Homo sapiens";"SINGLE PROTEIN";"CHEMBL1150039";"1";"Scientific Literature";"Bioorg Med Chem Lett";"1994";"None";"";"";"";"1000.0"
"CHEMBL99701";"IMIDAPRILAT";"2.0";"377.40";"0";"0.40";"3e";"C[C@H](N[C@@H](CCc1ccccc1)C(=O)O)C(=O)N1C(=O)N(C)C[C@H]1C(=O)O";"IC50";"'='";"1.7";"nM";"8.77";"";"";"UO_0000065";"23.24";"0.44";"8.37";"6.89";"0";"CHEMBL644735";"Inhibition of Angiotensin I converting enzyme from pig renal cortex, hippuryl-histidyl-leucine as substrate";"B";"BAO_0000019";"assay format";"Sus scrofa";"None";"None";"None";"None";"";"";"";"CHEMBL1808";"Angiotensin-converting enzyme";"Homo sapiens";"SINGLE PROTEIN";"CHEMBL1124381";"1";"Scientific Literature";"J Med Chem";"1989";"None";"";"";"";"1.7E-9"
"CHEMBL100826";"";"None";"467.52";"0";"2.36";"3n";"CC[C@H](N[C@@H](CCc1ccccc1)C(=O)O)C(=O)N1C(=O)N(Cc2ccccc2)C[C@H]1C(=O)O";"IC50";"'='";"2.3";"nM";"8.64";"";"";"UO_0000065";"18.48";"0.35";"6.28";"6.79";"0";"CHEMBL644735";"Inhibition of Angiotensin I converting enzyme from pig renal cortex, hippuryl-histidyl-leucine as substrate";"B";"BAO_0000019";"assay format";"Sus scrofa";"None";"None";"None";"None";"";"";"";"CHEMBL1808";"Angiotensin-converting enzyme";"Homo sapiens";"SINGLE PROTEIN";"CHEMBL1124381";"1";"Scientific Literature";"J Med Chem";"1989";"None";"";"";"";"2.3E-9"
"CHEMBL99798";"";"None";"405.45";"0";"1.38";"3g";"CC(C)C[C@H](N[C@@H](C)C(=O)N1C(=O)N(Cc2ccccc2)C[C@H]1C(=O)O)C(=O)O";"IC50";"'='";"2.1";"nM";"8.68";"";"";"UO_0000065";"21.40";"0.41";"7.30";"6.82";"0";"CHEMBL644735";"Inhibition of Angiotensin I converting enzyme from pig renal cortex, hippuryl-histidyl-leucine as substrate";"B";"BAO_0000019";"assay format";"Sus scrofa";"None";"None";"None";"None";"";"";"";"CHEMBL1808";"Angiotensin-converting enzyme";"Homo sapiens";"SINGLE PROTEIN";"CHEMBL1124381";"1";"Scientific Literature";"J Med Chem";"1989";"None";"";"";"";"2.1E-9"
"CHEMBL2296625";"";"None";"348.45";"0";"3.46";"4e";"Cc1nnc(-c2ccccc2-c2ccc(CN3CCN(C)CC3)cc2)o1";"Inhibition";"";"";"%";"";"";"";"UO_0000187";"";"";"";"";"0";"CHEMBL3071359";"Inhibition of ACE (unknown origin) using Hippuryl-His-Leu as substrate at 1 to 10 ug incubated for 10 min prior to substrate addition measured after 45 min by spectrophotometric analysis relative to control";"B";"BAO_0000357";"single protein format";"Homo sapiens";"None";"None";"None";"None";"";"";"";"CHEMBL1808";"Angiotensin-converting enzyme";"Homo sapiens";"SINGLE PROTEIN";"CHEMBL3045976";"1";"Scientific Literature";"Med Chem Res";"2013";"None";"";"";"Not active";""
"CHEMBL2296620";"";"None";"363.42";"0";"2.83";"3h";"O=C(O)C1CCN(Cc2ccc(-c3ccccc3-c3nnn[nH]3)cc2)CC1";"Inhibition";"";"";"%";"";"";"";"UO_0000187";"";"";"";"";"0";"CHEMBL3071359";"Inhibition of ACE (unknown origin) using Hippuryl-His-Leu as substrate at 1 to 10 ug incubated for 10 min prior to substrate addition measured after 45 min by spectrophotometric analysis relative to control";"B";"BAO_0000357";"single protein format";"Homo sapiens";"None";"None";"None";"None";"";"";"";"CHEMBL1808";"Angiotensin-converting enzyme";"Homo sapiens";"SINGLE PROTEIN";"CHEMBL3045976";"1";"Scientific Literature";"Med Chem Res";"2013";"None";"";"";"Not active";""
"CHEMBL2296617";"";"None";"320.40";"0";"1.94";"3d";"c1ccc(-c2nnn[nH]2)c(-c2ccc(CN3CCNCC3)cc2)c1";"Inhibition";"'='";"83.0";"%";"";"";"";"UO_0000187";"";"";"";"";"0";"CHEMBL3071360";"Inhibition of ACE (unknown origin) using Hippuryl-His-Leu as substrate at 10 ug incubated for 10 min prior to substrate addition measured after 45 min by spectrophotometric analysis relative to control";"B";"BAO_0000357";"single protein format";"Homo sapiens";"None";"None";"None";"None";"";"";"";"CHEMBL1808";"Angiotensin-converting enzyme";"Homo sapiens";"SINGLE PROTEIN";"CHEMBL3045976";"1";"Scientific Literature";"Med Chem Res";"2013";"None";"";"";"";"83.0"
"CHEMBL129432";"";"None";"342.40";"0";"-2.05";"6 (table-2)";"C[C@H](NC(=O)[C@@H](N)CCCN=C(N)N)C(=O)N1CCC[C@@H]1C(=O)O";"IC50";"'='";"16000.0";"nM";"4.80";"";"";"UO_0000065";"14.01";"0.27";"6.85";"2.71";"0";"CHEMBL644708";"Inhibition against ACE.";"B";"BAO_0000357";"single protein format";"None";"None";"None";"None";"None";"";"";"";"CHEMBL1808";"Angiotensin-converting enzyme";"Homo sapiens";"SINGLE PROTEIN";"CHEMBL1127412";"1";"Scientific Literature";"J Med Chem";"1994";"None";"";"";"";"16000.0"
"CHEMBL12700";"";"None";"260.20";"0";"1.77";"5, 2,3,6,7-THX";"O=c1c2cc(O)c(O)cc2oc2cc(O)c(O)cc12";"IC50";"'='";"769000.0";"nM";"";"Outside typical range";"";"UO_0000065";"";"";"";"";"0";"CHEMBL964320";"Inhibition of ACE";"B";"BAO_0000357";"single protein format";"None";"None";"None";"None";"None";"";"";"";"CHEMBL1808";"Angiotensin-converting enzyme";"Homo sapiens";"SINGLE PROTEIN";"CHEMBL1159033";"1";"Scientific Literature";"J Nat Prod";"1992";"None";"";"";"";"769.0"
"CHEMBL477937";"";"None";"428.35";"0";"2.65";"2-tetraacetate";"CC(=O)Oc1cc(OC(C)=O)c2c(=O)c3ccc(OC(C)=O)c(OC(C)=O)c3oc2c1";"Inhibition";"'<'";"1.0";"%";"";"";"";"UO_0000187";"";"";"";"";"0";"CHEMBL964321";"Inhibition of ACE at 100 uM";"B";"BAO_0000357";"single protein format";"None";"None";"None";"None";"None";"";"";"";"CHEMBL1808";"Angiotensin-converting enzyme";"Homo sapiens";"SINGLE PROTEIN";"CHEMBL1159033";"1";"Scientific Literature";"J Nat Prod";"1992";"None";"";"";"";"1.0"
"CHEMBL1560";"CAPTOPRIL";"4.0";"217.29";"0";"0.63";"Captopril";"C[C@H](CS)C(=O)N1CCC[C@H]1C(=O)O";"IC50";"'='";"25.0";"nM";"7.60";"";"";"UO_0000065";"34.99";"0.74";"6.97";"13.20";"1";"CHEMBL4144750";"Inhibition of ACE (unknown origin) using hippuryl-L-histidyl-L-leucine as substrate preincubated with substrate for 30 mins followed by enzyme addition measured after 30 mins by LC/MS analysis";"B";"BAO_0000357";"single protein format";"Homo sapiens";"None";"None";"None";"None";"";"";"";"CHEMBL1808";"Angiotensin-converting enzyme";"Homo sapiens";"SINGLE PROTEIN";"CHEMBL4138292";"1";"Scientific Literature";"J Nat Prod";"2018";"None";"";"";"";"25.0"
"CHEMBL89956";"";"None";"238.24";"0";"-0.54";"YG";"N[C@@H](Cc1ccc(O)cc1)C(=O)NCC(=O)O";"IC50";"'='";"1995262.31";"nM";"";"Outside typical range";"";"UO_0000065";"";"";"";"";"0";"CHEMBL858254";"Biological activity was measured against Angiotensin I converting enzyme";"B";"BAO_0000357";"single protein format";"None";"None";"None";"None";"None";"";"";"";"CHEMBL1808";"Angiotensin-converting enzyme";"Homo sapiens";"SINGLE PROTEIN";"CHEMBL1128468";"1";"Scientific Literature";"J Med Chem";"1995";"None";"";"";"";"2.7"
"CHEMBL330552";"";"None";"206.27";"0";"-0.73";"GM";"CSCC[C@H](NC(=O)CN)C(=O)O";"IC50";"'='";"1412537.54";"nM";"";"Outside typical range";"";"UO_0000065";"";"";"";"";"0";"CHEMBL858254";"Biological activity was measured against Angiotensin I converting enzyme";"B";"BAO_0000357";"single protein format";"None";"None";"None";"None";"None";"";"";"";"CHEMBL1808";"Angiotensin-converting enzyme";"Homo sapiens";"SINGLE PROTEIN";"CHEMBL1128468";"1";"Scientific Literature";"J Med Chem";"1995";"None";"";"";"";"2.85"
"CHEMBL108988";"";"None";"443.53";"0";"3.14";"26d";"O=C(O)C1CC2(CN1C(=O)CP(=O)(O)CCCCc1ccccc1)SCCS2";"IC50";"'='";"12.59";"nM";"7.90";"";"";"UO_0000065";"17.81";"0.39";"4.76";"8.32";"0";"CHEMBL646945";"Inhibition of angiotensin I converting enzyme in silico";"B";"BAO_0000357";"single protein format";"None";"None";"None";"None";"None";"";"";"";"CHEMBL1808";"Angiotensin-converting enzyme";"Homo sapiens";"SINGLE PROTEIN";"CHEMBL1130169";"1";"Scientific Literature";"J Med Chem";"1997";"None";"";"";"";"7.9"
"CHEMBL48534";"";"None";"412.51";"0";"2.47";"13 (Iso A)";"CC(S)(Cc1ccccc1)C(=O)N[C@H]1CCc2ccccc2N(CC(=O)O)C1=O";"IC50";"'='";"63.0";"nM";"7.20";"";"";"UO_0000065";"17.46";"0.34";"4.73";"8.30";"0";"CHEMBL645286";"Inhibition of Angiotensin I converting enzyme";"B";"BAO_0000357";"single protein format";"None";"None";"None";"None";"None";"";"";"";"CHEMBL1808";"Angiotensin-converting enzyme";"Homo sapiens";"SINGLE PROTEIN";"CHEMBL1152108";"1";"Scientific Literature";"Bioorg Med Chem Lett";"1994";"None";"";"";"";"63.0"
"CHEMBL4163389";"";"None";"375.45";"0";"3.39";"5a";"CN1C(=O)/C(=N\C(=S)NCc2cc3ccccc3cc2O)c2ccccc21";"IC50";"'='";"22.3";"nM";"7.65";"";"";"UO_0000065";"20.38";"0.39";"4.26";"11.78";"0";"CHEMBL4135397";"Inhibition of ACE (unknown origin) using Hippuryl-L-Histidyl-L-Leucine as substrate after 60 mins by colorimetric method";"B";"BAO_0000357";"single protein format";"Homo sapiens";"None";"None";"None";"None";"";"";"";"CHEMBL1808";"Angiotensin-converting enzyme";"Homo sapiens";"SINGLE PROTEIN";"CHEMBL4130507";"1";"Scientific Literature";"Eur J Med Chem";"2017";"None";"";"";"";"22.3"
"CHEMBL4167651";"";"None";"403.46";"0";"3.30";"5d";"CC(=O)N1C(=O)/C(=N\C(=S)NCc2cc3ccccc3cc2O)c2ccccc21";"IC50";"'='";"10.67";"nM";"7.97";"";"";"UO_0000065";"19.76";"0.38";"4.67";"9.72";"0";"CHEMBL4135397";"Inhibition of ACE (unknown origin) using Hippuryl-L-Histidyl-L-Leucine as substrate after 60 mins by colorimetric method";"B";"BAO_0000357";"single protein format";"Homo sapiens";"None";"None";"None";"None";"";"";"";"CHEMBL1808";"Angiotensin-converting enzyme";"Homo sapiens";"SINGLE PROTEIN";"CHEMBL4130507";"1";"Scientific Literature";"Eur J Med Chem";"2017";"None";"";"";"";"10.67"
"CHEMBL4167651";"";"None";"403.46";"0";"3.30";"5d";"CC(=O)N1C(=O)/C(=N\C(=S)NCc2cc3ccccc3cc2O)c2ccccc21";"Inhibition";"'='";"82.68";"%";"";"";"";"UO_0000187";"";"";"";"";"0";"CHEMBL4135398";"Inhibition of ACE (unknown origin) at IC50 using Hippuryl-L-Histidyl-L-Leucine as substrate after 60 mins by colorimetric method relative to control";"B";"BAO_0000357";"single protein format";"Homo sapiens";"None";"None";"None";"None";"";"";"";"CHEMBL1808";"Angiotensin-converting enzyme";"Homo sapiens";"SINGLE PROTEIN";"CHEMBL4130507";"1";"Scientific Literature";"Eur J Med Chem";"2017";"None";"";"";"";"82.68"
"CHEMBL25782";"";"None";"439.51";"0";"2.99";"7c";"CCOC(=O)C(CCc1ccccc1)OC(C)C(=O)N1Cc2ccccc2CC1C(=O)O";"IC50";"'='";"14.0";"nM";"7.85";"";"";"UO_0000065";"17.87";"0.34";"4.86";"8.43";"0";"CHEMBL648701";"In vitro inhibitory activity against Angiotensin I converting enzyme from unpurified guinea pig serum";"B";"BAO_0000357";"single protein format";"Cavia porcellus";"None";"None";"None";"None";"";"";"";"CHEMBL1808";"Angiotensin-converting enzyme";"Homo sapiens";"SINGLE PROTEIN";"CHEMBL1123106";"1";"Scientific Literature";"J Med Chem";"1985";"None";"";"";"";"1.4E-8"
"CHEMBL328030";"";"None";"416.41";"0";"1.34";"26";"CC(C)Oc1ccc(C[C@H](NC(=O)[C@@H](NCP(=O)(O)O)C(C)C)C(=O)O)cc1";"IC50";"'='";"92.0";"nM";"7.04";"";"";"UO_0000065";"16.90";"0.34";"5.70";"4.85";"0";"CHEMBL876577";"In vitro inhibitory concentration against angiotensin-converting enzyme";"B";"BAO_0000224";"protein format";"None";"None";"None";"None";"None";"";"";"";"CHEMBL1808";"Angiotensin-converting enzyme";"Homo sapiens";"SINGLE PROTEIN";"CHEMBL1150039";"1";"Scientific Literature";"Bioorg Med Chem Lett";"1994";"None";"";"";"";"92.0"
"CHEMBL366503";"";"None";"526.53";"1";"3.16";"13";"C[C@H](OCc1ccccc1)[C@H](NCP(=O)(O)O)C(=O)N[C@@H](Cc1ccc(-c2ccccc2)cc1)C(=O)O";"IC50";"'='";"656.0";"nM";"6.18";"";"";"UO_0000065";"11.74";"0.23";"3.02";"4.26";"0";"CHEMBL876577";"In vitro inhibitory concentration against angiotensin-converting enzyme";"B";"BAO_0000224";"protein format";"None";"None";"None";"None";"None";"";"";"";"CHEMBL1808";"Angiotensin-converting enzyme";"Homo sapiens";"SINGLE PROTEIN";"CHEMBL1150039";"1";"Scientific Literature";"Bioorg Med Chem Lett";"1994";"None";"";"";"";"656.0"
"CHEMBL420253";"";"None";"498.47";"1";"2.51";"7";"O=C(O)[C@H](Cc1ccc(-c2ccccc2)cc1)NC(=O)[C@H](Cc1ccc(O)cc1)NCP(=O)(O)O";"IC50";"'>'";"1000.0";"nM";"";"";"";"UO_0000065";"";"";"";"";"0";"CHEMBL876577";"In vitro inhibitory concentration against angiotensin-converting enzyme";"B";"BAO_0000224";"protein format";"None";"None";"None";"None";"None";"";"";"";"CHEMBL1808";"Angiotensin-converting enzyme";"Homo sapiens";"SINGLE PROTEIN";"CHEMBL1150039";"1";"Scientific Literature";"Bioorg Med Chem Lett";"1994";"None";"";"";"";"1000.0"
"CHEMBL309799";"";"None";"292.36";"0";"1.60";"THIOL_20A";"CC(S)C(=O)N[C@@H](Cc1c[nH]c2ccccc12)C(=O)O";"IC50";"'='";"64.57";"nM";"7.19";"";"";"UO_0000065";"";"";"";"";"0";"CHEMBL648337";"Inhibitory activity against angiotensin converting enzyme (ACE)";"F";"BAO_0000019";"assay format";"None";"None";"None";"None";"None";"";"";"";"CHEMBL1808";"Angiotensin-converting enzyme";"Homo sapiens";"SINGLE PROTEIN";"CHEMBL1126767";"1";"Scientific Literature";"J Med Chem";"1993";"None";"";"";"";"7.19"
"CHEMBL423574";"";"None";"349.50";"0";"3.24";"22b";"O=C1N[C@@H](C(=O)O)Cc2ccccc2CCCCCCC[C@@H]1CS";"IC50";"'>'";"10000.0";"nM";"";"";"";"UO_0000065";"";"";"";"";"0";"CHEMBL644707";"Inhibitory concentration required to inhibit Angiotensin I converting enzyme (ACE)";"B";"BAO_0000357";"single protein format";"None";"None";"None";"None";"None";"";"";"";"CHEMBL1808";"Angiotensin-converting enzyme";"Homo sapiens";"SINGLE PROTEIN";"CHEMBL1129939";"1";"Scientific Literature";"J Med Chem";"1997";"None";"";"";"";"10000.0"
"CHEMBL1907762";"";"None";"365.45";"0";"2.27";"10a";"CC(SC(CCc1ccccc1)C(=O)O)C(=O)N1CCC[C@H]1C(=O)O";"IC50";"'='";"580.0";"nM";"6.24";"";"";"UO_0000065";"17.07";"0.34";"3.97";"6.57";"0";"CHEMBL648701";"In vitro inhibitory activity against Angiotensin I converting enzyme from unpurified guinea pig serum";"B";"BAO_0000357";"single protein format";"Cavia porcellus";"None";"None";"None";"None";"";"";"";"CHEMBL1808";"Angiotensin-converting enzyme";"Homo sapiens";"SINGLE PROTEIN";"CHEMBL1123106";"1";"Scientific Literature";"J Med Chem";"1985";"None";"";"";"";"5.8E-7"
"CHEMBL78812";"";"None";"205.28";"0";"0.53";"32";"CC(C)[C@H](NC(=O)CCS)C(=O)O";"IC50";"'='";"1584.89";"nM";"5.80";"";"";"UO_0000065";"";"";"";"";"0";"CHEMBL648337";"Inhibitory activity against angiotensin converting enzyme (ACE)";"F";"BAO_0000019";"assay format";"None";"None";"None";"None";"None";"";"";"";"CHEMBL1808";"Angiotensin-converting enzyme";"Homo sapiens";"SINGLE PROTEIN";"CHEMBL1126767";"1";"Scientific Literature";"J Med Chem";"1993";"None";"";"";"";"5.8"
"CHEMBL146573";"";"None";"335.47";"0";"2.85";"19b";"O=C1N[C@H](C(=O)O)CCCCCCc2ccccc2C[C@H]1CS";"IC50";"'>'";"10000.0";"nM";"";"";"";"UO_0000065";"";"";"";"";"0";"CHEMBL644707";"Inhibitory concentration required to inhibit Angiotensin I converting enzyme (ACE)";"B";"BAO_0000357";"single protein format";"None";"None";"None";"None";"None";"";"";"";"CHEMBL1808";"Angiotensin-converting enzyme";"Homo sapiens";"SINGLE PROTEIN";"CHEMBL1129939";"1";"Scientific Literature";"J Med Chem";"1997";"None";"";"";"";"10000.0"
"CHEMBL4294217";"";"None";"815.07";"1";"4.42";"Omapatrilat Dimer";"O=C(N[C@H]1CCS[C@H]2CCC[C@@H](C(=O)O)N2C1=O)[C@H](Cc1ccccc1)SS[C@@H](Cc1ccccc1)C(=O)N[C@H]1CCS[C@H]2CCC[C@@H](C(=O)O)N2C1=O";"IC50";"'='";"2800.0";"nM";"5.55";"";"";"UO_0000065";"6.81";"0.14";"1.13";"3.20";"0";"CHEMBL4269906";"Inhibition of human fully glycosylated ACE C-terminal domain expressed in CHO cells using Cbz-Phe-His-Leu as substrate preincubated for 15 mins followed by substrate addition measured after 10 mins by fluorescence spectrophotometric analysis";"B";"BAO_0000219";"cell-based format";"Homo sapiens";"None";"None";"CHO";"None";"";"";"";"CHEMBL1808";"Angiotensin-converting enzyme";"Homo sapiens";"SINGLE PROTEIN";"CHEMBL4266030";"1";"Scientific Literature";"J Med Chem";"2018";"None";"";"";"";"2.8"
"CHEMBL1733";"QUINAPRILAT";"2.0";"410.47";"0";"2.09";"37";"C[C@H](N[C@@H](CCc1ccccc1)C(=O)O)C(=O)N1Cc2ccccc2C[C@H]1C(=O)O";"IC50";"'='";"2.8";"nM";"8.55";"";"";"UO_0000065";"20.84";"0.39";"6.46";"8.00";"1";"CHEMBL5258025";"Inhibition of angiotensin-converting enzyme (unknown origin)";"B";"BAO_0000357";"single protein format";"Homo sapiens";"None";"None";"None";"None";"";"";"";"CHEMBL1808";"Angiotensin-converting enzyme";"Homo sapiens";"SINGLE PROTEIN";"CHEMBL5257037";"1";"Scientific Literature";"J Med Chem";"2016";"None";"";"INHIBITOR";"";"2.8"
"CHEMBL101360";"";"None";"385.46";"0";"1.52";"3c";"CCCCCCCC[C@H](N[C@@H](C)C(=O)N1C(=O)N(C)C[C@H]1C(=O)O)C(=O)O";"IC50";"'='";"1.6";"nM";"8.80";"";"";"UO_0000065";"22.82";"0.44";"7.28";"6.91";"0";"CHEMBL644735";"Inhibition of Angiotensin I converting enzyme from pig renal cortex, hippuryl-histidyl-leucine as substrate";"B";"BAO_0000019";"assay format";"Sus scrofa";"None";"None";"None";"None";"";"";"";"CHEMBL1808";"Angiotensin-converting enzyme";"Homo sapiens";"SINGLE PROTEIN";"CHEMBL1124381";"1";"Scientific Literature";"J Med Chem";"1989";"None";"";"";"";"1.6E-9"
"CHEMBL2370596";"";"None";"309.37";"0";"-0.04";"Table 1, 16";"NCCCC[C@H](N)C(=O)N[C@@H](Cc1ccc(O)cc1)C(=O)O";"logIC50";"'='";"0.89";"";"";"";"";"";"";"";"";"";"0";"CHEMBL3363246";"Inhibition of ACE (unknown origin)";"B";"BAO_0000357";"single protein format";"Homo sapiens";"None";"None";"None";"None";"";"";"";"CHEMBL1808";"Angiotensin-converting enzyme";"Homo sapiens";"SINGLE PROTEIN";"CHEMBL3352520";"1";"Scientific Literature";"Eur J Med Chem";"2014";"None";"";"";"";"0.89"
"CHEMBL3321987";"";"None";"318.33";"0";"-0.20";"Table 1, 12";"N[C@@H](Cc1cnc[nH]1)C(=O)N[C@@H](Cc1ccc(O)cc1)C(=O)O";"logIC50";"'='";"1.42";"";"";"";"";"";"";"";"";"";"0";"CHEMBL3363246";"Inhibition of ACE (unknown origin)";"B";"BAO_0000357";"single protein format";"Homo sapiens";"None";"None";"None";"None";"";"";"";"CHEMBL1808";"Angiotensin-converting enzyme";"Homo sapiens";"SINGLE PROTEIN";"CHEMBL3352520";"1";"Scientific Literature";"Eur J Med Chem";"2014";"None";"";"";"";"1.42"
"CHEMBL3321985";"";"None";"243.31";"0";"-0.48";"Table 1, 7";"NCCCC[C@H](N)C(=O)N1CCC[C@H]1C(=O)O";"logIC50";"'='";"1.34";"";"";"";"";"";"";"";"";"";"0";"CHEMBL3363246";"Inhibition of ACE (unknown origin)";"B";"BAO_0000357";"single protein format";"Homo sapiens";"None";"None";"None";"None";"";"";"";"CHEMBL1808";"Angiotensin-converting enzyme";"Homo sapiens";"SINGLE PROTEIN";"CHEMBL3352520";"1";"Scientific Literature";"Eur J Med Chem";"2014";"None";"";"";"";"1.34"
"CHEMBL1221478";"";"None";"299.37";"0";"-0.06";"Table 1, 47";"CC[C@H](C)[C@H](N)C(=O)N[C@@H](C)C(=O)N1CCC[C@H]1C(=O)O";"logIC50";"'='";"0.43";"";"";"";"";"";"";"";"";"";"0";"CHEMBL3363246";"Inhibition of ACE (unknown origin)";"B";"BAO_0000357";"single protein format";"Homo sapiens";"None";"None";"None";"None";"";"";"";"CHEMBL1808";"Angiotensin-converting enzyme";"Homo sapiens";"SINGLE PROTEIN";"CHEMBL3352520";"1";"Scientific Literature";"Eur J Med Chem";"2014";"None";"";"";"";"0.43"
"CHEMBL80055";"";"None";"417.60";"0";"3.89";"28e";"Cc1ccc(CSC[C@@H](NC(=O)[C@@H](CS)Cc2ccccc2)C(=O)O)cc1C";"IC50";"'='";"460.0";"nM";"6.34";"";"";"UO_0000065";"15.18";"0.31";"2.45";"9.54";"0";"CHEMBL648450";"Tested in vitro for its inhibitory activity against neutral endopeptidase (NEP)";"B";"BAO_0000357";"single protein format";"Oryctolagus cuniculus";"None";"None";"None";"None";"";"";"";"CHEMBL1808";"Angiotensin-converting enzyme";"Homo sapiens";"SINGLE PROTEIN";"CHEMBL1127600";"1";"Scientific Literature";"J Med Chem";"1994";"None";"";"";"";"460.0"
"CHEMBL296331";"";"None";"449.51";"0";"2.66";"5q";"CCOC(=O)[C@H](Cc1c[nH]c2ccccc12)N[C@H]1CCc2ccccc2N(CC(=O)O)C1=O";"IC50";"'='";"540.0";"nM";"6.27";"";"";"UO_0000065";"13.94";"0.26";"3.61";"5.61";"0";"CHEMBL644701";"In vitro inhibitory activity against Angiotensin I converting enzyme";"B";"BAO_0000357";"single protein format";"None";"None";"None";"None";"None";"";"";"";"CHEMBL1808";"Angiotensin-converting enzyme";"Homo sapiens";"SINGLE PROTEIN";"CHEMBL1122836";"1";"Scientific Literature";"J Med Chem";"1985";"None";"";"";"";"540.0"
"CHEMBL414828";"";"None";"186.21";"0";"-0.59";"Ala-Pro";"C[C@H](N)C(=O)N1CCC[C@H]1C(=O)O";"IC50";"'='";"42000.0";"nM";"4.38";"";"";"UO_0000065";"23.50";"0.46";"4.97";"5.23";"0";"CHEMBL644705";"Inhibitory concentration against Angiotensin I converting enzyme";"B";"BAO_0000357";"single protein format";"None";"None";"None";"None";"None";"";"";"";"CHEMBL1808";"Angiotensin-converting enzyme";"Homo sapiens";"SINGLE PROTEIN";"CHEMBL1123398";"1";"Scientific Literature";"J Med Chem";"1986";"None";"";"";"";"0.000042"
"CHEMBL309333";"";"None";"209.29";"0";"-0.19";"THIOL_10";"O=C(CCS)N[C@@H](CS)C(=O)O";"IC50";"'='";"67608.3";"nM";"4.17";"";"";"UO_0000065";"";"";"";"";"0";"CHEMBL648337";"Inhibitory activity against angiotensin converting enzyme (ACE)";"F";"BAO_0000019";"assay format";"None";"None";"None";"None";"None";"";"";"";"CHEMBL1808";"Angiotensin-converting enzyme";"Homo sapiens";"SINGLE PROTEIN";"CHEMBL1126767";"1";"Scientific Literature";"J Med Chem";"1993";"None";"";"";"";"4.17"
"CHEMBL1237";"LISINOPRIL ANHYDROUS";"4.0";"405.50";"0";"1.24";"Lisinopril";"NCCCC[C@H](N[C@@H](CCc1ccccc1)C(=O)O)C(=O)N1CCC[C@H]1C(=O)O";"IC50";"'='";"4.7";"nM";"8.33";"";"";"UO_0000065";"20.54";"0.39";"7.09";"6.26";"0";"CHEMBL648689";"Inhibitory activity against angiotensin I converting enzyme (ACE)";"B";"BAO_0000357";"single protein format";"None";"None";"None";"None";"None";"";"";"";"CHEMBL1808";"Angiotensin-converting enzyme";"Homo sapiens";"SINGLE PROTEIN";"CHEMBL1133572";"1";"Scientific Literature";"J Med Chem";"2000";"None";"";"";"";"4.7"
"CHEMBL357311";"";"None";"321.44";"0";"2.46";"18b";"O=C1N[C@H](C(=O)O)CCCCCc2ccccc2C[C@H]1CS";"IC50";"'='";"2000.0";"nM";"5.70";"";"";"UO_0000065";"17.73";"0.35";"3.24";"8.58";"0";"CHEMBL644707";"Inhibitory concentration required to inhibit Angiotensin I converting enzyme (ACE)";"B";"BAO_0000357";"single protein format";"None";"None";"None";"None";"None";"";"";"";"CHEMBL1808";"Angiotensin-converting enzyme";"Homo sapiens";"SINGLE PROTEIN";"CHEMBL1129939";"1";"Scientific Literature";"J Med Chem";"1997";"None";"";"";"";"2000.0"
"CHEMBL174066";"";"None";"486.63";"0";"3.36";"21";"CCCCC(NC(=O)C(Cc1ccccc1)C(C)S)C(=O)NC(Cc1ccc(O)cc1)C(=O)O";"IC50";"'='";"6100.0";"nM";"5.21";"";"";"UO_0000065";"10.72";"0.21";"1.85";"4.51";"0";"CHEMBL648692";"Inhibitory concentration was evaluated by Inhibiting 50% of Angiotensin I converting enzyme activity using 50 uM N-Cbz-Phe-His-Leu as substrate";"B";"BAO_0000357";"single protein format";"None";"None";"None";"None";"None";"";"";"";"CHEMBL1808";"Angiotensin-converting enzyme";"Homo sapiens";"SINGLE PROTEIN";"CHEMBL1126948";"1";"Scientific Literature";"J Med Chem";"1993";"None";"";"";"";"6.1"
"CHEMBL107635";"";"None";"267.24";"0";"0.14";"6d";"O=C(O)CCc1cc(O)c2n(c1=O)C(C(=O)O)CC2";"IC50";"'='";"31.62";"nM";"7.50";"";"";"UO_0000065";"28.06";"0.54";"7.36";"6.42";"0";"CHEMBL646945";"Inhibition of angiotensin I converting enzyme in silico";"B";"BAO_0000357";"single protein format";"None";"None";"None";"None";"None";"";"";"";"CHEMBL1808";"Angiotensin-converting enzyme";"Homo sapiens";"SINGLE PROTEIN";"CHEMBL1130169";"1";"Scientific Literature";"J Med Chem";"1997";"None";"";"";"";"7.5"
"CHEMBL310624";"";"None";"554.60";"1";"1.80";"COO_24A";"NCCCCC(NC(=O)OCc1ccccc1)C(=O)N[C@H](CCC(=O)N1c2ccccc2C[C@H]1C(=O)O)C(=O)O";"IC50";"'='";"2511.89";"nM";"5.60";"";"";"UO_0000065";"";"";"";"";"0";"CHEMBL648337";"Inhibitory activity against angiotensin converting enzyme (ACE)";"F";"BAO_0000019";"assay format";"None";"None";"None";"None";"None";"";"";"";"CHEMBL1808";"Angiotensin-converting enzyme";"Homo sapiens";"SINGLE PROTEIN";"CHEMBL1126767";"1";"Scientific Literature";"J Med Chem";"1993";"None";"";"";"";"5.6"
"CHEMBL271223";"";"None";"385.53";"0";"4.20";"1p";"CC(C)(C)C[C@H](S)C(=O)N[C@@H](Cc1ccc(-c2ccccc2)cc1)C(=O)O";"Ki";"'='";"2700.0";"nM";"5.57";"";"";"UO_0000065";"14.44";"0.28";"1.37";"8.39";"0";"CHEMBL933039";"Inhibition of human recombinant ACE by fluorescence assay";"B";"BAO_0000357";"single protein format";"Homo sapiens";"None";"None";"None";"None";"";"";"";"CHEMBL1808";"Angiotensin-converting enzyme";"Homo sapiens";"SINGLE PROTEIN";"CHEMBL1142293";"1";"Scientific Literature";"Bioorg Med Chem Lett";"2008";"None";"";"";"";"2700.0"
"CHEMBL271225";"";"None";"371.50";"0";"3.81";"1o";"CC(C)C[C@H](S)C(=O)N[C@@H](Cc1ccc(-c2ccccc2)cc1)C(=O)O";"Ki";"'='";"3.2";"nM";"8.49";"";"";"UO_0000065";"22.87";"0.45";"4.68";"12.79";"0";"CHEMBL933039";"Inhibition of human recombinant ACE by fluorescence assay";"B";"BAO_0000357";"single protein format";"Homo sapiens";"None";"None";"None";"None";"";"";"";"CHEMBL1808";"Angiotensin-converting enzyme";"Homo sapiens";"SINGLE PROTEIN";"CHEMBL1142293";"1";"Scientific Literature";"Bioorg Med Chem Lett";"2008";"None";"";"";"";"3.2"
"CHEMBL257270";"";"None";"371.50";"0";"3.95";"1g";"CCCC[C@H](S)C(=O)N[C@@H](Cc1ccc(-c2ccccc2)cc1)C(=O)O";"Ki";"'='";"9.3";"nM";"8.03";"";"";"UO_0000065";"21.62";"0.42";"4.08";"12.10";"0";"CHEMBL933039";"Inhibition of human recombinant ACE by fluorescence assay";"B";"BAO_0000357";"single protein format";"Homo sapiens";"None";"None";"None";"None";"";"";"";"CHEMBL1808";"Angiotensin-converting enzyme";"Homo sapiens";"SINGLE PROTEIN";"CHEMBL1142293";"1";"Scientific Literature";"Bioorg Med Chem Lett";"2008";"None";"";"";"";"9.3"
"CHEMBL257727";"";"None";"329.42";"0";"2.78";"1d";"C[C@H](S)C(=O)N[C@@H](Cc1ccc(-c2ccccc2)cc1)C(=O)O";"Ki";"'='";"21.0";"nM";"7.68";"";"";"UO_0000065";"23.31";"0.46";"4.90";"11.56";"0";"CHEMBL933039";"Inhibition of human recombinant ACE by fluorescence assay";"B";"BAO_0000357";"single protein format";"Homo sapiens";"None";"None";"None";"None";"";"";"";"CHEMBL1808";"Angiotensin-converting enzyme";"Homo sapiens";"SINGLE PROTEIN";"CHEMBL1142293";"1";"Scientific Literature";"Bioorg Med Chem Lett";"2008";"None";"";"";"";"21.0"
"CHEMBL3321991";"";"None";"279.30";"0";"-1.00";"Table 1, 21";"NC(=O)C[C@H](N)C(=O)N[C@@H](Cc1ccccc1)C(=O)O";"logIC50";"'='";"1.67";"";"";"";"";"";"";"";"";"";"0";"CHEMBL3363246";"Inhibition of ACE (unknown origin)";"B";"BAO_0000357";"single protein format";"Homo sapiens";"None";"None";"None";"None";"";"";"";"CHEMBL1808";"Angiotensin-converting enzyme";"Homo sapiens";"SINGLE PROTEIN";"CHEMBL3352520";"1";"Scientific Literature";"Eur J Med Chem";"2014";"None";"";"";"";"1.67"
"CHEMBL56923";"";"None";"317.39";"0";"1.65";"Table 1, 29";"CC[C@H](C)[C@H](N)C(=O)N[C@@H](Cc1c[nH]c2ccccc12)C(=O)O";"logIC50";"'='";"0.67";"";"";"";"";"";"";"";"";"";"0";"CHEMBL3363246";"Inhibition of ACE (unknown origin)";"B";"BAO_0000357";"single protein format";"Homo sapiens";"None";"None";"None";"None";"";"";"";"CHEMBL1808";"Angiotensin-converting enzyme";"Homo sapiens";"SINGLE PROTEIN";"CHEMBL3352520";"1";"Scientific Literature";"Eur J Med Chem";"2014";"None";"";"";"";"0.67"
"CHEMBL91777";"VALYLTRYPTOPHAN";"None";"303.36";"0";"1.26";"Table 1, 26";"CC(C)[C@H](N)C(=O)N[C@@H](Cc1c[nH]c2ccccc12)C(=O)O";"logIC50";"'='";"0.2";"";"";"";"";"";"";"";"";"";"0";"CHEMBL3363246";"Inhibition of ACE (unknown origin)";"B";"BAO_0000357";"single protein format";"Homo sapiens";"None";"None";"None";"None";"";"";"";"CHEMBL1808";"Angiotensin-converting enzyme";"Homo sapiens";"SINGLE PROTEIN";"CHEMBL3352520";"1";"Scientific Literature";"Eur J Med Chem";"2014";"None";"";"";"";"0.2"
"CHEMBL80548";"GLYCYL PROLINE";"None";"172.18";"0";"-0.98";"47";"NCC(=O)N1CCC[C@H]1C(=O)O";"IC50";"'='";"446683.59";"nM";"";"Outside typical range";"";"UO_0000065";"";"";"";"";"0";"CHEMBL648337";"Inhibitory activity against angiotensin converting enzyme (ACE)";"F";"BAO_0000019";"assay format";"None";"None";"None";"None";"None";"";"";"";"CHEMBL1808";"Angiotensin-converting enzyme";"Homo sapiens";"SINGLE PROTEIN";"CHEMBL1126767";"1";"Scientific Literature";"J Med Chem";"1993";"None";"";"";"";"3.35"
"CHEMBL80950";"";"None";"379.42";"0";"1.44";"2";"N#CCC(=O)NC(Cc1ccccc1)C(=O)NC(Cc1ccccc1)C(=O)O";"K cat/Kinact";"'='";"8300.0";"";"";"";"";"";"";"";"";"";"0";"CHEMBL849798";"Partition ratio expressed as ratio of catalytic constant to that of inactivation constant for angiotensin converting enzyme (ACE)";"B";"BAO_0000357";"single protein format";"None";"None";"None";"None";"None";"";"";"";"CHEMBL1808";"Angiotensin-converting enzyme";"Homo sapiens";"SINGLE PROTEIN";"CHEMBL1126768";"1";"Scientific Literature";"J Med Chem";"1993";"None";"";"";"";"8300.0"
"CHEMBL93562";"";"None";"372.36";"0";"0.94";"27";"CC(C)[C@H](NCP(=O)(O)O)C(=O)N[C@@H](CCc1ccccc1)C(=O)O";"IC50";"'='";"100.0";"nM";"7.00";"";"";"UO_0000065";"18.80";"0.38";"6.06";"5.15";"0";"CHEMBL876577";"In vitro inhibitory concentration against angiotensin-converting enzyme";"B";"BAO_0000224";"protein format";"None";"None";"None";"None";"None";"";"";"";"CHEMBL1808";"Angiotensin-converting enzyme";"Homo sapiens";"SINGLE PROTEIN";"CHEMBL1150039";"1";"Scientific Literature";"Bioorg Med Chem Lett";"1994";"None";"";"";"";"100.0"
"CHEMBL519266";"RHYNCHOPHYLLINE";"None";"384.48";"0";"2.70";"Rhynchophylline";"CC[C@H]1CN2CC[C@]3(C(=O)Nc4ccccc43)[C@@H]2C[C@@H]1/C(=C\OC)C(=O)OC";"Inhibition";"'='";"10.03";"%";"";"";"";"UO_0000187";"";"";"";"";"0";"CHEMBL4057853";"Inhibition of recombinant human ACE at 100 uM using Mca-R-P-PG-F-S-A-F-K(Dnp)-OH as substrate measured every 2 mins for 8 mins by fluorescence assay";"B";"BAO_0000357";"single protein format";"Homo sapiens";"None";"None";"None";"None";"";"";"";"CHEMBL1808";"Angiotensin-converting enzyme";"Homo sapiens";"SINGLE PROTEIN";"CHEMBL4052767";"1";"Scientific Literature";"Bioorg Med Chem Lett";"2017";"None";"";"";"";"10.03"
"CHEMBL139523";"";"None";"303.36";"0";"2.04";"6";"O=C(CCC(=O)N1CCCC1C(=O)O)CCc1ccccc1";"IC50";"'='";"2600000.0";"nM";"";"Outside typical range";"";"UO_0000065";"";"";"";"";"0";"CHEMBL645287";"In vitro inhibitory activity against Angiotensin I converting enzyme";"B";"BAO_0000357";"single protein format";"None";"None";"None";"None";"None";"";"";"";"CHEMBL1808";"Angiotensin-converting enzyme";"Homo sapiens";"SINGLE PROTEIN";"CHEMBL1122972";"1";"Scientific Literature";"J Med Chem";"1985";"None";"";"";"";"0.0026"
"CHEMBL306117";"";"None";"175.14";"0";"-0.95";"37";"O=C(O)CCC(=O)NCC(=O)O";"IC50";"'='";"1995262.31";"nM";"";"Outside typical range";"";"UO_0000065";"";"";"";"";"0";"CHEMBL648337";"Inhibitory activity against angiotensin converting enzyme (ACE)";"F";"BAO_0000019";"assay format";"None";"None";"None";"None";"None";"";"";"";"CHEMBL1808";"Angiotensin-converting enzyme";"Homo sapiens";"SINGLE PROTEIN";"CHEMBL1126767";"1";"Scientific Literature";"J Med Chem";"1993";"None";"";"";"";"2.7"
"CHEMBL1560";"CAPTOPRIL";"4.0";"217.29";"0";"0.63";"Captopril";"C[C@H](CS)C(=O)N1CCC[C@H]1C(=O)O";"IC50";"'='";"12.0";"nM";"7.92";"";"";"UO_0000065";"36.45";"0.77";"7.29";"13.75";"0";"CHEMBL648347";"Concentration required for 50% inhibition of Angiotensin I converting enzyme";"B";"BAO_0000224";"protein format";"Cavia porcellus";"None";"None";"None";"None";"";"";"";"CHEMBL1808";"Angiotensin-converting enzyme";"Homo sapiens";"SINGLE PROTEIN";"CHEMBL1121705";"1";"Scientific Literature";"J Med Chem";"1981";"None";"";"";"";"1.2E-8"
"CHEMBL2296623";"";"None";"317.35";"0";"3.35";"4c";"Cc1nnc(-c2ccccc2-c2ccc(Cn3cncn3)cc2)o1";"Inhibition";"";"";"%";"";"";"";"UO_0000187";"";"";"";"";"0";"CHEMBL3071359";"Inhibition of ACE (unknown origin) using Hippuryl-His-Leu as substrate at 1 to 10 ug incubated for 10 min prior to substrate addition measured after 45 min by spectrophotometric analysis relative to control";"B";"BAO_0000357";"single protein format";"Homo sapiens";"None";"None";"None";"None";"";"";"";"CHEMBL1808";"Angiotensin-converting enzyme";"Homo sapiens";"SINGLE PROTEIN";"CHEMBL3045976";"1";"Scientific Literature";"Med Chem Res";"2013";"None";"";"";"Not active";""
"CHEMBL567628";"";"None";"695.71";"2";"6.08";"7F2";"O=C(N[C@@H](Cc1ccccc1)P(=O)(O)C[C@H](Cc1cc(-c2ccccc2)no1)C(=O)N[C@@H](Cc1ccccc1)C(=O)O)OCc1ccccc1";"Ki";"'='";"3.8";"nM";"8.42";"";"";"UO_0000065";"12.10";"0.23";"2.34";"5.01";"0";"CHEMBL1045256";"Inhibition of human somatic ACE in presence of buffer";"B";"BAO_0000357";"single protein format";"Homo sapiens";"None";"None";"None";"None";"";"";"";"CHEMBL1808";"Angiotensin-converting enzyme";"Homo sapiens";"SINGLE PROTEIN";"CHEMBL1156752";"1";"Scientific Literature";"J Med Chem";"2010";"None";"";"";"";"3.8"
"CHEMBL289556";"OMAPATRILAT";"2.0";"408.55";"0";"1.94";"omapatrilat";"O=C(N[C@H]1CCS[C@H]2CCC[C@@H](C(=O)O)N2C1=O)[C@@H](S)Cc1ccccc1";"Ki";"'='";"6.0";"nM";"8.22";"";"";"UO_0000065";"20.12";"0.42";"6.28";"9.48";"0";"CHEMBL1045247";"Inhibition of human somatic ACE C-terminal domain";"B";"BAO_0000357";"single protein format";"Homo sapiens";"None";"None";"None";"None";"";"";"";"CHEMBL1808";"Angiotensin-converting enzyme";"Homo sapiens";"SINGLE PROTEIN";"CHEMBL1156752";"1";"Scientific Literature";"J Med Chem";"2010";"None";"";"";"";"6.0"
"CHEMBL567628";"";"None";"695.71";"2";"6.08";"7F2";"O=C(N[C@@H](Cc1ccccc1)P(=O)(O)C[C@H](Cc1cc(-c2ccccc2)no1)C(=O)N[C@@H](Cc1ccccc1)C(=O)O)OCc1ccccc1";"Ki";"'='";"32.0";"nM";"7.50";"";"";"UO_0000065";"10.77";"0.20";"1.41";"4.46";"0";"CHEMBL1045252";"Inhibition of human somatic ACE in presence of 1:100 diluted SHR rat plasma";"B";"BAO_0000366";"cell-free format";"Homo sapiens";"CHEMBL3559721";"Plasma";"None";"None";"";"";"";"CHEMBL1808";"Angiotensin-converting enzyme";"Homo sapiens";"SINGLE PROTEIN";"CHEMBL1156752";"1";"Scientific Literature";"J Med Chem";"2010";"None";"";"";"";"32.0"
"CHEMBL570842";"";"None";"736.76";"2";"6.24";"1";"O=C(N[C@@H](Cc1ccccc1)P(=O)(O)CC(CC1CC(c2ccccc2)=NO1)C(=O)N[C@@H](Cc1c[nH]c2ccccc12)C(=O)O)OCc1ccccc1";"Ki";"'='";"13.0";"nM";"7.89";"";"";"UO_0000065";"10.70";"0.20";"1.65";"4.40";"0";"CHEMBL1045247";"Inhibition of human somatic ACE C-terminal domain";"B";"BAO_0000357";"single protein format";"Homo sapiens";"None";"None";"None";"None";"";"";"";"CHEMBL1808";"Angiotensin-converting enzyme";"Homo sapiens";"SINGLE PROTEIN";"CHEMBL1156752";"1";"Scientific Literature";"J Med Chem";"2010";"None";"";"";"";"13.0"
"CHEMBL570722";"";"None";"812.86";"2";"7.91";"4";"O=C(N[C@@H](Cc1ccccc1)P(=O)(O)CC(CC1CC(c2ccc(-c3ccccc3)cc2)=NO1)C(=O)N[C@@H](Cc1c[nH]c2ccccc12)C(=O)O)OCc1ccccc1";"Ki";"'='";"25.0";"nM";"7.60";"";"";"UO_0000065";"9.35";"0.18";"-0.31";"4.24";"0";"CHEMBL1045247";"Inhibition of human somatic ACE C-terminal domain";"B";"BAO_0000357";"single protein format";"Homo sapiens";"None";"None";"None";"None";"";"";"";"CHEMBL1808";"Angiotensin-converting enzyme";"Homo sapiens";"SINGLE PROTEIN";"CHEMBL1156752";"1";"Scientific Literature";"J Med Chem";"2010";"None";"";"";"";"25.0"
"CHEMBL313419";"";"None";"448.46";"0";"2.75";"16";"CCCC[C@H](NCP(=O)(O)O)C(=O)N[C@@H](Cc1ccc(-c2ccccc2)cc1)C(=O)O";"IC50";"'='";"731.0";"nM";"6.14";"";"";"UO_0000065";"13.68";"0.27";"3.39";"4.51";"0";"CHEMBL876577";"In vitro inhibitory concentration against angiotensin-converting enzyme";"B";"BAO_0000224";"protein format";"None";"None";"None";"None";"None";"";"";"";"CHEMBL1808";"Angiotensin-converting enzyme";"Homo sapiens";"SINGLE PROTEIN";"CHEMBL1150039";"1";"Scientific Literature";"Bioorg Med Chem Lett";"1994";"None";"";"";"";"731.0"
"CHEMBL2296626";"";"None";"422.53";"0";"2.84";"4f";"Cc1nnc(-c2ccccc2-c2ccc(CN3CCN(CCOCCO)CC3)cc2)o1";"Inhibition";"";"";"%";"";"";"";"UO_0000187";"";"";"";"";"0";"CHEMBL3071359";"Inhibition of ACE (unknown origin) using Hippuryl-His-Leu as substrate at 1 to 10 ug incubated for 10 min prior to substrate addition measured after 45 min by spectrophotometric analysis relative to control";"B";"BAO_0000357";"single protein format";"Homo sapiens";"None";"None";"None";"None";"";"";"";"CHEMBL1808";"Angiotensin-converting enzyme";"Homo sapiens";"SINGLE PROTEIN";"CHEMBL3045976";"1";"Scientific Literature";"Med Chem Res";"2013";"None";"";"";"Not active";""
"CHEMBL1581";"PERINDOPRIL";"4.0";"368.47";"0";"1.94";"Perindopril";"CCC[C@H](N[C@@H](C)C(=O)N1[C@H](C(=O)O)C[C@@H]2CCCC[C@@H]21)C(=O)OCC";"IC50";"'='";"1.5";"nM";"8.82";"";"";"UO_0000065";"23.95";"0.46";"6.88";"9.20";"0";"CHEMBL2445166";"Inhibition of ACE (unknown origin)";"B";"BAO_0000357";"single protein format";"Homo sapiens";"None";"None";"None";"None";"";"";"";"CHEMBL1808";"Angiotensin-converting enzyme";"Homo sapiens";"SINGLE PROTEIN";"CHEMBL2439978";"1";"Scientific Literature";"Bioorg Med Chem";"2013";"None";"";"";"";"1.5"
"CHEMBL505978";"";"None";"1371.71";"None";"None";"Table 2, 9";"CC[C@H](C)[C@H](NC(=O)[C@H](Cc1c[nH]c2ccccc12)NC(=O)[C@H](Cc1c[nH]c2ccccc12)NC(=O)[C@H](Cc1c[nH]c2ccccc12)NC(=O)[C@@H](NC(=O)[C@H](CCCCN)NC(=O)[C@H](CCCNC(=N)N)NC(=O)[C@@H](N)CCCCN)[C@@H](C)CC)C(=O)N[C@@H](CCCNC(=N)N)C(=O)O";"Ratio IC50";"'='";"0.28";"";"";"";"";"";"";"";"";"";"0";"CHEMBL3363247";"Inhibition of ACE (unknown origin) relative to peptide Bac2A RLARIVVIRVAR sequence";"B";"BAO_0000357";"single protein format";"Homo sapiens";"None";"None";"None";"None";"";"";"";"CHEMBL1808";"Angiotensin-converting enzyme";"Homo sapiens";"SINGLE PROTEIN";"CHEMBL3352520";"1";"Scientific Literature";"Eur J Med Chem";"2014";"None";"";"";"";"0.28"
"CHEMBL308267";"";"None";"267.24";"0";"0.14";"6";"O=C(O)CCc1cc(O)c2n(c1=O)[C@H](C(=O)O)CC2";"IC50";"'='";"457.09";"nM";"6.34";"";"";"UO_0000065";"";"";"";"";"0";"CHEMBL648337";"Inhibitory activity against angiotensin converting enzyme (ACE)";"F";"BAO_0000019";"assay format";"None";"None";"None";"None";"None";"";"";"";"CHEMBL1808";"Angiotensin-converting enzyme";"Homo sapiens";"SINGLE PROTEIN";"CHEMBL1126767";"1";"Scientific Literature";"J Med Chem";"1993";"None";"";"";"";"6.34"
"CHEMBL78726";"";"None";"364.40";"0";"0.83";"21";"C[C@H](NC(CCc1ccc(O)cc1)C(=O)O)C(=O)N1CCC[C@H]1C(=O)O";"IC50";"'='";"2.818";"nM";"8.55";"";"";"UO_0000065";"";"";"";"";"0";"CHEMBL648337";"Inhibitory activity against angiotensin converting enzyme (ACE)";"F";"BAO_0000019";"assay format";"None";"None";"None";"None";"None";"";"";"";"CHEMBL1808";"Angiotensin-converting enzyme";"Homo sapiens";"SINGLE PROTEIN";"CHEMBL1126767";"1";"Scientific Literature";"J Med Chem";"1993";"None";"";"";"";"8.55"
"CHEMBL78440";"";"None";"177.22";"0";"-0.10";"31";"C[C@H](NC(=O)CCS)C(=O)O";"IC50";"'='";"851.14";"nM";"6.07";"";"";"UO_0000065";"";"";"";"";"0";"CHEMBL648337";"Inhibitory activity against angiotensin converting enzyme (ACE)";"F";"BAO_0000019";"assay format";"None";"None";"None";"None";"None";"";"";"";"CHEMBL1808";"Angiotensin-converting enzyme";"Homo sapiens";"SINGLE PROTEIN";"CHEMBL1126767";"1";"Scientific Literature";"J Med Chem";"1993";"None";"";"";"";"6.07"
"CHEMBL92638";"";"None";"474.49";"0";"3.14";"20";"O=C(O)[C@H](Cc1ccc(-c2ccccc2)cc1)NC(=O)[C@@H](NCP(=O)(O)O)C1CCCCC1";"IC50";"'>'";"1000.0";"nM";"";"";"";"UO_0000065";"";"";"";"";"0";"CHEMBL876577";"In vitro inhibitory concentration against angiotensin-converting enzyme";"B";"BAO_0000224";"protein format";"None";"None";"None";"None";"None";"";"";"";"CHEMBL1808";"Angiotensin-converting enzyme";"Homo sapiens";"SINGLE PROTEIN";"CHEMBL1150039";"1";"Scientific Literature";"Bioorg Med Chem Lett";"1994";"None";"";"";"";"1000.0"
"CHEMBL3414811";"";"None";"453.42";"0";"4.49";"9b";"O=c1c2ccccc2nc(C(F)(F)F)n1CC(O)COc1cccc2[nH]c3ccccc3c12";"Inhibition";"";"";"%";"";"";"";"UO_0000187";"";"";"";"";"0";"CHEMBL3421146";"Inhibition of ACE (unknown origin) at 0.5 uM to 10 uM uM using synthetic peptide hippuryl-histidyl-leucine substrate by high-throughput colorimetric screening method";"B";"BAO_0000357";"single protein format";"Homo sapiens";"None";"None";"None";"None";"";"";"";"CHEMBL1808";"Angiotensin-converting enzyme";"Homo sapiens";"SINGLE PROTEIN";"CHEMBL3414498";"1";"Scientific Literature";"Eur J Med Chem";"2015";"None";"";"";"Active";""
"CHEMBL3414812";"";"None";"461.52";"1";"5.14";"9c";"O=c1c2ccccc2nc(-c2ccccc2)n1CC(O)COc1cccc2[nH]c3ccccc3c12";"Inhibition";"'='";"100.0";"%";"";"";"";"UO_0000187";"";"";"";"";"0";"CHEMBL3421145";"Inhibition of ACE (unknown origin) at 1 uM using synthetic peptide hippuryl-histidyl-leucine substrate by high-throughput colorimetric screening method relative to lisinopril";"B";"BAO_0000357";"single protein format";"Homo sapiens";"None";"None";"None";"None";"";"";"";"CHEMBL1808";"Angiotensin-converting enzyme";"Homo sapiens";"SINGLE PROTEIN";"CHEMBL3414498";"1";"Scientific Literature";"Eur J Med Chem";"2015";"None";"";"";"";"100.0"
"CHEMBL1560";"CAPTOPRIL";"4.0";"217.29";"0";"0.63";"captopril";"C[C@H](CS)C(=O)N1CCC[C@H]1C(=O)O";"IC50";"'='";"25.0";"nM";"7.60";"";"";"UO_0000065";"34.99";"0.74";"6.97";"13.20";"0";"CHEMBL648683";"In vitro inhibition of Angiotensin I converting enzyme in Hog plasma";"B";"BAO_0000366";"cell-free format";"Sus scrofa";"CHEMBL3559721";"Plasma";"None";"None";"";"";"";"CHEMBL1808";"Angiotensin-converting enzyme";"Homo sapiens";"SINGLE PROTEIN";"CHEMBL1124790";"1";"Scientific Literature";"J Med Chem";"1990";"None";"";"";"";"0.025"
"CHEMBL78385";"";"None";"398.40";"0";"1.83";"121";"COP(=O)(O)C(CCc1ccccc1)N[C@@H](C)C(=O)N1CCC[C@H]1C(=O)O";"IC50";"'='";"436.52";"nM";"6.36";"";"";"UO_0000065";"";"";"";"";"0";"CHEMBL648337";"Inhibitory activity against angiotensin converting enzyme (ACE)";"F";"BAO_0000019";"assay format";"None";"None";"None";"None";"None";"";"";"";"CHEMBL1808";"Angiotensin-converting enzyme";"Homo sapiens";"SINGLE PROTEIN";"CHEMBL1126767";"1";"Scientific Literature";"J Med Chem";"1993";"None";"";"";"";"6.36"
"CHEMBL17697";"";"None";"160.17";"0";"-1.08";"AA";"C[C@H](N)C(=O)N[C@@H](C)C(=O)O";"IC50";"'='";"616595.0";"nM";"";"Outside typical range";"";"UO_0000065";"";"";"";"";"0";"CHEMBL858254";"Biological activity was measured against Angiotensin I converting enzyme";"B";"BAO_0000357";"single protein format";"None";"None";"None";"None";"None";"";"";"";"CHEMBL1808";"Angiotensin-converting enzyme";"Homo sapiens";"SINGLE PROTEIN";"CHEMBL1128468";"1";"Scientific Literature";"J Med Chem";"1995";"None";"";"";"";"3.21"
"CHEMBL309601";"";"None";"354.34";"0";"1.47";"29";"C[C@H](NP(=O)(O)CCc1ccccc1)C(=O)N1CCC[C@H]1C(=O)O";"IC50";"'='";"7.079";"nM";"8.15";"";"";"UO_0000065";"";"";"";"";"0";"CHEMBL648337";"Inhibitory activity against angiotensin converting enzyme (ACE)";"F";"BAO_0000019";"assay format";"None";"None";"None";"None";"None";"";"";"";"CHEMBL1808";"Angiotensin-converting enzyme";"Homo sapiens";"SINGLE PROTEIN";"CHEMBL1126767";"1";"Scientific Literature";"J Med Chem";"1993";"None";"";"";"";"8.15"
"CHEMBL78953";"";"None";"236.27";"0";"0.15";"53";"C[C@@H](N)C(=O)N[C@@H](Cc1ccccc1)C(=O)O";"IC50";"'='";"52480.75";"nM";"4.28";"";"";"UO_0000065";"";"";"";"";"0";"CHEMBL648337";"Inhibitory activity against angiotensin converting enzyme (ACE)";"F";"BAO_0000019";"assay format";"None";"None";"None";"None";"None";"";"";"";"CHEMBL1808";"Angiotensin-converting enzyme";"Homo sapiens";"SINGLE PROTEIN";"CHEMBL1126767";"1";"Scientific Literature";"J Med Chem";"1993";"None";"";"";"";"4.28"
"CHEMBL279737";"";"None";"279.36";"0";"1.59";"41";"CC(CS)C(=O)N1Cc2ccccc2CC1C(=O)O";"IC50";"'='";"18.0";"nM";"7.75";"";"";"UO_0000065";"27.72";"0.56";"6.15";"13.44";"0";"CHEMBL648350";"Inhibition of guinea pig angiotensin I converting enzyme";"B";"BAO_0000357";"single protein format";"Cavia porcellus";"None";"None";"None";"None";"";"";"";"CHEMBL1808";"Angiotensin-converting enzyme";"Homo sapiens";"SINGLE PROTEIN";"CHEMBL1123237";"1";"Scientific Literature";"J Med Chem";"1986";"None";"";"";"";"0.018"
"CHEMBL4081997";"";"None";"456.59";"0";"2.45";"10d";"NCCNS(=O)(=O)c1ccc(-c2ccc(CSc3nc4c(c(=O)[nH]3)CCC4)cc2)cc1";"Inhibition";"'='";"7.0";"%";"";"";"";"UO_0000187";"";"";"";"";"0";"CHEMBL4017413";"Inhibition of ACE (unknown origin) at 1 uM relative to control";"B";"BAO_0000357";"single protein format";"Homo sapiens";"None";"None";"None";"None";"";"";"";"CHEMBL1808";"Angiotensin-converting enzyme";"Homo sapiens";"SINGLE PROTEIN";"CHEMBL4014357";"1";"Scientific Literature";"J Med Chem";"2017";"None";"";"";"";"7.0"
"CHEMBL23351";"";"None";"265.33";"0";"1.52";"31";"O=C(O)C1c2ccccc2CCN1C(=O)CCS";"IC50";"'='";"1800.0";"nM";"5.75";"";"";"UO_0000065";"21.65";"0.44";"4.22";"9.97";"0";"CHEMBL5258025";"Inhibition of angiotensin-converting enzyme (unknown origin)";"B";"BAO_0000357";"single protein format";"Homo sapiens";"None";"None";"None";"None";"";"";"";"CHEMBL1808";"Angiotensin-converting enzyme";"Homo sapiens";"SINGLE PROTEIN";"CHEMBL5257037";"1";"Scientific Literature";"J Med Chem";"2016";"None";"";"INHIBITOR";"";"1.8"
"CHEMBL5283805";"";"None";"304.37";"0";"1.83";"33";"O=C(O)[C@@H]1Cc2c([nH]c3ccccc23)CN1C(=O)CCS";"IC50";"'='";"540.0";"nM";"6.27";"";"";"UO_0000065";"20.59";"0.41";"4.44";"8.54";"0";"CHEMBL5258025";"Inhibition of angiotensin-converting enzyme (unknown origin)";"B";"BAO_0000357";"single protein format";"Homo sapiens";"None";"None";"None";"None";"";"";"";"CHEMBL1808";"Angiotensin-converting enzyme";"Homo sapiens";"SINGLE PROTEIN";"CHEMBL5257037";"1";"Scientific Literature";"J Med Chem";"2016";"None";"";"INHIBITOR";"";"540.0"
"CHEMBL3322017";"";"None";"345.47";"0";"0.28";"Table 1, 68";"CSCC[C@H](NC(=O)[C@@H](N)C(C)C)C(=O)N1CCC[C@H]1C(=O)O";"logIC50";"'='";"1.46";"";"";"";"";"";"";"";"";"";"0";"CHEMBL3363246";"Inhibition of ACE (unknown origin)";"B";"BAO_0000357";"single protein format";"Homo sapiens";"None";"None";"None";"None";"";"";"";"CHEMBL1808";"Angiotensin-converting enzyme";"Homo sapiens";"SINGLE PROTEIN";"CHEMBL3352520";"1";"Scientific Literature";"Eur J Med Chem";"2014";"None";"";"";"";"1.46"
"CHEMBL1807679";"";"None";"432.52";"0";"0.28";"Table 1, 70";"CC(C)[C@H](NC(=O)[C@@H](N)Cc1ccccc1)C(=O)N[C@@H](C)C(=O)N1CCC[C@H]1C(=O)O";"logIC50";"'='";"1.0";"";"";"";"";"";"";"";"";"";"0";"CHEMBL3363246";"Inhibition of ACE (unknown origin)";"B";"BAO_0000357";"single protein format";"Homo sapiens";"None";"None";"None";"None";"";"";"";"CHEMBL1808";"Angiotensin-converting enzyme";"Homo sapiens";"SINGLE PROTEIN";"CHEMBL3352520";"1";"Scientific Literature";"Eur J Med Chem";"2014";"None";"";"";"";"1.0"
"CHEMBL447273";"";"None";"1487.79";"None";"None";"Table 2, 6";"N=C(N)NCCC[C@H](NC(=O)[C@H](CCCNC(=N)N)NC(=O)[C@H](Cc1c[nH]c2ccccc12)NC(=O)[C@H](Cc1c[nH]c2ccccc12)NC(=O)[C@H](CCCCN)NC(=O)[C@H](Cc1c[nH]c2ccccc12)NC(=O)[C@H](Cc1c[nH]c2ccccc12)NC(=O)[C@H](CCCNC(=N)N)NC(=O)[C@@H](N)CCCCN)C(=O)O";"Ratio IC50";"'='";"0.13";"";"";"";"";"";"";"";"";"";"0";"CHEMBL3363247";"Inhibition of ACE (unknown origin) relative to peptide Bac2A RLARIVVIRVAR sequence";"B";"BAO_0000357";"single protein format";"Homo sapiens";"None";"None";"None";"None";"";"";"";"CHEMBL1808";"Angiotensin-converting enzyme";"Homo sapiens";"SINGLE PROTEIN";"CHEMBL3352520";"1";"Scientific Literature";"Eur J Med Chem";"2014";"None";"";"";"";"0.13"
"CHEMBL507901";"";"None";"1545.83";"None";"None";"Table 2, 10";"N=C(N)NCCC[C@H](NC(=O)[C@H](CCCNC(=N)N)NC(=O)[C@H](Cc1c[nH]c2ccccc12)NC(=O)[C@H](Cc1c[nH]c2ccccc12)NC(=O)[C@H](CCCCN)NC(=O)[C@H](Cc1c[nH]c2ccccc12)NC(=O)[C@H](Cc1c[nH]c2ccccc12)NC(=O)[C@H](CCCNC(=N)N)NC(=O)[C@@H](N)Cc1c[nH]c2ccccc12)C(=O)O";"Ratio IC50";"'='";"0.23";"";"";"";"";"";"";"";"";"";"0";"CHEMBL3363247";"Inhibition of ACE (unknown origin) relative to peptide Bac2A RLARIVVIRVAR sequence";"B";"BAO_0000357";"single protein format";"Homo sapiens";"None";"None";"None";"None";"";"";"";"CHEMBL1808";"Angiotensin-converting enzyme";"Homo sapiens";"SINGLE PROTEIN";"CHEMBL3352520";"1";"Scientific Literature";"Eur J Med Chem";"2014";"None";"";"";"";"0.23"
"CHEMBL506079";"";"None";"1545.83";"None";"None";"Table 2, 17";"N=C(N)NCCC[C@H](NC(=O)[C@H](CCCCN)NC(=O)[C@H](CCCNC(=N)N)NC(=O)[C@@H](N)CCCNC(=N)N)C(=O)N[C@@H](Cc1c[nH]c2ccccc12)C(=O)N[C@@H](Cc1c[nH]c2ccccc12)C(=O)N[C@@H](Cc1c[nH]c2ccccc12)C(=O)N[C@@H](Cc1c[nH]c2ccccc12)C(=O)N[C@@H](Cc1c[nH]c2ccccc12)C(=O)O";"Ratio IC50";"'='";"0.43";"";"";"";"";"";"";"";"";"";"0";"CHEMBL3363247";"Inhibition of ACE (unknown origin) relative to peptide Bac2A RLARIVVIRVAR sequence";"B";"BAO_0000357";"single protein format";"Homo sapiens";"None";"None";"None";"None";"";"";"";"CHEMBL1808";"Angiotensin-converting enzyme";"Homo sapiens";"SINGLE PROTEIN";"CHEMBL3352520";"1";"Scientific Literature";"Eur J Med Chem";"2014";"None";"";"";"";"0.43"
"CHEMBL435360";"";"None";"422.48";"0";"2.45";"1";"O=C(N[C@@H](Cc1ccccc1)C(=O)CCC(=O)N1CCC[C@H]1C(=O)O)c1ccccc1";"IC50";"'='";"70.0";"nM";"7.16";"";"";"UO_0000065";"16.94";"0.32";"4.70";"6.89";"1";"CHEMBL644577";"Compound was evaluated for inhibition of porcine plasma Angiotensin I converting enzyme by using fluorometric assay";"B";"BAO_0000357";"single protein format";"Sus scrofa";"CHEMBL3559721";"Plasma";"None";"None";"";"";"";"CHEMBL1808";"Angiotensin-converting enzyme";"Homo sapiens";"SINGLE PROTEIN";"CHEMBL1122914";"1";"Scientific Literature";"J Med Chem";"1985";"None";"";"";"";"70.0"
"CHEMBL417169";"";"None";"391.47";"0";"1.07";"5b";"CCOC(=O)[C@H](CCCCN)N[C@H]1CCc2ccccc2N(CC(=O)O)C1=O";"IC50";"'='";"40.0";"nM";"7.40";"";"";"UO_0000065";"18.90";"0.36";"6.33";"6.07";"0";"CHEMBL644701";"In vitro inhibitory activity against Angiotensin I converting enzyme";"B";"BAO_0000357";"single protein format";"None";"None";"None";"None";"None";"";"";"";"CHEMBL1808";"Angiotensin-converting enzyme";"Homo sapiens";"SINGLE PROTEIN";"CHEMBL1122836";"1";"Scientific Literature";"J Med Chem";"1985";"None";"";"";"";"40.0"
"CHEMBL567628";"";"None";"695.71";"2";"6.08";"7F2";"O=C(N[C@@H](Cc1ccccc1)P(=O)(O)C[C@H](Cc1cc(-c2ccccc2)no1)C(=O)N[C@@H](Cc1ccccc1)C(=O)O)OCc1ccccc1";"Ki";"'='";"340.0";"nM";"6.47";"";"";"UO_0000065";"9.30";"0.18";"0.39";"3.85";"0";"CHEMBL1045251";"Inhibition of human somatic ACE in presence of 1:50 diluted SHR rat plasma";"B";"BAO_0000357";"single protein format";"Homo sapiens";"CHEMBL3559721";"Plasma";"None";"None";"";"";"";"CHEMBL1808";"Angiotensin-converting enzyme";"Homo sapiens";"SINGLE PROTEIN";"CHEMBL1156752";"1";"Scientific Literature";"J Med Chem";"2010";"None";"";"";"";"340.0"
"CHEMBL331575";"";"None";"231.32";"0";"1.16";"II";"CC1CCCC(C(=O)O)N1C(=O)CCS";"IC50";"'='";"20.0";"nM";"7.70";"";"";"UO_0000065";"33.28";"0.70";"6.54";"13.36";"0";"CHEMBL648691";"Inhibitory activity against Angiotensin I converting enzyme (ACE) from human blood serum";"B";"BAO_0000357";"single protein format";"None";"None";"None";"None";"None";"";"";"";"CHEMBL1808";"Angiotensin-converting enzyme";"Homo sapiens";"SINGLE PROTEIN";"CHEMBL1145855";"1";"Scientific Literature";"J Med Chem";"2003";"None";"";"";"";"2E-8"
"CHEMBL100966";"";"None";"385.46";"0";"1.52";"3b";"CCCCCCCC[C@H](N[C@H](C)C(=O)N1C(=O)N(C)C[C@H]1C(=O)O)C(=O)O";"IC50";"'='";"2400.0";"nM";"5.62";"";"";"UO_0000065";"14.58";"0.28";"4.10";"4.42";"0";"CHEMBL644735";"Inhibition of Angiotensin I converting enzyme from pig renal cortex, hippuryl-histidyl-leucine as substrate";"B";"BAO_0000019";"assay format";"Sus scrofa";"None";"None";"None";"None";"";"";"";"CHEMBL1808";"Angiotensin-converting enzyme";"Homo sapiens";"SINGLE PROTEIN";"CHEMBL1124381";"1";"Scientific Literature";"J Med Chem";"1989";"None";"";"";"";"0.0000024"
"CHEMBL53141";"";"None";"266.41";"0";"3.66";"7b";"CCC(C)C(CC(S)Cc1ccccc1)C(=O)O";"IC50";"'='";"4000.0";"nM";"5.40";"";"";"UO_0000065";"20.26";"0.41";"1.74";"14.47";"0";"CHEMBL884037";"Tested for inhibitory potency against Angiotensin I Converting Enzyme";"B";"BAO_0000357";"single protein format";"None";"None";"None";"None";"None";"";"";"";"CHEMBL1808";"Angiotensin-converting enzyme";"Homo sapiens";"SINGLE PROTEIN";"CHEMBL1127546";"1";"Scientific Literature";"J Med Chem";"1994";"None";"";"";"";"4.0"
"CHEMBL4086264";"";"None";"592.62";"1";"1.99";"6b";"CC[C@H](N[C@@H](CCc1ccccc1)C(=O)O)C(=O)N1C[C@@H](NC(=O)C[C@H](N)Cc2cc(F)c(F)cc2F)C[C@H]1C(=O)O";"IC50";"'='";"8.6";"nM";"8.07";"";"";"UO_0000065";"13.61";"0.26";"6.08";"4.98";"0";"CHEMBL4021433";"Inhibition of human plasma ACE";"B";"BAO_0000357";"single protein format";"Homo sapiens";"None";"None";"None";"None";"";"";"";"CHEMBL1808";"Angiotensin-converting enzyme";"Homo sapiens";"SINGLE PROTEIN";"CHEMBL4020733";"1";"Scientific Literature";"Bioorg Med Chem Lett";"2017";"None";"";"";"";"8.6"
"CHEMBL1485";"ARGININE";"3.0";"174.20";"0";"-1.34";"L-arginine";"N=C(N)NCCC[C@H](N)C(=O)O";"IC50";"";"";"";"";"";"";"";"";"";"";"";"0";"CHEMBL3583583";"Inhibition of ACE (unknown origin) using 3-Hydroxybutylyl-Gly-Gly-Gly substrate assessed as reduction in 3-Hyroxybutylic acid generation incubated for 1 hr by colorimetric assay";"B";"BAO_0000357";"single protein format";"Homo sapiens";"None";"None";"None";"None";"";"";"";"CHEMBL1808";"Angiotensin-converting enzyme";"Homo sapiens";"SINGLE PROTEIN";"CHEMBL3580612";"1";"Scientific Literature";"J Nat Prod";"2015";"None";"";"";"Not active";""
"CHEMBL3581907";"";"None";"303.31";"0";"-1.62";"nicotianamine";"N[C@@H](CCN[C@@H](CCN1CC[C@H]1C(=O)O)C(=O)O)C(=O)O";"IC50";"'='";"18700.0";"nM";"4.73";"";"";"UO_0000065";"15.59";"0.31";"6.35";"3.09";"0";"CHEMBL3583583";"Inhibition of ACE (unknown origin) using 3-Hydroxybutylyl-Gly-Gly-Gly substrate assessed as reduction in 3-Hyroxybutylic acid generation incubated for 1 hr by colorimetric assay";"B";"BAO_0000357";"single protein format";"Homo sapiens";"None";"None";"None";"None";"";"";"";"CHEMBL1808";"Angiotensin-converting enzyme";"Homo sapiens";"SINGLE PROTEIN";"CHEMBL3580612";"1";"Scientific Literature";"J Nat Prod";"2015";"None";"";"";"";"18.7"
"CHEMBL1233799";"";"None";"535.53";"2";"1.54";"1, K-26";"CC[C@H](C)[C@H](NC(C)=O)C(=O)N[C@@H](Cc1ccc(O)cc1)C(=O)N[C@@H](Cc1ccc(O)cc1)P(=O)(O)O";"Ki";"'='";"75.0";"nM";"7.12";"";"";"UO_0000065";"13.30";"0.26";"5.58";"3.85";"0";"CHEMBL3269461";"Inhibition of human ACE C-terminal domain using Cbz-Phe-His-Leu-OH substrate";"B";"BAO_0000357";"single protein format";"Homo sapiens";"None";"None";"None";"None";"";"";"";"CHEMBL1808";"Angiotensin-converting enzyme";"Homo sapiens";"SINGLE PROTEIN";"CHEMBL3259630";"1";"Scientific Literature";"ACS Med Chem Lett";"2014";"None";"";"";"";"75.0"
"CHEMBL310139";"";"None";"445.52";"0";"1.15";"COO_26H";"N[C@@H](Cc1ccccc1)C(=O)N[C@H](CCC(=O)N1[C@H](C(=O)O)C[C@@H]2CCCC[C@@H]21)C(=O)O";"IC50";"'='";"218.78";"nM";"6.66";"";"";"UO_0000065";"";"";"";"";"0";"CHEMBL648337";"Inhibitory activity against angiotensin converting enzyme (ACE)";"F";"BAO_0000019";"assay format";"None";"None";"None";"None";"None";"";"";"";"CHEMBL1808";"Angiotensin-converting enzyme";"Homo sapiens";"SINGLE PROTEIN";"CHEMBL1126767";"1";"Scientific Literature";"J Med Chem";"1993";"None";"";"";"";"6.66"
"CHEMBL3264008";"";"None";"493.50";"1";"1.23";"3, 15-B-2";"CN[C@H](C(=O)N[C@@H](Cc1ccc(O)cc1)C(=O)N[C@@H](Cc1ccc(O)cc1)P(=O)(O)O)C(C)C";"Ki";"";"";"";"";"";"Not Determined";"";"";"";"";"";"0";"CHEMBL3269461";"Inhibition of human ACE C-terminal domain using Cbz-Phe-His-Leu-OH substrate";"B";"BAO_0000357";"single protein format";"Homo sapiens";"None";"None";"None";"None";"";"";"";"CHEMBL1808";"Angiotensin-converting enzyme";"Homo sapiens";"SINGLE PROTEIN";"CHEMBL3259630";"1";"Scientific Literature";"ACS Med Chem Lett";"2014";"None";"";"";"";""
"CHEMBL505978";"";"None";"1371.71";"None";"None";"Table 2, 9";"CC[C@H](C)[C@H](NC(=O)[C@H](Cc1c[nH]c2ccccc12)NC(=O)[C@H](Cc1c[nH]c2ccccc12)NC(=O)[C@H](Cc1c[nH]c2ccccc12)NC(=O)[C@@H](NC(=O)[C@H](CCCCN)NC(=O)[C@H](CCCNC(=N)N)NC(=O)[C@@H](N)CCCCN)[C@@H](C)CC)C(=O)N[C@@H](CCCNC(=N)N)C(=O)O";"Ratio IC50";"'='";"6.55";"";"";"";"";"";"";"";"";"";"0";"CHEMBL3363248";"Ratio of compound IC50 to peptide Bac2A RLARIVVIRVAR IC50 for ACE (unknown origin)";"B";"BAO_0000357";"single protein format";"Homo sapiens";"None";"None";"None";"None";"";"";"";"CHEMBL1808";"Angiotensin-converting enzyme";"Homo sapiens";"SINGLE PROTEIN";"CHEMBL3352520";"1";"Scientific Literature";"Eur J Med Chem";"2014";"None";"";"";"";"6.55"
"CHEMBL3322139";"";"None";"777.97";"2";"2.16";"Table 1, 108";"CC(C)C[C@H](NC(=O)[C@H](Cc1cnc[nH]1)NC(=O)[C@@H](N)CC(C)C)C(=O)N[C@@H](Cc1c[nH]c2ccccc12)C(=O)N[C@@H](CC(C)C)C(=O)N1CCC[C@H]1C(=O)O";"logIC50";"'='";"0.95";"";"";"";"";"";"";"";"";"";"0";"CHEMBL3363246";"Inhibition of ACE (unknown origin)";"B";"BAO_0000357";"single protein format";"Homo sapiens";"None";"None";"None";"None";"";"";"";"CHEMBL1808";"Angiotensin-converting enzyme";"Homo sapiens";"SINGLE PROTEIN";"CHEMBL3352520";"1";"Scientific Literature";"Eur J Med Chem";"2014";"None";"";"";"";"0.95"
"CHEMBL92255";"";"None";"321.38";"0";"-0.82";"Table 1, 18";"NC(N)=NCCC[C@H](N)C(=O)N[C@@H](Cc1ccccc1)C(=O)O";"logIC50";"'='";"1.97";"";"";"";"";"";"";"";"";"";"0";"CHEMBL3363246";"Inhibition of ACE (unknown origin)";"B";"BAO_0000357";"single protein format";"Homo sapiens";"None";"None";"None";"None";"";"";"";"CHEMBL1808";"Angiotensin-converting enzyme";"Homo sapiens";"SINGLE PROTEIN";"CHEMBL3352520";"1";"Scientific Literature";"Eur J Med Chem";"2014";"None";"";"";"";"1.97"
"CHEMBL1807684";"";"None";"228.29";"0";"0.44";"Table 1, 8";"CC[C@H](C)[C@H](N)C(=O)N1CCC[C@H]1C(=O)O";"logIC50";"'='";"2.11";"";"";"";"";"";"";"";"";"";"0";"CHEMBL3363246";"Inhibition of ACE (unknown origin)";"B";"BAO_0000357";"single protein format";"Homo sapiens";"None";"None";"None";"None";"";"";"";"CHEMBL1808";"Angiotensin-converting enzyme";"Homo sapiens";"SINGLE PROTEIN";"CHEMBL3352520";"1";"Scientific Literature";"Eur J Med Chem";"2014";"None";"";"";"";"2.11"
"CHEMBL3322013";"";"None";"384.48";"1";"-0.82";"Table 1, 64";"CC[C@H](C)[C@H](N)C(=O)N[C@@H](CCCNC(=N)N)C(=O)N1CCC[C@H]1C(=O)O";"logIC50";"'='";"-0.13";"";"";"";"";"";"";"";"";"";"0";"CHEMBL3363246";"Inhibition of ACE (unknown origin)";"B";"BAO_0000357";"single protein format";"Homo sapiens";"None";"None";"None";"None";"";"";"";"CHEMBL1808";"Angiotensin-converting enzyme";"Homo sapiens";"SINGLE PROTEIN";"CHEMBL3352520";"1";"Scientific Literature";"Eur J Med Chem";"2014";"None";"";"";"";"-0.13"
"CHEMBL3322015";"";"None";"356.42";"0";"-0.81";"Table 1, 66";"CC(C)C[C@H](N)C(=O)N[C@@H](CCC(N)=O)C(=O)N1CCC[C@H]1C(=O)O";"logIC50";"'='";"0.28";"";"";"";"";"";"";"";"";"";"0";"CHEMBL3363246";"Inhibition of ACE (unknown origin)";"B";"BAO_0000357";"single protein format";"Homo sapiens";"None";"None";"None";"None";"";"";"";"CHEMBL1808";"Angiotensin-converting enzyme";"Homo sapiens";"SINGLE PROTEIN";"CHEMBL3352520";"1";"Scientific Literature";"Eur J Med Chem";"2014";"None";"";"";"";"0.28"
"CHEMBL3322020";"";"None";"462.50";"0";"-1.19";"Table 1, 72";"N[C@@H](CO)C(=O)N1CCC[C@H]1C(=O)N[C@@H](Cc1ccc(O)cc1)C(=O)N1CCC[C@H]1C(=O)O";"logIC50";"'='";"2.93";"";"";"";"";"";"";"";"";"";"0";"CHEMBL3363246";"Inhibition of ACE (unknown origin)";"B";"BAO_0000357";"single protein format";"Homo sapiens";"None";"None";"None";"None";"";"";"";"CHEMBL1808";"Angiotensin-converting enzyme";"Homo sapiens";"SINGLE PROTEIN";"CHEMBL3352520";"1";"Scientific Literature";"Eur J Med Chem";"2014";"None";"";"";"";"2.93"
"CHEMBL3322110";"";"None";"438.57";"0";"0.96";"Table 1, 76";"CC[C@H](C)[C@H](N)C(=O)N[C@@H](CC(C)C)C(=O)N1CCC[C@H]1C(=O)N1CCC[C@H]1C(=O)O";"logIC50";"'='";"2.24";"";"";"";"";"";"";"";"";"";"0";"CHEMBL3363246";"Inhibition of ACE (unknown origin)";"B";"BAO_0000357";"single protein format";"Homo sapiens";"None";"None";"None";"None";"";"";"";"CHEMBL1808";"Angiotensin-converting enzyme";"Homo sapiens";"SINGLE PROTEIN";"CHEMBL3352520";"1";"Scientific Literature";"Eur J Med Chem";"2014";"None";"";"";"";"2.24"
"CHEMBL3322113";"";"None";"479.58";"0";"-0.47";"Table 1, 79";"CC(C)[C@H](NC(=O)[C@@H]1CCCN1C(=O)[C@H](C)N)C(=O)N1CCC[C@H]1C(=O)N1CCC[C@H]1C(=O)O";"logIC50";"'='";"2.8";"";"";"";"";"";"";"";"";"";"0";"CHEMBL3363246";"Inhibition of ACE (unknown origin)";"B";"BAO_0000357";"single protein format";"Homo sapiens";"None";"None";"None";"None";"";"";"";"CHEMBL1808";"Angiotensin-converting enzyme";"Homo sapiens";"SINGLE PROTEIN";"CHEMBL3352520";"1";"Scientific Literature";"Eur J Med Chem";"2014";"None";"";"";"";"2.8"
"CHEMBL3322122";"";"None";"575.71";"1";"0.41";"Table 1, 91";"CC(C)C[C@H](NC(=O)[C@@H]1CCCN1C(=O)[C@H](CC(C)C)NC(=O)[C@@H](N)Cc1cnc[nH]1)C(=O)N1CCC[C@H]1C(=O)O";"logIC50";"'='";"1.61";"";"";"";"";"";"";"";"";"";"0";"CHEMBL3363246";"Inhibition of ACE (unknown origin)";"B";"BAO_0000357";"single protein format";"Homo sapiens";"None";"None";"None";"None";"";"";"";"CHEMBL1808";"Angiotensin-converting enzyme";"Homo sapiens";"SINGLE PROTEIN";"CHEMBL3352520";"1";"Scientific Literature";"Eur J Med Chem";"2014";"None";"";"";"";"1.61"
"CHEMBL11507";"";"None";"189.24";"0";"-0.15";"7";"O=C(O)CN1CCC(CS)C1=O";"IC50";"'='";"3700.0";"nM";"5.43";"";"";"UO_0000065";"28.70";"0.62";"5.58";"9.43";"0";"CHEMBL648347";"Concentration required for 50% inhibition of Angiotensin I converting enzyme";"B";"BAO_0000224";"protein format";"Cavia porcellus";"None";"None";"None";"None";"";"";"";"CHEMBL1808";"Angiotensin-converting enzyme";"Homo sapiens";"SINGLE PROTEIN";"CHEMBL1121705";"1";"Scientific Literature";"J Med Chem";"1981";"None";"";"";"";"0.0000037"
"CHEMBL1560";"CAPTOPRIL";"4.0";"217.29";"0";"0.63";"captopril";"C[C@H](CS)C(=O)N1CCC[C@H]1C(=O)O";"EC50";"'='";"1422656.33";"nM";"";"Outside typical range";"";"UO_0000065";"";"";"";"";"0";"CHEMBL871553";"Inhibition of human ACE Y1096F mutant";"B";"BAO_0000357";"single protein format";"Homo sapiens";"None";"None";"None";"None";"";"";"";"CHEMBL1808";"Angiotensin-converting enzyme";"Homo sapiens";"SINGLE PROTEIN";"CHEMBL1146875";"1";"Scientific Literature";"Bioorg Med Chem Lett";"2006";"None";"";"";"";"-2.8469"
"CHEMBL2296628";"";"None";"377.44";"0";"4.01";"4h";"Cc1nnc(-c2ccccc2-c2ccc(CN3CCC(C(=O)O)CC3)cc2)o1";"Inhibition";"";"";"%";"";"";"";"UO_0000187";"";"";"";"";"0";"CHEMBL3071359";"Inhibition of ACE (unknown origin) using Hippuryl-His-Leu as substrate at 1 to 10 ug incubated for 10 min prior to substrate addition measured after 45 min by spectrophotometric analysis relative to control";"B";"BAO_0000357";"single protein format";"Homo sapiens";"None";"None";"None";"None";"";"";"";"CHEMBL1808";"Angiotensin-converting enzyme";"Homo sapiens";"SINGLE PROTEIN";"CHEMBL3045976";"1";"Scientific Literature";"Med Chem Res";"2013";"None";"";"";"Not active";""
"CHEMBL3322128";"";"None";"671.80";"2";"-1.37";"Table 1, 97";"CC(C)[C@H](N)C(=O)N[C@@H](CCCNC(=N)N)C(=O)NCC(=O)N1CCC[C@H]1C(=O)N[C@@H](Cc1ccccc1)C(=O)N1CCC[C@H]1C(=O)O";"logIC50";"'='";"2.77";"";"";"";"";"";"";"";"";"";"0";"CHEMBL3363246";"Inhibition of ACE (unknown origin)";"B";"BAO_0000357";"single protein format";"Homo sapiens";"None";"None";"None";"None";"";"";"";"CHEMBL1808";"Angiotensin-converting enzyme";"Homo sapiens";"SINGLE PROTEIN";"CHEMBL3352520";"1";"Scientific Literature";"Eur J Med Chem";"2014";"None";"";"";"";"2.77"
"CHEMBL525616";"";"None";"1545.83";"None";"None";"Table 2, 1";"N=C(N)NCCC[C@H](NC(=O)[C@H](CCCNC(=N)N)NC(=O)[C@H](Cc1c[nH]c2ccccc12)NC(=O)[C@@H](N)CCCNC(=N)N)C(=O)N[C@@H](CCCCN)C(=O)N[C@@H](Cc1c[nH]c2ccccc12)C(=O)N[C@@H](Cc1c[nH]c2ccccc12)C(=O)N[C@@H](Cc1c[nH]c2ccccc12)C(=O)N[C@@H](Cc1c[nH]c2ccccc12)C(=O)O";"Ratio IC50";"'='";"0.39";"";"";"";"";"";"";"";"";"";"0";"CHEMBL3363247";"Inhibition of ACE (unknown origin) relative to peptide Bac2A RLARIVVIRVAR sequence";"B";"BAO_0000357";"single protein format";"Homo sapiens";"None";"None";"None";"None";"";"";"";"CHEMBL1808";"Angiotensin-converting enzyme";"Homo sapiens";"SINGLE PROTEIN";"CHEMBL3352520";"1";"Scientific Literature";"Eur J Med Chem";"2014";"None";"";"";"";"0.39"
"CHEMBL3321988";"";"None";"295.30";"0";"-1.29";"Table 1, 14";"NC(=O)C[C@H](N)C(=O)N[C@@H](Cc1ccc(O)cc1)C(=O)O";"logIC50";"'='";"1.51";"";"";"";"";"";"";"";"";"";"0";"CHEMBL3363246";"Inhibition of ACE (unknown origin)";"B";"BAO_0000357";"single protein format";"Homo sapiens";"None";"None";"None";"None";"";"";"";"CHEMBL1808";"Angiotensin-converting enzyme";"Homo sapiens";"SINGLE PROTEIN";"CHEMBL3352520";"1";"Scientific Literature";"Eur J Med Chem";"2014";"None";"";"";"";"1.51"
"CHEMBL5220314";"";"None";"428.32";"0";"3.32";"MLN-4760-R";"CC(C)C[C@@H](N[C@@H](Cc1cncn1Cc1cc(Cl)cc(Cl)c1)C(=O)O)C(=O)O";"Imax";"'='";"49.0";"%";"";"";"";"UO_0000187";"";"";"";"";"0";"CHEMBL5216073";"Inhibition of recombinant human ACE assessed as maximum inhibition using Mca-RPGFSAFK (Dnp)-OH as substrate by fluorescence plate reader assay relative to control";"B";"BAO_0000357";"single protein format";"Homo sapiens";"None";"None";"None";"None";"";"";"";"CHEMBL1808";"Angiotensin-converting enzyme";"Homo sapiens";"SINGLE PROTEIN";"CHEMBL5214916";"1";"Scientific Literature";"Bioorg Med Chem";"2021";"None";"";"INHIBITOR";"";"49.0"
"CHEMBL570732";"";"None";"711.71";"2";"5.78";"8F1";"O=C(N[C@@H](Cc1ccccc1)P(=O)(O)C[C@@H](Cc1cc(-c2ccccc2)no1)C(=O)N[C@@H](Cc1ccc(O)cc1)C(=O)O)OCc1ccccc1";"Ki";"'='";"0.41";"nM";"9.39";"";"";"UO_0000065";"13.19";"0.25";"3.61";"4.99";"0";"CHEMBL1045247";"Inhibition of human somatic ACE C-terminal domain";"B";"BAO_0000357";"single protein format";"Homo sapiens";"None";"None";"None";"None";"";"";"";"CHEMBL1808";"Angiotensin-converting enzyme";"Homo sapiens";"SINGLE PROTEIN";"CHEMBL1156752";"1";"Scientific Literature";"J Med Chem";"2010";"None";"";"";"";"0.41"
"CHEMBL572982";"";"None";"270.33";"0";"3.12";"rac-1";"O=C(O)CC(O)CCc1ccc(-c2ccccc2)cc1";"IC50";"'>'";"250000.0";"nM";"";"Outside typical range";"";"UO_0000065";"";"";"";"";"0";"CHEMBL1045862";"Inhibition of human recombinant ACE";"B";"BAO_0000357";"single protein format";"Homo sapiens";"None";"None";"None";"None";"";"";"";"CHEMBL1808";"Angiotensin-converting enzyme";"Homo sapiens";"SINGLE PROTEIN";"CHEMBL1155192";"1";"Scientific Literature";"Bioorg Med Chem Lett";"2009";"None";"";"";"";"250.0"
"CHEMBL299438";"";"None";"404.53";"0";"2.80";"7b";"O=C(O)CN1C(=O)[C@@H](NC(=O)[C@@H](S)CC2CCCCC2)CCc2ccccc21";"IC50";"'='";"22.0";"nM";"7.66";"";"";"UO_0000065";"18.93";"0.37";"4.86";"8.83";"0";"CHEMBL645286";"Inhibition of Angiotensin I converting enzyme";"B";"BAO_0000357";"single protein format";"None";"None";"None";"None";"None";"";"";"";"CHEMBL1808";"Angiotensin-converting enzyme";"Homo sapiens";"SINGLE PROTEIN";"CHEMBL1152108";"1";"Scientific Literature";"Bioorg Med Chem Lett";"1994";"None";"";"";"";"22.0"
"CHEMBL328847";"";"None";"481.55";"0";"2.45";"3s";"CCOC(=O)[C@H](CCc1ccccc1)N[C@@H](C)C(=O)N1C(=O)N(Cc2ccccc2)C[C@H]1C(=O)O";"IC50";"'='";"7900.0";"nM";"5.10";"";"";"UO_0000065";"10.60";"0.20";"2.65";"4.39";"0";"CHEMBL644735";"Inhibition of Angiotensin I converting enzyme from pig renal cortex, hippuryl-histidyl-leucine as substrate";"B";"BAO_0000019";"assay format";"Sus scrofa";"None";"None";"None";"None";"";"";"";"CHEMBL1808";"Angiotensin-converting enzyme";"Homo sapiens";"SINGLE PROTEIN";"CHEMBL1124381";"1";"Scientific Literature";"J Med Chem";"1989";"None";"";"";"";"0.0000079"
"CHEMBL330507";"";"None";"488.50";"0";"2.86";"3";"O=C(O)[C@H](Cc1ccc(-c2ccccc2)cc1)NC(=O)[C@H](Cc1cccs1)NCP(=O)(O)O";"IC50";"'='";"385.0";"nM";"6.42";"";"";"UO_0000065";"13.13";"0.27";"3.55";"4.72";"0";"CHEMBL876577";"In vitro inhibitory concentration against angiotensin-converting enzyme";"B";"BAO_0000224";"protein format";"None";"None";"None";"None";"None";"";"";"";"CHEMBL1808";"Angiotensin-converting enzyme";"Homo sapiens";"SINGLE PROTEIN";"CHEMBL1150039";"1";"Scientific Literature";"Bioorg Med Chem Lett";"1994";"None";"";"";"";"385.0"
"CHEMBL301546";"VAL-GLY";"None";"174.20";"0";"-0.83";"VG";"CC(C)[C@H](N)C(=O)NCC(=O)O";"IC50";"'='";"1096478.2";"nM";"";"Outside typical range";"";"UO_0000065";"";"";"";"";"0";"CHEMBL858254";"Biological activity was measured against Angiotensin I converting enzyme";"B";"BAO_0000357";"single protein format";"None";"None";"None";"None";"None";"";"";"";"CHEMBL1808";"Angiotensin-converting enzyme";"Homo sapiens";"SINGLE PROTEIN";"CHEMBL1128468";"1";"Scientific Literature";"J Med Chem";"1995";"None";"";"";"";"2.96"
"CHEMBL5075705";"";"None";"479.58";"0";"3.51";"AD011";"CCCC[C@H](N[C@@H](CCc1ccccc1)C(=O)O)C(=O)N[C@@H](Cc1c[nH]c2ccccc12)C(=O)O";"Ki";"'='";"3790.0";"nM";"5.42";"";"";"UO_0000065";"11.30";"0.21";"1.91";"4.12";"0";"CHEMBL5042030";"Inhibition of recombinant human ACE N-domain expressed in CHO cells using Cbz-Phe-His-Leu as substrate preincubated for 15 mins followed by substrate addition and measured after 10 mins by fluorescence spectrophotometric analysis";"B";"BAO_0000219";"cell-based format";"Homo sapiens";"None";"None";"CHO";"None";"";"";"";"CHEMBL1808";"Angiotensin-converting enzyme";"Homo sapiens";"SINGLE PROTEIN";"CHEMBL5038663";"1";"Scientific Literature";"J Med Chem";"2022";"None";"TIME = 0.4167 hr";"INHIBITOR";"";"3.79"
"CHEMBL3264009";"";"None";"485.52";"1";"1.64";"4, SF2513 B";"CC[C@H](C)[C@H](NC(C)=O)C(=O)N[C@@H](CC(C)C)C(=O)N[C@@H](Cc1ccc(O)cc1)P(=O)(O)O";"IC50";"'='";"12.0";"nM";"7.92";"";"";"UO_0000065";"16.31";"0.33";"6.28";"4.80";"0";"CHEMBL3269460";"Inhibition of human ACE N-terminal domain using Cbz-Phe-His-Leu-OH substrate";"B";"BAO_0000357";"single protein format";"Homo sapiens";"None";"None";"None";"None";"";"";"";"CHEMBL1808";"Angiotensin-converting enzyme";"Homo sapiens";"SINGLE PROTEIN";"CHEMBL3259630";"1";"Scientific Literature";"ACS Med Chem Lett";"2014";"None";"";"";"";"12.0"
"CHEMBL3264356";"";"None";"501.47";"2";"0.46";"7, SF2513 D";"CC[C@H](C)[C@H](NC(C)=O)C(=O)N[C@@H](CCC(=O)O)C(=O)N[C@@H](Cc1ccc(O)cc1)P(=O)(O)O";"IC50";"";"";"";"";"";"Not Determined";"";"";"";"";"";"0";"CHEMBL3269460";"Inhibition of human ACE N-terminal domain using Cbz-Phe-His-Leu-OH substrate";"B";"BAO_0000357";"single protein format";"Homo sapiens";"None";"None";"None";"None";"";"";"";"CHEMBL1808";"Angiotensin-converting enzyme";"Homo sapiens";"SINGLE PROTEIN";"CHEMBL3259630";"1";"Scientific Literature";"ACS Med Chem Lett";"2014";"None";"";"";"";""
"CHEMBL3264008";"";"None";"493.50";"1";"1.23";"3, 15-B-2";"CN[C@H](C(=O)N[C@@H](Cc1ccc(O)cc1)C(=O)N[C@@H](Cc1ccc(O)cc1)P(=O)(O)O)C(C)C";"Ki";"";"";"";"";"";"Not Determined";"";"";"";"";"";"0";"CHEMBL3269460";"Inhibition of human ACE N-terminal domain using Cbz-Phe-His-Leu-OH substrate";"B";"BAO_0000357";"single protein format";"Homo sapiens";"None";"None";"None";"None";"";"";"";"CHEMBL1808";"Angiotensin-converting enzyme";"Homo sapiens";"SINGLE PROTEIN";"CHEMBL3259630";"1";"Scientific Literature";"ACS Med Chem Lett";"2014";"None";"";"";"";""
"CHEMBL3264357";"";"None";"217.16";"0";"0.40";"8, AHEP";"N[C@@H](Cc1ccc(O)cc1)P(=O)(O)O";"IC50";"'>'";"1000.0";"nM";"";"";"";"UO_0000065";"";"";"";"";"0";"CHEMBL3269463";"Inhibition of ACE (unknown origin)";"B";"BAO_0000357";"single protein format";"Homo sapiens";"None";"None";"None";"None";"";"";"";"CHEMBL1808";"Angiotensin-converting enzyme";"Homo sapiens";"SINGLE PROTEIN";"CHEMBL3259630";"1";"Scientific Literature";"ACS Med Chem Lett";"2014";"None";"";"";"";"1.0"
"CHEMBL299181";"";"None";"364.47";"0";"1.36";"2";"C[C@H](NC(=O)[C@@H](CS)Cc1ccccc1)C(=O)N1CCC[C@H]1C(=O)O";"IC50";"'='";"4.0";"nM";"8.40";"";"";"UO_0000065";"23.04";"0.46";"7.04";"9.69";"0";"CHEMBL648282";"Tested in vitro for inhibition of Angiotensin converting enzyme (ACE)";"B";"BAO_0000357";"single protein format";"None";"None";"None";"None";"None";"";"";"";"CHEMBL1808";"Angiotensin-converting enzyme";"Homo sapiens";"SINGLE PROTEIN";"CHEMBL1127937";"1";"Scientific Literature";"Bioorg Med Chem Lett";"1994";"None";"";"";"";"4.0"
"CHEMBL57338";"";"None";"236.27";"0";"0.15";"AF";"C[C@H](N)C(=O)N[C@@H](Cc1ccccc1)C(=O)O";"IC50";"'='";"190546.07";"nM";"";"Outside typical range";"";"UO_0000065";"";"";"";"";"0";"CHEMBL858254";"Biological activity was measured against Angiotensin I converting enzyme";"B";"BAO_0000357";"single protein format";"None";"None";"None";"None";"None";"";"";"";"CHEMBL1808";"Angiotensin-converting enzyme";"Homo sapiens";"SINGLE PROTEIN";"CHEMBL1128468";"1";"Scientific Literature";"J Med Chem";"1995";"None";"";"";"";"3.72"
"CHEMBL91561";"";"None";"203.24";"0";"-1.36";"KG";"NCCCC[C@H](N)C(=O)NCC(=O)O";"IC50";"'='";"3235936.57";"nM";"";"Outside typical range";"";"UO_0000065";"";"";"";"";"0";"CHEMBL858254";"Biological activity was measured against Angiotensin I converting enzyme";"B";"BAO_0000357";"single protein format";"None";"None";"None";"None";"None";"";"";"";"CHEMBL1808";"Angiotensin-converting enzyme";"Homo sapiens";"SINGLE PROTEIN";"CHEMBL1128468";"1";"Scientific Literature";"J Med Chem";"1995";"None";"";"";"";"2.49"
"CHEMBL292467";"";"None";"132.12";"0";"-1.85";"GG";"NCC(=O)NCC(=O)O";"IC50";"'='";"7244359.6";"nM";"";"Outside typical range";"";"UO_0000065";"";"";"";"";"0";"CHEMBL858254";"Biological activity was measured against Angiotensin I converting enzyme";"B";"BAO_0000357";"single protein format";"None";"None";"None";"None";"None";"";"";"";"CHEMBL1808";"Angiotensin-converting enzyme";"Homo sapiens";"SINGLE PROTEIN";"CHEMBL1128468";"1";"Scientific Literature";"J Med Chem";"1995";"None";"";"";"";"2.14"
"CHEMBL58720";"";"None";"321.40";"0";"1.94";"40";"CC(=O)SCC(C)C(=O)N1Cc2ccccc2CC1C(=O)O";"IC50";"'='";"130.0";"nM";"6.89";"";"";"UO_0000065";"21.43";"0.43";"4.95";"9.22";"0";"CHEMBL648350";"Inhibition of guinea pig angiotensin I converting enzyme";"B";"BAO_0000357";"single protein format";"Cavia porcellus";"None";"None";"None";"None";"";"";"";"CHEMBL1808";"Angiotensin-converting enzyme";"Homo sapiens";"SINGLE PROTEIN";"CHEMBL1123237";"1";"Scientific Literature";"J Med Chem";"1986";"None";"";"";"";"0.13"
"CHEMBL299875";"";"None";"364.47";"0";"2.02";"7d";"CCCC[C@H](S)C(=O)N[C@H]1CCc2ccccc2N(CC(=O)O)C1=O";"IC50";"'='";"5.4";"nM";"8.27";"";"";"UO_0000065";"22.68";"0.45";"6.25";"9.53";"0";"CHEMBL645286";"Inhibition of Angiotensin I converting enzyme";"B";"BAO_0000357";"single protein format";"None";"None";"None";"None";"None";"";"";"";"CHEMBL1808";"Angiotensin-converting enzyme";"Homo sapiens";"SINGLE PROTEIN";"CHEMBL1152108";"1";"Scientific Literature";"Bioorg Med Chem Lett";"1994";"None";"";"";"";"5.4"
"CHEMBL1233799";"";"None";"535.53";"2";"1.54";"1, K-26";"CC[C@H](C)[C@H](NC(C)=O)C(=O)N[C@@H](Cc1ccc(O)cc1)C(=O)N[C@@H](Cc1ccc(O)cc1)P(=O)(O)O";"IC50";"'='";"11.0";"nM";"7.96";"";"";"UO_0000065";"14.86";"0.29";"6.42";"4.30";"0";"CHEMBL3269460";"Inhibition of human ACE N-terminal domain using Cbz-Phe-His-Leu-OH substrate";"B";"BAO_0000357";"single protein format";"Homo sapiens";"None";"None";"None";"None";"";"";"";"CHEMBL1808";"Angiotensin-converting enzyme";"Homo sapiens";"SINGLE PROTEIN";"CHEMBL3259630";"1";"Scientific Literature";"ACS Med Chem Lett";"2014";"None";"";"";"";"11.0"
"CHEMBL3264010";"";"None";"519.54";"2";"1.83";"5, SF2513 C";"CC[C@H](C)[C@H](NC(C)=O)C(=O)N[C@@H](Cc1ccccc1)C(=O)N[C@@H](Cc1ccc(O)cc1)P(=O)(O)O";"Ki";"'='";"12.0";"nM";"7.92";"";"";"UO_0000065";"15.25";"0.30";"6.09";"4.80";"0";"CHEMBL3269460";"Inhibition of human ACE N-terminal domain using Cbz-Phe-His-Leu-OH substrate";"B";"BAO_0000357";"single protein format";"Homo sapiens";"None";"None";"None";"None";"";"";"";"CHEMBL1808";"Angiotensin-converting enzyme";"Homo sapiens";"SINGLE PROTEIN";"CHEMBL3259630";"1";"Scientific Literature";"ACS Med Chem Lett";"2014";"None";"";"";"";"12.0"
"CHEMBL1560";"CAPTOPRIL";"4.0";"217.29";"0";"0.63";"captopril";"C[C@H](CS)C(=O)N1CCC[C@H]1C(=O)O";"ED50";"'='";"0.1";"mg.kg-1";"";"";"";"UO_0000308";"";"";"";"";"0";"CHEMBL651246";"In vitro inhibitory activity against Angiotensin I converting enzyme in dog";"B";"BAO_0000357";"single protein format";"Canis lupus familiaris";"None";"None";"None";"None";"";"";"";"CHEMBL1808";"Angiotensin-converting enzyme";"Homo sapiens";"SINGLE PROTEIN";"CHEMBL1124789";"1";"Scientific Literature";"J Med Chem";"1990";"None";"";"";"";"0.1"
"CHEMBL3264007";"";"None";"477.50";"1";"1.53";"2, K-4";"CN[C@H](C(=O)N[C@@H](Cc1ccccc1)C(=O)N[C@@H](Cc1ccc(O)cc1)P(=O)(O)O)C(C)C";"Ki";"";"";"";"";"";"Not Determined";"";"";"";"";"";"0";"CHEMBL3269461";"Inhibition of human ACE C-terminal domain using Cbz-Phe-His-Leu-OH substrate";"B";"BAO_0000357";"single protein format";"Homo sapiens";"None";"None";"None";"None";"";"";"";"CHEMBL1808";"Angiotensin-converting enzyme";"Homo sapiens";"SINGLE PROTEIN";"CHEMBL3259630";"1";"Scientific Literature";"ACS Med Chem Lett";"2014";"None";"";"";"";""
"CHEMBL314706";"";"None";"334.37";"0";"0.74";"35";"O=C(O)CN1CCCC(NC(CCc2ccccc2)C(=O)O)C1=O";"IC50";"'='";"1700.0";"nM";"5.77";"";"";"UO_0000065";"17.25";"0.33";"5.03";"5.40";"0";"CHEMBL644704";"Inhibitory concentration (isomer B) against Angiotensin I converting enzyme";"B";"BAO_0000357";"single protein format";"None";"None";"None";"None";"None";"";"";"";"CHEMBL1808";"Angiotensin-converting enzyme";"Homo sapiens";"SINGLE PROTEIN";"CHEMBL1123398";"1";"Scientific Literature";"J Med Chem";"1986";"None";"";"";"";"0.0000017"
"CHEMBL402471";"ISOCRENATOSIDE";"None";"622.58";"3";"-0.48";"6";"C[C@@H]1O[C@@H](O[C@H]2[C@H](O)[C@@H](COC(=O)/C=C/c3ccc(O)c(O)c3)O[C@H]3OC[C@H](c4ccc(O)c(O)c4)O[C@@H]32)[C@H](O)[C@H](O)[C@H]1O";"Inhibition";"'='";"71.4";"%";"";"";"";"UO_0000187";"";"";"";"";"0";"CHEMBL999967";"Inhibition of ACE at 0.1 mg/ml";"B";"BAO_0000357";"single protein format";"None";"None";"None";"None";"None";"";"";"";"CHEMBL1808";"Angiotensin-converting enzyme";"Homo sapiens";"SINGLE PROTEIN";"CHEMBL1151228";"1";"Scientific Literature";"J Nat Prod";"2004";"None";"";"";"";"71.4"
"CHEMBL2448077";"";"None";"711.65";"2";"0.10";"1o";"Cl.NCCCC[C@H](N[C@@H](CCc1ccccc1)C(=O)O)C(=O)N(CC(=O)O)CC1Nc2cc(Cl)c(S(N)(=O)=O)cc2S(=O)(=O)N1";"Inhibition";"'~'";"100.0";"%";"";"";"";"UO_0000187";"";"";"";"";"0";"CHEMBL651248";"In vitro inhibitory activity against Angiotensin I converting enzyme(ACE) in dog";"B";"BAO_0000357";"single protein format";"Canis lupus familiaris";"None";"None";"None";"None";"";"";"";"CHEMBL1808";"Angiotensin-converting enzyme";"Homo sapiens";"SINGLE PROTEIN";"CHEMBL1124789";"1";"Scientific Literature";"J Med Chem";"1990";"None";"";"";"";"100.0"
"CHEMBL114658";"";"None";"378.49";"0";"1.89";"127";"CC1(C)CCCC(NC(=O)[C@@H](S)Cc2ccccc2)C(=O)N1CC(=O)O";"IC50";"'='";"12.0";"nM";"7.92";"";"";"UO_0000065";"20.93";"0.42";"6.03";"9.13";"0";"CHEMBL648689";"Inhibitory activity against angiotensin I converting enzyme (ACE)";"B";"BAO_0000357";"single protein format";"None";"None";"None";"None";"None";"";"";"";"CHEMBL1808";"Angiotensin-converting enzyme";"Homo sapiens";"SINGLE PROTEIN";"CHEMBL1133572";"1";"Scientific Literature";"J Med Chem";"2000";"None";"";"";"";"12.0"
"CHEMBL2097001";"";"None";"470.60";"None";"None";"5";"C[C@H](C[Si](O)(O)[C@H](Cc1ccccc1)NC(=O)c1ccccc1)C(=O)N1CCC[C@H]1C(=O)O";"IC50";"'='";"3.8";"nM";"8.42";"";"";"UO_0000065";"17.89";"None";"None";"None";"1";"CHEMBL2317817";"Inhibition of angiotensin converting enzyme (unknown origin)";"B";"BAO_0000357";"single protein format";"Homo sapiens";"None";"None";"None";"None";"";"";"";"CHEMBL1808";"Angiotensin-converting enzyme";"Homo sapiens";"SINGLE PROTEIN";"CHEMBL2311317";"1";"Scientific Literature";"J Med Chem";"2013";"None";"";"";"";"3.8"
"CHEMBL59401";"";"None";"349.45";"0";"3.08";"42";"CC(=O)SCCC(=O)N1Cc2ccccc2C1C(=O)OC(C)(C)C";"IC50";"";"";"nM";"";"";"NT";"UO_0000065";"";"";"";"";"0";"CHEMBL648350";"Inhibition of guinea pig angiotensin I converting enzyme";"B";"BAO_0000357";"single protein format";"Cavia porcellus";"None";"None";"None";"None";"";"";"";"CHEMBL1808";"Angiotensin-converting enzyme";"Homo sapiens";"SINGLE PROTEIN";"CHEMBL1123237";"1";"Scientific Literature";"J Med Chem";"1986";"None";"";"";"";""
"CHEMBL3221964";"";"None";"261.27";"0";"-0.31";"22b";"CC(C)C[C@H](CC(=O)N[C@@H](CO)C(=O)O)C(=O)O";"IC50";"'>'";"31622.78";"nM";"";"";"";"UO_0000065";"";"";"";"";"0";"CHEMBL3223377";"Inhibition of human ACE-1 using Abz-Gly-p-nitro-Phe-Pro-OH as substrate preincubated for 10 mins followed by substrate addition measured after 17 hrs by spectrophotometric analysis";"B";"BAO_0000357";"single protein format";"Homo sapiens";"None";"None";"None";"None";"";"";"";"CHEMBL1808";"Angiotensin-converting enzyme";"Homo sapiens";"SINGLE PROTEIN";"CHEMBL3217740";"1";"Scientific Literature";"Medchemcomm";"2012";"None";"";"";"";"4.5"
"CHEMBL2370859";"";"None";"318.37";"0";"1.20";"2";"C[C@H](NC(=O)CCc1ccccc1)C(=O)N1CCC[C@H]1C(=O)O";"IC50";"'='";"330000.0";"nM";"";"Outside typical range";"";"UO_0000065";"";"";"";"";"0";"CHEMBL645287";"In vitro inhibitory activity against Angiotensin I converting enzyme";"B";"BAO_0000357";"single protein format";"None";"None";"None";"None";"None";"";"";"";"CHEMBL1808";"Angiotensin-converting enzyme";"Homo sapiens";"SINGLE PROTEIN";"CHEMBL1122972";"1";"Scientific Literature";"J Med Chem";"1985";"None";"";"";"";"0.00033"
"CHEMBL412666";"";"None";"218.28";"0";"-0.68";"75";"NC(CS)C(=O)N1CCC[C@H]1C(=O)O";"IC50";"'='";"63.1";"nM";"7.20";"";"";"UO_0000065";"";"";"";"";"0";"CHEMBL648337";"Inhibitory activity against angiotensin converting enzyme (ACE)";"F";"BAO_0000019";"assay format";"None";"None";"None";"None";"None";"";"";"";"CHEMBL1808";"Angiotensin-converting enzyme";"Homo sapiens";"SINGLE PROTEIN";"CHEMBL1126767";"1";"Scientific Literature";"J Med Chem";"1993";"None";"";"";"";"7.2"
"CHEMBL79189";"";"None";"279.36";"0";"1.59";"71";"C[C@H](CS)C(=O)N1Cc2ccccc2C[C@H]1C(=O)O";"IC50";"'='";"19.95";"nM";"7.70";"";"";"UO_0000065";"";"";"";"";"0";"CHEMBL648337";"Inhibitory activity against angiotensin converting enzyme (ACE)";"F";"BAO_0000019";"assay format";"None";"None";"None";"None";"None";"";"";"";"CHEMBL1808";"Angiotensin-converting enzyme";"Homo sapiens";"SINGLE PROTEIN";"CHEMBL1126767";"1";"Scientific Literature";"J Med Chem";"1993";"None";"";"";"";"7.7"
"CHEMBL93180";"";"None";"482.47";"0";"2.80";"2";"O=C(O)[C@H](Cc1ccc(-c2ccccc2)cc1)NC(=O)[C@H](Cc1ccccc1)NCP(=O)(O)O";"IC50";"'='";"117.0";"nM";"6.93";"";"";"UO_0000065";"14.37";"0.28";"4.13";"5.10";"0";"CHEMBL876577";"In vitro inhibitory concentration against angiotensin-converting enzyme";"B";"BAO_0000224";"protein format";"None";"None";"None";"None";"None";"";"";"";"CHEMBL1808";"Angiotensin-converting enzyme";"Homo sapiens";"SINGLE PROTEIN";"CHEMBL1150039";"1";"Scientific Literature";"Bioorg Med Chem Lett";"1994";"None";"";"";"";"117.0"
"CHEMBL328378";"";"None";"475.59";"0";"3.48";"3j";"CCCCCCCC[C@H](N[C@@H](CC)C(=O)N1C(=O)N(Cc2ccccc2)C[C@H]1C(=O)O)C(=O)O";"IC50";"'='";"2.1";"nM";"8.68";"";"";"UO_0000065";"18.25";"0.35";"5.20";"6.82";"0";"CHEMBL644734";"Inhibitory activity on Angiotensin I converting enzyme (ACE) obtained from pig renal cortex and hippuryl-histidyl-leucine as substrate";"B";"BAO_0000019";"assay format";"Sus scrofa";"None";"None";"None";"None";"";"";"";"CHEMBL1808";"Angiotensin-converting enzyme";"Homo sapiens";"SINGLE PROTEIN";"CHEMBL1124381";"1";"Scientific Literature";"J Med Chem";"1989";"None";"";"";"";"2.1E-9"
"CHEMBL55103";"";"None";"248.39";"0";"3.92";"6b";"CCC(C)C1CC(Cc2ccccc2)SC1=O";"IC50";"'='";"2300.0";"nM";"5.64";"";"";"UO_0000065";"22.70";"0.45";"1.72";"33.03";"0";"CHEMBL646968";"Tested for inhibitory potency against Angiotensin I Converting Enzyme";"B";"BAO_0000357";"single protein format";"None";"None";"None";"None";"None";"";"";"";"CHEMBL1808";"Angiotensin-converting enzyme";"Homo sapiens";"SINGLE PROTEIN";"CHEMBL1127546";"1";"Scientific Literature";"J Med Chem";"1994";"None";"";"";"";"2.3"
"CHEMBL5415414";"";"None";"2132.54";"None";"None";"BCY20869";"CC[C@H](C)[C@@H]1NC(=O)[C@H](CCCNC(=N)N)NC(=O)[C@@H]2C[C@H](O)CN2C(=O)[C@H](CC(C)C)NC(=O)[C@H](CC(C)C)NC(=O)[C@H](CO)NC(=O)[C@H](CO)NNC(=O)[C@@H]2CSCCC(=O)N3CN(CN(C3)C(=O)CCSC[C@@H](C(=O)N[C@@H](C)C(N)=O)NC(=O)[C@H](Cc3c[nH]cn3)NC1=O)C(=O)CCSC[C@H](NC(=O)[C@H](C)N)C(=O)N[C@@H](C(C)C)C(=O)N[C@@H](CCCNC(=N)N)C(=O)N[C@@H](CO)C(=O)N[C@@H](Cc1c[nH]cn1)C(=O)N2";"Kd";"'>'";"10000.0";"nM";"";"";"";"UO_0000065";"";"";"";"";"0";"CHEMBL5350899";"Binding affinity to human ACE assessed as binding constant by surface plasmon resonance analysis";"B";"BAO_0000357";"single protein format";"Homo sapiens";"None";"None";"None";"None";"";"";"";"CHEMBL1808";"Angiotensin-converting enzyme";"Homo sapiens";"SINGLE PROTEIN";"CHEMBL5346959";"1";"Scientific Literature";"J Med Chem";"2023";"None";"";"";"";"10.0"
"CHEMBL5396932";"";"None";"2134.55";"None";"None";"BCY15293";"CC(C)C[C@@H]1NC(=O)[C@H](CO)NC(=O)[C@H](Cc2c[nH]cn2)NC(=O)[C@@H]2CSCCC(=O)N3CN(CN(C3)C(=O)CCSC[C@@H](C(=O)N[C@@H](C)C(N)=O)NC(=O)[C@H]([C@@H](C)O)NC(=O)[C@H](C)NC(=O)[C@H](CCCNC(=N)N)NC(=O)[C@@H]3CCCN3C(=O)[C@H](CC(C)C)NC1=O)C(=O)CCSC[C@H](NC(=O)[C@H](C)N)C(=O)N[C@@H]([C@@H](C)O)C(=O)N[C@@H](CCCNC(=N)N)C(=O)N1CCC[C@H]1C(=O)N[C@@H](Cc1c[nH]c3ccccc13)C(=O)N2";"IC50";"'>'";"40.0";"nM";"";"";"";"UO_0000065";"";"";"";"";"0";"CHEMBL5350896";"Inhibition of human ACE (30 to 1261 residues) using MCA-RPPGFSAFK-Dnp-OH as substrate by fluorescence based analysis";"B";"BAO_0000357";"single protein format";"Homo sapiens";"None";"None";"None";"None";"";"";"";"CHEMBL1808";"Angiotensin-converting enzyme";"Homo sapiens";"SINGLE PROTEIN";"CHEMBL5346959";"1";"Scientific Literature";"J Med Chem";"2023";"None";"";"";"";"40.0"
"CHEMBL428647";"PACLITAXEL";"4.0";"853.92";"2";"3.74";"PTX";"CC(=O)O[C@H]1C(=O)[C@@]2(C)[C@H]([C@H](OC(=O)c3ccccc3)[C@]3(O)C[C@H](OC(=O)[C@H](O)[C@@H](NC(=O)c4ccccc4)c4ccccc4)C(C)=C1C3(C)C)[C@]1(OC(C)=O)CO[C@@H]1C[C@@H]2O";"Kd";"";"";"";"";"";"";"";"";"";"";"";"0";"CHEMBL5054798";"Binding affinity to human recombinant ACE protein assessed as dissociation constant incubated for 15 mins by MTS binding analysis";"B";"BAO_0000357";"single protein format";"Homo sapiens";"None";"None";"None";"None";"";"";"";"CHEMBL1808";"Angiotensin-converting enzyme";"Homo sapiens";"SINGLE PROTEIN";"CHEMBL5053532";"1";"Scientific Literature";"J Med Chem";"2021";"None";"TIME = 0.25 hr";"";"Not active";""
"CHEMBL5092782";"";"None";"2054.28";"None";"None";"BPP-PTX";"CC[C@H](C)[C@H](NC(=O)[C@H](CCC(N)=O)NC(=O)[C@@H]1CCCN1C(=O)[C@H](CCCNC(=N)N)NC(=O)[C@@H]1CCCN1C(=O)[C@H](Cc1c[nH]c2ccccc12)NC(=O)[C@H](CCC(=O)O)NC(=O)CCC(=O)O[C@@H](C(=O)O[C@H]1C[C@@]2(O)[C@@H](OC(=O)c3ccccc3)[C@@H]3[C@]4(OC(C)=O)CO[C@@H]4C[C@H](O)[C@@]3(C)C(=O)[C@H](OC(C)=O)C(=C1C)C2(C)C)[C@@H](NC(=O)c1ccccc1)c1ccccc1)C(=O)N1CCC[C@H]1C(=O)N1CCC[C@H]1C(N)=O";"Kd";"'='";"380.0";"nM";"6.42";"";"";"UO_0000065";"3.13";"None";"None";"None";"0";"CHEMBL5054798";"Binding affinity to human recombinant ACE protein assessed as dissociation constant incubated for 15 mins by MTS binding analysis";"B";"BAO_0000357";"single protein format";"Homo sapiens";"None";"None";"None";"None";"";"";"";"CHEMBL1808";"Angiotensin-converting enzyme";"Homo sapiens";"SINGLE PROTEIN";"CHEMBL5053532";"1";"Scientific Literature";"J Med Chem";"2021";"None";"TIME = 0.25 hr";"BINDING AGENT";"";"0.38"
"CHEMBL54457";"";"None";"397.54";"0";"3.85";"21";"O=C(O)C1CCCN1C(=O)C(Cc1ccccc1)CC(S)Cc1ccccc1";"IC50";"'='";"3600.0";"nM";"5.44";"";"";"UO_0000065";"13.69";"0.27";"1.59";"9.45";"0";"CHEMBL646968";"Tested for inhibitory potency against Angiotensin I Converting Enzyme";"B";"BAO_0000357";"single protein format";"None";"None";"None";"None";"None";"";"";"";"CHEMBL1808";"Angiotensin-converting enzyme";"Homo sapiens";"SINGLE PROTEIN";"CHEMBL1127546";"1";"Scientific Literature";"J Med Chem";"1994";"None";"";"";"";"3.6"
"CHEMBL422944";"";"None";"398.48";"0";"2.08";"7a";"O=C(O)CN1C(=O)[C@@H](NC(=O)[C@H](S)Cc2ccccc2)CCc2ccccc21";"IC50";"'='";"284.0";"nM";"6.55";"";"";"UO_0000065";"16.43";"0.32";"4.47";"7.55";"0";"CHEMBL645286";"Inhibition of Angiotensin I converting enzyme";"B";"BAO_0000357";"single protein format";"None";"None";"None";"None";"None";"";"";"";"CHEMBL1808";"Angiotensin-converting enzyme";"Homo sapiens";"SINGLE PROTEIN";"CHEMBL1152108";"1";"Scientific Literature";"Bioorg Med Chem Lett";"1994";"None";"";"";"";"284.0"
"CHEMBL90452";"";"None";"212.21";"0";"-1.52";"HG";"N[C@@H](Cc1c[nH]cn1)C(=O)NCC(=O)O";"IC50";"'='";"6309573.44";"nM";"";"Outside typical range";"";"UO_0000065";"";"";"";"";"0";"CHEMBL858254";"Biological activity was measured against Angiotensin I converting enzyme";"B";"BAO_0000357";"single protein format";"None";"None";"None";"None";"None";"";"";"";"CHEMBL1808";"Angiotensin-converting enzyme";"Homo sapiens";"SINGLE PROTEIN";"CHEMBL1128468";"1";"Scientific Literature";"J Med Chem";"1995";"None";"";"";"";"2.2"
"CHEMBL58042";"";"None";"470.52";"0";"2.11";"34";"COc1cc2c(cc1OC)CN(C(=O)C(C)NC(CCc1ccccc1)C(=O)O)C(C(=O)O)C2";"IC50";"'='";"3.0";"nM";"8.52";"";"";"UO_0000065";"18.11";"0.34";"6.41";"6.80";"0";"CHEMBL648350";"Inhibition of guinea pig angiotensin I converting enzyme";"B";"BAO_0000357";"single protein format";"Cavia porcellus";"None";"None";"None";"None";"";"";"";"CHEMBL1808";"Angiotensin-converting enzyme";"Homo sapiens";"SINGLE PROTEIN";"CHEMBL1123237";"1";"Scientific Literature";"J Med Chem";"1986";"None";"";"";"";"0.003"
"CHEMBL1592";"QUINAPRIL";"4.0";"438.52";"0";"2.57";"22";"CCOC(=O)[C@H](CCc1ccccc1)N[C@@H](C)C(=O)N1Cc2ccccc2C[C@H]1C(=O)O";"IC50";"'='";"8.3";"nM";"8.08";"";"";"UO_0000065";"18.43";"0.34";"5.51";"8.42";"1";"CHEMBL648350";"Inhibition of guinea pig angiotensin I converting enzyme";"B";"BAO_0000357";"single protein format";"Cavia porcellus";"None";"None";"None";"None";"";"";"";"CHEMBL1808";"Angiotensin-converting enzyme";"Homo sapiens";"SINGLE PROTEIN";"CHEMBL1123237";"1";"Scientific Literature";"J Med Chem";"1986";"None";"";"";"";"0.0083"
"CHEMBL581";"FOSINOPRILAT";"2.0";"435.50";"0";"4.16";"25";"O=C(O)[C@@H]1C[C@@H](C2CCCCC2)CN1C(=O)CP(=O)(O)CCCCc1ccccc1";"Ki";"'='";"1.5";"nM";"8.82";"";"";"UO_0000065";"20.26";"0.40";"4.66";"9.30";"0";"CHEMBL2156010";"Inhibition of ACE";"B";"BAO_0000357";"single protein format";"None";"None";"None";"None";"None";"";"";"";"CHEMBL1808";"Angiotensin-converting enzyme";"Homo sapiens";"SINGLE PROTEIN";"CHEMBL2150865";"1";"Scientific Literature";"J Med Chem";"2011";"None";"";"";"";"1.5"
"CHEMBL507420";"";"None";"818.01";"2";"4.36";"11";"NC(=O)[C@H](CCC(=O)O)NC(=O)[C@H](CCC(=O)O)NC(=O)[C@H](Cc1cc(-c2ccc(-c3cccc(Cl)c3)cc2)no1)CP(=O)(O)c1ccc(Br)cc1";"Ki";"'>'";"100000.0";"nM";"";"";"";"UO_0000065";"";"";"";"";"0";"CHEMBL1002956";"Inhibition of ACE";"B";"BAO_0000357";"single protein format";"None";"None";"None";"None";"None";"";"";"";"CHEMBL1808";"Angiotensin-converting enzyme";"Homo sapiens";"SINGLE PROTEIN";"CHEMBL1141723";"1";"Scientific Literature";"Bioorg Med Chem";"2008";"None";"";"";"";"100000.0"
"CHEMBL1237";"LISINOPRIL ANHYDROUS";"4.0";"405.50";"0";"1.24";"lisinopril";"NCCCC[C@H](N[C@@H](CCc1ccccc1)C(=O)O)C(=O)N1CCC[C@H]1C(=O)O";"Ki";"'='";"131.5";"nM";"6.88";"";"";"UO_0000065";"16.97";"0.32";"5.64";"5.18";"0";"CHEMBL866172";"Inhibition of somatic ACE N domain";"B";"BAO_0000357";"single protein format";"Homo sapiens";"None";"None";"None";"None";"";"";"";"CHEMBL1808";"Angiotensin-converting enzyme";"Homo sapiens";"SINGLE PROTEIN";"CHEMBL1149517";"1";"Scientific Literature";"Bioorg Med Chem Lett";"2006";"None";"";"";"";"131.5"
"CHEMBL212711";"";"None";"494.59";"1";"2.45";"5b";"NCCCC[C@H](N[C@H](CCc1ccccc1)C(=O)O)C(=O)N[C@@H](Cc1c[nH]c2ccccc12)C(=O)O";"Ratio Ki";"'>'";"25.0";"";"";"";"";"";"";"";"";"";"0";"CHEMBL869860";"Selectivity for ACE C domain over ACE N domain";"B";"BAO_0000357";"single protein format";"Homo sapiens";"None";"None";"None";"None";"";"";"";"CHEMBL1808";"Angiotensin-converting enzyme";"Homo sapiens";"SINGLE PROTEIN";"CHEMBL1149517";"1";"Scientific Literature";"Bioorg Med Chem Lett";"2006";"None";"";"";"";"25.0"
"CHEMBL457317";"";"None";"356.51";"0";"2.12";"2a, SA6541";"C[C@H](CS)C(=O)N[C@@H](CSCc1ccc(N(C)C)cc1)C(=O)O";"IC50";"'='";"520.0";"nM";"6.28";"";"";"UO_0000065";"17.63";"0.37";"4.16";"9.02";"0";"CHEMBL1013488";"Inhibition of angiotensin-converting enzyme in whole blood by HPLC";"B";"BAO_0000221";"tissue-based format";"None";"CHEMBL3638178";"Blood";"None";"None";"";"";"";"CHEMBL1808";"Angiotensin-converting enzyme";"Homo sapiens";"SINGLE PROTEIN";"CHEMBL1154514";"1";"Scientific Literature";"Bioorg Med Chem Lett";"2009";"None";"";"";"";"520.0"
"CHEMBL5429094";"";"None";"2144.54";"None";"None";"BCY20854";"CC[C@H](C)[C@@H]1NC(=O)[C@H](CCCNC(=N)N)NC(=O)[C@@H]2CCCN2C(=O)[C@H](CC(C)C)NC(=O)[C@H](CC(C)C)NC(=O)[C@H](CO)NC(=O)[C@H](CO)NC(=O)[C@@H]2CSCCC(=O)N3CN(CN(C3)C(=O)CCSC[C@@H](C(=O)N[C@@H](C)C(=O)O)NC(=O)[C@H](Cc3c[nH]cn3)NC1=O)C(=O)CCSC[C@H](NC(=O)[C@H](C)NC(C)=O)C(=O)N[C@@H](C(C)C)C(=O)N[C@@H](CCCNC(=N)N)C(=O)N[C@@H](CO)C(=O)N[C@@H](Cc1c[nH]cn1)C(=O)N2";"IC50";"'>'";"40.0";"nM";"";"";"";"UO_0000065";"";"";"";"";"0";"CHEMBL5350896";"Inhibition of human ACE (30 to 1261 residues) using MCA-RPPGFSAFK-Dnp-OH as substrate by fluorescence based analysis";"B";"BAO_0000357";"single protein format";"Homo sapiens";"None";"None";"None";"None";"";"";"";"CHEMBL1808";"Angiotensin-converting enzyme";"Homo sapiens";"SINGLE PROTEIN";"CHEMBL5346959";"1";"Scientific Literature";"J Med Chem";"2023";"None";"";"";"";"40.0"
"CHEMBL5430631";"";"None";"2140.60";"None";"None";"BCY20862";"CC[C@H](C)[C@@H]1NC(=O)[C@H](CCCNC(=N)N)NC(=O)[C@@H]2CCCN2C(=O)[C@H](CC(C)C)NC(=O)[C@H](CC(C)C)NC(=O)[C@H](CO)NC(=O)[C@H](CO)NNC(=O)[C@@H]2CSCCC(=O)N3CN(CN(C3)C(=O)CCSC[C@@H](C(=O)N[C@@H](C)C(N)=O)NC(=O)[C@H](Cc3c[nH]cn3)NC1=O)C(=O)CCSC[C@H](NC(=O)[C@H](C)N)C(=O)N[C@@H](C(C)C)C(=O)N[C@@H](CCCNC(=N)N)C(=O)N[C@@H](CO)C(=O)N[C@@H](Cc1ccc(C)cc1)C(=O)N2";"Kd";"'>'";"10000.0";"nM";"";"";"";"UO_0000065";"";"";"";"";"0";"CHEMBL5350899";"Binding affinity to human ACE assessed as binding constant by surface plasmon resonance analysis";"B";"BAO_0000357";"single protein format";"Homo sapiens";"None";"None";"None";"None";"";"";"";"CHEMBL1808";"Angiotensin-converting enzyme";"Homo sapiens";"SINGLE PROTEIN";"CHEMBL5346959";"1";"Scientific Literature";"J Med Chem";"2023";"None";"";"";"";"10.0"
"CHEMBL5406655";"";"None";"2144.56";"None";"None";"BCY20863";"CC[C@H](C)[C@@H]1NC(=O)[C@H](CCCNC(=N)N)NC(=O)[C@@H]2CCCN2C(=O)[C@H](CC(C)C)NC(=O)[C@H](CC(C)C)NC(=O)[C@H](CO)NC(=O)[C@H](CO)NNC(=O)[C@@H]2CSCCC(=O)N3CN(CN(C3)C(=O)CCSC[C@@H](C(=O)N[C@@H](C)C(N)=O)NC(=O)[C@H](Cc3c[nH]cn3)NC1=O)C(=O)CCSC[C@H](NC(=O)[C@H](C)N)C(=O)N[C@@H](C(C)C)C(=O)N[C@@H](CCCNC(=N)N)C(=O)N[C@@H](CO)C(=O)N[C@@H](Cc1ccc(F)cc1)C(=O)N2";"Kd";"'>'";"10000.0";"nM";"";"";"";"UO_0000065";"";"";"";"";"0";"CHEMBL5350899";"Binding affinity to human ACE assessed as binding constant by surface plasmon resonance analysis";"B";"BAO_0000357";"single protein format";"Homo sapiens";"None";"None";"None";"None";"";"";"";"CHEMBL1808";"Angiotensin-converting enzyme";"Homo sapiens";"SINGLE PROTEIN";"CHEMBL5346959";"1";"Scientific Literature";"J Med Chem";"2023";"None";"";"";"";"10.0"
"CHEMBL101409";"";"None";"439.47";"0";"1.58";"3k";"C[C@H](N[C@@H](Cc1ccccc1)C(=O)O)C(=O)N1C(=O)N(Cc2ccccc2)C[C@H]1C(=O)O";"IC50";"'='";"11.0";"nM";"7.96";"";"";"UO_0000065";"18.11";"0.34";"6.38";"6.25";"0";"CHEMBL644735";"Inhibition of Angiotensin I converting enzyme from pig renal cortex, hippuryl-histidyl-leucine as substrate";"B";"BAO_0000019";"assay format";"Sus scrofa";"None";"None";"None";"None";"";"";"";"CHEMBL1808";"Angiotensin-converting enzyme";"Homo sapiens";"SINGLE PROTEIN";"CHEMBL1124381";"1";"Scientific Literature";"J Med Chem";"1989";"None";"";"";"";"1.1E-8"
"CHEMBL34832";"";"None";"548.64";"1";"4.56";"SQ-29852_2T";"NCCCC[C@H](OP(=O)(O)CCCCc1ccccc1)C(=O)N1C[C@@H](Sc2ccccc2)C[C@H]1C(=O)O";"IC50";"'='";"0.5248";"nM";"9.28";"";"";"UO_0000065";"";"";"";"";"0";"CHEMBL648337";"Inhibitory activity against angiotensin converting enzyme (ACE)";"F";"BAO_0000019";"assay format";"None";"None";"None";"None";"None";"";"";"";"CHEMBL1808";"Angiotensin-converting enzyme";"Homo sapiens";"SINGLE PROTEIN";"CHEMBL1126767";"1";"Scientific Literature";"J Med Chem";"1993";"None";"";"";"";"9.28"
"CHEMBL404117";"";"None";"383.51";"0";"3.95";"1l";"O=C(O)[C@H](Cc1ccc(-c2ccccc2)cc1)NC(=O)[C@@H](S)C1CCCC1";"Ki";"'='";"700.0";"nM";"6.16";"";"";"UO_0000065";"16.05";"0.31";"2.20";"9.27";"0";"CHEMBL933039";"Inhibition of human recombinant ACE by fluorescence assay";"B";"BAO_0000357";"single protein format";"Homo sapiens";"None";"None";"None";"None";"";"";"";"CHEMBL1808";"Angiotensin-converting enzyme";"Homo sapiens";"SINGLE PROTEIN";"CHEMBL1142293";"1";"Scientific Literature";"Bioorg Med Chem Lett";"2008";"None";"";"";"";"700.0"
"CHEMBL551145";"";"None";"339.31";"0";"2.19";"3c";"O=C(CC(S)C(F)(F)F)NC(Cc1ccc(F)cc1)C(=O)O";"IC50";"'='";"300.0";"nM";"6.52";"";"";"UO_0000065";"19.22";"0.40";"4.33";"9.82";"0";"CHEMBL1060018";"Inhibition of human recombinant ACE by fluorimetry";"B";"BAO_0000357";"single protein format";"Homo sapiens";"None";"None";"None";"None";"";"";"";"CHEMBL1808";"Angiotensin-converting enzyme";"Homo sapiens";"SINGLE PROTEIN";"CHEMBL1154033";"1";"Scientific Literature";"Bioorg Med Chem Lett";"2009";"None";"";"";"";"300.0"
"CHEMBL367315";"";"None";"231.25";"0";"1.63";"8";"O=c1cc(N2CCOCC2)oc2ccccc12";"IC50";"'='";"13400.0";"nM";"4.87";"";"";"UO_0000065";"21.07";"0.39";"3.24";"11.42";"0";"CHEMBL832631";"Inhibitory concentration against human angiotensin I converting enzyme";"B";"BAO_0000357";"single protein format";"Homo sapiens";"None";"None";"None";"None";"";"";"";"CHEMBL1808";"Angiotensin-converting enzyme";"Homo sapiens";"SINGLE PROTEIN";"CHEMBL1144347";"1";"Scientific Literature";"J Med Chem";"2005";"None";"";"";"";"13.4"
"CHEMBL5434946";"";"None";"2016.42";"None";"None";"BCY20856";"CC[C@H](C)[C@@H]1NC(=O)[C@H](CCCNC(=N)N)NC(=O)[C@@H]2CCCN2C(=O)[C@H](CC(C)C)NC(=O)[C@H](CC(C)C)NC(=O)[C@H](CO)NC(=O)[C@H](CO)NNC(=O)[C@@H]2CSCCC(=O)N3CN(CN(C3)C(=O)CCSC[C@H](NC(C)=O)C(=O)N[C@@H](C(C)C)C(=O)N[C@@H](CCCNC(=N)N)C(=O)N[C@@H](CO)C(=O)N[C@@H](Cc3c[nH]cn3)C(=O)N2)C(=O)CCSC[C@@H](C(N)=O)NC(=O)[C@H](Cc2c[nH]cn2)NC1=O";"IC50";"'>'";"40.0";"nM";"";"";"";"UO_0000065";"";"";"";"";"0";"CHEMBL5350896";"Inhibition of human ACE (30 to 1261 residues) using MCA-RPPGFSAFK-Dnp-OH as substrate by fluorescence based analysis";"B";"BAO_0000357";"single protein format";"Homo sapiens";"None";"None";"None";"None";"";"";"";"CHEMBL1808";"Angiotensin-converting enzyme";"Homo sapiens";"SINGLE PROTEIN";"CHEMBL5346959";"1";"Scientific Literature";"J Med Chem";"2023";"None";"";"";"";"40.0"
"CHEMBL5429562";"";"None";"2130.57";"None";"None";"BCY20867";"CC[C@H](C)[C@@H]1NC(=O)[C@H](CCCNC(=N)N)NC(=O)[C@@H]2CCCN2C(=O)[C@H](CC(C)C)NC(=O)[C@H](CC(C)(C)C)NC(=O)[C@H](CO)NC(=O)[C@H](CO)NNC(=O)[C@@H]2CSCCC(=O)N3CN(CN(C3)C(=O)CCSC[C@@H](C(=O)N[C@@H](C)C(N)=O)NC(=O)[C@H](Cc3c[nH]cn3)NC1=O)C(=O)CCSC[C@H](NC(=O)[C@H](C)N)C(=O)N[C@@H](C(C)C)C(=O)N[C@@H](CCCNC(=N)N)C(=O)N[C@@H](CO)C(=O)N[C@@H](Cc1c[nH]cn1)C(=O)N2";"IC50";"'>'";"40.0";"nM";"";"";"";"UO_0000065";"";"";"";"";"0";"CHEMBL5350896";"Inhibition of human ACE (30 to 1261 residues) using MCA-RPPGFSAFK-Dnp-OH as substrate by fluorescence based analysis";"B";"BAO_0000357";"single protein format";"Homo sapiens";"None";"None";"None";"None";"";"";"";"CHEMBL1808";"Angiotensin-converting enzyme";"Homo sapiens";"SINGLE PROTEIN";"CHEMBL5346959";"1";"Scientific Literature";"J Med Chem";"2023";"None";"";"";"";"40.0"
"CHEMBL2111940";"";"None";"481.55";"0";"1.92";"25";"C[C@H](N[C@H](C[C@H](Cc1ccccc1)NC(=O)c1ccccc1)C(=O)O)C(=O)N1CCC[C@H]1C(=O)O";"IC50";"'='";"4.8";"nM";"8.32";"";"";"UO_0000065";"17.27";"0.32";"6.40";"6.11";"0";"CHEMBL645287";"In vitro inhibitory activity against Angiotensin I converting enzyme";"B";"BAO_0000357";"single protein format";"None";"None";"None";"None";"None";"";"";"";"CHEMBL1808";"Angiotensin-converting enzyme";"Homo sapiens";"SINGLE PROTEIN";"CHEMBL1122972";"1";"Scientific Literature";"J Med Chem";"1985";"None";"";"";"";"4.8"
"CHEMBL65545";"";"None";"391.49";"0";"1.10";"2a";"O=C(N[C@H]1CCCN2CCC[C@@H](C(=O)O)N2C1=O)[C@@H](S)Cc1ccccc1";"IC50";"'='";"8.0";"nM";"8.10";"";"";"UO_0000065";"20.68";"0.41";"7.00";"9.00";"0";"CHEMBL648283";"In vitro inhibitory activity against angiotensin converting enzyme (ACE) in rat was determined";"B";"BAO_0000019";"assay format";"None";"None";"None";"None";"None";"";"";"";"CHEMBL1808";"Angiotensin-converting enzyme";"Homo sapiens";"SINGLE PROTEIN";"CHEMBL1127958";"1";"Scientific Literature";"Bioorg Med Chem Lett";"1994";"None";"";"";"";"8.0"
"CHEMBL38613";"";"None";"414.48";"0";"2.25";"5l";"O=C(O)CN1C(=O)[C@@H](N[C@@H](CSc2ccccc2)C(=O)O)CCc2ccccc21";"IC50";"'='";"4.0";"nM";"8.40";"";"";"UO_0000065";"20.26";"0.40";"6.15";"7.85";"0";"CHEMBL644701";"In vitro inhibitory activity against Angiotensin I converting enzyme";"B";"BAO_0000357";"single protein format";"None";"None";"None";"None";"None";"";"";"";"CHEMBL1808";"Angiotensin-converting enzyme";"Homo sapiens";"SINGLE PROTEIN";"CHEMBL1122836";"1";"Scientific Literature";"J Med Chem";"1985";"None";"";"";"";"4.0"
"CHEMBL611148";"";"None";"265.33";"0";"1.59";"4";"C[C@@H](CS)C(=O)N1c2ccccc2C[C@H]1C(=O)O";"IC50";"'='";"6.026";"nM";"8.22";"";"";"UO_0000065";"";"";"";"";"0";"CHEMBL648337";"Inhibitory activity against angiotensin converting enzyme (ACE)";"F";"BAO_0000019";"assay format";"None";"None";"None";"None";"None";"";"";"";"CHEMBL1808";"Angiotensin-converting enzyme";"Homo sapiens";"SINGLE PROTEIN";"CHEMBL1126767";"1";"Scientific Literature";"J Med Chem";"1993";"None";"";"";"";"8.22"
"CHEMBL79190";"";"None";"258.30";"0";"-0.24";"2";"O=C(O)[C@@H]1CCCN2C(=O)C[C@@H](CS)C(=O)N12";"IC50";"'='";"70.79";"nM";"7.15";"";"";"UO_0000065";"";"";"";"";"0";"CHEMBL648337";"Inhibitory activity against angiotensin converting enzyme (ACE)";"F";"BAO_0000019";"assay format";"None";"None";"None";"None";"None";"";"";"";"CHEMBL1808";"Angiotensin-converting enzyme";"Homo sapiens";"SINGLE PROTEIN";"CHEMBL1126767";"1";"Scientific Literature";"J Med Chem";"1993";"None";"";"";"";"7.15"
"CHEMBL3322136";"";"None";"738.89";"2";"0.84";"Table 1, 105";"CC(C)C[C@H](NC(=O)[C@H](Cc1cnc[nH]1)NC(=O)[C@@H](N)CC(C)C)C(=O)N1CCC[C@H]1C(=O)N[C@@H](Cc1ccc(O)cc1)C(=O)N1CCC[C@H]1C(=O)O";"logIC50";"'='";"0.36";"";"";"";"";"";"";"";"";"";"0";"CHEMBL3363246";"Inhibition of ACE (unknown origin)";"B";"BAO_0000357";"single protein format";"Homo sapiens";"None";"None";"None";"None";"";"";"";"CHEMBL1808";"Angiotensin-converting enzyme";"Homo sapiens";"SINGLE PROTEIN";"CHEMBL3352520";"1";"Scientific Literature";"Eur J Med Chem";"2014";"None";"";"";"";"0.36"
"CHEMBL508762";"";"None";"1340.56";"None";"None";"Table 2, 16";"CC(C)[C@H](NC(=O)CNC(=O)[C@H](Cc1cnc[nH]1)NC(=O)[C@@H](N)Cc1c[nH]c2ccccc12)C(=O)N[C@@H](CCCNC(=N)N)C(=O)N[C@@H](Cc1c[nH]c2ccccc12)C(=O)N[C@@H](Cc1c[nH]c2ccccc12)C(=O)N[C@@H](CCCCN)C(=O)N[C@@H](Cc1c[nH]c2ccccc12)C(=O)O";"Ratio IC50";"'='";"2.5";"";"";"";"";"";"";"";"";"";"0";"CHEMBL3363247";"Inhibition of ACE (unknown origin) relative to peptide Bac2A RLARIVVIRVAR sequence";"B";"BAO_0000357";"single protein format";"Homo sapiens";"None";"None";"None";"None";"";"";"";"CHEMBL1808";"Angiotensin-converting enzyme";"Homo sapiens";"SINGLE PROTEIN";"CHEMBL3352520";"1";"Scientific Literature";"Eur J Med Chem";"2014";"None";"";"";"";"2.5"
"CHEMBL51576";"";"None";"398.48";"0";"1.68";"1B";"O=C(O)CN1Cc2ccccc2C[C@H](NC(=O)[C@@H](S)Cc2ccccc2)C1=O";"IC50";"'='";"33.0";"nM";"7.48";"";"";"UO_0000065";"18.78";"0.36";"5.80";"8.63";"0";"CHEMBL645286";"Inhibition of Angiotensin I converting enzyme";"B";"BAO_0000357";"single protein format";"None";"None";"None";"None";"None";"";"";"";"CHEMBL1808";"Angiotensin-converting enzyme";"Homo sapiens";"SINGLE PROTEIN";"CHEMBL1152108";"1";"Scientific Literature";"Bioorg Med Chem Lett";"1994";"None";"";"";"";"33.0"
"CHEMBL111578";"";"None";"347.44";"0";"2.80";"20d";"O=C(SC1CCCC1C(=O)N1CCCC1C(=O)O)c1ccccc1";"IC50";"'='";"63.1";"nM";"7.20";"";"";"UO_0000065";"20.72";"0.41";"4.40";"9.64";"0";"CHEMBL646945";"Inhibition of angiotensin I converting enzyme in silico";"B";"BAO_0000357";"single protein format";"None";"None";"None";"None";"None";"";"";"";"CHEMBL1808";"Angiotensin-converting enzyme";"Homo sapiens";"SINGLE PROTEIN";"CHEMBL1130169";"1";"Scientific Literature";"J Med Chem";"1997";"None";"";"";"";"7.2"
"CHEMBL2448087";"";"None";"682.61";"2";"0.77";"1k";"C[C@H](N[C@@H](CCc1ccccc1)C(=O)O)C(=O)N(CCCC1Nc2cc(Cl)c(S(N)(=O)=O)cc2S(=O)(=O)N1)CC(=O)O.Cl";"Inhibition";"'>'";"100.0";"%";"";"";"";"UO_0000187";"";"";"";"";"0";"CHEMBL651249";"Inhibition of Angiotensin I converting enzyme(ACE) at the dose of 100 mg/kg (ip) in dog";"B";"BAO_0000218";"organism-based format";"Canis lupus familiaris";"None";"None";"None";"None";"DOSE = 100.0 mg.kg-1";"";"";"CHEMBL1808";"Angiotensin-converting enzyme";"Homo sapiens";"SINGLE PROTEIN";"CHEMBL1124789";"1";"Scientific Literature";"J Med Chem";"1990";"None";"";"";"";"100.0"
"CHEMBL310869";"";"None";"445.52";"0";"1.15";"COO_26C";"NC(Cc1ccccc1)C(=O)N[C@H](CCC(=O)N1[C@H](C(=O)O)C[C@@H]2CCCC[C@@H]21)C(=O)O";"IC50";"'='";"100.0";"nM";"7.00";"";"";"UO_0000065";"";"";"";"";"0";"CHEMBL648337";"Inhibitory activity against angiotensin converting enzyme (ACE)";"F";"BAO_0000019";"assay format";"None";"None";"None";"None";"None";"";"";"";"CHEMBL1808";"Angiotensin-converting enzyme";"Homo sapiens";"SINGLE PROTEIN";"CHEMBL1126767";"1";"Scientific Literature";"J Med Chem";"1993";"None";"";"";"";"7.0"
"CHEMBL838";"BENAZEPRIL";"4.0";"424.50";"0";"2.57";"Benazepril";"CCOC(=O)[C@H](CCc1ccccc1)N[C@H]1CCc2ccccc2N(CC(=O)O)C1=O";"IC50";"'='";"1.7";"nM";"8.77";"";"";"UO_0000065";"20.66";"0.39";"6.20";"9.14";"0";"CHEMBL648689";"Inhibitory activity against angiotensin I converting enzyme (ACE)";"B";"BAO_0000357";"single protein format";"None";"None";"None";"None";"None";"";"";"";"CHEMBL1808";"Angiotensin-converting enzyme";"Homo sapiens";"SINGLE PROTEIN";"CHEMBL1133572";"1";"Scientific Literature";"J Med Chem";"2000";"None";"";"";"";"1.7"
"CHEMBL91792";"";"None";"275.31";"0";"0.63";"AW";"C[C@H](N)C(=O)N[C@@H](Cc1c[nH]c2ccccc12)C(=O)O";"IC50";"'='";"10000.0";"nM";"5.00";"";"";"UO_0000065";"18.16";"0.34";"4.37";"4.62";"0";"CHEMBL858254";"Biological activity was measured against Angiotensin I converting enzyme";"B";"BAO_0000357";"single protein format";"None";"None";"None";"None";"None";"";"";"";"CHEMBL1808";"Angiotensin-converting enzyme";"Homo sapiens";"SINGLE PROTEIN";"CHEMBL1128468";"1";"Scientific Literature";"J Med Chem";"1995";"None";"";"";"";"5.0"
"CHEMBL205452";"";"None";"443.55";"0";"0.99";"1";"CN[C@@H](Cc1c[nH]c2ccccc12)C(=O)N[C@@H](CCCCN)C(=O)N1CCC[C@H]1C(=O)O";"Inhibition";"'='";"39.07";"%";"";"";"";"UO_0000187";"";"";"";"";"0";"CHEMBL861823";"Inhibition of ACE in bovine kidney";"B";"BAO_0000221";"tissue-based format";"Bos taurus";"CHEMBL3638241";"Kidney";"None";"None";"";"";"";"CHEMBL1808";"Angiotensin-converting enzyme";"Homo sapiens";"SINGLE PROTEIN";"CHEMBL1146940";"1";"Scientific Literature";"Bioorg Med Chem Lett";"2006";"None";"";"";"";"39.07"
"CHEMBL205367";"";"None";"452.56";"0";"1.45";"17";"NCCC[C@H](NC(=O)[C@@H](N)C(c1ccccc1)c1ccccc1)C(=O)N1CCC[C@H]1C(=O)O";"Inhibition";"'='";"27.67";"%";"";"";"";"UO_0000187";"";"";"";"";"0";"CHEMBL861823";"Inhibition of ACE in bovine kidney";"B";"BAO_0000221";"tissue-based format";"Bos taurus";"CHEMBL3638241";"Kidney";"None";"None";"";"";"";"CHEMBL1808";"Angiotensin-converting enzyme";"Homo sapiens";"SINGLE PROTEIN";"CHEMBL1146940";"1";"Scientific Literature";"Bioorg Med Chem Lett";"2006";"None";"";"";"";"27.67"
"CHEMBL383507";"";"None";"382.49";"0";"-0.08";"14";"NCCC[C@H](NC(=O)[C@@H](N)Cc1ccsc1)C(=O)N1CCC[C@H]1C(=O)O";"IC50";"'='";"600.0";"nM";"6.22";"";"";"UO_0000065";"16.27";"0.33";"6.30";"4.48";"0";"CHEMBL861823";"Inhibition of ACE in bovine kidney";"B";"BAO_0000221";"tissue-based format";"Bos taurus";"CHEMBL3638241";"Kidney";"None";"None";"";"";"";"CHEMBL1808";"Angiotensin-converting enzyme";"Homo sapiens";"SINGLE PROTEIN";"CHEMBL1146940";"1";"Scientific Literature";"Bioorg Med Chem Lett";"2006";"None";"";"";"";"0.6"
"CHEMBL289267";"";"None";"428.51";"0";"2.40";"5i";"O=C(O)CN1C(=O)[C@@H](N[C@@H](CSCc2ccccc2)C(=O)O)CCc2ccccc21";"IC50";"'='";"2.9";"nM";"8.54";"";"";"UO_0000065";"19.92";"0.39";"6.14";"7.98";"0";"CHEMBL644701";"In vitro inhibitory activity against Angiotensin I converting enzyme";"B";"BAO_0000357";"single protein format";"None";"None";"None";"None";"None";"";"";"";"CHEMBL1808";"Angiotensin-converting enzyme";"Homo sapiens";"SINGLE PROTEIN";"CHEMBL1122836";"1";"Scientific Literature";"J Med Chem";"1985";"None";"";"";"";"2.9"
"CHEMBL578";"ENALAPRIL";"4.0";"376.45";"0";"1.60";"enalapril";"CCOC(=O)[C@H](CCc1ccccc1)N[C@@H](C)C(=O)N1CCC[C@H]1C(=O)O";"IC50";"'='";"140.0";"nM";"6.85";"";"";"UO_0000065";"18.21";"0.35";"5.25";"7.14";"0";"CHEMBL648701";"In vitro inhibitory activity against Angiotensin I converting enzyme from unpurified guinea pig serum";"B";"BAO_0000357";"single protein format";"Cavia porcellus";"None";"None";"None";"None";"";"";"";"CHEMBL1808";"Angiotensin-converting enzyme";"Homo sapiens";"SINGLE PROTEIN";"CHEMBL1123106";"1";"Scientific Literature";"J Med Chem";"1985";"None";"";"";"";"1.4E-7"
"CHEMBL445561";"";"None";"532.67";"1";"3.82";"SQ-29852_2W";"CSC1(SC)C[C@@H](C(=O)O)N(C(=O)[C@H](CCCCN)OP(=O)(O)CCCCc2ccccc2)C1";"IC50";"'='";"2.57";"nM";"8.59";"";"";"UO_0000065";"";"";"";"";"0";"CHEMBL648337";"Inhibitory activity against angiotensin converting enzyme (ACE)";"F";"BAO_0000019";"assay format";"None";"None";"None";"None";"None";"";"";"";"CHEMBL1808";"Angiotensin-converting enzyme";"Homo sapiens";"SINGLE PROTEIN";"CHEMBL1126767";"1";"Scientific Literature";"J Med Chem";"1993";"None";"";"";"";"8.59"
"CHEMBL1237";"LISINOPRIL ANHYDROUS";"4.0";"405.50";"0";"1.24";"lisinopril";"NCCCC[C@H](N[C@@H](CCc1ccccc1)C(=O)O)C(=O)N1CCC[C@H]1C(=O)O";"Ki";"'='";"131.5";"nM";"6.88";"";"";"UO_0000065";"16.97";"0.32";"5.64";"5.18";"1";"CHEMBL869865";"Inhibition of recombinant ACE N domain";"B";"BAO_0000357";"single protein format";"Homo sapiens";"None";"None";"None";"None";"";"";"";"CHEMBL1808";"Angiotensin-converting enzyme";"Homo sapiens";"SINGLE PROTEIN";"CHEMBL1149521";"1";"Scientific Literature";"Bioorg Med Chem Lett";"2006";"None";"";"";"";"131.5"
"CHEMBL338446";"";"None";"359.43";"0";"0.62";"7 (table-2)";"N[C@@H](Cc1ccccc1)C(=O)N1CCC[C@H]1C(=O)N1CCC[C@@H]1C(=O)O";"IC50";"'='";"78000.0";"nM";"4.11";"";"";"UO_0000065";"11.43";"0.22";"3.49";"3.95";"0";"CHEMBL644708";"Inhibition against ACE.";"B";"BAO_0000357";"single protein format";"None";"None";"None";"None";"None";"";"";"";"CHEMBL1808";"Angiotensin-converting enzyme";"Homo sapiens";"SINGLE PROTEIN";"CHEMBL1127412";"1";"Scientific Literature";"J Med Chem";"1994";"None";"";"";"";"78000.0"
"CHEMBL101469";"";"None";"461.56";"0";"3.09";"3i";"CCCCCCCC[C@H](N[C@@H](C)C(=O)N1C(=O)N(Cc2ccccc2)C[C@H]1C(=O)O)C(=O)O";"IC50";"'='";"1.5";"nM";"8.82";"";"";"UO_0000065";"19.12";"0.37";"5.73";"6.93";"0";"CHEMBL644735";"Inhibition of Angiotensin I converting enzyme from pig renal cortex, hippuryl-histidyl-leucine as substrate";"B";"BAO_0000019";"assay format";"Sus scrofa";"None";"None";"None";"None";"";"";"";"CHEMBL1808";"Angiotensin-converting enzyme";"Homo sapiens";"SINGLE PROTEIN";"CHEMBL1124381";"1";"Scientific Literature";"J Med Chem";"1989";"None";"";"";"";"1.5E-9"
"CHEMBL1560";"CAPTOPRIL";"4.0";"217.29";"0";"0.63";"1 Captopril SQ-14225";"C[C@H](CS)C(=O)N1CCC[C@H]1C(=O)O";"IC50";"'='";"300.0";"nM";"6.52";"";"";"UO_0000065";"30.02";"0.64";"5.89";"11.32";"0";"CHEMBL644576";"Compound is evaluated for the inhibition of porcine plasma Angiotensin I converting enzyme";"B";"BAO_0000366";"cell-free format";"Sus scrofa";"CHEMBL3559721";"Plasma";"None";"None";"";"";"";"CHEMBL1808";"Angiotensin-converting enzyme";"Homo sapiens";"SINGLE PROTEIN";"CHEMBL1121370";"1";"Scientific Literature";"J Med Chem";"1980";"None";"";"";"";"0.3"
"CHEMBL172913";"";"None";"346.38";"0";"1.23";"10";"CC(NC(=O)c1ccccc1)C(=O)CCC(=O)N1CCC[C@H]1C(=O)O";"IC50";"'='";"300.0";"nM";"6.52";"";"";"UO_0000065";"18.83";"0.36";"5.29";"6.29";"0";"CHEMBL648346";"Concentration required to inhibit the activity of Angiotensin I converting enzyme by 50%";"B";"BAO_0000224";"protein format";"Cavia porcellus";"None";"None";"None";"None";"";"";"";"CHEMBL1808";"Angiotensin-converting enzyme";"Homo sapiens";"SINGLE PROTEIN";"CHEMBL1121683";"1";"Scientific Literature";"J Med Chem";"1981";"None";"";"";"";"3E-7"
"CHEMBL92326";"";"None";"532.53";"1";"3.95";"12";"O=C(O)[C@H](Cc1ccc(-c2ccccc2)cc1)NC(=O)[C@H](Cc1ccc2ccccc2c1)NCP(=O)(O)O";"IC50";"'='";"53.0";"nM";"7.28";"";"";"UO_0000065";"13.66";"0.26";"3.33";"5.35";"0";"CHEMBL876577";"In vitro inhibitory concentration against angiotensin-converting enzyme";"B";"BAO_0000224";"protein format";"None";"None";"None";"None";"None";"";"";"";"CHEMBL1808";"Angiotensin-converting enzyme";"Homo sapiens";"SINGLE PROTEIN";"CHEMBL1150039";"1";"Scientific Literature";"Bioorg Med Chem Lett";"1994";"None";"";"";"";"53.0"
"CHEMBL340152";"";"None";"299.37";"0";"0.08";"1 (table-2)";"CCCC[C@H](N)C(=O)N[C@@H](C)C(=O)N1CCC[C@@H]1C(=O)O";"IC50";"'='";"700.0";"nM";"6.16";"";"";"UO_0000065";"20.56";"0.40";"6.07";"5.46";"0";"CHEMBL644708";"Inhibition against ACE.";"B";"BAO_0000357";"single protein format";"None";"None";"None";"None";"None";"";"";"";"CHEMBL1808";"Angiotensin-converting enzyme";"Homo sapiens";"SINGLE PROTEIN";"CHEMBL1127412";"1";"Scientific Literature";"J Med Chem";"1994";"None";"";"";"";"700.0"
"CHEMBL54601";"";"None";"371.50";"0";"3.37";"A";"CC(NC(=O)C(Cc1ccccc1)C(S)CCc1ccccc1)C(=O)O";"IC50";"'='";"4000.0";"nM";"5.40";"";"";"UO_0000065";"14.53";"0.28";"2.03";"8.13";"1";"CHEMBL884037";"Tested for inhibitory potency against Angiotensin I Converting Enzyme";"B";"BAO_0000357";"single protein format";"None";"None";"None";"None";"None";"";"";"";"CHEMBL1808";"Angiotensin-converting enzyme";"Homo sapiens";"SINGLE PROTEIN";"CHEMBL1127546";"1";"Scientific Literature";"J Med Chem";"1994";"None";"";"";"";"4.0"
"CHEMBL317094";"IMIDAPRIL";"4.0";"405.45";"0";"0.88";"3p";"CCOC(=O)[C@H](CCc1ccccc1)N[C@@H](C)C(=O)N1C(=O)N(C)C[C@H]1C(=O)O";"IC50";"'='";"9900.0";"nM";"5.00";"";"";"UO_0000065";"12.34";"0.24";"4.12";"4.30";"0";"CHEMBL644734";"Inhibitory activity on Angiotensin I converting enzyme (ACE) obtained from pig renal cortex and hippuryl-histidyl-leucine as substrate";"B";"BAO_0000019";"assay format";"Sus scrofa";"None";"None";"None";"None";"";"";"";"CHEMBL1808";"Angiotensin-converting enzyme";"Homo sapiens";"SINGLE PROTEIN";"CHEMBL1124381";"1";"Scientific Literature";"J Med Chem";"1989";"None";"";"";"";"0.0000099"
"CHEMBL430689";"";"None";"419.48";"0";"1.77";"3h";"CC(C)CC[C@H](N[C@@H](C)C(=O)N1C(=O)N(Cc2ccccc2)C[C@H]1C(=O)O)C(=O)O";"IC50";"'='";"3.3";"nM";"8.48";"";"";"UO_0000065";"20.22";"0.39";"6.71";"6.67";"0";"CHEMBL644735";"Inhibition of Angiotensin I converting enzyme from pig renal cortex, hippuryl-histidyl-leucine as substrate";"B";"BAO_0000019";"assay format";"Sus scrofa";"None";"None";"None";"None";"";"";"";"CHEMBL1808";"Angiotensin-converting enzyme";"Homo sapiens";"SINGLE PROTEIN";"CHEMBL1124381";"1";"Scientific Literature";"J Med Chem";"1989";"None";"";"";"";"3.3E-9"
"CHEMBL301751";"";"None";"414.48";"0";"1.91";"3l";"O=C(O)CCN1C(=O)[C@@H](NC(=O)[C@@H](S)Cc2ccccc2)COc2ccccc21";"IC50";"'='";"31.0";"nM";"7.51";"";"";"UO_0000065";"18.12";"0.35";"5.60";"7.83";"0";"CHEMBL648282";"Tested in vitro for inhibition of Angiotensin converting enzyme (ACE)";"B";"BAO_0000357";"single protein format";"None";"None";"None";"None";"None";"";"";"";"CHEMBL1808";"Angiotensin-converting enzyme";"Homo sapiens";"SINGLE PROTEIN";"CHEMBL1127937";"1";"Scientific Literature";"Bioorg Med Chem Lett";"1994";"None";"";"";"";"31.0"
"CHEMBL52733";"";"None";"428.51";"0";"2.30";"3m";"C[C@H]1Oc2ccccc2N(CCC(=O)O)C(=O)[C@H]1NC(=O)[C@@H](S)Cc1ccccc1";"IC50";"'='";"18.0";"nM";"7.75";"";"";"UO_0000065";"18.07";"0.35";"5.44";"8.07";"0";"CHEMBL648282";"Tested in vitro for inhibition of Angiotensin converting enzyme (ACE)";"B";"BAO_0000357";"single protein format";"None";"None";"None";"None";"None";"";"";"";"CHEMBL1808";"Angiotensin-converting enzyme";"Homo sapiens";"SINGLE PROTEIN";"CHEMBL1127937";"1";"Scientific Literature";"Bioorg Med Chem Lett";"1994";"None";"";"";"";"18.0"
"CHEMBL205677";"";"None";"466.58";"0";"1.84";"7";"NCCCC[C@H](NC(=O)[C@@H](N)C(c1ccccc1)c1ccccc1)C(=O)N1CCC[C@H]1C(=O)O";"Activity";"'='";"8.91";"mU/ml";"";"";"";"";"";"";"";"";"0";"CHEMBL861822";"Activity against ACE in bovine kidney";"B";"BAO_0000221";"tissue-based format";"Bos taurus";"CHEMBL3638241";"Kidney";"None";"None";"";"";"";"CHEMBL1808";"Angiotensin-converting enzyme";"Homo sapiens";"SINGLE PROTEIN";"CHEMBL1146940";"1";"Scientific Literature";"Bioorg Med Chem Lett";"2006";"None";"";"";"";"8.91"
"CHEMBL414828";"";"None";"186.21";"0";"-0.59";"L-Ala-L-Pro";"C[C@H](N)C(=O)N1CCC[C@H]1C(=O)O";"IC50";"'='";"110000.0";"nM";"";"Outside typical range";"";"UO_0000065";"";"";"";"";"0";"CHEMBL644735";"Inhibition of Angiotensin I converting enzyme from pig renal cortex, hippuryl-histidyl-leucine as substrate";"B";"BAO_0000019";"assay format";"Sus scrofa";"None";"None";"None";"None";"";"";"";"CHEMBL1808";"Angiotensin-converting enzyme";"Homo sapiens";"SINGLE PROTEIN";"CHEMBL1124381";"1";"Scientific Literature";"J Med Chem";"1989";"None";"";"";"";"0.00011"
"CHEMBL205318";"";"None";"382.51";"0";"0.58";"16";"NCCC[C@H](NC(=O)[C@@H](N)CC1CCCCC1)C(=O)N1CCC[C@H]1C(=O)O";"Inhibition";"'='";"30.78";"%";"";"";"";"UO_0000187";"";"";"";"";"0";"CHEMBL861823";"Inhibition of ACE in bovine kidney";"B";"BAO_0000221";"tissue-based format";"Bos taurus";"CHEMBL3638241";"Kidney";"None";"None";"";"";"";"CHEMBL1808";"Angiotensin-converting enzyme";"Homo sapiens";"SINGLE PROTEIN";"CHEMBL1146940";"1";"Scientific Literature";"Bioorg Med Chem Lett";"2006";"None";"";"";"";"30.78"
"CHEMBL205677";"";"None";"466.58";"0";"1.84";"7";"NCCCC[C@H](NC(=O)[C@@H](N)C(c1ccccc1)c1ccccc1)C(=O)N1CCC[C@H]1C(=O)O";"Inhibition";"'='";"33.82";"%";"";"";"";"UO_0000187";"";"";"";"";"0";"CHEMBL861823";"Inhibition of ACE in bovine kidney";"B";"BAO_0000221";"tissue-based format";"Bos taurus";"CHEMBL3638241";"Kidney";"None";"None";"";"";"";"CHEMBL1808";"Angiotensin-converting enzyme";"Homo sapiens";"SINGLE PROTEIN";"CHEMBL1146940";"1";"Scientific Literature";"Bioorg Med Chem Lett";"2006";"None";"";"";"";"33.82"
"CHEMBL1237";"LISINOPRIL ANHYDROUS";"4.0";"405.50";"0";"1.24";"lisinopril";"NCCCC[C@H](N[C@@H](CCc1ccccc1)C(=O)O)C(=O)N1CCC[C@H]1C(=O)O";"Ki";"'='";"51.0";"nM";"7.29";"";"";"UO_0000065";"17.98";"0.34";"6.05";"5.48";"0";"CHEMBL866171";"Inhibition of testis ACE C domain";"B";"BAO_0000357";"single protein format";"Homo sapiens";"None";"None";"None";"None";"";"";"";"CHEMBL1808";"Angiotensin-converting enzyme";"Homo sapiens";"SINGLE PROTEIN";"CHEMBL1149517";"1";"Scientific Literature";"Bioorg Med Chem Lett";"2006";"None";"";"";"";"51.0"
"CHEMBL216386";"";"None";"1119.29";"None";"None";"Glu-Trp-Pro-Arg-Pro-Gln-Ile-Pro-Pro";"CC[C@H](C)[C@H](NC(=O)[C@H](CCC(N)=O)NC(=O)[C@@H]1CCCN1C(=O)[C@H](CCCN=C(N)N)NC(=O)[C@@H]1CCCN1C(=O)[C@H](Cc1c[nH]c2ccccc12)NC(=O)[C@@H](N)CCC(=O)O)C(=O)N1CCC[C@H]1C(=O)N1CCC[C@H]1C(=O)O";"Ki";"'='";"100.0";"nM";"7.00";"";"";"UO_0000065";"6.25";"None";"None";"None";"0";"CHEMBL644715";"Inhibitory activity against Angiotensin I converting enzyme";"B";"BAO_0000357";"single protein format";"None";"None";"None";"None";"None";"";"";"";"CHEMBL1808";"Angiotensin-converting enzyme";"Homo sapiens";"SINGLE PROTEIN";"CHEMBL1127221";"1";"Scientific Literature";"Bioorg Med Chem Lett";"1993";"None";"";"";"";"0.1"
"CHEMBL32032";"";"None";"423.47";"0";"1.22";"12";"O=C(N[C@@H](Cc1ccccc1)C(=O)NCC(=O)N1CCC[C@H]1C(=O)O)c1ccccc1";"IC50";"'='";"9400.0";"nM";"5.03";"";"";"UO_0000065";"11.87";"0.22";"3.81";"4.34";"0";"CHEMBL644576";"Compound is evaluated for the inhibition of porcine plasma Angiotensin I converting enzyme";"B";"BAO_0000366";"cell-free format";"Sus scrofa";"CHEMBL3559721";"Plasma";"None";"None";"";"";"";"CHEMBL1808";"Angiotensin-converting enzyme";"Homo sapiens";"SINGLE PROTEIN";"CHEMBL1121370";"1";"Scientific Literature";"J Med Chem";"1980";"None";"";"";"";"9.4"
"CHEMBL416979";"";"None";"366.44";"0";"1.21";"5v";"CSCC[C@H](N[C@H]1CCc2ccccc2N(CC(=O)O)C1=O)C(=O)O";"IC50";"'='";"6.5";"nM";"8.19";"";"";"UO_0000065";"22.34";"0.45";"6.98";"7.66";"0";"CHEMBL644701";"In vitro inhibitory activity against Angiotensin I converting enzyme";"B";"BAO_0000357";"single protein format";"None";"None";"None";"None";"None";"";"";"";"CHEMBL1808";"Angiotensin-converting enzyme";"Homo sapiens";"SINGLE PROTEIN";"CHEMBL1122836";"1";"Scientific Literature";"J Med Chem";"1985";"None";"";"";"";"6.5"
"CHEMBL4435800";"";"None";"527.66";"2";"5.36";"35; TD-0212";"CCOc1nc(CC)c(CNC(=O)[C@@H](S)CC(C)C)n1Cc1ccc(-c2ccccc2C(=O)O)cc1F";"IC50";"'>'";"10000.0";"nM";"";"";"";"UO_0000065";"";"";"";"";"0";"CHEMBL4311874";"Inhibition of recombinant human ACE using Mca-BK2 as substrate preincubated for 10 mins followed by fluorogenic substrate addition and measured after 20 mins by fluorescence assay";"B";"BAO_0000357";"single protein format";"Homo sapiens";"None";"None";"None";"None";"";"";"";"CHEMBL1808";"Angiotensin-converting enzyme";"Homo sapiens";"SINGLE PROTEIN";"CHEMBL4308919";"1";"Scientific Literature";"ACS Med Chem Lett";"2019";"None";"";"";"";"5.0"
"CHEMBL8234";"ENKEPHALIN";"None";"555.63";"2";"-0.16";"105";"CC(C)C[C@H](NC(=O)[C@H](Cc1ccccc1)NC(=O)CNC(=O)CNC(=O)[C@@H](N)Cc1ccc(O)cc1)C(=O)O";"T1/2";"'='";"2.167";"hr";"";"";"";"UO_0000032";"";"";"";"";"0";"CHEMBL4399455";"Drug metabolism assessed as angiotensin converting enzyme (unknown origin)-mediated Gly3-Phe4 cleavage by measuring half life";"A";"BAO_0000357";"single protein format";"Homo sapiens";"None";"None";"None";"None";"";"";"";"CHEMBL1808";"Angiotensin-converting enzyme";"Homo sapiens";"SINGLE PROTEIN";"CHEMBL4396923";"1";"Scientific Literature";"Bioorg Med Chem Lett";"2019";"None";"";"";"";"130.0"
"CHEMBL4294217";"";"None";"815.07";"1";"4.42";"Omapatrilat Dimer";"O=C(N[C@H]1CCS[C@H]2CCC[C@@H](C(=O)O)N2C1=O)[C@H](Cc1ccccc1)SS[C@@H](Cc1ccccc1)C(=O)N[C@H]1CCS[C@H]2CCC[C@@H](C(=O)O)N2C1=O";"IC50";"'='";"2200.0";"nM";"5.66";"";"";"UO_0000065";"";"";"";"";"0";"CHEMBL4269905";"Inhibition of human fully glycosylated ACE N-terminal domain expressed in CHO cells using Cbz-Phe-His-Leu as substrate preincubated for 15 mins followed by substrate addition measured after 10 mins by fluorescence spectrophotometric analysis";"A";"BAO_0000219";"cell-based format";"Homo sapiens";"None";"None";"CHO";"None";"";"";"";"CHEMBL1808";"Angiotensin-converting enzyme";"Homo sapiens";"SINGLE PROTEIN";"CHEMBL4266030";"1";"Scientific Literature";"J Med Chem";"2018";"None";"";"";"";"2.2"
"CHEMBL289556";"OMAPATRILAT";"2.0";"408.55";"0";"1.94";"Omapatrilat";"O=C(N[C@H]1CCS[C@H]2CCC[C@@H](C(=O)O)N2C1=O)[C@@H](S)Cc1ccccc1";"Ki";"'='";"0.016";"nM";"10.80";"";"";"UO_0000065";"26.42";"0.55";"8.86";"12.45";"0";"CHEMBL4269910";"Inhibition of human fully glycosylated ACE C-terminal domain expressed in CHO cells using Cbz-Phe-His-Leu as substrate preincubated for 15 mins followed by substrate addition measured after 10 mins by Morrison's plot analysis";"B";"BAO_0000219";"cell-based format";"Homo sapiens";"None";"None";"CHO";"None";"";"";"";"CHEMBL1808";"Angiotensin-converting enzyme";"Homo sapiens";"SINGLE PROTEIN";"CHEMBL4266030";"1";"Scientific Literature";"J Med Chem";"2018";"None";"";"";"";"0.016"
"CHEMBL299639";"";"None";"398.48";"0";"2.08";"53";"O=C(O)CN1C(=O)[C@@H](NC(=O)[C@@H](S)Cc2ccccc2)CCc2ccccc21";"IC50";"'='";"12.0";"nM";"7.92";"";"";"UO_0000065";"19.88";"0.39";"5.84";"9.13";"1";"CHEMBL5258025";"Inhibition of angiotensin-converting enzyme (unknown origin)";"B";"BAO_0000357";"single protein format";"Homo sapiens";"None";"None";"None";"None";"";"";"";"CHEMBL1808";"Angiotensin-converting enzyme";"Homo sapiens";"SINGLE PROTEIN";"CHEMBL5257037";"1";"Scientific Literature";"J Med Chem";"2016";"None";"";"INHIBITOR";"";"12.0"
"CHEMBL5282443";"";"None";"549.63";"1";"2.59";"44";"CC[C@H](C)[C@H](NC(=O)[C@H](Cc1cnc[nH]1)NC(=O)[C@H](Cc1ccccc1)NC(=O)OCc1ccccc1)C(=O)O";"Km";"'='";"10.0";"nM";"";"";"";"UO_0000065";"";"";"";"";"0";"CHEMBL5258027";"Binding affinity to angiotensin-converting enzyme (unknown origin) assessed as Km";"B";"BAO_0000357";"single protein format";"Homo sapiens";"None";"None";"None";"None";"";"";"";"CHEMBL1808";"Angiotensin-converting enzyme";"Homo sapiens";"SINGLE PROTEIN";"CHEMBL5257037";"1";"Scientific Literature";"J Med Chem";"2016";"None";"";"INHIBITOR";"";"10.0"
"CHEMBL5284556";"";"None";"295.35";"0";"1.14";"11a";"N[C@@H](Cc1c[nH]cn1)C(=O)NCc1cccc2cccnc12";"Inhibition";"";"";"%";"";"";"";"UO_0000187";"";"";"";"";"0";"CHEMBL5237355";"Inhibition of recombinant human ACE catalytic activity measured up to 150 uM";"B";"BAO_0000357";"single protein format";"Homo sapiens";"None";"None";"None";"None";"";"";"";"CHEMBL1808";"Angiotensin-converting enzyme";"Homo sapiens";"SINGLE PROTEIN";"CHEMBL5236554";"1";"Scientific Literature";"J Med Chem";"2021";"None";"DOSE <= 150.0 microM";"INHIBITOR";"Active";""
"CHEMBL271718";"";"None";"569.57";"1";"2.74";"10";"O=C(O)[C@H](Cc1ccc2ccccc2c1)NC(=O)N(CCN1C(=O)c2cccc3cccc(c23)C1=O)C[C@H](O)C(=O)O";"IC50";"'='";"1980.0";"nM";"5.70";"";"";"UO_0000065";"10.01";"0.19";"2.96";"3.47";"0";"CHEMBL930672";"Inhibition of ACE";"B";"BAO_0000357";"single protein format";"None";"None";"None";"None";"None";"";"";"";"CHEMBL1808";"Angiotensin-converting enzyme";"Homo sapiens";"SINGLE PROTEIN";"CHEMBL1143110";"1";"Scientific Literature";"Bioorg Med Chem Lett";"2008";"None";"";"";"";"1980.0"
"CHEMBL91090";"";"None";"294.35";"0";"0.88";"IY";"CC[C@H](C)[C@H](N)C(=O)N[C@@H](Cc1ccc(O)cc1)C(=O)O";"IC50";"'='";"3715.35";"nM";"5.43";"";"";"UO_0000065";"18.45";"0.35";"4.55";"4.82";"1";"CHEMBL858254";"Biological activity was measured against Angiotensin I converting enzyme";"B";"BAO_0000357";"single protein format";"None";"None";"None";"None";"None";"";"";"";"CHEMBL1808";"Angiotensin-converting enzyme";"Homo sapiens";"SINGLE PROTEIN";"CHEMBL1128468";"1";"Scientific Literature";"J Med Chem";"1995";"None";"";"";"";"5.43"
"CHEMBL90575";"";"None";"271.32";"0";"-1.56";"RP";"NC(N)=NCCC[C@H](N)C(=O)N1CCC[C@@H]1C(=O)O";"IC50";"'='";"181970.09";"nM";"";"Outside typical range";"";"UO_0000065";"";"";"";"";"0";"CHEMBL858254";"Biological activity was measured against Angiotensin I converting enzyme";"B";"BAO_0000357";"single protein format";"None";"None";"None";"None";"None";"";"";"";"CHEMBL1808";"Angiotensin-converting enzyme";"Homo sapiens";"SINGLE PROTEIN";"CHEMBL1128468";"1";"Scientific Literature";"J Med Chem";"1995";"None";"";"";"";"3.74"
"CHEMBL56035";"";"None";"174.20";"0";"-0.83";"GV";"CC(C)[C@H](NC(=O)CN)C(=O)O";"IC50";"'='";"4570881.9";"nM";"";"Outside typical range";"";"UO_0000065";"";"";"";"";"0";"CHEMBL858254";"Biological activity was measured against Angiotensin I converting enzyme";"B";"BAO_0000357";"single protein format";"None";"None";"None";"None";"None";"";"";"";"CHEMBL1808";"Angiotensin-converting enzyme";"Homo sapiens";"SINGLE PROTEIN";"CHEMBL1128468";"1";"Scientific Literature";"J Med Chem";"1995";"None";"";"";"";"2.34"
"CHEMBL422419";"";"None";"557.67";"1";"2.37";"8";"C[C@H](N[C@@H](CCc1ccccc1)C(=O)O)C(=O)N1C[C@H](OC(=O)NC(CS)Cc2ccccc2)C[C@H]1C(=O)O";"IC50";"'='";"506.0";"nM";"6.30";"";"";"UO_0000065";"11.29";"0.22";"3.93";"4.33";"0";"CHEMBL648286";"In vitro inhibition against angiotensin converting enzyme (ACE)";"B";"BAO_0000357";"single protein format";"None";"None";"None";"None";"None";"";"";"";"CHEMBL1808";"Angiotensin-converting enzyme";"Homo sapiens";"SINGLE PROTEIN";"CHEMBL1152063";"1";"Scientific Literature";"Bioorg Med Chem Lett";"1994";"None";"";"";"";"506.0"
"CHEMBL420983";"";"None";"176.17";"0";"-2.10";"GT";"C[C@@H](O)[C@H](NC(=O)CN)C(=O)O";"IC50";"'='";"5754399.37";"nM";"";"Outside typical range";"";"UO_0000065";"";"";"";"";"0";"CHEMBL858254";"Biological activity was measured against Angiotensin I converting enzyme";"B";"BAO_0000357";"single protein format";"None";"None";"None";"None";"None";"";"";"";"CHEMBL1808";"Angiotensin-converting enzyme";"Homo sapiens";"SINGLE PROTEIN";"CHEMBL1128468";"1";"Scientific Literature";"J Med Chem";"1995";"None";"";"";"";"2.24"
"CHEMBL86915";"";"None";"376.45";"0";"1.91";"38";"O=C(O)CN1CCCCCCC(NC(CCc2ccccc2)C(=O)O)C1=O";"IC50";"'='";"1300.0";"nM";"5.89";"";"";"UO_0000065";"15.64";"0.30";"3.98";"5.50";"0";"CHEMBL644703";"Inhibitory concentration (isomer A) against Angiotensin I converting enzyme";"B";"BAO_0000357";"single protein format";"None";"None";"None";"None";"None";"";"";"";"CHEMBL1808";"Angiotensin-converting enzyme";"Homo sapiens";"SINGLE PROTEIN";"CHEMBL1123398";"1";"Scientific Literature";"J Med Chem";"1986";"None";"";"";"";"0.0000013"
"CHEMBL5303508";"";"None";"523.47";"0";"1.56";"EUB0001755aCl";"CCn1c(CNC(=O)c2nc(Cl)cnc2N)[n+](CC)c2ccc(C(=O)N(C)CCN(C)C)cc21.[Cl-]";"% Ctrl";"'='";"31.0";"%";"";"";"Slightly Active";"UO_0000187";"";"";"";"";"0";"CHEMBL5304017";"ACE(HU_AMTCH400) Eurofins SafetyScreen44 (BI)";"B";"BAO_0000357";"single protein format";"Homo sapiens";"None";"None";"None";"None";"Assay technology: Photometry | Assay type: biochemical";"";"";"CHEMBL1808";"Angiotensin-converting enzyme";"Homo sapiens";"SINGLE PROTEIN";"CHEMBL5303762";"54";"SGC Frankfurt - Donated Chemical Probes";"";"2023";"None";"Compound concentration = 30.0 uM";"";"";"31.0"
"CHEMBL26008";"";"None";"469.60";"0";"4.49";"10d";"CC(SC(CCc1ccccc1)C(=O)O)C(=O)NC1(C(=O)O)CCC(c2ccccc2)CC1";"IC50";"";"";"nM";"";"";"No significant activity";"UO_0000065";"";"";"";"";"0";"CHEMBL884035";"In vitro inhibitory activity against Angiotensin I converting enzyme from unpurified guinea pig serum; No significant activity";"B";"BAO_0000357";"single protein format";"Cavia porcellus";"None";"None";"None";"None";"";"";"";"CHEMBL1808";"Angiotensin-converting enzyme";"Homo sapiens";"SINGLE PROTEIN";"CHEMBL1123106";"1";"Scientific Literature";"J Med Chem";"1985";"None";"";"";"";""
"CHEMBL286339";"";"None";"522.62";"1";"4.59";"Q9852_2B";"NCCCC[C@H](OP(=O)(O)CCCCc1ccccc1)C(=O)N1C[C@@H](C2CCCCC2)C[C@H]1C(=O)O";"IC50";"'='";"0.4898";"nM";"9.31";"";"";"UO_0000065";"";"";"";"";"0";"CHEMBL648337";"Inhibitory activity against angiotensin converting enzyme (ACE)";"F";"BAO_0000019";"assay format";"None";"None";"None";"None";"None";"";"";"";"CHEMBL1808";"Angiotensin-converting enzyme";"Homo sapiens";"SINGLE PROTEIN";"CHEMBL1126767";"1";"Scientific Literature";"J Med Chem";"1993";"None";"";"";"";"9.31"
"CHEMBL25996";"";"None";"393.51";"0";"2.75";"8a";"CCOC(=O)C(CCc1ccccc1)SC(C)C(=O)N1CCCC1C(=O)O";"IC50";"'='";"2900.0";"nM";"5.54";"";"";"UO_0000065";"14.07";"0.28";"2.79";"6.60";"0";"CHEMBL648701";"In vitro inhibitory activity against Angiotensin I converting enzyme from unpurified guinea pig serum";"B";"BAO_0000357";"single protein format";"Cavia porcellus";"None";"None";"None";"None";"";"";"";"CHEMBL1808";"Angiotensin-converting enzyme";"Homo sapiens";"SINGLE PROTEIN";"CHEMBL1123106";"1";"Scientific Literature";"J Med Chem";"1985";"None";"";"";"";"0.0000029"
"CHEMBL212864";"";"None";"468.55";"0";"3.28";"22";"CC(C)(C)OC(=O)N[C@@H](Cc1ccccc1)C(=O)CCC(=O)N[C@@H](Cc1ccccc1)C(=O)O";"Ki";"'='";"43000.0";"nM";"4.37";"";"";"UO_0000065";"9.32";"0.18";"1.09";"3.59";"0";"CHEMBL869865";"Inhibition of recombinant ACE N domain";"B";"BAO_0000357";"single protein format";"Homo sapiens";"None";"None";"None";"None";"";"";"";"CHEMBL1808";"Angiotensin-converting enzyme";"Homo sapiens";"SINGLE PROTEIN";"CHEMBL1149521";"1";"Scientific Literature";"Bioorg Med Chem Lett";"2006";"None";"";"";"";"43.0"
"CHEMBL425383";"";"None";"519.67";"1";"2.56";"36";"Cc1ccc(S(=O)(=O)N(C)NC(=O)C2C[C@@H](S)CN2S(=O)(=O)c2ccc3ccccc3c2)cc1";"IC50";"'='";"14600.0";"nM";"4.84";"";"";"UO_0000065";"9.31";"0.19";"2.28";"4.66";"0";"CHEMBL832631";"Inhibitory concentration against human angiotensin I converting enzyme";"B";"BAO_0000357";"single protein format";"Homo sapiens";"None";"None";"None";"None";"";"";"";"CHEMBL1808";"Angiotensin-converting enzyme";"Homo sapiens";"SINGLE PROTEIN";"CHEMBL1144347";"1";"Scientific Literature";"J Med Chem";"2005";"None";"";"";"";"14.6"
"CHEMBL3322111";"";"None";"477.57";"1";"-1.12";"Table 1, 77";"NCCCC[C@H](NC(=O)[C@@H]1CCCN1)C(=O)N[C@@H](Cc1cnc[nH]1)C(=O)N1CCC[C@H]1C(=O)O";"logIC50";"'='";"2.85";"";"";"";"";"";"";"";"";"";"0";"CHEMBL3363246";"Inhibition of ACE (unknown origin)";"B";"BAO_0000357";"single protein format";"Homo sapiens";"None";"None";"None";"None";"";"";"";"CHEMBL1808";"Angiotensin-converting enzyme";"Homo sapiens";"SINGLE PROTEIN";"CHEMBL3352520";"1";"Scientific Literature";"Eur J Med Chem";"2014";"None";"";"";"";"2.85"
"CHEMBL435360";"";"None";"422.48";"0";"2.45";"20";"O=C(N[C@@H](Cc1ccccc1)C(=O)CCC(=O)N1CCC[C@H]1C(=O)O)c1ccccc1";"IC50";"'='";"70.0";"nM";"7.16";"";"";"UO_0000065";"16.94";"0.32";"4.70";"6.89";"0";"CHEMBL644576";"Compound is evaluated for the inhibition of porcine plasma Angiotensin I converting enzyme";"B";"BAO_0000366";"cell-free format";"Sus scrofa";"CHEMBL3559721";"Plasma";"None";"None";"";"";"";"CHEMBL1808";"Angiotensin-converting enzyme";"Homo sapiens";"SINGLE PROTEIN";"CHEMBL1121370";"1";"Scientific Literature";"J Med Chem";"1980";"None";"";"";"";"0.07"
"CHEMBL4520267";"";"None";"392.43";"0";"2.84";"9a";"O=C(CF)CNC(=O)[C@H](Cc1ccccc1)NC(=O)c1cccc2ccccc12";"IC50";"'>'";"100000.0";"nM";"";"";"";"UO_0000065";"";"";"";"";"0";"CHEMBL4480333";"Inhibition of ACE (unknown origin) using Mca-RPPGFSAFK (Dnp) as substrate preincubated for 20 mins followed by substrate addition by fluorescence plate reader analysis";"B";"BAO_0000357";"single protein format";"Homo sapiens";"None";"None";"None";"None";"";"";"";"CHEMBL1808";"Angiotensin-converting enzyme";"Homo sapiens";"SINGLE PROTEIN";"CHEMBL4477275";"1";"Scientific Literature";"ACS Med Chem Lett";"2016";"None";"";"";"";"100.0"
"CHEMBL560685";"";"None";"321.32";"0";"2.05";"3a";"O=C(CC(S)C(F)(F)F)NC(Cc1ccccc1)C(=O)O";"IC50";"'='";"830.0";"nM";"6.08";"";"";"UO_0000065";"18.92";"0.40";"4.03";"9.16";"0";"CHEMBL1060018";"Inhibition of human recombinant ACE by fluorimetry";"B";"BAO_0000357";"single protein format";"Homo sapiens";"None";"None";"None";"None";"";"";"";"CHEMBL1808";"Angiotensin-converting enzyme";"Homo sapiens";"SINGLE PROTEIN";"CHEMBL1154033";"1";"Scientific Literature";"Bioorg Med Chem Lett";"2009";"None";"";"";"";"830.0"
"CHEMBL431707";"";"None";"548.64";"1";"4.56";"SQ-29852_2S";"NCCCC[C@H](OP(=O)(O)CCCCc1ccccc1)C(=O)N1C[C@H](Sc2ccccc2)C[C@H]1C(=O)O";"IC50";"'='";"0.7762";"nM";"9.11";"";"";"UO_0000065";"";"";"";"";"0";"CHEMBL648337";"Inhibitory activity against angiotensin converting enzyme (ACE)";"F";"BAO_0000019";"assay format";"None";"None";"None";"None";"None";"";"";"";"CHEMBL1808";"Angiotensin-converting enzyme";"Homo sapiens";"SINGLE PROTEIN";"CHEMBL1126767";"1";"Scientific Literature";"J Med Chem";"1993";"None";"";"";"";"9.11"
"CHEMBL284734";"";"None";"488.52";"0";"3.75";"SQ-29852_2L";"NCCCC[C@H](OP(=O)(O)CCCCc1ccccc1)C(=O)N1c2ccccc2C[C@H]1C(=O)O";"IC50";"'='";"0.2951";"nM";"9.53";"";"";"UO_0000065";"";"";"";"";"0";"CHEMBL648337";"Inhibitory activity against angiotensin converting enzyme (ACE)";"F";"BAO_0000019";"assay format";"None";"None";"None";"None";"None";"";"";"";"CHEMBL1808";"Angiotensin-converting enzyme";"Homo sapiens";"SINGLE PROTEIN";"CHEMBL1126767";"1";"Scientific Literature";"J Med Chem";"1993";"None";"";"";"";"9.53"
"CHEMBL311268";"";"None";"435.48";"0";"1.20";"15";"C[C@H](NC(CCCNC(=O)OCc1ccccc1)C(=O)O)C(=O)N1CCC[C@H]1C(=O)O";"IC50";"'='";"2.884";"nM";"8.54";"";"";"UO_0000065";"";"";"";"";"0";"CHEMBL648337";"Inhibitory activity against angiotensin converting enzyme (ACE)";"F";"BAO_0000019";"assay format";"None";"None";"None";"None";"None";"";"";"";"CHEMBL1808";"Angiotensin-converting enzyme";"Homo sapiens";"SINGLE PROTEIN";"CHEMBL1126767";"1";"Scientific Literature";"J Med Chem";"1993";"None";"";"";"";"8.54"
"CHEMBL80779";"";"None";"398.46";"0";"2.28";"20";"C[C@H](NC(CCc1cccc2ccccc12)C(=O)O)C(=O)N1CCC[C@H]1C(=O)O";"IC50";"'='";"1.096";"nM";"8.96";"";"";"UO_0000065";"";"";"";"";"0";"CHEMBL648337";"Inhibitory activity against angiotensin converting enzyme (ACE)";"F";"BAO_0000019";"assay format";"None";"None";"None";"None";"None";"";"";"";"CHEMBL1808";"Angiotensin-converting enzyme";"Homo sapiens";"SINGLE PROTEIN";"CHEMBL1126767";"1";"Scientific Literature";"J Med Chem";"1993";"None";"";"";"";"8.96"
"CHEMBL1192519";"BENAZEPRILAT";"2.0";"396.44";"0";"2.09";"42";"O=C(O)CN1C(=O)[C@@H](N[C@@H](CCc2ccccc2)C(=O)O)CCc2ccccc21";"IC50";"'='";"1.7";"nM";"8.77";"";"";"UO_0000065";"22.12";"0.41";"6.68";"8.20";"0";"CHEMBL5258025";"Inhibition of angiotensin-converting enzyme (unknown origin)";"B";"BAO_0000357";"single protein format";"Homo sapiens";"None";"None";"None";"None";"";"";"";"CHEMBL1808";"Angiotensin-converting enzyme";"Homo sapiens";"SINGLE PROTEIN";"CHEMBL5257037";"1";"Scientific Literature";"J Med Chem";"2016";"None";"";"INHIBITOR";"";"1.7"
"CHEMBL5220314";"";"None";"428.32";"0";"3.32";"MLN-4760-R";"CC(C)C[C@@H](N[C@@H](Cc1cncn1Cc1cc(Cl)cc(Cl)c1)C(=O)O)C(=O)O";"Imax";"'='";"20.0";"%";"";"";"";"UO_0000187";"";"";"";"";"0";"CHEMBL5216077";"Inhibition of ACE in human MNCs assessed as maximum inhibition using substrate Mca-RPGFSAFK (Dnp)-OH as substrate by fluorescence plate reader assay relative to control";"B";"BAO_0000219";"cell-based format";"Homo sapiens";"None";"None";"Mononuclear cell line";"None";"";"";"";"CHEMBL1808";"Angiotensin-converting enzyme";"Homo sapiens";"SINGLE PROTEIN";"CHEMBL5214916";"1";"Scientific Literature";"Bioorg Med Chem";"2021";"None";"";"";"";"20.0"
"CHEMBL4802045";"BAY-091";"None";"440.48";"1";"5.56";"EUB0001564";"CC[C@@H](Nc1c(C#N)c(-c2ccc(-c3cccc(C)c3F)cc2)nc2cnccc12)C(=O)O";"Inhibition";"'='";"0.0";"%";"";"";"Not Active";"UO_0000187";"";"";"";"";"0";"CHEMBL4880877";"Inhibition of Peptidase, Angiotensin Converting Enzyme at compound concentration of 10.0 uM in the Eurofins-Panlabs enzyme assay (Eurofins_assay_107300)";"B";"BAO_0000357";"single protein format";"Oryctolagus cuniculus";"None";"None";"None";"None";"Source of protein: Rabbit lung | Reference compound: None | Substrate with concentration: 0.5 mM N-(3-[2-furyl]acryloyl)-phe-gly-gly (FAPGG) | Incubation time: 30 min | Incubation temperature: 25 C | Detection method: Spectrophotometric quantitation of remaining FAPGG | reference compound EC50: None | Assay protocol publication: PMID: 6299330 | Source of protein: Rabbit lung | Substrate with concentration: 0.5 mM N-(3-[2-furyl]acryloyl)-phe-gly-gly (FAPGG) | Incubation time: 30 min | Incubation temperature: 25 C | Detection method: Spectrophotometric quantitation of remaining FAPGG | Assay protocol publication: PMID: 6299330 | Source of protein: Rabbit lung | Substrate with concentration: 0.5 mM N-(3-[2-furyl]acryloyl)-phe-gly-gly (FAPGG) | Incubation time: 30 min | Incubation temperature: 25 C | Detection method: Spectrophotometric quantitation of remaining FAPGG | Assay protocol publication: PMID: 6299330";"";"";"CHEMBL1808";"Angiotensin-converting enzyme";"Homo sapiens";"SINGLE PROTEIN";"CHEMBL4800729";"54";"SGC Frankfurt - Donated Chemical Probes";"";"2021";"None";"Compound concentration None 10.0 uM";"";"";"0.0"
"CHEMBL4588900";"BI 1230";"None";"816.98";"3";"6.14";"EUB0001182";"COc1ccc2c(O[C@@H]3C[C@H]4C(=O)N[C@]5(C(=O)O)CC5/C=C\CCCCC[C@H](NC(=O)OC5CCCC5)C(=O)N4C3)cc(-c3csc(NC(=O)C(C)C)n3)nc2c1C";"% Inhibition of Control Values";"'='";"2.6";"%";"";"";"";"UO_0000187";"";"";"";"";"0";"CHEMBL4882548";"ACE (h) Eurofins-Cerep enzyme and uptake assay";"B";"BAO_0000357";"single protein format";"Homo sapiens";"None";"None";"None";"None";"Source of protein: human recombinant | Reference compound: captopril | Incubation time: 30 min | Incubation temperature: 37°C | Detection method: Fluorimetry | Measured component: Abz-Phe-Arg | Substrate/Stimulus/Tracer: Abz-FRK(Dnp)-POH [15 µM) | Reference compound EC50 None 0.66 nM | Assay protocol publication: PMID: 20802975";"";"";"CHEMBL1808";"Angiotensin-converting enzyme";"Homo sapiens";"SINGLE PROTEIN";"CHEMBL4507284";"54";"SGC Frankfurt - Donated Chemical Probes";"";"2021";"None";"Compound concentration None 10.0 uM";"";"";"2.6"
"CHEMBL193490";"";"None";"559.56";"2";"5.61";"15";"O=C(S[C@@H]1C[C@@H](COCc2cc(F)c(F)cc2F)N(C(=O)Oc2cccc3c2OCCO3)C1)c1ccccc1";"IC50";"'>'";"100000.0";"nM";"";"";"";"UO_0000065";"";"";"";"";"0";"CHEMBL832631";"Inhibitory concentration against human angiotensin I converting enzyme";"B";"BAO_0000357";"single protein format";"Homo sapiens";"None";"None";"None";"None";"";"";"";"CHEMBL1808";"Angiotensin-converting enzyme";"Homo sapiens";"SINGLE PROTEIN";"CHEMBL1144347";"1";"Scientific Literature";"J Med Chem";"2005";"None";"";"";"";"100.0"
"CHEMBL2153740";"";"None";"617.64";"2";"5.21";"22, RXP380";"O=C(N[C@@H](Cc1ccccc1)P(=O)(O)C1CCC[C@H]1C(=O)N[C@@H](Cc1c[nH]c2ccccc12)C(=O)O)OCc1ccccc1";"Ki";"'='";"3.0";"nM";"8.52";"";"";"UO_0000065";"13.80";"0.26";"3.31";"5.40";"0";"CHEMBL2155980";"Inhibition of human ACE C-terminal domain expressed in CHO cells after 90 mins by fluorescence assay";"B";"BAO_0000219";"cell-based format";"Homo sapiens";"None";"None";"CHO";"None";"";"";"";"CHEMBL1808";"Angiotensin-converting enzyme";"Homo sapiens";"SINGLE PROTEIN";"CHEMBL2150865";"1";"Scientific Literature";"J Med Chem";"2011";"CHEMBL3308072";"";"";"";"3.0"
"CHEMBL508762";"";"None";"1340.56";"None";"None";"Table 2, 16";"CC(C)[C@H](NC(=O)CNC(=O)[C@H](Cc1cnc[nH]1)NC(=O)[C@@H](N)Cc1c[nH]c2ccccc12)C(=O)N[C@@H](CCCNC(=N)N)C(=O)N[C@@H](Cc1c[nH]c2ccccc12)C(=O)N[C@@H](Cc1c[nH]c2ccccc12)C(=O)N[C@@H](CCCCN)C(=O)N[C@@H](Cc1c[nH]c2ccccc12)C(=O)O";"Ratio IC50";"'='";"5.6";"";"";"";"";"";"";"";"";"";"0";"CHEMBL3363248";"Ratio of compound IC50 to peptide Bac2A RLARIVVIRVAR IC50 for ACE (unknown origin)";"B";"BAO_0000357";"single protein format";"Homo sapiens";"None";"None";"None";"None";"";"";"";"CHEMBL1808";"Angiotensin-converting enzyme";"Homo sapiens";"SINGLE PROTEIN";"CHEMBL3352520";"1";"Scientific Literature";"Eur J Med Chem";"2014";"None";"";"";"";"5.6"
"CHEMBL498988";"";"None";"1414.73";"None";"None";"Table 2, 21";"CC[C@H](C)[C@H](NC(=O)[C@H](CCCNC(=N)N)NC(=O)[C@H](CCCNC(=N)N)NC(=O)[C@H](CCCNC(=N)N)NC(=O)[C@@H](N)CCCCN)C(=O)N[C@@H](Cc1c[nH]c2ccccc12)C(=O)N[C@@H](Cc1c[nH]c2ccccc12)C(=O)N[C@@H](Cc1c[nH]c2ccccc12)C(=O)N[C@@H](CCCCN)C(=O)O";"Ratio IC50";"'='";"6.4";"";"";"";"";"";"";"";"";"";"0";"CHEMBL3363248";"Ratio of compound IC50 to peptide Bac2A RLARIVVIRVAR IC50 for ACE (unknown origin)";"B";"BAO_0000357";"single protein format";"Homo sapiens";"None";"None";"None";"None";"";"";"";"CHEMBL1808";"Angiotensin-converting enzyme";"Homo sapiens";"SINGLE PROTEIN";"CHEMBL3352520";"1";"Scientific Literature";"Eur J Med Chem";"2014";"None";"";"";"";"6.4"
"CHEMBL507372";"";"None";"1317.65";"None";"None";"Table 2, 22";"CC[C@H](C)[C@H](NC(=O)[C@H](Cc1ccccc1)NC(=O)[C@H](CCCNC(=N)N)NC(=O)[C@@H](N)CC(C)C)C(=O)N[C@@H](CC(C)C)C(=O)N[C@@H](Cc1c[nH]c2ccccc12)C(=O)N[C@@H](Cc1c[nH]c2ccccc12)C(=O)N[C@@H](CCCCN)C(=O)N[C@@H](CCCNC(=N)N)C(=O)O";"Ratio IC50";"'='";"6.06";"";"";"";"";"";"";"";"";"";"0";"CHEMBL3363248";"Ratio of compound IC50 to peptide Bac2A RLARIVVIRVAR IC50 for ACE (unknown origin)";"B";"BAO_0000357";"single protein format";"Homo sapiens";"None";"None";"None";"None";"";"";"";"CHEMBL1808";"Angiotensin-converting enzyme";"Homo sapiens";"SINGLE PROTEIN";"CHEMBL3352520";"1";"Scientific Literature";"Eur J Med Chem";"2014";"None";"";"";"";"6.06"
"CHEMBL54796";"";"None";"428.60";"0";"3.50";"18";"CCC(C)C(S)CC(Cc1ccccc1)C(=O)NC(Cc1ccc(O)cc1)C(N)=O";"IC50";"'='";"3500.0";"nM";"5.46";"";"";"UO_0000065";"12.73";"0.25";"1.96";"5.90";"0";"CHEMBL884037";"Tested for inhibitory potency against Angiotensin I Converting Enzyme";"B";"BAO_0000357";"single protein format";"None";"None";"None";"None";"None";"";"";"";"CHEMBL1808";"Angiotensin-converting enzyme";"Homo sapiens";"SINGLE PROTEIN";"CHEMBL1127546";"1";"Scientific Literature";"J Med Chem";"1994";"None";"";"";"";"3.5"
"CHEMBL440921";"";"None";"379.50";"0";"3.46";"11f";"CSc1ccc(-c2ccc(S(=O)(=O)N[C@@H](C(=O)O)C(C)C)cc2)cc1";"IC50";"'>'";"1000.0";"nM";"";"";"";"UO_0000065";"";"";"";"";"0";"CHEMBL644702";"Inhibitory activity against Angiotensin I converting enzyme";"B";"BAO_0000357";"single protein format";"None";"None";"None";"None";"None";"";"";"";"CHEMBL1808";"Angiotensin-converting enzyme";"Homo sapiens";"SINGLE PROTEIN";"CHEMBL1131478";"1";"Scientific Literature";"J Med Chem";"1998";"None";"";"";"";"1.0"
"CHEMBL4476621";"";"None";"356.23";"0";"3.33";"29";"O=C(NNC(=S)Nc1ccc(Cl)c(Cl)c1)c1ccccc1O";"IC50";"'='";"0.7";"nM";"9.15";"";"";"UO_0000065";"25.70";"0.57";"5.82";"12.47";"0";"CHEMBL4383310";"Inhibition of human recombinant ACE using Abz-FRK(Dnp)-P-OH as substrate after 30 mins by fluorimetric analysis";"B";"BAO_0000357";"single protein format";"Homo sapiens";"None";"None";"None";"None";"";"";"";"CHEMBL1808";"Angiotensin-converting enzyme";"Homo sapiens";"SINGLE PROTEIN";"CHEMBL4382202";"1";"Scientific Literature";"Eur J Med Chem";"2018";"None";"";"";"";"0.7"
"CHEMBL2079670";"";"None";"402.49";"0";"2.29";"(CI-907) Diacid";"C[C@H](N[C@@H](CCc1ccccc1)C(=O)O)C(=O)N1C2CCCCC2C[C@H]1C(=O)O";"IC50";"'='";"260.0";"nM";"6.58";"";"";"UO_0000065";"16.36";"0.31";"4.30";"6.16";"0";"CHEMBL648701";"In vitro inhibitory activity against Angiotensin I converting enzyme from unpurified guinea pig serum";"B";"BAO_0000357";"single protein format";"Cavia porcellus";"None";"None";"None";"None";"";"";"";"CHEMBL1808";"Angiotensin-converting enzyme";"Homo sapiens";"SINGLE PROTEIN";"CHEMBL1123106";"1";"Scientific Literature";"J Med Chem";"1985";"None";"";"";"";"2.6E-7"
"CHEMBL317304";"";"None";"419.48";"0";"1.57";"3f";"CCCCN1C[C@@H](C(=O)O)N(C(=O)[C@H](C)N[C@@H](CCc2ccccc2)C(=O)O)C1=O";"IC50";"'='";"6.7";"nM";"8.17";"";"";"UO_0000065";"19.49";"0.37";"6.60";"6.42";"0";"CHEMBL644735";"Inhibition of Angiotensin I converting enzyme from pig renal cortex, hippuryl-histidyl-leucine as substrate";"B";"BAO_0000019";"assay format";"Sus scrofa";"None";"None";"None";"None";"";"";"";"CHEMBL1808";"Angiotensin-converting enzyme";"Homo sapiens";"SINGLE PROTEIN";"CHEMBL1124381";"1";"Scientific Literature";"J Med Chem";"1989";"None";"";"";"";"6.7E-9"
"CHEMBL421581";"";"None";"291.31";"0";"0.25";"2b";"C[C@H](N)C(=O)N1C(=O)N(Cc2ccccc2)C[C@H]1C(=O)O";"IC50";"'='";"1500.0";"nM";"5.82";"";"";"UO_0000065";"19.99";"0.38";"5.57";"5.60";"0";"CHEMBL644734";"Inhibitory activity on Angiotensin I converting enzyme (ACE) obtained from pig renal cortex and hippuryl-histidyl-leucine as substrate";"B";"BAO_0000019";"assay format";"Sus scrofa";"None";"None";"None";"None";"";"";"";"CHEMBL1808";"Angiotensin-converting enzyme";"Homo sapiens";"SINGLE PROTEIN";"CHEMBL1124381";"1";"Scientific Literature";"J Med Chem";"1989";"None";"";"";"";"0.0000015"
"CHEMBL502701";"";"None";"636.60";"3";"-0.18";"4, 3'''-O-methylcrenatoside";"COc1cc(/C=C/C(=O)O[C@H]2[C@H](O[C@@H]3O[C@@H](C)[C@H](O)[C@@H](O)[C@H]3O)[C@H]3O[C@@H](c4ccc(O)c(O)c4)CO[C@@H]3O[C@@H]2CO)ccc1O";"Inhibition";"'='";"99.8";"%";"";"";"";"UO_0000187";"";"";"";"";"0";"CHEMBL999963";"Inhibition of ACE at 1 mg/ml";"B";"BAO_0000357";"single protein format";"None";"None";"None";"None";"None";"";"";"";"CHEMBL1808";"Angiotensin-converting enzyme";"Homo sapiens";"SINGLE PROTEIN";"CHEMBL1151228";"1";"Scientific Literature";"J Nat Prod";"2004";"None";"";"";"";"99.8"
"CHEMBL402471";"ISOCRENATOSIDE";"None";"622.58";"3";"-0.48";"6";"C[C@@H]1O[C@@H](O[C@H]2[C@H](O)[C@@H](COC(=O)/C=C/c3ccc(O)c(O)c3)O[C@H]3OC[C@H](c4ccc(O)c(O)c4)O[C@@H]32)[C@H](O)[C@H](O)[C@H]1O";"Inhibition";"'='";"99.3";"%";"";"";"";"UO_0000187";"";"";"";"";"0";"CHEMBL999963";"Inhibition of ACE at 1 mg/ml";"B";"BAO_0000357";"single protein format";"None";"None";"None";"None";"None";"";"";"";"CHEMBL1808";"Angiotensin-converting enzyme";"Homo sapiens";"SINGLE PROTEIN";"CHEMBL1151228";"1";"Scientific Literature";"J Nat Prod";"2004";"None";"";"";"";"99.3"
"CHEMBL502701";"";"None";"636.60";"3";"-0.18";"4, 3'''-O-methylcrenatoside";"COc1cc(/C=C/C(=O)O[C@H]2[C@H](O[C@@H]3O[C@@H](C)[C@H](O)[C@@H](O)[C@H]3O)[C@H]3O[C@@H](c4ccc(O)c(O)c4)CO[C@@H]3O[C@@H]2CO)ccc1O";"Inhibition";"'='";"32.5";"%";"";"";"";"UO_0000187";"";"";"";"";"0";"CHEMBL999964";"Inhibition of ACE at 0.01 mg/ml";"B";"BAO_0000357";"single protein format";"None";"None";"None";"None";"None";"";"";"";"CHEMBL1808";"Angiotensin-converting enzyme";"Homo sapiens";"SINGLE PROTEIN";"CHEMBL1151228";"1";"Scientific Literature";"J Nat Prod";"2004";"None";"";"";"";"32.5"
"CHEMBL5275273";"";"None";"279.36";"0";"1.98";"29";"C[C@H](CS)C(=O)N1c2ccccc2CC[C@H]1C(=O)O";"IC50";"'='";"25.0";"nM";"7.60";"";"";"UO_0000065";"27.21";"0.55";"5.62";"13.20";"0";"CHEMBL5258025";"Inhibition of angiotensin-converting enzyme (unknown origin)";"B";"BAO_0000357";"single protein format";"Homo sapiens";"None";"None";"None";"None";"";"";"";"CHEMBL1808";"Angiotensin-converting enzyme";"Homo sapiens";"SINGLE PROTEIN";"CHEMBL5257037";"1";"Scientific Literature";"J Med Chem";"2016";"None";"";"INHIBITOR";"";"25.0"
"CHEMBL61916";"";"None";"279.36";"0";"1.76";"34";"CC(CS)C(=O)N1CCc2ccccc2C1C(=O)O";"IC50";"'='";"58000.0";"nM";"4.24";"";"";"UO_0000065";"15.17";"0.30";"2.48";"7.35";"1";"CHEMBL5258025";"Inhibition of angiotensin-converting enzyme (unknown origin)";"B";"BAO_0000357";"single protein format";"Homo sapiens";"None";"None";"None";"None";"";"";"";"CHEMBL1808";"Angiotensin-converting enzyme";"Homo sapiens";"SINGLE PROTEIN";"CHEMBL5257037";"1";"Scientific Literature";"J Med Chem";"2016";"None";"";"INHIBITOR";"";"58.0"
"CHEMBL309962";"RENTIAPRIL";"2.0";"313.40";"0";"1.74";"71";"O=C(O)[C@@H]1CS[C@H](c2ccccc2O)N1C(=O)CCS";"IC50";"'='";"6.0";"nM";"8.22";"";"";"UO_0000065";"26.23";"0.56";"6.48";"10.56";"0";"CHEMBL5229289";"Inhibition of ACE (unknown origin)";"B";"BAO_0000357";"single protein format";"Homo sapiens";"None";"None";"None";"None";"";"";"";"CHEMBL1808";"Angiotensin-converting enzyme";"Homo sapiens";"SINGLE PROTEIN";"CHEMBL5226360";"1";"Scientific Literature";"Bioorg Med Chem Lett";"2022";"None";"";"INHIBITOR";"";"6.0"
"CHEMBL1950351";"";"None";"473.64";"0";"3.25";"29";"CCS(=O)(=O)n1c2c(c3cc(C(=O)N4CCC(C)CC4)ccc31)CN(C1CCOCC1)CC2";"Activity";"'<'";"50.0";"%";"";"";"";"UO_0000187";"";"";"";"";"0";"CHEMBL1952643";"Activity of human ACE at 10 uM";"B";"BAO_0000357";"single protein format";"Homo sapiens";"None";"None";"None";"None";"";"";"";"CHEMBL1808";"Angiotensin-converting enzyme";"Homo sapiens";"SINGLE PROTEIN";"CHEMBL1949601";"1";"Scientific Literature";"Bioorg Med Chem Lett";"2012";"None";"";"";"";"50.0"
"CHEMBL451273";"CRENATOSIDE";"None";"622.58";"3";"-0.48";"5";"C[C@@H]1O[C@@H](O[C@@H]2[C@H]3O[C@@H](c4ccc(O)c(O)c4)CO[C@@H]3O[C@H](CO)[C@H]2OC(=O)/C=C/c2ccc(O)c(O)c2)[C@H](O)[C@H](O)[C@H]1O";"Inhibition";"'='";"99.7";"%";"";"";"";"UO_0000187";"";"";"";"";"0";"CHEMBL999963";"Inhibition of ACE at 1 mg/ml";"B";"BAO_0000357";"single protein format";"None";"None";"None";"None";"None";"";"";"";"CHEMBL1808";"Angiotensin-converting enzyme";"Homo sapiens";"SINGLE PROTEIN";"CHEMBL1151228";"1";"Scientific Literature";"J Nat Prod";"2004";"None";"";"";"";"99.7"
"CHEMBL357584";"";"None";"335.47";"0";"2.85";"14a";"O=C1N[C@H](C(=O)O)CCCCCCc2cccc(c2)C[C@@H]1CS";"IC50";"'='";"175.0";"nM";"6.76";"";"";"UO_0000065";"20.14";"0.40";"3.91";"10.18";"0";"CHEMBL644707";"Inhibitory concentration required to inhibit Angiotensin I converting enzyme (ACE)";"B";"BAO_0000357";"single protein format";"None";"None";"None";"None";"None";"";"";"";"CHEMBL1808";"Angiotensin-converting enzyme";"Homo sapiens";"SINGLE PROTEIN";"CHEMBL1129939";"1";"Scientific Literature";"J Med Chem";"1997";"None";"";"";"";"175.0"
"CHEMBL1788203";"";"None";"285.37";"0";"1.91";"(R)-8d";"CCCC[C@H](CC(=O)NO)S(=O)(=O)c1ccccc1";"IC50";"'='";"34000.0";"nM";"4.47";"";"";"UO_0000065";"15.66";"0.32";"2.56";"5.35";"0";"CHEMBL648688";"Inhibitory activity against angiotensin I converting enzyme (ACE)";"B";"BAO_0000357";"single protein format";"None";"None";"None";"None";"None";"";"";"";"CHEMBL1808";"Angiotensin-converting enzyme";"Homo sapiens";"SINGLE PROTEIN";"CHEMBL1133694";"1";"Scientific Literature";"J Med Chem";"2000";"None";"";"";"";"34.0"
"CHEMBL78443";"";"None";"266.19";"0";"-0.87";"7";"C[C@H](NP(=O)(O)O)C(=O)N1CCC[C@H]1C(=O)O";"IC50";"'='";"776.25";"nM";"6.11";"";"";"UO_0000065";"";"";"";"";"0";"CHEMBL648337";"Inhibitory activity against angiotensin converting enzyme (ACE)";"F";"BAO_0000019";"assay format";"None";"None";"None";"None";"None";"";"";"";"CHEMBL1808";"Angiotensin-converting enzyme";"Homo sapiens";"SINGLE PROTEIN";"CHEMBL1126767";"1";"Scientific Literature";"J Med Chem";"1993";"None";"";"";"";"6.11"
"CHEMBL80981";"";"None";"306.39";"0";"1.99";"THIOL_22";"CC(C)(S)C(=O)N[C@@H](Cc1c[nH]c2ccccc12)C(=O)O";"IC50";"'='";"38018.94";"nM";"4.42";"";"";"UO_0000065";"";"";"";"";"0";"CHEMBL648337";"Inhibitory activity against angiotensin converting enzyme (ACE)";"F";"BAO_0000019";"assay format";"None";"None";"None";"None";"None";"";"";"";"CHEMBL1808";"Angiotensin-converting enzyme";"Homo sapiens";"SINGLE PROTEIN";"CHEMBL1126767";"1";"Scientific Literature";"J Med Chem";"1993";"None";"";"";"";"4.42"
"CHEMBL173287";"";"None";"309.43";"0";"2.53";"1";"CC(C)CC(S)CC(=O)NC(Cc1ccccc1)C(=O)O";"IC50";"'>'";"10000.0";"nM";"";"";"";"UO_0000065";"";"";"";"";"0";"CHEMBL1060018";"Inhibition of human recombinant ACE by fluorimetry";"B";"BAO_0000357";"single protein format";"Homo sapiens";"None";"None";"None";"None";"";"";"";"CHEMBL1808";"Angiotensin-converting enzyme";"Homo sapiens";"SINGLE PROTEIN";"CHEMBL1154033";"1";"Scientific Literature";"Bioorg Med Chem Lett";"2009";"None";"";"";"";"10000.0"
"CHEMBL65423";"";"None";"244.25";"0";"-0.88";"66";"C[C@H](NCC(=O)O)C(=O)N1CCC[C@H]1C(=O)O";"IC50";"'='";"2398.83";"nM";"5.62";"";"";"UO_0000065";"";"";"";"";"0";"CHEMBL648337";"Inhibitory activity against angiotensin converting enzyme (ACE)";"F";"BAO_0000019";"assay format";"None";"None";"None";"None";"None";"";"";"";"CHEMBL1808";"Angiotensin-converting enzyme";"Homo sapiens";"SINGLE PROTEIN";"CHEMBL1126767";"1";"Scientific Literature";"J Med Chem";"1993";"None";"";"";"";"5.62"
"CHEMBL78341";"";"None";"424.50";"0";"2.13";"85";"C[C@H](NC(CCc1ccccc1)C(=O)O)C(=O)N(CC(=O)O)C1Cc2ccccc2C1";"IC50";"'='";"39.81";"nM";"7.40";"";"";"UO_0000065";"";"";"";"";"0";"CHEMBL648337";"Inhibitory activity against angiotensin converting enzyme (ACE)";"F";"BAO_0000019";"assay format";"None";"None";"None";"None";"None";"";"";"";"CHEMBL1808";"Angiotensin-converting enzyme";"Homo sapiens";"SINGLE PROTEIN";"CHEMBL1126767";"1";"Scientific Literature";"J Med Chem";"1993";"None";"";"";"";"7.4"
"CHEMBL78998";"";"None";"148.23";"0";"1.56";"57";"O=C(O)CCCCCS";"IC50";"'='";"1096478.2";"nM";"";"Outside typical range";"";"UO_0000065";"";"";"";"";"0";"CHEMBL648337";"Inhibitory activity against angiotensin converting enzyme (ACE)";"F";"BAO_0000019";"assay format";"None";"None";"None";"None";"None";"";"";"";"CHEMBL1808";"Angiotensin-converting enzyme";"Homo sapiens";"SINGLE PROTEIN";"CHEMBL1126767";"1";"Scientific Literature";"J Med Chem";"1993";"None";"";"";"";"2.96"
"CHEMBL3321994";"";"None";"293.37";"0";"0.25";"Table 1, 38";"NCCCC[C@H](N)C(=O)N[C@@H](Cc1ccccc1)C(=O)O";"logIC50";"'='";"1.45";"";"";"";"";"";"";"";"";"";"0";"CHEMBL3363246";"Inhibition of ACE (unknown origin)";"B";"BAO_0000357";"single protein format";"Homo sapiens";"None";"None";"None";"None";"";"";"";"CHEMBL1808";"Angiotensin-converting enzyme";"Homo sapiens";"SINGLE PROTEIN";"CHEMBL3352520";"1";"Scientific Literature";"Eur J Med Chem";"2014";"None";"";"";"";"1.45"
"CHEMBL8486";"MDL-28170";"None";"264.32";"0";"0.78";"Table 1, 37";"CC(C)[C@H](N)C(=O)N[C@@H](Cc1ccccc1)C(=O)O";"logIC50";"'='";"0.96";"";"";"";"";"";"";"";"";"";"0";"CHEMBL3363246";"Inhibition of ACE (unknown origin)";"B";"BAO_0000357";"single protein format";"Homo sapiens";"None";"None";"None";"None";"";"";"";"CHEMBL1808";"Angiotensin-converting enzyme";"Homo sapiens";"SINGLE PROTEIN";"CHEMBL3352520";"1";"Scientific Literature";"Eur J Med Chem";"2014";"None";"";"";"";"0.96"
"CHEMBL53400";"";"None";"238.24";"0";"-0.54";"Table 1, 33";"NCC(=O)N[C@@H](Cc1ccc(O)cc1)C(=O)O";"logIC50";"'='";"2.32";"";"";"";"";"";"";"";"";"";"0";"CHEMBL3363246";"Inhibition of ACE (unknown origin)";"B";"BAO_0000357";"single protein format";"Homo sapiens";"None";"None";"None";"None";"";"";"";"CHEMBL1808";"Angiotensin-converting enzyme";"Homo sapiens";"SINGLE PROTEIN";"CHEMBL3352520";"1";"Scientific Literature";"Eur J Med Chem";"2014";"None";"";"";"";"2.32"
"CHEMBL91792";"";"None";"275.31";"0";"0.63";"Table 1, 23";"C[C@H](N)C(=O)N[C@@H](Cc1c[nH]c2ccccc12)C(=O)O";"logIC50";"'='";"1.08";"";"";"";"";"";"";"";"";"";"0";"CHEMBL3363246";"Inhibition of ACE (unknown origin)";"B";"BAO_0000357";"single protein format";"Homo sapiens";"None";"None";"None";"None";"";"";"";"CHEMBL1808";"Angiotensin-converting enzyme";"Homo sapiens";"SINGLE PROTEIN";"CHEMBL3352520";"1";"Scientific Literature";"Eur J Med Chem";"2014";"None";"";"";"";"1.08"
"CHEMBL578";"ENALAPRIL";"4.0";"376.45";"0";"1.60";"enalapril";"CCOC(=O)[C@H](CCc1ccccc1)N[C@@H](C)C(=O)N1CCC[C@H]1C(=O)O";"IC50";"'='";"140.0";"nM";"6.85";"";"";"UO_0000065";"18.21";"0.35";"5.25";"7.14";"1";"CHEMBL644698";"Compound was tested for its inhibitory potency against Angiotensin I converting enzyme";"B";"BAO_0000357";"single protein format";"None";"None";"None";"None";"None";"";"";"";"CHEMBL1808";"Angiotensin-converting enzyme";"Homo sapiens";"SINGLE PROTEIN";"CHEMBL1125229";"1";"Scientific Literature";"J Med Chem";"1991";"None";"";"";"";"140.0"
"CHEMBL577";"ENALAPRILAT ANHYDROUS";"4.0";"348.40";"0";"1.13";"21 (enalaprilat)";"C[C@H](N[C@@H](CCc1ccccc1)C(=O)O)C(=O)N1CCC[C@H]1C(=O)O";"IC50";"'='";"1.2";"nM";"8.92";"";"";"UO_0000065";"25.61";"0.49";"7.79";"8.34";"1";"CHEMBL648529";"Inhibition of Angiotensin I converting enzyme";"B";"BAO_0000357";"single protein format";"None";"None";"None";"None";"None";"";"";"";"CHEMBL1808";"Angiotensin-converting enzyme";"Homo sapiens";"SINGLE PROTEIN";"CHEMBL1126739";"1";"Scientific Literature";"J Med Chem";"1993";"None";"";"";"";"1.2"
"CHEMBL316865";"";"None";"413.52";"0";"1.99";"3o";"CCCCCCCC[C@H](N[C@@H](C)C(=O)N1C(=O)N(C)C[C@H]1C(=O)O)C(=O)OCC";"IC50";"'='";"5100.0";"nM";"5.29";"";"";"UO_0000065";"12.80";"0.25";"3.30";"4.55";"0";"CHEMBL644735";"Inhibition of Angiotensin I converting enzyme from pig renal cortex, hippuryl-histidyl-leucine as substrate";"B";"BAO_0000019";"assay format";"Sus scrofa";"None";"None";"None";"None";"";"";"";"CHEMBL1808";"Angiotensin-converting enzyme";"Homo sapiens";"SINGLE PROTEIN";"CHEMBL1124381";"1";"Scientific Literature";"J Med Chem";"1989";"None";"";"";"";"0.0000051"
"CHEMBL1241348";"FALDAPREVIR";"3.0";"869.84";"3";"6.30";"BI 201335";"C=C[C@@H]1C[C@]1(NC(=O)[C@@H]1C[C@@H](Oc2cc(-c3csc(NC(=O)C(C)C)n3)nc3c(Br)c(OC)ccc23)CN1C(=O)[C@@H](NC(=O)OC1CCCC1)C(C)(C)C)C(=O)O";"Inhibition";"'='";"5.0";"%";"";"";"";"UO_0000187";"";"";"";"";"0";"CHEMBL1677246";"Inhibition of human ACE at 10 uM";"B";"BAO_0000357";"single protein format";"Homo sapiens";"None";"None";"None";"None";"";"";"";"CHEMBL1808";"Angiotensin-converting enzyme";"Homo sapiens";"SINGLE PROTEIN";"CHEMBL1671761";"1";"Scientific Literature";"Antimicrob Agents Chemother";"2010";"None";"";"";"";"5.0"
"CHEMBL2079671";"";"None";"430.55";"0";"2.77";"CI-907";"CCOC(=O)[C@H](CCc1ccccc1)N[C@@H](C)C(=O)N1C2CCCCC2C[C@H]1C(=O)O";"IC50";"'='";"100.0";"nM";"7.00";"";"";"UO_0000065";"16.26";"0.31";"4.23";"7.30";"0";"CHEMBL648701";"In vitro inhibitory activity against Angiotensin I converting enzyme from unpurified guinea pig serum";"B";"BAO_0000357";"single protein format";"Cavia porcellus";"None";"None";"None";"None";"";"";"";"CHEMBL1808";"Angiotensin-converting enzyme";"Homo sapiens";"SINGLE PROTEIN";"CHEMBL1123106";"1";"Scientific Literature";"J Med Chem";"1985";"None";"";"";"";"1E-7"
"CHEMBL1560";"CAPTOPRIL";"4.0";"217.29";"0";"0.63";"captopril";"C[C@H](CS)C(=O)N1CCC[C@H]1C(=O)O";"IC50";"'='";"1300.0";"nM";"5.89";"";"";"UO_0000065";"27.09";"0.57";"5.26";"10.22";"0";"CHEMBL648701";"In vitro inhibitory activity against Angiotensin I converting enzyme from unpurified guinea pig serum";"B";"BAO_0000357";"single protein format";"Cavia porcellus";"None";"None";"None";"None";"";"";"";"CHEMBL1808";"Angiotensin-converting enzyme";"Homo sapiens";"SINGLE PROTEIN";"CHEMBL1123106";"1";"Scientific Literature";"J Med Chem";"1985";"None";"";"";"";"0.0000013"
"CHEMBL367174";"";"None";"472.61";"0";"2.97";"2";"CC(C)CC(S)CC(=O)NC(Cc1ccccc1)C(=O)NC(Cc1ccc(O)cc1)C(=O)O";"IC50";"'='";"2800.0";"nM";"5.55";"";"";"UO_0000065";"11.75";"0.23";"2.58";"4.80";"1";"CHEMBL1060018";"Inhibition of human recombinant ACE by fluorimetry";"B";"BAO_0000357";"single protein format";"Homo sapiens";"None";"None";"None";"None";"";"";"";"CHEMBL1808";"Angiotensin-converting enzyme";"Homo sapiens";"SINGLE PROTEIN";"CHEMBL1154033";"1";"Scientific Literature";"Bioorg Med Chem Lett";"2009";"None";"";"";"";"2800.0"
"CHEMBL463320";"";"None";"369.55";"0";"3.35";"11j";"C[C@H](CS)C(=O)N[C@@H](CSCc1ccc(C(C)(C)C)cc1)C(=O)O";"IC50";"'='";"130.0";"nM";"6.89";"";"";"UO_0000065";"18.63";"0.39";"3.54";"10.37";"0";"CHEMBL1013488";"Inhibition of angiotensin-converting enzyme in whole blood by HPLC";"B";"BAO_0000221";"tissue-based format";"None";"CHEMBL3638178";"Blood";"None";"None";"";"";"";"CHEMBL1808";"Angiotensin-converting enzyme";"Homo sapiens";"SINGLE PROTEIN";"CHEMBL1154514";"1";"Scientific Literature";"Bioorg Med Chem Lett";"2009";"None";"";"";"";"130.0"
"CHEMBL515834";"";"None";"397.44";"0";"2.95";"11n";"C[C@H](CS)C(=O)N[C@@H](CSCc1ccc(OC(F)(F)F)cc1)C(=O)O";"IC50";"'='";"260.0";"nM";"6.58";"";"";"UO_0000065";"16.57";"0.36";"3.64";"8.71";"0";"CHEMBL1013488";"Inhibition of angiotensin-converting enzyme in whole blood by HPLC";"B";"BAO_0000221";"tissue-based format";"None";"CHEMBL3638178";"Blood";"None";"None";"";"";"";"CHEMBL1808";"Angiotensin-converting enzyme";"Homo sapiens";"SINGLE PROTEIN";"CHEMBL1154514";"1";"Scientific Literature";"Bioorg Med Chem Lett";"2009";"None";"";"";"";"260.0"
"CHEMBL457795";"";"None";"384.57";"0";"2.90";"11q";"CCN(CC)c1ccc(CSC[C@H](NC(=O)[C@H](C)CS)C(=O)O)cc1";"IC50";"'='";"4600.0";"nM";"5.34";"";"";"UO_0000065";"13.88";"0.29";"2.44";"7.66";"0";"CHEMBL1013488";"Inhibition of angiotensin-converting enzyme in whole blood by HPLC";"B";"BAO_0000221";"tissue-based format";"None";"CHEMBL3638178";"Blood";"None";"None";"";"";"";"CHEMBL1808";"Angiotensin-converting enzyme";"Homo sapiens";"SINGLE PROTEIN";"CHEMBL1154514";"1";"Scientific Literature";"Bioorg Med Chem Lett";"2009";"None";"";"";"";"4600.0"
"CHEMBL402987";"";"None";"419.55";"0";"4.40";"1s";"O=C(O)[C@H](Cc1ccc(-c2ccccc2)cc1)NC(=O)[C@@H](S)CCc1ccccc1";"Ki";"'='";"93.0";"nM";"7.03";"";"";"UO_0000065";"16.76";"0.32";"2.63";"10.59";"0";"CHEMBL933039";"Inhibition of human recombinant ACE by fluorescence assay";"B";"BAO_0000357";"single protein format";"Homo sapiens";"None";"None";"None";"None";"";"";"";"CHEMBL1808";"Angiotensin-converting enzyme";"Homo sapiens";"SINGLE PROTEIN";"CHEMBL1142293";"1";"Scientific Literature";"Bioorg Med Chem Lett";"2008";"None";"";"";"";"93.0"
"CHEMBL3414811";"";"None";"453.42";"0";"4.49";"9b";"O=c1c2ccccc2nc(C(F)(F)F)n1CC(O)COc1cccc2[nH]c3ccccc3c12";"Inhibition";"'>'";"75.0";"%";"";"";"";"UO_0000187";"";"";"";"";"0";"CHEMBL3421144";"Inhibition of ACE (unknown origin) at 1 uM using synthetic peptide hippuryl-histidyl-leucine substrate by high-throughput colorimetric screening method";"B";"BAO_0000357";"single protein format";"Homo sapiens";"None";"None";"None";"None";"";"";"";"CHEMBL1808";"Angiotensin-converting enzyme";"Homo sapiens";"SINGLE PROTEIN";"CHEMBL3414498";"1";"Scientific Literature";"Eur J Med Chem";"2015";"None";"";"";"";"75.0"
"CHEMBL3414814";"";"None";"475.55";"1";"5.45";"9e";"Cc1ccc(-c2nc3ccccc3c(=O)n2CC(O)COc2cccc3[nH]c4ccccc4c23)cc1";"Inhibition";"'>'";"75.0";"%";"";"";"";"UO_0000187";"";"";"";"";"0";"CHEMBL3421144";"Inhibition of ACE (unknown origin) at 1 uM using synthetic peptide hippuryl-histidyl-leucine substrate by high-throughput colorimetric screening method";"B";"BAO_0000357";"single protein format";"Homo sapiens";"None";"None";"None";"None";"";"";"";"CHEMBL1808";"Angiotensin-converting enzyme";"Homo sapiens";"SINGLE PROTEIN";"CHEMBL3414498";"1";"Scientific Literature";"Eur J Med Chem";"2015";"None";"";"";"";"75.0"
"CHEMBL3414815";"";"None";"479.51";"1";"5.28";"9f";"O=c1c2ccccc2nc(-c2ccc(F)cc2)n1CC(O)COc1cccc2[nH]c3ccccc3c12";"Inhibition";"'='";"17.0";"%";"";"";"";"UO_0000187";"";"";"";"";"0";"CHEMBL3421144";"Inhibition of ACE (unknown origin) at 1 uM using synthetic peptide hippuryl-histidyl-leucine substrate by high-throughput colorimetric screening method";"B";"BAO_0000357";"single protein format";"Homo sapiens";"None";"None";"None";"None";"";"";"";"CHEMBL1808";"Angiotensin-converting enzyme";"Homo sapiens";"SINGLE PROTEIN";"CHEMBL3414498";"1";"Scientific Literature";"Eur J Med Chem";"2015";"None";"";"";"";"17.0"
"CHEMBL3414812";"";"None";"461.52";"1";"5.14";"9c";"O=c1c2ccccc2nc(-c2ccccc2)n1CC(O)COc1cccc2[nH]c3ccccc3c12";"Inhibition";"'>'";"75.0";"%";"";"";"";"UO_0000187";"";"";"";"";"0";"CHEMBL3421144";"Inhibition of ACE (unknown origin) at 1 uM using synthetic peptide hippuryl-histidyl-leucine substrate by high-throughput colorimetric screening method";"B";"BAO_0000357";"single protein format";"Homo sapiens";"None";"None";"None";"None";"";"";"";"CHEMBL1808";"Angiotensin-converting enzyme";"Homo sapiens";"SINGLE PROTEIN";"CHEMBL3414498";"1";"Scientific Literature";"Eur J Med Chem";"2015";"None";"";"";"";"75.0"
"CHEMBL5075686";"";"None";"424.50";"0";"2.79";"AD013";"Cc1ccc([C@H]2CC[C@@H](C(=O)O)N2C(=O)CN[C@@H](CCc2ccccc2)C(=O)O)cc1";"Ki";"'='";"440.0";"nM";"6.36";"";"";"UO_0000065";"14.97";"0.28";"3.57";"5.94";"0";"CHEMBL5042029";"Inhibition of recombinant human ACE C-domain expressed in CHO cells using Cbz-Phe-His-Leu as substrate preincubated for 15 mins followed by substrate addition and measured after 10 mins by fluorescence spectrophotometric analysis";"B";"BAO_0000219";"cell-based format";"Homo sapiens";"None";"None";"CHO";"None";"";"";"";"CHEMBL1808";"Angiotensin-converting enzyme";"Homo sapiens";"SINGLE PROTEIN";"CHEMBL5038663";"1";"Scientific Literature";"J Med Chem";"2022";"None";"TIME = 0.4167 hr";"INHIBITOR";"";"0.44"
"CHEMBL5420202";"";"None";"2358.68";"None";"None";"BCY15297";"C[C@H](N)C(=O)N[C@H]1CSCCC(=O)N2CN3CN(C2)C(=O)CCSC[C@H](NC(=O)[C@H](CCCNC(=N)N)NC(=O)[C@@H]2CCCN2C(=O)[C@H](Cc2ccccc2)NC(=O)[C@H](CC(=O)O)NC(=O)[C@H](CCCNC(=N)N)NC(=O)[C@H](Cc2c[nH]cn2)NC1=O)C(=O)N[C@@H]([C@@H](C)O)C(=O)N[C@@H](Cc1c[nH]c2ccccc12)C(=O)N[C@@H](CCC(=O)O)C(=O)N[C@@H]([C@@H](C)O)C(=O)N[C@@H](CCC(N)=O)C(=O)N[C@@H](Cc1c[nH]c2ccccc12)C(=O)N[C@H](C(=O)N[C@@H](C)C(N)=O)CSCCC3=O";"IC50";"'='";"33.0";"nM";"7.48";"";"";"UO_0000065";"3.17";"None";"None";"None";"0";"CHEMBL5350896";"Inhibition of human ACE (30 to 1261 residues) using MCA-RPPGFSAFK-Dnp-OH as substrate by fluorescence based analysis";"B";"BAO_0000357";"single protein format";"Homo sapiens";"None";"None";"None";"None";"";"";"";"CHEMBL1808";"Angiotensin-converting enzyme";"Homo sapiens";"SINGLE PROTEIN";"CHEMBL5346959";"1";"Scientific Literature";"J Med Chem";"2023";"None";"";"INHIBITOR";"";"33.0"
"CHEMBL5400083";"";"None";"2045.45";"None";"None";"BCY20870";"CC[C@H](C)[C@@H]1NC(=O)[C@H](CCCCNC(=N)N)NC(=O)[C@@H]2CCCN2C(=O)[C@H](CC(C)C)NC(=O)[C@H](CC(C)C)NC(=O)[C@H](CO)NC(=O)[C@H](CO)NNC(=O)[C@@H]2CSCCC(=O)N3CN(CN(C3)C(=O)CCSC[C@@H](C(=O)N[C@@H](C)C(N)=O)NC(=O)[C@H](Cc3c[nH]cn3)NC1=O)C(=O)CCSC[C@H](NC(=O)[C@H](C)N)C(=O)N[C@@H](C(C)C)C(=O)N[C@@H](C)C(=O)N[C@@H](CO)C(=O)N[C@@H](Cc1c[nH]cn1)C(=O)N2";"Kd";"'>'";"10000.0";"nM";"";"";"";"UO_0000065";"";"";"";"";"0";"CHEMBL5350899";"Binding affinity to human ACE assessed as binding constant by surface plasmon resonance analysis";"B";"BAO_0000357";"single protein format";"Homo sapiens";"None";"None";"None";"None";"";"";"";"CHEMBL1808";"Angiotensin-converting enzyme";"Homo sapiens";"SINGLE PROTEIN";"CHEMBL5346959";"1";"Scientific Literature";"J Med Chem";"2023";"None";"";"";"";"10.0"
"CHEMBL4175518";"";"None";"467.55";"1";"5.10";"5e";"COc1ccc(N2C(=O)/C(=N/C(=S)NCc3cc4ccccc4cc3O)c3ccccc32)cc1";"IC50";"'='";"9.82";"nM";"8.01";"";"";"UO_0000065";"17.13";"0.32";"2.91";"10.80";"0";"CHEMBL4135397";"Inhibition of ACE (unknown origin) using Hippuryl-L-Histidyl-L-Leucine as substrate after 60 mins by colorimetric method";"B";"BAO_0000357";"single protein format";"Homo sapiens";"None";"None";"None";"None";"";"";"";"CHEMBL1808";"Angiotensin-converting enzyme";"Homo sapiens";"SINGLE PROTEIN";"CHEMBL4130507";"1";"Scientific Literature";"Eur J Med Chem";"2017";"None";"";"";"";"9.82"
"CHEMBL5303451";"";"None";"365.48";"0";"0.55";"EUB0001714a";"CN1CCC(C#N)(NC(=O)[C@@H](NC(=O)N2CCOCC2)C(C)(C)C)CC1";"% Ctrl";"'='";"105.0";"%";"";"";"Not Active";"UO_0000187";"";"";"";"";"0";"CHEMBL5463744";"Activity against ACE(HU_AMTCH400) in the  Eurofins Cerep SafetyScreen44 (BI) by Photometry (Cerep_3441)";"B";"BAO_0000357";"single protein format";"Homo sapiens";"None";"None";"None";"None";"Assay technology: Photometry | Assay type: biochemical | Assay technology: Photometry | Assay type: biochemical | Method: Acetylcholinesterase ACE (human, AMTCh 400 uM) at CEREP";"";"";"CHEMBL1808";"Angiotensin-converting enzyme";"Homo sapiens";"SINGLE PROTEIN";"CHEMBL5723586";"54";"SGC Frankfurt - Donated Chemical Probes";"";"2024";"None";"Compound concentration = 10.0 uM";"";"";"105.0"
"CHEMBL5410211";"";"None";"426.91";"0";"2.37";"EUB0003015";"CNc1cc[n+](CCNC(=O)c2ccn3c(-c4c(C)noc4C)cnc3c2)cc1.[Cl-]";"Inhibition";"'='";"0.6";"%";"";"";"Not Active";"UO_0000187";"";"";"";"";"0";"CHEMBL4880877";"Inhibition of Peptidase, Angiotensin Converting Enzyme at compound concentration of 10.0 uM in the Eurofins-Panlabs enzyme assay (Eurofins_assay_107300)";"B";"BAO_0000357";"single protein format";"Oryctolagus cuniculus";"None";"None";"None";"None";"Source of protein: Rabbit lung | Reference compound: None | Substrate with concentration: 0.5 mM N-(3-[2-furyl]acryloyl)-phe-gly-gly (FAPGG) | Incubation time: 30 min | Incubation temperature: 25 C | Detection method: Spectrophotometric quantitation of remaining FAPGG | reference compound EC50: None | Assay protocol publication: PMID: 6299330 | Source of protein: Rabbit lung | Substrate with concentration: 0.5 mM N-(3-[2-furyl]acryloyl)-phe-gly-gly (FAPGG) | Incubation time: 30 min | Incubation temperature: 25 C | Detection method: Spectrophotometric quantitation of remaining FAPGG | Assay protocol publication: PMID: 6299330 | Source of protein: Rabbit lung | Substrate with concentration: 0.5 mM N-(3-[2-furyl]acryloyl)-phe-gly-gly (FAPGG) | Incubation time: 30 min | Incubation temperature: 25 C | Detection method: Spectrophotometric quantitation of remaining FAPGG | Assay protocol publication: PMID: 6299330";"";"";"CHEMBL1808";"Angiotensin-converting enzyme";"Homo sapiens";"SINGLE PROTEIN";"CHEMBL5463728";"54";"SGC Frankfurt - Donated Chemical Probes";"";"2023";"None";"Compound concentration = 10.0 uM";"";"";"0.6"
"CHEMBL5434946";"";"None";"2016.42";"None";"None";"BCY20856";"CC[C@H](C)[C@@H]1NC(=O)[C@H](CCCNC(=N)N)NC(=O)[C@@H]2CCCN2C(=O)[C@H](CC(C)C)NC(=O)[C@H](CC(C)C)NC(=O)[C@H](CO)NC(=O)[C@H](CO)NNC(=O)[C@@H]2CSCCC(=O)N3CN(CN(C3)C(=O)CCSC[C@H](NC(C)=O)C(=O)N[C@@H](C(C)C)C(=O)N[C@@H](CCCNC(=N)N)C(=O)N[C@@H](CO)C(=O)N[C@@H](Cc3c[nH]cn3)C(=O)N2)C(=O)CCSC[C@@H](C(N)=O)NC(=O)[C@H](Cc2c[nH]cn2)NC1=O";"Kd";"'>'";"10000.0";"nM";"";"";"";"UO_0000065";"";"";"";"";"0";"CHEMBL5350899";"Binding affinity to human ACE assessed as binding constant by surface plasmon resonance analysis";"B";"BAO_0000357";"single protein format";"Homo sapiens";"None";"None";"None";"None";"";"";"";"CHEMBL1808";"Angiotensin-converting enzyme";"Homo sapiens";"SINGLE PROTEIN";"CHEMBL5346959";"1";"Scientific Literature";"J Med Chem";"2023";"None";"";"";"";"10.0"
"CHEMBL5424883";"";"None";"2161.02";"None";"None";"BCY20864";"CC[C@H](C)[C@@H]1NC(=O)[C@H](CCCNC(=N)N)NC(=O)[C@@H]2CCCN2C(=O)[C@H](CC(C)C)NC(=O)[C@H](CC(C)C)NC(=O)[C@H](CO)NC(=O)[C@H](CO)NNC(=O)[C@@H]2CSCCC(=O)N3CN(CN(C3)C(=O)CCSC[C@@H](C(=O)N[C@@H](C)C(N)=O)NC(=O)[C@H](Cc3c[nH]cn3)NC1=O)C(=O)CCSC[C@H](NC(=O)[C@H](C)N)C(=O)N[C@@H](C(C)C)C(=O)N[C@@H](CCCNC(=N)N)C(=O)N[C@@H](CO)C(=O)N[C@@H](Cc1ccc(Cl)cc1)C(=O)N2";"Kd";"'>'";"10000.0";"nM";"";"";"";"UO_0000065";"";"";"";"";"0";"CHEMBL5350899";"Binding affinity to human ACE assessed as binding constant by surface plasmon resonance analysis";"B";"BAO_0000357";"single protein format";"Homo sapiens";"None";"None";"None";"None";"";"";"";"CHEMBL1808";"Angiotensin-converting enzyme";"Homo sapiens";"SINGLE PROTEIN";"CHEMBL5346959";"1";"Scientific Literature";"J Med Chem";"2023";"None";"";"";"";"10.0"
"CHEMBL5092803";"";"None";"294.36";"0";"1.75";"10c";"N[C@@H](Cc1c[nH]cn1)C(=O)NCc1cccc2ccccc12";"Inhibition";"";"";"%";"";"";"";"UO_0000187";"";"";"";"";"0";"CHEMBL5237355";"Inhibition of recombinant human ACE catalytic activity measured up to 150 uM";"B";"BAO_0000357";"single protein format";"Homo sapiens";"None";"None";"None";"None";"";"";"";"CHEMBL1808";"Angiotensin-converting enzyme";"Homo sapiens";"SINGLE PROTEIN";"CHEMBL5236554";"1";"Scientific Literature";"J Med Chem";"2021";"None";"DOSE <= 150.0 microM";"";"Not active";""
"CHEMBL5315526";"";"None";"520.74";"1";"2.63";"EUB0001749aCl";"COc1cc(C)c(S(=O)(=O)N(C)CCC(=O)N[C@H]2CC[C@@H](N3CCC4CN(C)CC4C3)CC2)c(C)c1";"% Ctrl";"'='";"97.0";"%";"";"";"Not Active";"UO_0000187";"";"";"";"";"0";"CHEMBL5463744";"Activity against ACE(HU_AMTCH400) in the  Eurofins Cerep SafetyScreen44 (BI) by Photometry (Cerep_3441)";"B";"BAO_0000357";"single protein format";"Homo sapiens";"None";"None";"None";"None";"Assay technology: Photometry | Assay type: biochemical | Assay technology: Photometry | Assay type: biochemical | Method: Acetylcholinesterase ACE (human, AMTCh 400 uM) at CEREP";"";"";"CHEMBL1808";"Angiotensin-converting enzyme";"Homo sapiens";"SINGLE PROTEIN";"CHEMBL5723587";"54";"SGC Frankfurt - Donated Chemical Probes";"";"2024";"None";"Compound concentration = 10.0 uM";"";"";"97.0"
"CHEMBL5416410";"DASATINIB";"4.0";"506.03";"0";"3.31";"dasatinib";"Cc1nc(Nc2ncc(C(=O)Nc3c(C)cccc3Cl)s2)cc(N2CCN(CCO)CC2)n1.O";"Ki";"'='";"715000.0";"nM";"";"Outside typical range";"";"UO_0000065";"";"";"";"";"0";"CHEMBL3088740";"Inhibition of ACE (unknown origin) assessed as 3-Hydroxybutyril-glycil-glycil-glycine conversion to 3-hydroxybutyric acid after 60 mins by WST assay";"B";"BAO_0000357";"single protein format";"Homo sapiens";"None";"None";"None";"None";"";"";"";"CHEMBL1808";"Angiotensin-converting enzyme";"Homo sapiens";"SINGLE PROTEIN";"CHEMBL3085742";"1";"Scientific Literature";"J Med Chem";"2013";"None";"";"";"";"715.0"
"CHEMBL584";"NELFINAVIR";"4.0";"567.80";"1";"4.75";"nelfinavir";"Cc1c(O)cccc1C(=O)N[C@@H](CSc1ccccc1)[C@H](O)CN1C[C@H]2CCCC[C@H]2C[C@H]1C(=O)NC(C)(C)C";"Inhibition";"'='";"48.0";"%";"";"";"";"UO_0000187";"";"";"";"";"0";"CHEMBL3088741";"Inhibition of ACE (unknown origin) assessed as 3-Hydroxybutyril-glycil-glycil-glycine conversion to 3-hydroxybutyric acid at 500 uM after 60 mins by WST assay relative to control";"B";"BAO_0000357";"single protein format";"Homo sapiens";"None";"None";"None";"None";"";"";"";"CHEMBL1808";"Angiotensin-converting enzyme";"Homo sapiens";"SINGLE PROTEIN";"CHEMBL3085742";"1";"Scientific Literature";"J Med Chem";"2013";"None";"";"";"";"48.0"
"CHEMBL5303508";"";"None";"523.47";"0";"1.56";"EUB0001755";"CCn1c(CNC(=O)c2nc(Cl)cnc2N)[n+](CC)c2ccc(C(=O)N(C)CCN(C)C)cc21.[Cl-]";"% Ctrl";"'='";"55.6";"%";"";"";"Not Active";"UO_0000187";"";"";"";"";"0";"CHEMBL5304017";"ACE(HU_AMTCH400) Eurofins SafetyScreen44 (BI)";"B";"BAO_0000357";"single protein format";"Homo sapiens";"None";"None";"None";"None";"Assay technology: Photometry | Assay type: biochemical";"";"";"CHEMBL1808";"Angiotensin-converting enzyme";"Homo sapiens";"SINGLE PROTEIN";"CHEMBL5303762";"54";"SGC Frankfurt - Donated Chemical Probes";"";"2023";"None";"Compound concentration = 10.0 uM";"";"";"55.6"
"CHEMBL5424883";"";"None";"2161.02";"None";"None";"BCY20864";"CC[C@H](C)[C@@H]1NC(=O)[C@H](CCCNC(=N)N)NC(=O)[C@@H]2CCCN2C(=O)[C@H](CC(C)C)NC(=O)[C@H](CC(C)C)NC(=O)[C@H](CO)NC(=O)[C@H](CO)NNC(=O)[C@@H]2CSCCC(=O)N3CN(CN(C3)C(=O)CCSC[C@@H](C(=O)N[C@@H](C)C(N)=O)NC(=O)[C@H](Cc3c[nH]cn3)NC1=O)C(=O)CCSC[C@H](NC(=O)[C@H](C)N)C(=O)N[C@@H](C(C)C)C(=O)N[C@@H](CCCNC(=N)N)C(=O)N[C@@H](CO)C(=O)N[C@@H](Cc1ccc(Cl)cc1)C(=O)N2";"IC50";"'>'";"40.0";"nM";"";"";"";"UO_0000065";"";"";"";"";"0";"CHEMBL5350896";"Inhibition of human ACE (30 to 1261 residues) using MCA-RPPGFSAFK-Dnp-OH as substrate by fluorescence based analysis";"B";"BAO_0000357";"single protein format";"Homo sapiens";"None";"None";"None";"None";"";"";"";"CHEMBL1808";"Angiotensin-converting enzyme";"Homo sapiens";"SINGLE PROTEIN";"CHEMBL5346959";"1";"Scientific Literature";"J Med Chem";"2023";"None";"";"";"";"40.0"
"CHEMBL5437403";"";"None";"2155.61";"None";"None";"BCY20871";"CC[C@H](C)[C@@H]1NC(=O)[C@H](CCCNC(=N)N)NC(=O)[C@@H]2CCCN2C(=O)[C@H](CC(C)C)NC(=O)[C@H](CC(C)C)NC(=O)[C@H](CO)NC(=O)[C@H](CO)NNC(=O)[C@@H]2CSCCC(=O)N3CN(CN(C3)C(=O)CCSC[C@@H](C(=O)N[C@@H](C)C(N)=O)NC(=O)[C@H](Cc3c[nH]cn3)NC1=O)C(=O)CCSC[C@H](NC(=O)[C@H](C)N)C(=O)N[C@@H](C(C)C)C(=O)N[C@@H](CCCNC(=N)N)C(=O)N[C@@H](CO)C(=O)N[C@@H](Cc1ccc(CN)cc1)C(=O)N2";"IC50";"'>'";"40.0";"nM";"";"";"";"UO_0000065";"";"";"";"";"0";"CHEMBL5350896";"Inhibition of human ACE (30 to 1261 residues) using MCA-RPPGFSAFK-Dnp-OH as substrate by fluorescence based analysis";"B";"BAO_0000357";"single protein format";"Homo sapiens";"None";"None";"None";"None";"";"";"";"CHEMBL1808";"Angiotensin-converting enzyme";"Homo sapiens";"SINGLE PROTEIN";"CHEMBL5346959";"1";"Scientific Literature";"J Med Chem";"2023";"None";"";"";"";"40.0"
"CHEMBL5400018";"";"None";"2130.57";"None";"None";"BCY20865";"CC[C@H](C)[C@@H]1NC(=O)[C@H](CCCNC(=N)N)NC(=O)[C@@H]2CCCN2C(=O)[C@H](CC(C)C)NC(=O)[C@H](CC(C)C)NC(=O)[C@H]([C@@H](C)O)NC(=O)[C@H](CO)NNC(=O)[C@@H]2CSCCC(=O)N3CN(CN(C3)C(=O)CCSC[C@@H](C(=O)N[C@@H](C)C(N)=O)NC(=O)[C@H](Cc3c[nH]cn3)NC1=O)C(=O)CCSC[C@H](NC(=O)[C@H](C)N)C(=O)N[C@@H](C(C)C)C(=O)N[C@@H](CCCNC(=N)N)C(=O)N[C@@H](CO)C(=O)N[C@@H](Cc1c[nH]cn1)C(=O)N2";"Kd";"'>'";"10000.0";"nM";"";"";"";"UO_0000065";"";"";"";"";"0";"CHEMBL5350899";"Binding affinity to human ACE assessed as binding constant by surface plasmon resonance analysis";"B";"BAO_0000357";"single protein format";"Homo sapiens";"None";"None";"None";"None";"";"";"";"CHEMBL1808";"Angiotensin-converting enzyme";"Homo sapiens";"SINGLE PROTEIN";"CHEMBL5346959";"1";"Scientific Literature";"J Med Chem";"2023";"None";"";"";"";"10.0"
"CHEMBL5397691";"";"None";"2132.54";"None";"None";"BCY20868";"CC[C@H](C)[C@@H]1NC(=O)[C@H](CCCNC(=N)N)NC(=O)[C@@H]2C[C@@H](O)CN2C(=O)[C@H](CC(C)C)NC(=O)[C@H](CC(C)C)NC(=O)[C@H](CO)NC(=O)[C@H](CO)NNC(=O)[C@@H]2CSCCC(=O)N3CN(CN(C3)C(=O)CCSC[C@@H](C(=O)N[C@@H](C)C(N)=O)NC(=O)[C@H](Cc3c[nH]cn3)NC1=O)C(=O)CCSC[C@H](NC(=O)[C@H](C)N)C(=O)N[C@@H](C(C)C)C(=O)N[C@@H](CCCNC(=N)N)C(=O)N[C@@H](CO)C(=O)N[C@@H](Cc1c[nH]cn1)C(=O)N2";"IC50";"'>'";"40.0";"nM";"";"";"";"UO_0000065";"";"";"";"";"0";"CHEMBL5350896";"Inhibition of human ACE (30 to 1261 residues) using MCA-RPPGFSAFK-Dnp-OH as substrate by fluorescence based analysis";"B";"BAO_0000357";"single protein format";"Homo sapiens";"None";"None";"None";"None";"";"";"";"CHEMBL1808";"Angiotensin-converting enzyme";"Homo sapiens";"SINGLE PROTEIN";"CHEMBL5346959";"1";"Scientific Literature";"J Med Chem";"2023";"None";"";"";"";"40.0"
"CHEMBL5429094";"";"None";"2144.54";"None";"None";"BCY20854";"CC[C@H](C)[C@@H]1NC(=O)[C@H](CCCNC(=N)N)NC(=O)[C@@H]2CCCN2C(=O)[C@H](CC(C)C)NC(=O)[C@H](CC(C)C)NC(=O)[C@H](CO)NC(=O)[C@H](CO)NC(=O)[C@@H]2CSCCC(=O)N3CN(CN(C3)C(=O)CCSC[C@@H](C(=O)N[C@@H](C)C(=O)O)NC(=O)[C@H](Cc3c[nH]cn3)NC1=O)C(=O)CCSC[C@H](NC(=O)[C@H](C)NC(C)=O)C(=O)N[C@@H](C(C)C)C(=O)N[C@@H](CCCNC(=N)N)C(=O)N[C@@H](CO)C(=O)N[C@@H](Cc1c[nH]cn1)C(=O)N2";"Kd";"'>'";"10000.0";"nM";"";"";"";"UO_0000065";"";"";"";"";"0";"CHEMBL5350899";"Binding affinity to human ACE assessed as binding constant by surface plasmon resonance analysis";"B";"BAO_0000357";"single protein format";"Homo sapiens";"None";"None";"None";"None";"";"";"";"CHEMBL1808";"Angiotensin-converting enzyme";"Homo sapiens";"SINGLE PROTEIN";"CHEMBL5346959";"1";"Scientific Literature";"J Med Chem";"2023";"None";"";"";"";"10.0"
"CHEMBL5420290";"";"None";"2113.58";"None";"None";"BCY20857";"C=C1N[C@@H](CC(C)C)C(=O)N2CCC[C@H]2C(=O)N[C@@H](CCCNC(=N)N)C(=O)N[C@@H]([C@@H](C)CC)C(=O)N[C@@H](Cc2c[nH]cn2)C(=O)N[C@H](C(=O)N[C@@H](C)C(N)=O)CSCCC(=O)N2CN3CN(C2)C(=O)CCSC[C@H](NC(=O)[C@H](Cc2c[nH]cn2)NC(=O)[C@@H](CO)NC(=O)[C@H](CCCNC(=N)N)NC(=O)[C@H](C(C)(C)C)NC(=O)[C@@H](NC(=O)[C@H](C)N)CSCCC3=O)C(=O)N[C@@H](CO)C(=O)N[C@@H](CO)C(=O)N[C@H]1CC(C)C";"Kd";"'>'";"10000.0";"nM";"";"";"";"UO_0000065";"";"";"";"";"0";"CHEMBL5350899";"Binding affinity to human ACE assessed as binding constant by surface plasmon resonance analysis";"B";"BAO_0000357";"single protein format";"Homo sapiens";"None";"None";"None";"None";"";"";"";"CHEMBL1808";"Angiotensin-converting enzyme";"Homo sapiens";"SINGLE PROTEIN";"CHEMBL5346959";"1";"Scientific Literature";"J Med Chem";"2023";"None";"";"";"";"10.0"
"CHEMBL289556";"OMAPATRILAT";"2.0";"408.55";"0";"1.94";"Omapatrilat";"O=C(N[C@H]1CCS[C@H]2CCC[C@@H](C(=O)O)N2C1=O)[C@@H](S)Cc1ccccc1";"Ki";"'='";"0.015";"nM";"10.82";"";"";"UO_0000065";"";"";"";"";"0";"CHEMBL4269909";"Inhibition of human fully glycosylated ACE N-terminal domain expressed in CHO cells using Cbz-Phe-His-Leu as substrate preincubated for 15 mins followed by substrate addition measured after 10 mins by Morrison's plot analysis";"A";"BAO_0000219";"cell-based format";"Homo sapiens";"None";"None";"CHO";"None";"";"";"";"CHEMBL1808";"Angiotensin-converting enzyme";"Homo sapiens";"SINGLE PROTEIN";"CHEMBL4266030";"1";"Scientific Literature";"J Med Chem";"2018";"None";"";"";"";"0.015"
"CHEMBL1560";"CAPTOPRIL";"4.0";"217.29";"0";"0.63";"captopril";"C[C@H](CS)C(=O)N1CCC[C@H]1C(=O)O";"IC50";"'='";"22.91";"nM";"7.64";"";"";"UO_0000065";"35.16";"0.75";"7.01";"13.26";"1";"CHEMBL3224029";"Inhibition of angiotensin-converting enzyme (unknown origin)";"B";"BAO_0000357";"single protein format";"Homo sapiens";"None";"None";"None";"None";"";"";"";"CHEMBL1808";"Angiotensin-converting enzyme";"Homo sapiens";"SINGLE PROTEIN";"CHEMBL3217592";"1";"Scientific Literature";"Medchemcomm";"2012";"None";"";"";"";"7.64"
"CHEMBL3414812";"";"None";"461.52";"1";"5.14";"9c";"O=c1c2ccccc2nc(-c2ccccc2)n1CC(O)COc1cccc2[nH]c3ccccc3c12";"Inhibition";"";"";"%";"";"";"";"UO_0000187";"";"";"";"";"0";"CHEMBL3421146";"Inhibition of ACE (unknown origin) at 0.5 uM to 10 uM uM using synthetic peptide hippuryl-histidyl-leucine substrate by high-throughput colorimetric screening method";"B";"BAO_0000357";"single protein format";"Homo sapiens";"None";"None";"None";"None";"";"";"";"CHEMBL1808";"Angiotensin-converting enzyme";"Homo sapiens";"SINGLE PROTEIN";"CHEMBL3414498";"1";"Scientific Literature";"Eur J Med Chem";"2015";"None";"";"";"Active";""
"CHEMBL2402203";"";"None";"386.42";"0";"2.57";"1; Z-FA-FMK";"C[C@H](NC(=O)[C@H](Cc1ccccc1)NC(=O)OCc1ccccc1)C(=O)CF";"IC50";"'>'";"100000.0";"nM";"";"";"";"UO_0000065";"";"";"";"";"0";"CHEMBL4480333";"Inhibition of ACE (unknown origin) using Mca-RPPGFSAFK (Dnp) as substrate preincubated for 20 mins followed by substrate addition by fluorescence plate reader analysis";"B";"BAO_0000357";"single protein format";"Homo sapiens";"None";"None";"None";"None";"";"";"";"CHEMBL1808";"Angiotensin-converting enzyme";"Homo sapiens";"SINGLE PROTEIN";"CHEMBL4477275";"1";"Scientific Literature";"ACS Med Chem Lett";"2016";"None";"";"";"";"100.0"
"CHEMBL3264008";"";"None";"493.50";"1";"1.23";"3, 15-B-2";"CN[C@H](C(=O)N[C@@H](Cc1ccc(O)cc1)C(=O)N[C@@H](Cc1ccc(O)cc1)P(=O)(O)O)C(C)C";"IC50";"'='";"52.0";"nM";"7.28";"";"";"UO_0000065";"14.76";"0.29";"6.05";"4.33";"0";"CHEMBL3269461";"Inhibition of human ACE C-terminal domain using Cbz-Phe-His-Leu-OH substrate";"B";"BAO_0000357";"single protein format";"Homo sapiens";"None";"None";"None";"None";"";"";"";"CHEMBL1808";"Angiotensin-converting enzyme";"Homo sapiens";"SINGLE PROTEIN";"CHEMBL3259630";"1";"Scientific Literature";"ACS Med Chem Lett";"2014";"None";"";"";"";"52.0"
"CHEMBL5395954";"";"None";"2102.51";"None";"None";"BCY15291";"CC[C@H](C)[C@@H]1NC(=O)[C@H](CCCNC(=N)N)NC(=O)[C@@H]2CCCN2C(=O)[C@H](CC(C)C)NC(=O)[C@H](CC(C)C)NC(=O)[C@H](CO)NC(=O)[C@H](CO)NC(=O)[C@@H]2CSCCC(=O)N3CN(CN(C3)C(=O)CCSC[C@@H](C(=O)N[C@@H](C)C(=O)O)NC(=O)[C@H](Cc3c[nH]cn3)NC1=O)C(=O)CCSC[C@H](NC(=O)[C@H](C)N)C(=O)N[C@@H](C(C)C)C(=O)N[C@@H](CCCNC(=N)N)C(=O)N[C@@H](CO)C(=O)N[C@@H](Cc1c[nH]cn1)C(=O)N2";"Kd";"'>'";"10000.0";"nM";"";"";"";"UO_0000065";"";"";"";"";"0";"CHEMBL5350899";"Binding affinity to human ACE assessed as binding constant by surface plasmon resonance analysis";"B";"BAO_0000357";"single protein format";"Homo sapiens";"None";"None";"None";"None";"";"";"";"CHEMBL1808";"Angiotensin-converting enzyme";"Homo sapiens";"SINGLE PROTEIN";"CHEMBL5346959";"1";"Scientific Literature";"J Med Chem";"2023";"None";"";"";"";"10.0"
"CHEMBL5434641";"";"None";"1945.33";"None";"None";"BCY15294";"CC[C@H](C)[C@@H]1NC(=O)[C@H](CCCNC(=N)N)NC(=O)[C@@H]2CCCN2C(=O)[C@@H]2CSCCC(=O)N3CN(CN(C3)C(=O)CCSC[C@@H](C(=O)N[C@@H](C)C(N)=O)NC(=O)[C@H](CC(N)=O)NC1=O)C(=O)CCSC[C@H](NC(=O)[C@H](C)N)C(=O)N[C@@H](CC(C)C)C(=O)N[C@@H](CCCNC(=N)N)C(=O)N[C@@H](CO)C(=O)N[C@@H](Cc1ccc(O)cc1)C(=O)N[C@@H](CC(N)=O)C(=O)N[C@@H](CC(C)C)C(=O)N2";"Kd";"'>'";"10000.0";"nM";"";"";"";"UO_0000065";"";"";"";"";"0";"CHEMBL5350899";"Binding affinity to human ACE assessed as binding constant by surface plasmon resonance analysis";"B";"BAO_0000357";"single protein format";"Homo sapiens";"None";"None";"None";"None";"";"";"";"CHEMBL1808";"Angiotensin-converting enzyme";"Homo sapiens";"SINGLE PROTEIN";"CHEMBL5346959";"1";"Scientific Literature";"J Med Chem";"2023";"None";"";"";"";"10.0"
"CHEMBL310578";"";"None";"215.21";"0";"-0.07";"N-succinyl-L-proline";"O=C(O)CCC(=O)N1CCC[C@H]1C(=O)O";"IC50";"'='";"14500.0";"nM";"4.84";"";"";"UO_0000065";"22.48";"0.44";"4.91";"5.10";"0";"CHEMBL3583583";"Inhibition of ACE (unknown origin) using 3-Hydroxybutylyl-Gly-Gly-Gly substrate assessed as reduction in 3-Hyroxybutylic acid generation incubated for 1 hr by colorimetric assay";"B";"BAO_0000357";"single protein format";"Homo sapiens";"None";"None";"None";"None";"";"";"";"CHEMBL1808";"Angiotensin-converting enzyme";"Homo sapiens";"SINGLE PROTEIN";"CHEMBL3580612";"1";"Scientific Literature";"J Nat Prod";"2015";"None";"";"";"";"14.5"
"CHEMBL5394399";"";"None";"2126.57";"None";"None";"BCY20861";"CC[C@H](C)[C@@H]1NC(=O)[C@H](CCCNC(=N)N)NC(=O)[C@@H]2CCCN2C(=O)[C@H](CC(C)C)NC(=O)[C@H](CC(C)C)NC(=O)[C@H](CO)NC(=O)[C@H](CO)NNC(=O)[C@@H]2CSCCC(=O)N3CN(CN(C3)C(=O)CCSC[C@@H](C(=O)N[C@@H](C)C(N)=O)NC(=O)[C@H](Cc3c[nH]cn3)NC1=O)C(=O)CCSC[C@H](NC(=O)[C@H](C)N)C(=O)N[C@@H](C(C)C)C(=O)N[C@@H](CCCNC(=N)N)C(=O)N[C@@H](CO)C(=O)N[C@@H](Cc1ccccc1)C(=O)N2";"Kd";"'>'";"10000.0";"nM";"";"";"";"UO_0000065";"";"";"";"";"0";"CHEMBL5350899";"Binding affinity to human ACE assessed as binding constant by surface plasmon resonance analysis";"B";"BAO_0000357";"single protein format";"Homo sapiens";"None";"None";"None";"None";"";"";"";"CHEMBL1808";"Angiotensin-converting enzyme";"Homo sapiens";"SINGLE PROTEIN";"CHEMBL5346959";"1";"Scientific Literature";"J Med Chem";"2023";"None";"";"";"";"10.0"
"CHEMBL4248427";"";"None";"261.42";"None";"None";"154";"C[C@H](CS)C(=O)N1C[Si](C)(C)C[C@H]1C(=O)O";"IC50";"'='";"43.0";"nM";"7.37";"";"";"UO_0000065";"28.18";"None";"None";"None";"0";"CHEMBL4229775";"Inhibition of human ACE using Hip-His-Leu-OH as substrate after 1 hr by fluorimetric method";"B";"BAO_0000357";"single protein format";"Homo sapiens";"None";"None";"None";"None";"";"";"";"CHEMBL1808";"Angiotensin-converting enzyme";"Homo sapiens";"SINGLE PROTEIN";"CHEMBL4229328";"1";"Scientific Literature";"J Med Chem";"2018";"None";"";"";"";"43.0"
"CHEMBL3222111";"";"None";"261.27";"0";"-0.31";"27b";"CC(C)C[C@H](CC(=O)O)C(=O)N[C@@H](CO)C(=O)O";"IC50";"'>'";"31622.78";"nM";"";"";"";"UO_0000065";"";"";"";"";"0";"CHEMBL3223377";"Inhibition of human ACE-1 using Abz-Gly-p-nitro-Phe-Pro-OH as substrate preincubated for 10 mins followed by substrate addition measured after 17 hrs by spectrophotometric analysis";"B";"BAO_0000357";"single protein format";"Homo sapiens";"None";"None";"None";"None";"";"";"";"CHEMBL1808";"Angiotensin-converting enzyme";"Homo sapiens";"SINGLE PROTEIN";"CHEMBL3217740";"1";"Scientific Literature";"Medchemcomm";"2012";"None";"";"";"";"4.5"
"CHEMBL1235767";"";"None";"498.47";"1";"-0.45";"21, RXP407";"CC(=O)N[C@@H](CC(=O)O)C(=O)N[C@@H](Cc1ccccc1)P(=O)(O)C[C@@H](C)C(=O)N[C@@H](C)C(N)=O";"Ki";"'='";"7500.0";"nM";"5.12";"";"";"UO_0000065";"10.28";"0.21";"5.57";"2.50";"0";"CHEMBL2155980";"Inhibition of human ACE C-terminal domain expressed in CHO cells after 90 mins by fluorescence assay";"B";"BAO_0000219";"cell-based format";"Homo sapiens";"None";"None";"CHO";"None";"";"";"";"CHEMBL1808";"Angiotensin-converting enzyme";"Homo sapiens";"SINGLE PROTEIN";"CHEMBL2150865";"1";"Scientific Literature";"J Med Chem";"2011";"CHEMBL3308072";"";"";"";"7500.0"
"CHEMBL5424641";"";"None";"2158.57";"None";"None";"BCY20866";"CC[C@H](C)[C@@H]1NC(=O)[C@H](CCCNC(=N)N)NC(=O)[C@]2(C)CCCN2C(=O)[C@H](CC(C)C)NC(=O)[C@H](CC(C)C)NC(=O)[C@@H](CC(=O)O)NC(=O)[C@H](CO)NNC(=O)[C@@H]2CSCCC(=O)N3CN(CN(C3)C(=O)CCSC[C@@H](C(=O)N[C@@H](C)C(N)=O)NC(=O)[C@H](Cc3c[nH]cn3)NC1=O)C(=O)CCSC[C@H](NC(=O)[C@H](C)N)C(=O)N[C@@H](C(C)C)C(=O)N[C@@H](CCCNC(=N)N)C(=O)N[C@@H](CO)C(=O)N[C@@H](Cc1c[nH]cn1)C(=O)N2";"Kd";"'>'";"10000.0";"nM";"";"";"";"UO_0000065";"";"";"";"";"0";"CHEMBL5350899";"Binding affinity to human ACE assessed as binding constant by surface plasmon resonance analysis";"B";"BAO_0000357";"single protein format";"Homo sapiens";"None";"None";"None";"None";"";"";"";"CHEMBL1808";"Angiotensin-converting enzyme";"Homo sapiens";"SINGLE PROTEIN";"CHEMBL5346959";"1";"Scientific Literature";"J Med Chem";"2023";"None";"";"";"";"10.0"
"CHEMBL4080520";"";"None";"498.58";"0";"3.45";"(S)-17b";"CNC(=O)[C@@H](NC(=O)c1ccc(-c2ccc(CSc3nc4c(c(=O)[nH]3)CCC4)c(F)c2)o1)C(C)C";"Inhibition";"'='";"0.0";"%";"";"";"";"UO_0000187";"";"";"";"";"0";"CHEMBL4017413";"Inhibition of ACE (unknown origin) at 1 uM relative to control";"B";"BAO_0000357";"single protein format";"Homo sapiens";"None";"None";"None";"None";"";"";"";"CHEMBL1808";"Angiotensin-converting enzyme";"Homo sapiens";"SINGLE PROTEIN";"CHEMBL4014357";"1";"Scientific Literature";"J Med Chem";"2017";"None";"";"";"";"0.0"
"CHEMBL251809";"";"None";"469.53";"0";"4.74";"1s";"CC[C@@H](C)[C@H](S)C(=O)N[C@@H](Cc1ccc(OCc2ccc(C(F)(F)F)cc2)cc1)C(=O)O";"Ki";"'='";"2600.0";"nM";"5.58";"";"";"UO_0000065";"11.89";"0.24";"0.85";"7.38";"0";"CHEMBL928316";"Inhibition of human recombinant ACE by fluorescence assay";"B";"BAO_0000357";"single protein format";"Homo sapiens";"None";"None";"None";"None";"";"";"";"CHEMBL1808";"Angiotensin-converting enzyme";"Homo sapiens";"SINGLE PROTEIN";"CHEMBL1141500";"1";"Scientific Literature";"Bioorg Med Chem Lett";"2008";"None";"";"";"";"2600.0"
"CHEMBL254493";"";"None";"401.53";"0";"3.72";"1m";"CC[C@@H](C)[C@H](S)C(=O)N[C@@H](Cc1ccccc1OCc1ccccc1)C(=O)O";"Ki";"'='";"770.0";"nM";"6.11";"";"";"UO_0000065";"15.23";"0.30";"2.39";"8.08";"0";"CHEMBL928316";"Inhibition of human recombinant ACE by fluorescence assay";"B";"BAO_0000357";"single protein format";"Homo sapiens";"None";"None";"None";"None";"";"";"";"CHEMBL1808";"Angiotensin-converting enzyme";"Homo sapiens";"SINGLE PROTEIN";"CHEMBL1141500";"1";"Scientific Literature";"Bioorg Med Chem Lett";"2008";"None";"";"";"";"770.0"
"CHEMBL401397";"";"None";"371.50";"0";"3.81";"1i";"CC[C@@H](C)[C@H](S)C(=O)N[C@@H](Cc1cccc(-c2ccccc2)c1)C(=O)O";"Ki";"'='";"1000.0";"nM";"6.00";"";"";"UO_0000065";"16.15";"0.32";"2.19";"9.04";"0";"CHEMBL928316";"Inhibition of human recombinant ACE by fluorescence assay";"B";"BAO_0000357";"single protein format";"Homo sapiens";"None";"None";"None";"None";"";"";"";"CHEMBL1808";"Angiotensin-converting enzyme";"Homo sapiens";"SINGLE PROTEIN";"CHEMBL1141500";"1";"Scientific Literature";"Bioorg Med Chem Lett";"2008";"None";"";"";"";"1000.0"
"CHEMBL253224";"";"None";"311.40";"0";"1.85";"1e";"CC[C@@H](C)[C@H](S)C(=O)N[C@@H](Cc1ccc(O)cc1)C(=O)O";"Ki";"'='";"410.0";"nM";"6.39";"";"";"UO_0000065";"20.51";"0.42";"4.54";"7.37";"0";"CHEMBL928316";"Inhibition of human recombinant ACE by fluorescence assay";"B";"BAO_0000357";"single protein format";"Homo sapiens";"None";"None";"None";"None";"";"";"";"CHEMBL1808";"Angiotensin-converting enzyme";"Homo sapiens";"SINGLE PROTEIN";"CHEMBL1141500";"1";"Scientific Literature";"Bioorg Med Chem Lett";"2008";"None";"";"";"";"410.0"
"CHEMBL400526";"";"None";"295.40";"0";"2.14";"1d";"CC[C@@H](C)[C@H](S)C(=O)N[C@@H](Cc1ccccc1)C(=O)O";"Ki";"'='";"570.0";"nM";"6.24";"";"";"UO_0000065";"21.14";"0.43";"4.10";"9.40";"0";"CHEMBL928316";"Inhibition of human recombinant ACE by fluorescence assay";"B";"BAO_0000357";"single protein format";"Homo sapiens";"None";"None";"None";"None";"";"";"";"CHEMBL1808";"Angiotensin-converting enzyme";"Homo sapiens";"SINGLE PROTEIN";"CHEMBL1141500";"1";"Scientific Literature";"Bioorg Med Chem Lett";"2008";"None";"";"";"";"570.0"
"CHEMBL325695";"FASIDOTRIL";"2.0";"443.52";"0";"3.10";"124 (Fasidotril)";"CC(=O)SC[C@@H](Cc1ccc2c(c1)OCO2)C(=O)N[C@@H](C)C(=O)OCc1ccccc1";"ED50";"'='";"0.5";"mg.kg-1";"";"";"";"UO_0000308";"";"";"";"";"0";"CHEMBL618672";"oral activity against angiotensin -converting enzyme ( ACE) and neutral endopeptidase in mouse.";"B";"BAO_0000357";"single protein format";"None";"None";"None";"None";"None";"";"";"";"CHEMBL1808";"Angiotensin-converting enzyme";"Homo sapiens";"SINGLE PROTEIN";"CHEMBL1133572";"1";"Scientific Literature";"J Med Chem";"2000";"None";"";"";"";"0.5"
"CHEMBL91090";"";"None";"294.35";"0";"0.88";"Table 1, 31";"CC[C@H](C)[C@H](N)C(=O)N[C@@H](Cc1ccc(O)cc1)C(=O)O";"logIC50";"'='";"0.79";"";"";"";"";"";"";"";"";"";"0";"CHEMBL3363246";"Inhibition of ACE (unknown origin)";"B";"BAO_0000357";"single protein format";"Homo sapiens";"None";"None";"None";"None";"";"";"";"CHEMBL1808";"Angiotensin-converting enzyme";"Homo sapiens";"SINGLE PROTEIN";"CHEMBL3352520";"1";"Scientific Literature";"Eur J Med Chem";"2014";"None";"";"";"";"0.79"
"CHEMBL502068";"";"None";"1370.68";"None";"None";"Table 2, 15";"CC[C@H](C)[C@H](N)C(=O)N[C@@H](CCCNC(=N)N)C(=O)N[C@@H](CCCNC(=N)N)C(=O)N[C@@H](CCCNC(=N)N)C(=O)N[C@@H](Cc1c[nH]c2ccccc12)C(=O)N[C@@H](Cc1c[nH]c2ccccc12)C(=O)N[C@@H](Cc1c[nH]c2ccccc12)C(=O)N[C@H](C(=O)N[C@H](C(=O)O)C(C)C)[C@@H](C)CC";"Ratio IC50";"'='";"6.64";"";"";"";"";"";"";"";"";"";"0";"CHEMBL3363248";"Ratio of compound IC50 to peptide Bac2A RLARIVVIRVAR IC50 for ACE (unknown origin)";"B";"BAO_0000357";"single protein format";"Homo sapiens";"None";"None";"None";"None";"";"";"";"CHEMBL1808";"Angiotensin-converting enzyme";"Homo sapiens";"SINGLE PROTEIN";"CHEMBL3352520";"1";"Scientific Literature";"Eur J Med Chem";"2014";"None";"";"";"";"6.64"
"CHEMBL506079";"";"None";"1545.83";"None";"None";"Table 2, 17";"N=C(N)NCCC[C@H](NC(=O)[C@H](CCCCN)NC(=O)[C@H](CCCNC(=N)N)NC(=O)[C@@H](N)CCCNC(=N)N)C(=O)N[C@@H](Cc1c[nH]c2ccccc12)C(=O)N[C@@H](Cc1c[nH]c2ccccc12)C(=O)N[C@@H](Cc1c[nH]c2ccccc12)C(=O)N[C@@H](Cc1c[nH]c2ccccc12)C(=O)N[C@@H](Cc1c[nH]c2ccccc12)C(=O)O";"Ratio IC50";"'='";"6.37";"";"";"";"";"";"";"";"";"";"0";"CHEMBL3363248";"Ratio of compound IC50 to peptide Bac2A RLARIVVIRVAR IC50 for ACE (unknown origin)";"B";"BAO_0000357";"single protein format";"Homo sapiens";"None";"None";"None";"None";"";"";"";"CHEMBL1808";"Angiotensin-converting enzyme";"Homo sapiens";"SINGLE PROTEIN";"CHEMBL3352520";"1";"Scientific Literature";"Eur J Med Chem";"2014";"None";"";"";"";"6.37"
"CHEMBL525754";"";"None";"1459.77";"None";"None";"Table 2, 18";"N=C(N)NCCC[C@H](NC(=O)[C@H](CCCCN)NC(=O)[C@H](Cc1c[nH]c2ccccc12)NC(=O)[C@H](Cc1c[nH]c2ccccc12)NC(=O)[C@H](CCCCN)NC(=O)[C@H](Cc1c[nH]c2ccccc12)NC(=O)[C@H](CCCNC(=N)N)NC(=O)[C@H](CCCCN)NC(=O)[C@@H](N)Cc1c[nH]c2ccccc12)C(=O)O";"Ratio IC50";"'='";"6.6";"";"";"";"";"";"";"";"";"";"0";"CHEMBL3363248";"Ratio of compound IC50 to peptide Bac2A RLARIVVIRVAR IC50 for ACE (unknown origin)";"B";"BAO_0000357";"single protein format";"Homo sapiens";"None";"None";"None";"None";"";"";"";"CHEMBL1808";"Angiotensin-converting enzyme";"Homo sapiens";"SINGLE PROTEIN";"CHEMBL3352520";"1";"Scientific Literature";"Eur J Med Chem";"2014";"None";"";"";"";"6.6"
"CHEMBL212301";"";"None";"174.20";"0";"-1.34";"D-arginine";"N=C(N)NCCC[C@@H](N)C(=O)O";"IC50";"";"";"";"";"";"";"";"";"";"";"";"0";"CHEMBL3583583";"Inhibition of ACE (unknown origin) using 3-Hydroxybutylyl-Gly-Gly-Gly substrate assessed as reduction in 3-Hyroxybutylic acid generation incubated for 1 hr by colorimetric assay";"B";"BAO_0000357";"single protein format";"Homo sapiens";"None";"None";"None";"None";"";"";"";"CHEMBL1808";"Angiotensin-converting enzyme";"Homo sapiens";"SINGLE PROTEIN";"CHEMBL3580612";"1";"Scientific Literature";"J Nat Prod";"2015";"None";"";"";"Not active";""
"CHEMBL3581909";"";"None";"312.37";"0";"-1.66";"asparagusic acid glucose ester";"O=C(OC1O[C@H](CO)[C@@H](O)[C@H](O)[C@H]1O)C1CSSC1";"IC50";"'='";"347000.0";"nM";"";"Outside typical range";"";"UO_0000065";"";"";"";"";"0";"CHEMBL3583583";"Inhibition of ACE (unknown origin) using 3-Hydroxybutylyl-Gly-Gly-Gly substrate assessed as reduction in 3-Hyroxybutylic acid generation incubated for 1 hr by colorimetric assay";"B";"BAO_0000357";"single protein format";"Homo sapiens";"None";"None";"None";"None";"";"";"";"CHEMBL1808";"Angiotensin-converting enzyme";"Homo sapiens";"SINGLE PROTEIN";"CHEMBL3580612";"1";"Scientific Literature";"J Nat Prod";"2015";"None";"";"";"";"347.0"
"CHEMBL1233799";"";"None";"535.53";"2";"1.54";"1, K-26";"CC[C@H](C)[C@H](NC(C)=O)C(=O)N[C@@H](Cc1ccc(O)cc1)C(=O)N[C@@H](Cc1ccc(O)cc1)P(=O)(O)O";"Ki";"'='";"11.0";"nM";"7.96";"";"";"UO_0000065";"14.86";"0.29";"6.42";"4.30";"0";"CHEMBL3269460";"Inhibition of human ACE N-terminal domain using Cbz-Phe-His-Leu-OH substrate";"B";"BAO_0000357";"single protein format";"Homo sapiens";"None";"None";"None";"None";"";"";"";"CHEMBL1808";"Angiotensin-converting enzyme";"Homo sapiens";"SINGLE PROTEIN";"CHEMBL3259630";"1";"Scientific Literature";"ACS Med Chem Lett";"2014";"None";"";"";"";"11.0"
"CHEMBL1560";"CAPTOPRIL";"4.0";"217.29";"0";"0.63";"captopril";"C[C@H](CS)C(=O)N1CCC[C@H]1C(=O)O";"IC50";"'='";"1.61";"nM";"8.79";"";"";"UO_0000065";"40.47";"0.86";"8.16";"15.26";"0";"CHEMBL3583583";"Inhibition of ACE (unknown origin) using 3-Hydroxybutylyl-Gly-Gly-Gly substrate assessed as reduction in 3-Hyroxybutylic acid generation incubated for 1 hr by colorimetric assay";"B";"BAO_0000357";"single protein format";"Homo sapiens";"None";"None";"None";"None";"";"";"";"CHEMBL1808";"Angiotensin-converting enzyme";"Homo sapiens";"SINGLE PROTEIN";"CHEMBL3580612";"1";"Scientific Literature";"J Nat Prod";"2015";"None";"";"";"";"0.00161"
"CHEMBL3321993";"";"None";"266.30";"0";"-0.49";"Table 1, 35";"C[C@@H](O)[C@H](N)C(=O)N[C@@H](Cc1ccccc1)C(=O)O";"logIC50";"'='";"1.95";"";"";"";"";"";"";"";"";"";"0";"CHEMBL3363246";"Inhibition of ACE (unknown origin)";"B";"BAO_0000357";"single protein format";"Homo sapiens";"None";"None";"None";"None";"";"";"";"CHEMBL1808";"Angiotensin-converting enzyme";"Homo sapiens";"SINGLE PROTEIN";"CHEMBL3352520";"1";"Scientific Literature";"Eur J Med Chem";"2014";"None";"";"";"";"1.95"
"CHEMBL289556";"OMAPATRILAT";"2.0";"408.55";"0";"1.94";"Omapatrilat";"O=C(N[C@H]1CCS[C@H]2CCC[C@@H](C(=O)O)N2C1=O)[C@@H](S)Cc1ccccc1";"IC50";"'='";"2.0";"nM";"8.70";"";"";"UO_0000065";"";"";"";"";"0";"CHEMBL4269905";"Inhibition of human fully glycosylated ACE N-terminal domain expressed in CHO cells using Cbz-Phe-His-Leu as substrate preincubated for 15 mins followed by substrate addition measured after 10 mins by fluorescence spectrophotometric analysis";"A";"BAO_0000219";"cell-based format";"Homo sapiens";"None";"None";"CHO";"None";"";"";"";"CHEMBL1808";"Angiotensin-converting enzyme";"Homo sapiens";"SINGLE PROTEIN";"CHEMBL4266030";"1";"Scientific Literature";"J Med Chem";"2018";"None";"";"";"";"2.0"
"CHEMBL3322003";"";"None";"301.34";"0";"-1.48";"Table 1, 51";"CC(C)[C@H](N)C(=O)N[C@@H](CO)C(=O)N1CCC[C@H]1C(=O)O";"logIC50";"'='";"1.0";"";"";"";"";"";"";"";"";"";"0";"CHEMBL3363246";"Inhibition of ACE (unknown origin)";"B";"BAO_0000357";"single protein format";"Homo sapiens";"None";"None";"None";"None";"";"";"";"CHEMBL1808";"Angiotensin-converting enzyme";"Homo sapiens";"SINGLE PROTEIN";"CHEMBL3352520";"1";"Scientific Literature";"Eur J Med Chem";"2014";"None";"";"";"";"1.0"
"CHEMBL577";"ENALAPRILAT ANHYDROUS";"4.0";"348.40";"0";"1.13";"1";"C[C@H](N[C@@H](CCc1ccccc1)C(=O)O)C(=O)N1CCC[C@H]1C(=O)O";"IC50";"'='";"2.5";"nM";"8.60";"";"";"UO_0000065";"24.69";"0.47";"7.47";"8.04";"1";"CHEMBL4021433";"Inhibition of human plasma ACE";"B";"BAO_0000357";"single protein format";"Homo sapiens";"None";"None";"None";"None";"";"";"";"CHEMBL1808";"Angiotensin-converting enzyme";"Homo sapiens";"SINGLE PROTEIN";"CHEMBL4020733";"1";"Scientific Literature";"Bioorg Med Chem Lett";"2017";"None";"";"";"";"2.5"
"CHEMBL4090635";"";"None";"620.67";"1";"2.77";"6d";"CCCC[C@H](N[C@@H](CCc1ccccc1)C(=O)O)C(=O)N1C[C@@H](NC(=O)C[C@H](N)Cc2cc(F)c(F)cc2F)C[C@H]1C(=O)O";"IC50";"'='";"279.0";"nM";"6.55";"";"";"UO_0000065";"10.56";"0.20";"3.78";"4.04";"0";"CHEMBL4021433";"Inhibition of human plasma ACE";"B";"BAO_0000357";"single protein format";"Homo sapiens";"None";"None";"None";"None";"";"";"";"CHEMBL1808";"Angiotensin-converting enzyme";"Homo sapiens";"SINGLE PROTEIN";"CHEMBL4020733";"1";"Scientific Literature";"Bioorg Med Chem Lett";"2017";"None";"";"";"";"279.0"
"CHEMBL5079973";"";"None";"297.36";"0";"1.12";"9d";"N[C@@H](Cc1c[nH]cn1)C(=O)NCCc1cc2ccccc2[nH]1";"Inhibition";"";"";"%";"";"";"";"UO_0000187";"";"";"";"";"0";"CHEMBL5237355";"Inhibition of recombinant human ACE catalytic activity measured up to 150 uM";"B";"BAO_0000357";"single protein format";"Homo sapiens";"None";"None";"None";"None";"";"";"";"CHEMBL1808";"Angiotensin-converting enzyme";"Homo sapiens";"SINGLE PROTEIN";"CHEMBL5236554";"1";"Scientific Literature";"J Med Chem";"2021";"None";"DOSE <= 150.0 microM";"INHIBITOR";"Active";""
"CHEMBL1233799";"";"None";"535.53";"2";"1.54";"1, K-26";"CC[C@H](C)[C@H](NC(C)=O)C(=O)N[C@@H](Cc1ccc(O)cc1)C(=O)N[C@@H](Cc1ccc(O)cc1)P(=O)(O)O";"Ratio Ki";"'='";"7.0";"";"";"";"";"";"";"";"";"";"0";"CHEMBL3269462";"Selectivity ratio of Ki for human ACE N-terminal domain to Ki for human ACE C-terminal domain";"B";"BAO_0000357";"single protein format";"Homo sapiens";"None";"None";"None";"None";"";"";"";"CHEMBL1808";"Angiotensin-converting enzyme";"Homo sapiens";"SINGLE PROTEIN";"CHEMBL3259630";"1";"Scientific Literature";"ACS Med Chem Lett";"2014";"None";"";"";"";"7.0"
"CHEMBL3264009";"";"None";"485.52";"1";"1.64";"4, SF2513 B";"CC[C@H](C)[C@H](NC(C)=O)C(=O)N[C@@H](CC(C)C)C(=O)N[C@@H](Cc1ccc(O)cc1)P(=O)(O)O";"Ki";"'='";"21.0";"nM";"7.68";"";"";"UO_0000065";"15.81";"0.32";"6.04";"4.65";"0";"CHEMBL3269460";"Inhibition of human ACE N-terminal domain using Cbz-Phe-His-Leu-OH substrate";"B";"BAO_0000357";"single protein format";"Homo sapiens";"None";"None";"None";"None";"";"";"";"CHEMBL1808";"Angiotensin-converting enzyme";"Homo sapiens";"SINGLE PROTEIN";"CHEMBL3259630";"1";"Scientific Literature";"ACS Med Chem Lett";"2014";"None";"";"";"";"21.0"
"CHEMBL254703";"";"None";"401.53";"0";"3.72";"1o";"CC[C@@H](C)[C@H](S)C(=O)N[C@@H](Cc1ccc(OCc2ccccc2)cc1)C(=O)O";"Ki";"'='";"570.0";"nM";"6.24";"";"";"UO_0000065";"15.55";"0.30";"2.52";"8.26";"0";"CHEMBL928316";"Inhibition of human recombinant ACE by fluorescence assay";"B";"BAO_0000357";"single protein format";"Homo sapiens";"None";"None";"None";"None";"";"";"";"CHEMBL1808";"Angiotensin-converting enzyme";"Homo sapiens";"SINGLE PROTEIN";"CHEMBL1141500";"1";"Scientific Literature";"Bioorg Med Chem Lett";"2008";"None";"";"";"";"570.0"
"CHEMBL499610";"";"None";"389.54";"0";"4.04";"3e";"C[C@H](CS)C(=O)N1[C@@H](SCc2ccc3ccccc3c2)CC[C@H]1C(=O)O";"IC50";"'='";"4.2";"nM";"8.38";"";"";"UO_0000065";"21.50";"0.44";"4.34";"14.54";"0";"CHEMBL1004838";"Inhibition of ACE";"B";"BAO_0000357";"single protein format";"None";"None";"None";"None";"None";"";"";"";"CHEMBL1808";"Angiotensin-converting enzyme";"Homo sapiens";"SINGLE PROTEIN";"CHEMBL1156603";"1";"Scientific Literature";"Bioorg Med Chem Lett";"2008";"None";"";"";"";"4.2"
"CHEMBL3414814";"";"None";"475.55";"1";"5.45";"9e";"Cc1ccc(-c2nc3ccccc3c(=O)n2CC(O)COc2cccc3[nH]c4ccccc4c23)cc1";"Inhibition";"";"";"%";"";"";"";"UO_0000187";"";"";"";"";"0";"CHEMBL3421146";"Inhibition of ACE (unknown origin) at 0.5 uM to 10 uM uM using synthetic peptide hippuryl-histidyl-leucine substrate by high-throughput colorimetric screening method";"B";"BAO_0000357";"single protein format";"Homo sapiens";"None";"None";"None";"None";"";"";"";"CHEMBL1808";"Angiotensin-converting enzyme";"Homo sapiens";"SINGLE PROTEIN";"CHEMBL3414498";"1";"Scientific Literature";"Eur J Med Chem";"2015";"None";"";"";"Active";""
"CHEMBL3414816";"";"None";"530.41";"2";"6.44";"9g";"O=c1c2ccccc2nc(-c2ccc(Cl)cc2Cl)n1CC(O)COc1cccc2[nH]c3ccccc3c12";"Inhibition";"'='";"17.0";"%";"";"";"";"UO_0000187";"";"";"";"";"0";"CHEMBL3421144";"Inhibition of ACE (unknown origin) at 1 uM using synthetic peptide hippuryl-histidyl-leucine substrate by high-throughput colorimetric screening method";"B";"BAO_0000357";"single protein format";"Homo sapiens";"None";"None";"None";"None";"";"";"";"CHEMBL1808";"Angiotensin-converting enzyme";"Homo sapiens";"SINGLE PROTEIN";"CHEMBL3414498";"1";"Scientific Literature";"Eur J Med Chem";"2015";"None";"";"";"";"17.0"
"CHEMBL311363";"";"None";"362.43";"0";"1.52";"16";"C[C@@H]1CCCC(NC(CCc2ccccc2)C(=O)O)C(=O)N1CC(=O)O";"IC50";"'='";"3.02";"nM";"8.52";"";"";"UO_0000065";"";"";"";"";"0";"CHEMBL648337";"Inhibitory activity against angiotensin converting enzyme (ACE)";"F";"BAO_0000019";"assay format";"None";"None";"None";"None";"None";"";"";"";"CHEMBL1808";"Angiotensin-converting enzyme";"Homo sapiens";"SINGLE PROTEIN";"CHEMBL1126767";"1";"Scientific Literature";"J Med Chem";"1993";"None";"";"";"";"8.52"
"CHEMBL1560";"CAPTOPRIL";"4.0";"217.29";"0";"0.63";"Captopril";"C[C@H](CS)C(=O)N1CCC[C@H]1C(=O)O";"IC50";"'='";"21.0";"nM";"7.68";"";"";"UO_0000065";"35.33";"0.75";"7.05";"13.33";"0";"CHEMBL2439837";"Inhibition of human recombinant ACE/CD143 somatic form using Mca-Pro-Leu-Gly-Leu-Dpa-Ala-Arg-NH2.AcOH as substrate preincubated for 10 mins prior to substrate addition measured for 30 mins by spectrophotometric analysis";"B";"BAO_0000357";"single protein format";"Homo sapiens";"None";"None";"None";"None";"";"";"";"CHEMBL1808";"Angiotensin-converting enzyme";"Homo sapiens";"SINGLE PROTEIN";"CHEMBL2434956";"1";"Scientific Literature";"J Med Chem";"2013";"None";"";"";"";"21.0"
"CHEMBL272925";"";"None";"455.58";"1";"5.16";"1r";"O=C(O)[C@H](Cc1ccc(-c2ccccc2)cc1)NC(=O)[C@@H](S)Cc1ccc2ccccc2c1";"Ki";"'='";"210.0";"nM";"6.68";"";"";"UO_0000065";"14.66";"0.28";"1.52";"10.06";"0";"CHEMBL933039";"Inhibition of human recombinant ACE by fluorescence assay";"B";"BAO_0000357";"single protein format";"Homo sapiens";"None";"None";"None";"None";"";"";"";"CHEMBL1808";"Angiotensin-converting enzyme";"Homo sapiens";"SINGLE PROTEIN";"CHEMBL1142293";"1";"Scientific Literature";"Bioorg Med Chem Lett";"2008";"None";"";"";"";"210.0"
"CHEMBL50315";"";"None";"398.48";"0";"2.08";"1D";"O=C(O)CN1C(=O)[C@H](NC(=O)[C@@H](S)Cc2ccccc2)CCc2ccccc21";"IC50";"'='";"306.0";"nM";"6.51";"";"";"UO_0000065";"16.35";"0.32";"4.43";"7.51";"0";"CHEMBL645286";"Inhibition of Angiotensin I converting enzyme";"B";"BAO_0000357";"single protein format";"None";"None";"None";"None";"None";"";"";"";"CHEMBL1808";"Angiotensin-converting enzyme";"Homo sapiens";"SINGLE PROTEIN";"CHEMBL1152108";"1";"Scientific Literature";"Bioorg Med Chem Lett";"1994";"None";"";"";"";"306.0"
"CHEMBL147755";"";"None";"335.47";"0";"2.85";"21a";"O=C1N[C@H](C(=O)O)Cc2ccccc2CCCCCC[C@@H]1CS";"IC50";"'='";"725.0";"nM";"6.14";"";"";"UO_0000065";"18.30";"0.36";"3.29";"9.25";"0";"CHEMBL644707";"Inhibitory concentration required to inhibit Angiotensin I converting enzyme (ACE)";"B";"BAO_0000357";"single protein format";"None";"None";"None";"None";"None";"";"";"";"CHEMBL1808";"Angiotensin-converting enzyme";"Homo sapiens";"SINGLE PROTEIN";"CHEMBL1129939";"1";"Scientific Literature";"J Med Chem";"1997";"None";"";"";"";"725.0"
"CHEMBL1237";"LISINOPRIL ANHYDROUS";"4.0";"405.50";"0";"1.24";"19";"NCCCC[C@H](N[C@@H](CCc1ccccc1)C(=O)O)C(=O)N1CCC[C@H]1C(=O)O";"IC50";"'='";"1.202";"nM";"8.92";"";"";"UO_0000065";"";"";"";"";"1";"CHEMBL648337";"Inhibitory activity against angiotensin converting enzyme (ACE)";"F";"BAO_0000019";"assay format";"None";"None";"None";"None";"None";"";"";"";"CHEMBL1808";"Angiotensin-converting enzyme";"Homo sapiens";"SINGLE PROTEIN";"CHEMBL1126767";"1";"Scientific Literature";"J Med Chem";"1993";"None";"";"";"";"8.92"
"CHEMBL351806";"";"None";"381.45";"0";"3.33";"8, NSA";"O=C(O)[C@H](Cc1ccccc1)NS(=O)(=O)c1ccc(-c2ccccc2)cc1";"Inhibition";"";"";"%";"";"";"";"UO_0000187";"";"";"";"";"0";"CHEMBL2439710";"Inhibition of human recombinant ACE/CD143 somatic form using Mca-Pro-Leu-Gly-Leu-Dpa-Ala-Arg-NH2.AcOH as substrate at 10 uM preincubated for 10 mins prior to substrate addition measured for 30 mins by spectrophotometric analysis";"B";"BAO_0000357";"single protein format";"Homo sapiens";"None";"None";"None";"None";"";"";"";"CHEMBL1808";"Angiotensin-converting enzyme";"Homo sapiens";"SINGLE PROTEIN";"CHEMBL2434956";"1";"Scientific Literature";"J Med Chem";"2013";"None";"";"";"Not active";""
"CHEMBL10247";"THIORPHAN";"-1.0";"253.32";"0";"0.98";"121 (Thiorphan)";"O=C(O)CNC(=O)C(CS)Cc1ccccc1";"IC50";"'='";"140.0";"nM";"6.85";"";"";"UO_0000065";"27.06";"0.55";"5.87";"10.32";"1";"CHEMBL618671";"Inhibitory activity against angiotensin-converting enzyme (ACE).";"B";"BAO_0000357";"single protein format";"None";"None";"None";"None";"None";"";"";"";"CHEMBL1808";"Angiotensin-converting enzyme";"Homo sapiens";"SINGLE PROTEIN";"CHEMBL1133572";"1";"Scientific Literature";"J Med Chem";"2000";"None";"";"";"";"140.0"
"CHEMBL570953";"";"None";"711.71";"2";"5.78";"23";"O=C(N[C@@H](Cc1ccccc1)P(=O)(O)C[C@H](Cc1cc(-c2ccccc2)no1)C(=O)N[C@@H](Cc1ccc(O)cc1)C(=O)O)OCc1ccccc1";"Ki";"'='";"0.65";"nM";"9.19";"";"";"UO_0000065";"12.91";"0.25";"3.41";"4.88";"1";"CHEMBL2155980";"Inhibition of human ACE C-terminal domain expressed in CHO cells after 90 mins by fluorescence assay";"B";"BAO_0000219";"cell-based format";"Homo sapiens";"None";"None";"CHO";"None";"";"";"";"CHEMBL1808";"Angiotensin-converting enzyme";"Homo sapiens";"SINGLE PROTEIN";"CHEMBL2150865";"1";"Scientific Literature";"J Med Chem";"2011";"CHEMBL3308072";"";"";"";"0.65"
"CHEMBL2296618";"";"None";"334.43";"0";"2.28";"3e";"CN1CCN(Cc2ccc(-c3ccccc3-c3nnn[nH]3)cc2)CC1";"Inhibition";"'='";"92.0";"%";"";"";"";"UO_0000187";"";"";"";"";"0";"CHEMBL3071360";"Inhibition of ACE (unknown origin) using Hippuryl-His-Leu as substrate at 10 ug incubated for 10 min prior to substrate addition measured after 45 min by spectrophotometric analysis relative to control";"B";"BAO_0000357";"single protein format";"Homo sapiens";"None";"None";"None";"None";"";"";"";"CHEMBL1808";"Angiotensin-converting enzyme";"Homo sapiens";"SINGLE PROTEIN";"CHEMBL3045976";"1";"Scientific Literature";"Med Chem Res";"2013";"None";"";"";"";"92.0"
"CHEMBL2296616";"";"None";"303.33";"0";"2.17";"3c";"c1ccc(-c2nnn[nH]2)c(-c2ccc(Cn3cncn3)cc2)c1";"Inhibition";"'='";"80.0";"%";"";"";"";"UO_0000187";"";"";"";"";"0";"CHEMBL3071360";"Inhibition of ACE (unknown origin) using Hippuryl-His-Leu as substrate at 10 ug incubated for 10 min prior to substrate addition measured after 45 min by spectrophotometric analysis relative to control";"B";"BAO_0000357";"single protein format";"Homo sapiens";"None";"None";"None";"None";"";"";"";"CHEMBL1808";"Angiotensin-converting enzyme";"Homo sapiens";"SINGLE PROTEIN";"CHEMBL3045976";"1";"Scientific Literature";"Med Chem Res";"2013";"None";"";"";"";"80.0"
"CHEMBL206021";"";"None";"380.45";"0";"-0.16";"5";"NCCCC[C@H](NC(=O)[C@@H](N)Cc1ccco1)C(=O)N1CCC[C@H]1C(=O)O";"Inhibition";"'='";"10.09";"%";"";"";"";"UO_0000187";"";"";"";"";"0";"CHEMBL861823";"Inhibition of ACE in bovine kidney";"B";"BAO_0000221";"tissue-based format";"Bos taurus";"CHEMBL3638241";"Kidney";"None";"None";"";"";"";"CHEMBL1808";"Angiotensin-converting enzyme";"Homo sapiens";"SINGLE PROTEIN";"CHEMBL1146940";"1";"Scientific Literature";"Bioorg Med Chem Lett";"2006";"None";"";"";"";"10.09"
"CHEMBL205806";"";"None";"390.48";"0";"0.25";"13";"NCCC[C@H](NC(=O)C[C@@H](N)Cc1ccccc1)C(=O)N1CCC[C@H]1C(=O)O";"Activity";"'='";"9.21";"mU/ml";"";"";"";"";"";"";"";"";"0";"CHEMBL861822";"Activity against ACE in bovine kidney";"B";"BAO_0000221";"tissue-based format";"Bos taurus";"CHEMBL3638241";"Kidney";"None";"None";"";"";"";"CHEMBL1808";"Angiotensin-converting enzyme";"Homo sapiens";"SINGLE PROTEIN";"CHEMBL1146940";"1";"Scientific Literature";"Bioorg Med Chem Lett";"2006";"None";"";"";"";"9.21"
"CHEMBL378864";"";"None";"429.52";"0";"0.60";"10";"CN[C@@H](Cc1c[nH]c2ccccc12)C(=O)N[C@@H](CCCN)C(=O)N1CCC[C@H]1C(=O)O";"Activity";"'='";"4.88";"mU/ml";"";"";"";"";"";"";"";"";"0";"CHEMBL861822";"Activity against ACE in bovine kidney";"B";"BAO_0000221";"tissue-based format";"Bos taurus";"CHEMBL3638241";"Kidney";"None";"None";"";"";"";"CHEMBL1808";"Angiotensin-converting enzyme";"Homo sapiens";"SINGLE PROTEIN";"CHEMBL1146940";"1";"Scientific Literature";"Bioorg Med Chem Lett";"2006";"None";"";"";"";"4.88"
"CHEMBL3342191";"A-1107969";"None";"674.77";"3";"6.02";"EUB0003078";"O=C(Nc1nc2ccccc2s1)c1cccc2c1CN(c1nc(C(=O)O)c(CCOc3ccc(-n4ncc5cncnc54)cc3)s1)CC2";"% Inhibition of Control Values (Mean n=2)";"'='";"-17.0";"%";"";"";"";"UO_0000187";"";"";"";"";"0";"CHEMBL4883708";"ACE (h) Eurofins-Cerep enzyme and uptake assay";"B";"BAO_0000357";"single protein format";"Homo sapiens";"None";"None";"None";"None";"Source of protein: human recombinant | Reference compound: captopril | Incubation time: 30 min | Incubation temperature: 37°C | Detection method: Fluorimetry | Measured component: Abz-Phe-Arg | Substrate/Stimulus/Tracer: Abz-FRK(Dnp)-POH (15 µM) | Reference compound EC50 None 0.76 nM | Assay protocol publication: PMID: 20802975";"";"";"CHEMBL1808";"Angiotensin-converting enzyme";"Homo sapiens";"SINGLE PROTEIN";"CHEMBL4507311";"54";"SGC Frankfurt - Donated Chemical Probes";"";"2021";"None";"Compound concentration None 10.0 uM";"";"";"-17.0"
"CHEMBL309941";"";"None";"436.51";"0";"2.70";"27";"C[C@H](CC(=O)[C@@H](Cc1ccccc1)NC(=O)c1ccccc1)C(=O)N1CCC[C@H]1C(=O)O";"IC50";"'='";"3.02";"nM";"8.52";"";"";"UO_0000065";"";"";"";"";"0";"CHEMBL648337";"Inhibitory activity against angiotensin converting enzyme (ACE)";"F";"BAO_0000019";"assay format";"None";"None";"None";"None";"None";"";"";"";"CHEMBL1808";"Angiotensin-converting enzyme";"Homo sapiens";"SINGLE PROTEIN";"CHEMBL1126767";"1";"Scientific Literature";"J Med Chem";"1993";"None";"";"";"";"8.52"
"CHEMBL435360";"";"None";"422.48";"0";"2.45";"26";"O=C(N[C@@H](Cc1ccccc1)C(=O)CCC(=O)N1CCC[C@H]1C(=O)O)c1ccccc1";"IC50";"'='";"12.02";"nM";"7.92";"";"";"UO_0000065";"";"";"";"";"1";"CHEMBL648337";"Inhibitory activity against angiotensin converting enzyme (ACE)";"F";"BAO_0000019";"assay format";"None";"None";"None";"None";"None";"";"";"";"CHEMBL1808";"Angiotensin-converting enzyme";"Homo sapiens";"SINGLE PROTEIN";"CHEMBL1126767";"1";"Scientific Literature";"J Med Chem";"1993";"None";"";"";"";"7.92"
"CHEMBL78780";"";"None";"243.26";"0";"0.56";"65";"C[C@H](CCC(=O)O)C(=O)N1CCC[C@H]1C(=O)O";"IC50";"'='";"4897.79";"nM";"5.31";"";"";"UO_0000065";"";"";"";"";"0";"CHEMBL648337";"Inhibitory activity against angiotensin converting enzyme (ACE)";"F";"BAO_0000019";"assay format";"None";"None";"None";"None";"None";"";"";"";"CHEMBL1808";"Angiotensin-converting enzyme";"Homo sapiens";"SINGLE PROTEIN";"CHEMBL1126767";"1";"Scientific Literature";"J Med Chem";"1993";"None";"";"";"";"5.31"
"CHEMBL310750";"";"None";"269.21";"0";"-1.52";"8";"O=C(O)CCn1c(=O)n2n(c1=O)[C@H](C(=O)O)C=CC2";"IC50";"'='";"1.0";"nM";"9.00";"";"";"UO_0000065";"";"";"";"";"0";"CHEMBL648337";"Inhibitory activity against angiotensin converting enzyme (ACE)";"F";"BAO_0000019";"assay format";"None";"None";"None";"None";"None";"";"";"";"CHEMBL1808";"Angiotensin-converting enzyme";"Homo sapiens";"SINGLE PROTEIN";"CHEMBL1126767";"1";"Scientific Literature";"J Med Chem";"1993";"None";"";"";"";"9.0"
"CHEMBL90545";"";"None";"448.46";"0";"2.61";"17";"CC[C@@H](C)[C@H](NCP(=O)(O)O)C(=O)N[C@@H](Cc1ccc(-c2ccccc2)cc1)C(=O)O";"IC50";"'='";"50.0";"nM";"7.30";"";"";"UO_0000065";"16.28";"0.32";"4.69";"5.37";"0";"CHEMBL876577";"In vitro inhibitory concentration against angiotensin-converting enzyme";"B";"BAO_0000224";"protein format";"None";"None";"None";"None";"None";"";"";"";"CHEMBL1808";"Angiotensin-converting enzyme";"Homo sapiens";"SINGLE PROTEIN";"CHEMBL1150039";"1";"Scientific Literature";"Bioorg Med Chem Lett";"1994";"None";"";"";"";"50.0"
"CHEMBL212710";"";"None";"494.59";"1";"2.45";"5a";"NCCCC[C@H](N[C@@H](CCc1ccccc1)C(=O)O)C(=O)N[C@@H](Cc1c[nH]c2ccccc12)C(=O)O";"Activity";"";"";"";"";"";"";"";"";"";"";"";"0";"CHEMBL869859";"Inhibition of somatic ACE N domain upto 500 uM";"B";"BAO_0000357";"single protein format";"Homo sapiens";"None";"None";"None";"None";"";"";"";"CHEMBL1808";"Angiotensin-converting enzyme";"Homo sapiens";"SINGLE PROTEIN";"CHEMBL1149517";"1";"Scientific Literature";"Bioorg Med Chem Lett";"2006";"None";"";"";"Not active";""
"CHEMBL212710";"";"None";"494.59";"1";"2.45";"5a";"NCCCC[C@H](N[C@@H](CCc1ccccc1)C(=O)O)C(=O)N[C@@H](Cc1c[nH]c2ccccc12)C(=O)O";"Ratio Ki";"'>'";"100.0";"";"";"";"";"";"";"";"";"";"0";"CHEMBL869860";"Selectivity for ACE C domain over ACE N domain";"B";"BAO_0000357";"single protein format";"Homo sapiens";"None";"None";"None";"None";"";"";"";"CHEMBL1808";"Angiotensin-converting enzyme";"Homo sapiens";"SINGLE PROTEIN";"CHEMBL1149517";"1";"Scientific Literature";"Bioorg Med Chem Lett";"2006";"None";"";"";"";"100.0"
"CHEMBL305938";"";"None";"203.26";"0";"0.38";"42";"O=C(O)[C@H]1CCCN1C(=O)CCS";"IC50";"'='";"1819700.86";"nM";"";"Outside typical range";"";"UO_0000065";"";"";"";"";"0";"CHEMBL648337";"Inhibitory activity against angiotensin converting enzyme (ACE)";"F";"BAO_0000019";"assay format";"None";"None";"None";"None";"None";"";"";"";"CHEMBL1808";"Angiotensin-converting enzyme";"Homo sapiens";"SINGLE PROTEIN";"CHEMBL1126767";"1";"Scientific Literature";"J Med Chem";"1993";"None";"";"";"";"2.74"
"CHEMBL3039598";"FOSINOPRIL";"4.0";"563.67";"2";"6.12";"116 (fosinopril)";"CCC(=O)O[C@@H](O[P@](=O)(CCCCc1ccccc1)CC(=O)N1C[C@H](C2CCCCC2)C[C@H]1C(=O)O)C(C)C";"IC50";"'='";"1.0";"nM";"9.00";"";"";"UO_0000065";"15.97";"0.32";"2.88";"8.17";"0";"CHEMBL648689";"Inhibitory activity against angiotensin I converting enzyme (ACE)";"B";"BAO_0000357";"single protein format";"None";"None";"None";"None";"None";"";"";"";"CHEMBL1808";"Angiotensin-converting enzyme";"Homo sapiens";"SINGLE PROTEIN";"CHEMBL1133572";"1";"Scientific Literature";"J Med Chem";"2000";"None";"";"";"";"1.0"
"CHEMBL295690";"";"None";"495.67";"0";"2.02";"37";"NCCCC[C@H](N[C@@H](CCc1ccccc1)C(=O)O)C(=O)N1CC2(C[C@H]1C(=O)O)SCCS2";"IC50";"'='";"0.5";"nM";"9.30";"";"";"UO_0000065";"18.76";"0.38";"7.28";"7.00";"0";"CHEMBL645288";"Compound tested in vitro for inhibition of Angiotensin I converting enzyme";"B";"BAO_0000357";"single protein format";"None";"None";"None";"None";"None";"";"";"";"CHEMBL1808";"Angiotensin-converting enzyme";"Homo sapiens";"SINGLE PROTEIN";"CHEMBL1124532";"1";"Scientific Literature";"J Med Chem";"1989";"None";"";"";"";"0.5"
"CHEMBL435360";"";"None";"422.48";"0";"2.45";"7";"O=C(N[C@@H](Cc1ccccc1)C(=O)CCC(=O)N1CCC[C@H]1C(=O)O)c1ccccc1";"IC50";"'='";"12.0";"nM";"7.92";"";"";"UO_0000065";"18.75";"0.35";"5.47";"7.63";"0";"CHEMBL645287";"In vitro inhibitory activity against Angiotensin I converting enzyme";"B";"BAO_0000357";"single protein format";"None";"None";"None";"None";"None";"";"";"";"CHEMBL1808";"Angiotensin-converting enzyme";"Homo sapiens";"SINGLE PROTEIN";"CHEMBL1122972";"1";"Scientific Literature";"J Med Chem";"1985";"None";"";"";"";"1.2E-8"
"CHEMBL55711";"";"None";"188.23";"0";"-0.44";"LG";"CC(C)C[C@H](N)C(=O)NCC(=O)O";"IC50";"'='";"8709635.9";"nM";"";"Outside typical range";"";"UO_0000065";"";"";"";"";"0";"CHEMBL858254";"Biological activity was measured against Angiotensin I converting enzyme";"B";"BAO_0000357";"single protein format";"None";"None";"None";"None";"None";"";"";"";"CHEMBL1808";"Angiotensin-converting enzyme";"Homo sapiens";"SINGLE PROTEIN";"CHEMBL1128468";"1";"Scientific Literature";"J Med Chem";"1995";"None";"";"";"";"2.06"
"CHEMBL4636332";"BI 2540";"None";"527.83";"2";"5.89";"EUB0001578";"Cc1c(NC(=O)COc2ccc(Cl)cc2C(=O)c2cc(F)cc(C(F)(F)F)c2)ccc(C(=O)O)c1F";"% Ctrl";"'='";"110.0";"%";"";"";"Not Active";"UO_0000187";"";"";"";"";"0";"CHEMBL4885557";"ACE(HU_AMTCH400) Eurofins SafetyScreen44 (BI)";"B";"BAO_0000357";"single protein format";"Homo sapiens";"None";"None";"None";"None";"Assay technology: Photometry | Assay type: biochemical | Method: Acetylcholinesterase ACE (human, AMTCh 400 uM) at CEREP";"";"";"CHEMBL1808";"Angiotensin-converting enzyme";"Homo sapiens";"SINGLE PROTEIN";"CHEMBL4630903";"54";"SGC Frankfurt - Donated Chemical Probes";"";"2021";"None";"Compound concentration None 10.0 uM";"";"";"110.0"
"CHEMBL205367";"";"None";"452.56";"0";"1.45";"17";"NCCC[C@H](NC(=O)[C@@H](N)C(c1ccccc1)c1ccccc1)C(=O)N1CCC[C@H]1C(=O)O";"Activity";"'='";"9.74";"mU/ml";"";"";"";"";"";"";"";"";"0";"CHEMBL861822";"Activity against ACE in bovine kidney";"B";"BAO_0000221";"tissue-based format";"Bos taurus";"CHEMBL3638241";"Kidney";"None";"None";"";"";"";"CHEMBL1808";"Angiotensin-converting enzyme";"Homo sapiens";"SINGLE PROTEIN";"CHEMBL1146940";"1";"Scientific Literature";"Bioorg Med Chem Lett";"2006";"None";"";"";"";"9.74"
"CHEMBL2371917";"";"None";"402.50";"0";"0.39";"8";"NCCCC[C@H](NC(=O)[C@@H]1Cc2ccccc2CN1)C(=O)N1CCC[C@H]1C(=O)O";"Activity";"'='";"10.85";"mU/ml";"";"";"";"";"";"";"";"";"0";"CHEMBL861822";"Activity against ACE in bovine kidney";"B";"BAO_0000221";"tissue-based format";"Bos taurus";"CHEMBL3638241";"Kidney";"None";"None";"";"";"";"CHEMBL1808";"Angiotensin-converting enzyme";"Homo sapiens";"SINGLE PROTEIN";"CHEMBL1146940";"1";"Scientific Literature";"Bioorg Med Chem Lett";"2006";"None";"";"";"";"10.85"
"CHEMBL2371918";"";"None";"388.47";"0";"0.00";"18";"NCCC[C@H](NC(=O)[C@@H]1Cc2ccccc2CN1)C(=O)N1CCC[C@H]1C(=O)O";"Inhibition";"'='";"25.01";"%";"";"";"";"UO_0000187";"";"";"";"";"0";"CHEMBL861823";"Inhibition of ACE in bovine kidney";"B";"BAO_0000221";"tissue-based format";"Bos taurus";"CHEMBL3638241";"Kidney";"None";"None";"";"";"";"CHEMBL1808";"Angiotensin-converting enzyme";"Homo sapiens";"SINGLE PROTEIN";"CHEMBL1146940";"1";"Scientific Literature";"Bioorg Med Chem Lett";"2006";"None";"";"";"";"25.01"
"CHEMBL378864";"";"None";"429.52";"0";"0.60";"10";"CN[C@@H](Cc1c[nH]c2ccccc12)C(=O)N[C@@H](CCCN)C(=O)N1CCC[C@H]1C(=O)O";"Inhibition";"'='";"63.62";"%";"";"";"";"UO_0000187";"";"";"";"";"0";"CHEMBL861823";"Inhibition of ACE in bovine kidney";"B";"BAO_0000221";"tissue-based format";"Bos taurus";"CHEMBL3638241";"Kidney";"None";"None";"";"";"";"CHEMBL1808";"Angiotensin-converting enzyme";"Homo sapiens";"SINGLE PROTEIN";"CHEMBL1146940";"1";"Scientific Literature";"Bioorg Med Chem Lett";"2006";"None";"";"";"";"63.62"
"CHEMBL6173411";"";"None";"474.25";"0";"4.49";"7";"O=Cc1ccc2c(c1)[C@H](c1cc(O)c(I)c(O)c1)[C@@H](c1ccc(O)cc1)O2";"IC50";"'='";"17100.0";"nM";"4.77";"";"";"UO_0000065";"10.05";"0.24";"0.28";"5.48";"0";"CHEMBL6120114";"Inhibition of ACE (unknown origin) preincubated for 5 mins followed by substrate addition and measured immediately by fluorescence plate reader analysis";"B";"BAO_0000357";"single protein format";"Homo sapiens";"None";"None";"None";"None";"";"";"";"CHEMBL1808";"Angiotensin-converting enzyme";"Homo sapiens";"SINGLE PROTEIN";"CHEMBL6115059";"1";"Scientific Literature";"J Med Chem";"2025";"None";"TIME = 0.08333 hr";"INHIBITOR";"";"17.1"
"CHEMBL4163389";"";"None";"375.45";"0";"3.39";"5a";"CN1C(=O)/C(=N\C(=S)NCc2cc3ccccc3cc2O)c2ccccc21";"Inhibition";"'='";"66.48";"%";"";"";"";"UO_0000187";"";"";"";"";"0";"CHEMBL4135398";"Inhibition of ACE (unknown origin) at IC50 using Hippuryl-L-Histidyl-L-Leucine as substrate after 60 mins by colorimetric method relative to control";"B";"BAO_0000357";"single protein format";"Homo sapiens";"None";"None";"None";"None";"";"";"";"CHEMBL1808";"Angiotensin-converting enzyme";"Homo sapiens";"SINGLE PROTEIN";"CHEMBL4130507";"1";"Scientific Literature";"Eur J Med Chem";"2017";"None";"";"";"";"66.48"
"CHEMBL4160421";"";"None";"468.38";"0";"4.15";"5c";"O=C1/C(=N\C(=S)NCc2cc3ccccc3cc2O)c2ccccc2N1CCBr";"Inhibition";"'='";"90.48";"%";"";"";"";"UO_0000187";"";"";"";"";"0";"CHEMBL4135398";"Inhibition of ACE (unknown origin) at IC50 using Hippuryl-L-Histidyl-L-Leucine as substrate after 60 mins by colorimetric method relative to control";"B";"BAO_0000357";"single protein format";"Homo sapiens";"None";"None";"None";"None";"";"";"";"CHEMBL1808";"Angiotensin-converting enzyme";"Homo sapiens";"SINGLE PROTEIN";"CHEMBL4130507";"1";"Scientific Literature";"Eur J Med Chem";"2017";"None";"";"";"";"90.48"
"CHEMBL36503";"CERONAPRIL";"2.0";"440.48";"0";"2.78";"SQ-29852";"NCCCC[C@H](OP(=O)(O)CCCCc1ccccc1)C(=O)N1CCC[C@H]1C(=O)O";"IC50";"'='";"36.31";"nM";"7.44";"";"";"UO_0000065";"";"";"";"";"0";"CHEMBL648337";"Inhibitory activity against angiotensin converting enzyme (ACE)";"F";"BAO_0000019";"assay format";"None";"None";"None";"None";"None";"";"";"";"CHEMBL1808";"Angiotensin-converting enzyme";"Homo sapiens";"SINGLE PROTEIN";"CHEMBL1126767";"1";"Scientific Literature";"J Med Chem";"1993";"None";"";"";"";"7.44"
"CHEMBL309308";"";"None";"391.47";"0";"0.85";"91";"NCCC[C@H](NC(CCc1ccccc1)C(=O)O)C(=O)N1CCC[C@H]1C(=O)O";"IC50";"'='";"2.188";"nM";"8.66";"";"";"UO_0000065";"";"";"";"";"0";"CHEMBL648337";"Inhibitory activity against angiotensin converting enzyme (ACE)";"F";"BAO_0000019";"assay format";"None";"None";"None";"None";"None";"";"";"";"CHEMBL1808";"Angiotensin-converting enzyme";"Homo sapiens";"SINGLE PROTEIN";"CHEMBL1126767";"1";"Scientific Literature";"J Med Chem";"1993";"None";"";"";"";"8.66"
"CHEMBL1560";"CAPTOPRIL";"4.0";"217.29";"0";"0.63";"68";"C[C@H](CS)C(=O)N1CCC[C@H]1C(=O)O";"IC50";"'='";"30.0";"nM";"7.52";"";"";"UO_0000065";"34.62";"0.73";"6.89";"13.06";"1";"CHEMBL5229289";"Inhibition of ACE (unknown origin)";"B";"BAO_0000357";"single protein format";"Homo sapiens";"None";"None";"None";"None";"";"";"";"CHEMBL1808";"Angiotensin-converting enzyme";"Homo sapiens";"SINGLE PROTEIN";"CHEMBL5226360";"1";"Scientific Literature";"Bioorg Med Chem Lett";"2022";"None";"";"INHIBITOR";"";"30.0"
"CHEMBL172783";"";"None";"436.51";"0";"2.84";"21";"O=C(NC(Cc1ccccc1)C(=O)CCCC(=O)N1CCC[C@H]1C(=O)O)c1ccccc1";"IC50";"'='";"42.0";"nM";"7.38";"";"";"UO_0000065";"16.90";"0.31";"4.54";"7.11";"0";"CHEMBL648346";"Concentration required to inhibit the activity of Angiotensin I converting enzyme by 50%";"B";"BAO_0000224";"protein format";"Cavia porcellus";"None";"None";"None";"None";"";"";"";"CHEMBL1808";"Angiotensin-converting enzyme";"Homo sapiens";"SINGLE PROTEIN";"CHEMBL1121683";"1";"Scientific Literature";"J Med Chem";"1981";"None";"";"";"";"4.2E-8"
"CHEMBL192441";"";"None";"344.43";"0";"2.97";"22";"CC(C)OC(=O)N1C[C@H](S)CC1CNCc1cc(F)ccc1F";"IC50";"'>'";"100000.0";"nM";"";"";"";"UO_0000065";"";"";"";"";"0";"CHEMBL832631";"Inhibitory concentration against human angiotensin I converting enzyme";"B";"BAO_0000357";"single protein format";"Homo sapiens";"None";"None";"None";"None";"";"";"";"CHEMBL1808";"Angiotensin-converting enzyme";"Homo sapiens";"SINGLE PROTEIN";"CHEMBL1144347";"1";"Scientific Literature";"J Med Chem";"2005";"None";"";"";"";"100.0"
"CHEMBL92126";"";"None";"496.50";"0";"3.19";"23";"C[C@H](N[C@@H](Cc1ccccc1)C(=O)N[C@@H](Cc1ccc(-c2ccccc2)cc1)C(=O)O)P(=O)(O)O";"IC50";"'='";"44.0";"nM";"7.36";"";"";"UO_0000065";"14.82";"0.29";"4.17";"5.41";"0";"CHEMBL876577";"In vitro inhibitory concentration against angiotensin-converting enzyme";"B";"BAO_0000224";"protein format";"None";"None";"None";"None";"None";"";"";"";"CHEMBL1808";"Angiotensin-converting enzyme";"Homo sapiens";"SINGLE PROTEIN";"CHEMBL1150039";"1";"Scientific Literature";"Bioorg Med Chem Lett";"1994";"None";"";"";"";"44.0"
"CHEMBL3640116";"BI-1942";"None";"434.50";"0";"3.14";"EUB0001112";"CC[C@H](CC(=O)O)n1c(=O)c2ncccc2n(Cc2cn(C)c3cc(C)cc(C)c23)c1=O";"% Ctrl";"'='";"99.0";"%";"";"";"Not Active";"UO_0000187";"";"";"";"";"0";"CHEMBL4887687";"ACE(HU_AMTCH400) Eurofins SafetyScreen44 (BI)";"B";"BAO_0000357";"single protein format";"Homo sapiens";"None";"None";"None";"None";"Assay technology: Photometry | Assay type: biochemical | Method: Acetylcholinesterase ACE (human, AMTCh 400 uM) at CEREP";"";"";"CHEMBL1808";"Angiotensin-converting enzyme";"Homo sapiens";"SINGLE PROTEIN";"CHEMBL4800723";"54";"SGC Frankfurt - Donated Chemical Probes";"";"2021";"None";"Compound concentration None 10.0 uM";"";"";"99.0"
"CHEMBL5082840";"";"None";"318.33";"0";"-0.20";"NSC374121, NlnA#1";"NC(Cc1c[nH]cn1)C(=O)NC(Cc1ccc(O)cc1)C(=O)O";"Inhibition";"'='";"22.6";"%";"";"";"";"UO_0000187";"";"";"";"";"0";"CHEMBL5051267";"Inhibition of recombinant C-terminal 10His-tagged human ACE at 300 uM using Mca-Arg-Pro-Pro-Gly-Phe-Ser-Ala-Phe-Lys(Dnp)-OH as substrate and measured by fluorescence based assay relative to control";"B";"BAO_0000357";"single protein format";"Homo sapiens";"None";"None";"None";"None";"";"";"";"CHEMBL1808";"Angiotensin-converting enzyme";"Homo sapiens";"SINGLE PROTEIN";"CHEMBL5050845";"38";"SureChEMBL Patent Bioactivity Data";"";"2020";"None";"Dose = 300.0 microM";"";"";"22.6"
"CHEMBL3321999";"";"None";"315.37";"0";"-1.09";"Table 1, 46";"CC(C)C[C@H](N)C(=O)N[C@@H](CO)C(=O)N1CCC[C@H]1C(=O)O";"logIC50";"'='";"0.23";"";"";"";"";"";"";"";"";"";"0";"CHEMBL3363246";"Inhibition of ACE (unknown origin)";"B";"BAO_0000357";"single protein format";"Homo sapiens";"None";"None";"None";"None";"";"";"";"CHEMBL1808";"Angiotensin-converting enzyme";"Homo sapiens";"SINGLE PROTEIN";"CHEMBL3352520";"1";"Scientific Literature";"Eur J Med Chem";"2014";"None";"";"";"";"0.23"
"CHEMBL3322002";"";"None";"330.34";"0";"-2.87";"Table 1, 50";"C[C@@H](O)[C@H](N)C(=O)N[C@@H](CC(N)=O)C(=O)N1CCC[C@H]1C(=O)O";"logIC50";"'='";"2.32";"";"";"";"";"";"";"";"";"";"0";"CHEMBL3363246";"Inhibition of ACE (unknown origin)";"B";"BAO_0000357";"single protein format";"Homo sapiens";"None";"None";"None";"None";"";"";"";"CHEMBL1808";"Angiotensin-converting enzyme";"Homo sapiens";"SINGLE PROTEIN";"CHEMBL3352520";"1";"Scientific Literature";"Eur J Med Chem";"2014";"None";"";"";"";"2.32"
"CHEMBL389820";"";"None";"377.44";"0";"0.48";"Table 1, 57";"CC(C)[C@H](N)C(=O)N[C@@H](Cc1ccc(O)cc1)C(=O)N1CCC[C@H]1C(=O)O";"logIC50";"'='";"2.46";"";"";"";"";"";"";"";"";"";"0";"CHEMBL3363246";"Inhibition of ACE (unknown origin)";"B";"BAO_0000357";"single protein format";"Homo sapiens";"None";"None";"None";"None";"";"";"";"CHEMBL1808";"Angiotensin-converting enzyme";"Homo sapiens";"SINGLE PROTEIN";"CHEMBL3352520";"1";"Scientific Literature";"Eur J Med Chem";"2014";"None";"";"";"";"2.46"
"CHEMBL287518";"";"None";"522.62";"1";"4.59";"SQ-29852_2A";"NCCCC[C@H](OP(=O)(O)CCCCc1ccccc1)C(=O)N1C[C@H](C2CCCCC2)C[C@H]1C(=O)O";"IC50";"'='";"3.236";"nM";"8.49";"";"";"UO_0000065";"";"";"";"";"0";"CHEMBL648337";"Inhibitory activity against angiotensin converting enzyme (ACE)";"F";"BAO_0000019";"assay format";"None";"None";"None";"None";"None";"";"";"";"CHEMBL1808";"Angiotensin-converting enzyme";"Homo sapiens";"SINGLE PROTEIN";"CHEMBL1126767";"1";"Scientific Literature";"J Med Chem";"1993";"None";"";"";"";"8.49"
"CHEMBL312224";"";"None";"392.48";"0";"1.57";"22";"O=C(O)C(CCc1ccccc1)NC1CCC[C@H]2SC[C@@H](C(=O)O)N2C1=O";"IC50";"'='";"0.6026";"nM";"9.22";"";"";"UO_0000065";"";"";"";"";"0";"CHEMBL648337";"Inhibitory activity against angiotensin converting enzyme (ACE)";"F";"BAO_0000019";"assay format";"None";"None";"None";"None";"None";"";"";"";"CHEMBL1808";"Angiotensin-converting enzyme";"Homo sapiens";"SINGLE PROTEIN";"CHEMBL1126767";"1";"Scientific Literature";"J Med Chem";"1993";"None";"";"";"";"9.22"
"CHEMBL284494";"";"None";"377.44";"0";"2.03";"7a";"CCOC(=O)C(CCc1ccccc1)OC(C)C(=O)N1CCCC1C(=O)O";"IC50";"'='";"220.0";"nM";"6.66";"";"";"UO_0000065";"17.64";"0.34";"4.63";"7.15";"0";"CHEMBL648701";"In vitro inhibitory activity against Angiotensin I converting enzyme from unpurified guinea pig serum";"B";"BAO_0000357";"single protein format";"Cavia porcellus";"None";"None";"None";"None";"";"";"";"CHEMBL1808";"Angiotensin-converting enzyme";"Homo sapiens";"SINGLE PROTEIN";"CHEMBL1123106";"1";"Scientific Literature";"J Med Chem";"1985";"None";"";"";"";"2.2E-7"
"CHEMBL80729";"";"None";"162.21";"0";"0.74";"60";"O=C(O)CCC(=O)CCS";"IC50";"'='";"2398.83";"nM";"5.62";"";"";"UO_0000065";"";"";"";"";"0";"CHEMBL648337";"Inhibitory activity against angiotensin converting enzyme (ACE)";"F";"BAO_0000019";"assay format";"None";"None";"None";"None";"None";"";"";"";"CHEMBL1808";"Angiotensin-converting enzyme";"Homo sapiens";"SINGLE PROTEIN";"CHEMBL1126767";"1";"Scientific Literature";"J Med Chem";"1993";"None";"";"";"";"5.62"
"CHEMBL578";"ENALAPRIL";"4.0";"376.45";"0";"1.60";"enalapril";"CCOC(=O)[C@H](CCc1ccccc1)N[C@@H](C)C(=O)N1CCC[C@H]1C(=O)O";"ED50";"'='";"0.1";"mg.kg-1";"";"";"";"UO_0000308";"";"";"";"";"0";"CHEMBL651246";"In vitro inhibitory activity against Angiotensin I converting enzyme in dog";"B";"BAO_0000357";"single protein format";"Canis lupus familiaris";"None";"None";"None";"None";"";"";"";"CHEMBL1808";"Angiotensin-converting enzyme";"Homo sapiens";"SINGLE PROTEIN";"CHEMBL1124789";"1";"Scientific Literature";"J Med Chem";"1990";"None";"";"";"";"0.1"
"CHEMBL328594";"";"None";"176.17";"0";"-2.10";"TG";"C[C@H](O)[C@H](N)C(=O)NCC(=O)O";"IC50";"'='";"10000000.0";"nM";"";"Outside typical range";"";"UO_0000065";"";"";"";"";"0";"CHEMBL858254";"Biological activity was measured against Angiotensin I converting enzyme";"B";"BAO_0000357";"single protein format";"None";"None";"None";"None";"None";"";"";"";"CHEMBL1808";"Angiotensin-converting enzyme";"Homo sapiens";"SINGLE PROTEIN";"CHEMBL1128468";"1";"Scientific Literature";"J Med Chem";"1995";"None";"";"";"";"2.0"
"CHEMBL96806";"";"None";"231.26";"0";"-2.43";"GR";"NCC(=O)N[C@@H](CCCN=C(N)N)C(=O)O";"IC50";"'='";"3235936.57";"nM";"";"Outside typical range";"";"UO_0000065";"";"";"";"";"0";"CHEMBL858254";"Biological activity was measured against Angiotensin I converting enzyme";"B";"BAO_0000357";"single protein format";"None";"None";"None";"None";"None";"";"";"";"CHEMBL1808";"Angiotensin-converting enzyme";"Homo sapiens";"SINGLE PROTEIN";"CHEMBL1128468";"1";"Scientific Literature";"J Med Chem";"1995";"None";"";"";"";"2.49"
"CHEMBL316103";"";"None";"252.27";"0";"-0.15";"YA";"C[C@H](NC(=O)[C@@H](N)Cc1ccc(O)cc1)C(=O)O";"IC50";"'='";"457088.19";"nM";"";"Outside typical range";"";"UO_0000065";"";"";"";"";"0";"CHEMBL858254";"Biological activity was measured against Angiotensin I converting enzyme";"B";"BAO_0000357";"single protein format";"None";"None";"None";"None";"None";"";"";"";"CHEMBL1808";"Angiotensin-converting enzyme";"Homo sapiens";"SINGLE PROTEIN";"CHEMBL1128468";"1";"Scientific Literature";"J Med Chem";"1995";"None";"";"";"";"3.34"
"CHEMBL578";"ENALAPRIL";"4.0";"376.45";"0";"1.60";"Enalapril";"CCOC(=O)[C@H](CCc1ccccc1)N[C@@H](C)C(=O)N1CCC[C@H]1C(=O)O";"IC50";"'='";"1.2";"nM";"";"Potential transcription error";"";"UO_0000065";"";"";"";"";"1";"CHEMBL648285";"In vitro inhibition against angiotensin converting enzyme (ACE)";"B";"BAO_0000224";"protein format";"None";"None";"None";"None";"None";"";"";"";"CHEMBL1808";"Angiotensin-converting enzyme";"Homo sapiens";"SINGLE PROTEIN";"CHEMBL1152063";"1";"Scientific Literature";"Bioorg Med Chem Lett";"1994";"None";"";"";"";"1.2"
"CHEMBL54601";"";"None";"371.50";"0";"3.37";"15";"CC(NC(=O)C(Cc1ccccc1)C(S)CCc1ccccc1)C(=O)O";"IC50";"'='";"4000.0";"nM";"5.40";"";"";"UO_0000065";"14.53";"0.28";"2.03";"8.13";"0";"CHEMBL646967";"Inhibitory concentration was evaluated by inhibiting 50% of Angiotensin I Converting Enzyme activity using 50 uM N-Cbz-Phe-His-Leu as substrate";"B";"BAO_0000357";"single protein format";"None";"None";"None";"None";"None";"";"";"";"CHEMBL1808";"Angiotensin-converting enzyme";"Homo sapiens";"SINGLE PROTEIN";"CHEMBL1126948";"1";"Scientific Literature";"J Med Chem";"1993";"None";"";"";"";"4.0"
"CHEMBL311102";"";"None";"229.26";"0";"-0.55";"THIOL_12";"O=C(CS)N[C@@H](Cc1c[nH]cn1)C(=O)O";"IC50";"'='";"257039.58";"nM";"";"Outside typical range";"";"UO_0000065";"";"";"";"";"0";"CHEMBL648337";"Inhibitory activity against angiotensin converting enzyme (ACE)";"F";"BAO_0000019";"assay format";"None";"None";"None";"None";"None";"";"";"";"CHEMBL1808";"Angiotensin-converting enzyme";"Homo sapiens";"SINGLE PROTEIN";"CHEMBL1126767";"1";"Scientific Literature";"J Med Chem";"1993";"None";"";"";"";"3.59"
"CHEMBL4551344";"A-1210227";"None";"904.37";"3";"8.88";"EUB0000746";"O=C(NS(=O)(=O)c1ccc(NCC2CCOCC2)c([N+](=O)[O-])c1)c1ccc(N2CCN(Cc3ccc(C(F)(F)F)cc3-c3ccc(Cl)cc3)CC2)cc1Oc1cnc2[nH]ccc2c1";"% Inhibition of Control Values (Mean n=2)";"'='";"-32.2";"%";"";"";"";"UO_0000187";"";"";"";"";"0";"CHEMBL4883627";"ACE (h) Eurofins-Cerep enzyme and uptake assay";"B";"BAO_0000357";"single protein format";"Homo sapiens";"None";"None";"None";"None";"Source of protein: human recombinant | Reference compound: captopril | Incubation time: 30 min | Incubation temperature: 37°C | Detection method: Fluorimetry | Measured component: Abz-Phe-Arg | Substrate/Stimulus/Tracer: Abz-FRK(Dnp)-POH (15 µM) | Reference compound EC50 None 0.76 nM | Assay protocol publication: PMID: 20802975";"";"";"CHEMBL1808";"Angiotensin-converting enzyme";"Homo sapiens";"SINGLE PROTEIN";"CHEMBL4507310";"54";"SGC Frankfurt - Donated Chemical Probes";"";"2021";"None";"Compound concentration None 10.0 uM";"";"";"-32.2"
"CHEMBL578";"ENALAPRIL";"4.0";"376.45";"0";"1.60";"113 (enalapril)";"CCOC(=O)[C@H](CCc1ccccc1)N[C@@H](C)C(=O)N1CCC[C@H]1C(=O)O";"IC50";"'='";"4.5";"nM";"8.35";"";"";"UO_0000065";"22.17";"0.42";"6.75";"8.70";"1";"CHEMBL648689";"Inhibitory activity against angiotensin I converting enzyme (ACE)";"B";"BAO_0000357";"single protein format";"None";"None";"None";"None";"None";"";"";"";"CHEMBL1808";"Angiotensin-converting enzyme";"Homo sapiens";"SINGLE PROTEIN";"CHEMBL1133572";"1";"Scientific Literature";"J Med Chem";"2000";"None";"";"";"";"4.5"
"CHEMBL173849";"";"None";"482.53";"0";"2.47";"11";"COc1ccc(CC(NC(=O)c2ccccc2)C(=O)CCC(=O)N2CCC[C@H]2C(=O)O)cc1OC";"IC50";"'='";"1.4";"nM";"8.85";"";"";"UO_0000065";"18.35";"0.35";"6.38";"7.24";"0";"CHEMBL648346";"Concentration required to inhibit the activity of Angiotensin I converting enzyme by 50%";"B";"BAO_0000224";"protein format";"Cavia porcellus";"None";"None";"None";"None";"";"";"";"CHEMBL1808";"Angiotensin-converting enzyme";"Homo sapiens";"SINGLE PROTEIN";"CHEMBL1121683";"1";"Scientific Literature";"J Med Chem";"1981";"None";"";"";"";"1.4E-9"
"CHEMBL176970";"";"None";"452.51";"0";"2.95";"15";"O=C(NC(Cc1ccccc1)C(=O)CCC(=O)N1CCC[C@H]1C(=O)O)OCc1ccccc1";"IC50";"'='";"240.0";"nM";"6.62";"";"";"UO_0000065";"14.63";"0.27";"3.67";"5.86";"0";"CHEMBL648346";"Concentration required to inhibit the activity of Angiotensin I converting enzyme by 50%";"B";"BAO_0000224";"protein format";"Cavia porcellus";"None";"None";"None";"None";"";"";"";"CHEMBL1808";"Angiotensin-converting enzyme";"Homo sapiens";"SINGLE PROTEIN";"CHEMBL1121683";"1";"Scientific Literature";"J Med Chem";"1981";"None";"";"";"";"2.4E-7"
"CHEMBL172600";"";"None";"438.48";"0";"1.42";"5";"O=C(NC(Cc1ccccc1)C(=O)CCC(=O)N1CC(O)C[C@H]1C(=O)O)c1ccccc1";"IC50";"'='";"540.0";"nM";"6.27";"";"";"UO_0000065";"14.29";"0.27";"4.85";"5.05";"0";"CHEMBL648346";"Concentration required to inhibit the activity of Angiotensin I converting enzyme by 50%";"B";"BAO_0000224";"protein format";"Cavia porcellus";"None";"None";"None";"None";"";"";"";"CHEMBL1808";"Angiotensin-converting enzyme";"Homo sapiens";"SINGLE PROTEIN";"CHEMBL1121683";"1";"Scientific Literature";"J Med Chem";"1981";"None";"";"";"";"5.4E-7"
"CHEMBL142652";"PICEID";"2.0";"390.39";"1";"0.45";"Polydatin";"OC[C@H]1O[C@@H](Oc2cc(O)cc(/C=C/c3ccc(O)cc3)c2)[C@H](O)[C@@H](O)[C@@H]1O";"Inhibition";"'='";"8.9";"%";"";"";"";"UO_0000187";"";"";"";"";"0";"CHEMBL4057853";"Inhibition of recombinant human ACE at 100 uM using Mca-R-P-PG-F-S-A-F-K(Dnp)-OH as substrate measured every 2 mins for 8 mins by fluorescence assay";"B";"BAO_0000357";"single protein format";"Homo sapiens";"None";"None";"None";"None";"";"";"";"CHEMBL1808";"Angiotensin-converting enzyme";"Homo sapiens";"SINGLE PROTEIN";"CHEMBL4052767";"1";"Scientific Literature";"Bioorg Med Chem Lett";"2017";"None";"";"";"";"8.9"
"CHEMBL284272";"";"None";"516.58";"1";"4.18";"SQ-29852_2P";"NCCCC[C@H](OP(=O)(O)CCCCc1ccccc1)C(=O)N1C[C@H](c2ccccc2)C[C@H]1C(=O)O";"IC50";"'='";"338.84";"nM";"6.47";"";"";"UO_0000065";"";"";"";"";"0";"CHEMBL648337";"Inhibitory activity against angiotensin converting enzyme (ACE)";"F";"BAO_0000019";"assay format";"None";"None";"None";"None";"None";"";"";"";"CHEMBL1808";"Angiotensin-converting enzyme";"Homo sapiens";"SINGLE PROTEIN";"CHEMBL1126767";"1";"Scientific Literature";"J Med Chem";"1993";"None";"";"";"";"6.47"
"CHEMBL3286797";"PF-04418948";"1.0";"409.41";"0";"3.59";"EUB0000351";"COc1ccc2cc(OCC3(C(=O)O)CN(C(=O)c4ccc(F)cc4)C3)ccc2c1";"Inhibition";"'='";"14.0";"%";"";"";"Not Active";"UO_0000187";"";"";"";"";"0";"CHEMBL4886946";"ACE (h) CEREP ligand profiling";"B";"BAO_0000357";"single protein format";"Homo sapiens";"None";"None";"None";"None";"";"";"";"CHEMBL1808";"Angiotensin-converting enzyme";"Homo sapiens";"SINGLE PROTEIN";"CHEMBL4507298";"54";"SGC Frankfurt - Donated Chemical Probes";"";"2021";"None";"Compound concentration None 10.0 uM";"";"";"14.0"
"CHEMBL417094";"";"None";"407.38";"0";"1.51";"19";"CC(=O)NCP(=O)([O-])NC(Cc1ccccc1)NC(CC(C)C)C(=O)O.[Na+]";"Ratio";"'='";"7.7";"";"";"";"";"";"";"";"";"";"0";"CHEMBL848248";"Ratio of Ki (ACE) to that of Ki (enkephalinase).";"B";"BAO_0000357";"single protein format";"None";"None";"None";"None";"None";"";"";"";"CHEMBL1808";"Angiotensin-converting enzyme";"Homo sapiens";"SINGLE PROTEIN";"CHEMBL1123029";"1";"Scientific Literature";"J Med Chem";"1985";"None";"";"";"";"7.7"
"CHEMBL4167252";"";"None";"437.52";"1";"5.09";"5g";"O=C1/C(=N\C(=S)NCc2cc3ccccc3cc2O)c2ccccc2N1c1ccccc1";"IC50";"'='";"18.97";"nM";"7.72";"";"";"UO_0000065";"17.65";"0.33";"2.63";"11.89";"0";"CHEMBL4135397";"Inhibition of ACE (unknown origin) using Hippuryl-L-Histidyl-L-Leucine as substrate after 60 mins by colorimetric method";"B";"BAO_0000357";"single protein format";"Homo sapiens";"None";"None";"None";"None";"";"";"";"CHEMBL1808";"Angiotensin-converting enzyme";"Homo sapiens";"SINGLE PROTEIN";"CHEMBL4130507";"1";"Scientific Literature";"Eur J Med Chem";"2017";"None";"";"";"";"18.97"
"CHEMBL4171024";"";"None";"403.51";"0";"4.17";"5b";"CCCN1C(=O)/C(=N\C(=S)NCc2cc3ccccc3cc2O)c2ccccc21";"Inhibition";"'='";"80.68";"%";"";"";"";"UO_0000187";"";"";"";"";"0";"CHEMBL4135398";"Inhibition of ACE (unknown origin) at IC50 using Hippuryl-L-Histidyl-L-Leucine as substrate after 60 mins by colorimetric method relative to control";"B";"BAO_0000357";"single protein format";"Homo sapiens";"None";"None";"None";"None";"";"";"";"CHEMBL1808";"Angiotensin-converting enzyme";"Homo sapiens";"SINGLE PROTEIN";"CHEMBL4130507";"1";"Scientific Literature";"Eur J Med Chem";"2017";"None";"";"";"";"80.68"
"CHEMBL1807677";"";"None";"299.37";"0";"-0.06";"Table 1, 44";"CC(C)C[C@H](N)C(=O)N[C@@H](C)C(=O)N1CCC[C@H]1C(=O)O";"logIC50";"'='";"0.54";"";"";"";"";"";"";"";"";"";"0";"CHEMBL3363246";"Inhibition of ACE (unknown origin)";"B";"BAO_0000357";"single protein format";"Homo sapiens";"None";"None";"None";"None";"";"";"";"CHEMBL1808";"Angiotensin-converting enzyme";"Homo sapiens";"SINGLE PROTEIN";"CHEMBL3352520";"1";"Scientific Literature";"Eur J Med Chem";"2014";"None";"";"";"";"0.54"
"CHEMBL3322120";"";"None";"590.72";"2";"-0.01";"Table 1, 86";"CC[C@H](C)[C@H](N)C(=O)N[C@@H](C)C(=O)N[C@@H](Cc1ccc(O)cc1)C(=O)N[C@@H](CCCCN)C(=O)N1CCC[C@H]1C(=O)O";"logIC50";"'='";"0.34";"";"";"";"";"";"";"";"";"";"0";"CHEMBL3363246";"Inhibition of ACE (unknown origin)";"B";"BAO_0000357";"single protein format";"Homo sapiens";"None";"None";"None";"None";"";"";"";"CHEMBL1808";"Angiotensin-converting enzyme";"Homo sapiens";"SINGLE PROTEIN";"CHEMBL3352520";"1";"Scientific Literature";"Eur J Med Chem";"2014";"None";"";"";"";"0.34"
"CHEMBL5402703";"";"None";"2118.51";"None";"None";"BCY20859";"CC[C@H](C)[C@@H]1NC(=O)[C@H](CCCNC(=N)N)NC(=O)[C@@H]2CCCN2C(=O)[C@H](CC(C)C)NC(=O)[C@H](CC(C)C)NC(=O)[C@H](CO)NC(=O)[C@H](CO)NNC(=O)[C@@H]2CSCCC(=O)N3CN(CN(C3)C(=O)CCSC[C@@H](C(=O)N[C@@H](C)C(N)=O)NC(=O)[C@H](Cc3c[nH]cn3)NC1=O)C(=O)CCSC[C@H](NC(=O)[C@H](C)N)C(=O)N[C@@H]([C@@H](C)O)C(=O)N[C@@H](CCCNC(=N)N)C(=O)N[C@@H](CO)C(=O)N[C@@H](Cc1c[nH]cn1)C(=O)N2";"IC50";"'>'";"40.0";"nM";"";"";"";"UO_0000065";"";"";"";"";"0";"CHEMBL5350896";"Inhibition of human ACE (30 to 1261 residues) using MCA-RPPGFSAFK-Dnp-OH as substrate by fluorescence based analysis";"B";"BAO_0000357";"single protein format";"Homo sapiens";"None";"None";"None";"None";"";"";"";"CHEMBL1808";"Angiotensin-converting enzyme";"Homo sapiens";"SINGLE PROTEIN";"CHEMBL5346959";"1";"Scientific Literature";"J Med Chem";"2023";"None";"";"";"";"40.0"
"CHEMBL141530";"ECHINATIN";"None";"270.28";"0";"3.00";"Echinatin";"COc1cc(O)ccc1/C=C/C(=O)c1ccc(O)cc1";"Inhibition";"'='";"72.52";"%";"";"";"";"UO_0000187";"";"";"";"";"0";"CHEMBL4057853";"Inhibition of recombinant human ACE at 100 uM using Mca-R-P-PG-F-S-A-F-K(Dnp)-OH as substrate measured every 2 mins for 8 mins by fluorescence assay";"B";"BAO_0000357";"single protein format";"Homo sapiens";"None";"None";"None";"None";"";"";"";"CHEMBL1808";"Angiotensin-converting enzyme";"Homo sapiens";"SINGLE PROTEIN";"CHEMBL4052767";"1";"Scientific Literature";"Bioorg Med Chem Lett";"2017";"None";"";"";"";"72.52"
"CHEMBL4128481";"";"None";"327.39";"0";"2.72";"(S)-3";"COc1ccc2c(N[C@@H](C)Cc3cc(C)[nH]n3)ncnc2c1OC";"Inhibition";"'<'";"50.0";"%";"";"";"";"UO_0000187";"";"";"";"";"0";"CHEMBL4122551";"Inhibition of recombinant human Acetylcholinesterase using acetylthiocholine as substrate at 10 uM after 30 mins by spectrophotometric method relative to control";"B";"BAO_0000357";"single protein format";"Homo sapiens";"None";"None";"None";"None";"";"";"";"CHEMBL1808";"Angiotensin-converting enzyme";"Homo sapiens";"SINGLE PROTEIN";"CHEMBL4118152";"1";"Scientific Literature";"J Med Chem";"2018";"None";"";"";"";"50.0"
"CHEMBL4163792";"";"None";"465.53";"0";"4.60";"5l";"O=C1/C(=N\C(=S)NCc2cc3ccccc3cc2O)c2ccccc2N1C(=O)c1ccccc1";"IC50";"'='";"8.841";"nM";"8.05";"";"";"UO_0000065";"17.30";"0.32";"3.45";"9.82";"0";"CHEMBL4135397";"Inhibition of ACE (unknown origin) using Hippuryl-L-Histidyl-L-Leucine as substrate after 60 mins by colorimetric method";"B";"BAO_0000357";"single protein format";"Homo sapiens";"None";"None";"None";"None";"";"";"";"CHEMBL1808";"Angiotensin-converting enzyme";"Homo sapiens";"SINGLE PROTEIN";"CHEMBL4130507";"1";"Scientific Literature";"Eur J Med Chem";"2017";"None";"";"";"";"8.841"
"CHEMBL4175518";"";"None";"467.55";"1";"5.10";"5e";"COc1ccc(N2C(=O)/C(=N/C(=S)NCc3cc4ccccc4cc3O)c3ccccc32)cc1";"Inhibition";"'='";"86.38";"%";"";"";"";"UO_0000187";"";"";"";"";"0";"CHEMBL4135398";"Inhibition of ACE (unknown origin) at IC50 using Hippuryl-L-Histidyl-L-Leucine as substrate after 60 mins by colorimetric method relative to control";"B";"BAO_0000357";"single protein format";"Homo sapiens";"None";"None";"None";"None";"";"";"";"CHEMBL1808";"Angiotensin-converting enzyme";"Homo sapiens";"SINGLE PROTEIN";"CHEMBL4130507";"1";"Scientific Literature";"Eur J Med Chem";"2017";"None";"";"";"";"86.38"
"CHEMBL4163792";"";"None";"465.53";"0";"4.60";"5l";"O=C1/C(=N\C(=S)NCc2cc3ccccc3cc2O)c2ccccc2N1C(=O)c1ccccc1";"Inhibition";"'='";"87.28";"%";"";"";"";"UO_0000187";"";"";"";"";"0";"CHEMBL4135398";"Inhibition of ACE (unknown origin) at IC50 using Hippuryl-L-Histidyl-L-Leucine as substrate after 60 mins by colorimetric method relative to control";"B";"BAO_0000357";"single protein format";"Homo sapiens";"None";"None";"None";"None";"";"";"";"CHEMBL1808";"Angiotensin-converting enzyme";"Homo sapiens";"SINGLE PROTEIN";"CHEMBL4130507";"1";"Scientific Literature";"Eur J Med Chem";"2017";"None";"";"";"";"87.28"
"CHEMBL28361";"";"None";"333.39";"0";"0.14";"3";"C[C@H](NC(=O)[C@@H](N)Cc1ccccc1)C(=O)N1CCC[C@H]1C(=O)O";"IC50";"'='";"1400.0";"nM";"5.85";"";"";"UO_0000065";"17.56";"0.33";"5.71";"5.19";"0";"CHEMBL644576";"Compound is evaluated for the inhibition of porcine plasma Angiotensin I converting enzyme";"B";"BAO_0000366";"cell-free format";"Sus scrofa";"CHEMBL3559721";"Plasma";"None";"None";"";"";"";"CHEMBL1808";"Angiotensin-converting enzyme";"Homo sapiens";"SINGLE PROTEIN";"CHEMBL1121370";"1";"Scientific Literature";"J Med Chem";"1980";"None";"";"";"";"1.4"
"CHEMBL577";"ENALAPRILAT ANHYDROUS";"4.0";"348.40";"0";"1.13";"2";"C[C@H](N[C@@H](CCc1ccccc1)C(=O)O)C(=O)N1CCC[C@H]1C(=O)O";"IC50";"'='";"1.2";"nM";"8.92";"";"";"UO_0000065";"25.61";"0.49";"7.79";"8.34";"1";"CHEMBL644705";"Inhibitory concentration against Angiotensin I converting enzyme";"B";"BAO_0000357";"single protein format";"None";"None";"None";"None";"None";"";"";"";"CHEMBL1808";"Angiotensin-converting enzyme";"Homo sapiens";"SINGLE PROTEIN";"CHEMBL1123398";"1";"Scientific Literature";"J Med Chem";"1986";"None";"";"";"";"1.2E-9"
"CHEMBL327608";"";"None";"186.21";"0";"-0.59";"AP";"C[C@H](N)C(=O)N1CCC[C@@H]1C(=O)O";"IC50";"'='";"229086.77";"nM";"";"Outside typical range";"";"UO_0000065";"";"";"";"";"0";"CHEMBL858254";"Biological activity was measured against Angiotensin I converting enzyme";"B";"BAO_0000357";"single protein format";"None";"None";"None";"None";"None";"";"";"";"CHEMBL1808";"Angiotensin-converting enzyme";"Homo sapiens";"SINGLE PROTEIN";"CHEMBL1128468";"1";"Scientific Literature";"J Med Chem";"1995";"None";"";"";"";"3.64"
"CHEMBL439762";"";"None";"214.26";"0";"0.05";"VP";"CC(C)[C@H](N)C(=O)N1CCC[C@H]1C(=O)O";"IC50";"'='";"416869.38";"nM";"";"Outside typical range";"";"UO_0000065";"";"";"";"";"1";"CHEMBL858254";"Biological activity was measured against Angiotensin I converting enzyme";"B";"BAO_0000357";"single protein format";"None";"None";"None";"None";"None";"";"";"";"CHEMBL1808";"Angiotensin-converting enzyme";"Homo sapiens";"SINGLE PROTEIN";"CHEMBL1128468";"1";"Scientific Literature";"J Med Chem";"1995";"None";"";"";"";"3.38"
"CHEMBL91330";"";"None";"278.35";"0";"1.17";"IF";"CC[C@H](C)[C@H](N)C(=O)N[C@@H](Cc1ccccc1)C(=O)O";"IC50";"'='";"933254.3";"nM";"";"Outside typical range";"";"UO_0000065";"";"";"";"";"0";"CHEMBL858254";"Biological activity was measured against Angiotensin I converting enzyme";"B";"BAO_0000357";"single protein format";"None";"None";"None";"None";"None";"";"";"";"CHEMBL1808";"Angiotensin-converting enzyme";"Homo sapiens";"SINGLE PROTEIN";"CHEMBL1128468";"1";"Scientific Literature";"J Med Chem";"1995";"None";"";"";"";"3.03"
"CHEMBL86915";"";"None";"376.45";"0";"1.91";"38";"O=C(O)CN1CCCCCCC(NC(CCc2ccccc2)C(=O)O)C1=O";"IC50";"'='";"8.1";"nM";"8.09";"";"";"UO_0000065";"21.49";"0.41";"6.18";"7.57";"0";"CHEMBL644704";"Inhibitory concentration (isomer B) against Angiotensin I converting enzyme";"B";"BAO_0000357";"single protein format";"None";"None";"None";"None";"None";"";"";"";"CHEMBL1808";"Angiotensin-converting enzyme";"Homo sapiens";"SINGLE PROTEIN";"CHEMBL1123398";"1";"Scientific Literature";"J Med Chem";"1986";"None";"";"";"";"8.1E-9"
"CHEMBL1592";"QUINAPRIL";"4.0";"438.52";"0";"2.57";"quinapril";"CCOC(=O)[C@H](CCc1ccccc1)N[C@@H](C)C(=O)N1Cc2ccccc2C[C@H]1C(=O)O";"IC50";"'='";"8.3";"nM";"8.08";"";"";"UO_0000065";"18.43";"0.34";"5.51";"8.42";"1";"CHEMBL644700";"Compound was tested for its inhibitory potency against angiotensin I converting enzyme.";"B";"BAO_0000357";"single protein format";"None";"None";"None";"None";"None";"";"";"";"CHEMBL1808";"Angiotensin-converting enzyme";"Homo sapiens";"SINGLE PROTEIN";"CHEMBL1125229";"1";"Scientific Literature";"J Med Chem";"1991";"None";"";"";"";"8.3"
"CHEMBL10465";"";"None";"422.48";"0";"2.45";"8d";"O=C(NC(Cc1ccccc1)C(=O)CCC(=O)N1CCCC1C(=O)O)c1ccccc1";"IC50";"'='";"10.0";"nM";"8.00";"";"";"UO_0000065";"18.94";"0.35";"5.55";"7.71";"0";"CHEMBL646945";"Inhibition of angiotensin I converting enzyme in silico";"B";"BAO_0000357";"single protein format";"None";"None";"None";"None";"None";"";"";"";"CHEMBL1808";"Angiotensin-converting enzyme";"Homo sapiens";"SINGLE PROTEIN";"CHEMBL1130169";"1";"Scientific Literature";"J Med Chem";"1997";"None";"";"";"";"8.0"
"CHEMBL309914";"";"None";"209.29";"0";"-0.20";"THIOL_7Aa";"CC(S)C(=O)N[C@@H](CS)C(=O)O";"IC50";"'='";"7943.28";"nM";"5.10";"";"";"UO_0000065";"";"";"";"";"0";"CHEMBL648337";"Inhibitory activity against angiotensin converting enzyme (ACE)";"F";"BAO_0000019";"assay format";"None";"None";"None";"None";"None";"";"";"";"CHEMBL1808";"Angiotensin-converting enzyme";"Homo sapiens";"SINGLE PROTEIN";"CHEMBL1126767";"1";"Scientific Literature";"J Med Chem";"1993";"None";"";"";"";"5.1"
"CHEMBL1807684";"";"None";"228.29";"0";"0.44";"50";"CC[C@H](C)[C@H](N)C(=O)N1CCC[C@H]1C(=O)O";"IC50";"'='";"128824.96";"nM";"";"Outside typical range";"";"UO_0000065";"";"";"";"";"0";"CHEMBL648337";"Inhibitory activity against angiotensin converting enzyme (ACE)";"F";"BAO_0000019";"assay format";"None";"None";"None";"None";"None";"";"";"";"CHEMBL1808";"Angiotensin-converting enzyme";"Homo sapiens";"SINGLE PROTEIN";"CHEMBL1126767";"1";"Scientific Literature";"J Med Chem";"1993";"None";"";"";"";"3.89"
"CHEMBL342091";"";"None";"321.44";"0";"2.46";"18a";"O=C1N[C@H](C(=O)O)CCCCCc2ccccc2C[C@@H]1CS";"IC50";"'='";"8000.0";"nM";"5.10";"";"";"UO_0000065";"15.86";"0.32";"2.64";"7.68";"0";"CHEMBL644707";"Inhibitory concentration required to inhibit Angiotensin I converting enzyme (ACE)";"B";"BAO_0000357";"single protein format";"None";"None";"None";"None";"None";"";"";"";"CHEMBL1808";"Angiotensin-converting enzyme";"Homo sapiens";"SINGLE PROTEIN";"CHEMBL1129939";"1";"Scientific Literature";"J Med Chem";"1997";"None";"";"";"";"8000.0"
"CHEMBL1560";"CAPTOPRIL";"4.0";"217.29";"0";"0.63";"Captopril";"C[C@H](CS)C(=O)N1CCC[C@H]1C(=O)O";"IC50";"'='";"30.0";"nM";"7.52";"";"";"UO_0000065";"34.62";"0.73";"6.89";"13.06";"0";"CHEMBL645289";"Compound was tested for inhibitory activity against Angiotensin I converting enzyme";"B";"BAO_0000357";"single protein format";"None";"None";"None";"None";"None";"";"";"";"CHEMBL1808";"Angiotensin-converting enzyme";"Homo sapiens";"SINGLE PROTEIN";"CHEMBL1127109";"1";"Scientific Literature";"Bioorg Med Chem Lett";"1993";"None";"";"";"";"30.0"
"CHEMBL4159339";"";"None";"417.49";"0";"3.34";"5f";"CC(=O)CN1C(=O)/C(=N\C(=S)NCc2cc3ccccc3cc2O)c2ccccc21";"Inhibition";"'='";"24.0";"%";"";"";"";"UO_0000187";"";"";"";"";"0";"CHEMBL4135398";"Inhibition of ACE (unknown origin) at IC50 using Hippuryl-L-Histidyl-L-Leucine as substrate after 60 mins by colorimetric method relative to control";"B";"BAO_0000357";"single protein format";"Homo sapiens";"None";"None";"None";"None";"";"";"";"CHEMBL1808";"Angiotensin-converting enzyme";"Homo sapiens";"SINGLE PROTEIN";"CHEMBL4130507";"1";"Scientific Literature";"Eur J Med Chem";"2017";"None";"";"";"";"24.0"
"CHEMBL572982";"";"None";"270.33";"0";"3.12";"Ent-2";"O=C(O)CC(O)CCc1ccc(-c2ccccc2)cc1";"IC50";"'>'";"250000.0";"nM";"";"Outside typical range";"";"UO_0000065";"";"";"";"";"0";"CHEMBL1045862";"Inhibition of human recombinant ACE";"B";"BAO_0000357";"single protein format";"Homo sapiens";"None";"None";"None";"None";"";"";"";"CHEMBL1808";"Angiotensin-converting enzyme";"Homo sapiens";"SINGLE PROTEIN";"CHEMBL1155192";"1";"Scientific Literature";"Bioorg Med Chem Lett";"2009";"None";"";"";"";"250.0"
"CHEMBL572982";"";"None";"270.33";"0";"3.12";"Ent-2";"O=C(O)CC(O)CCc1ccc(-c2ccccc2)cc1";"IC50";"'>'";"250000.0";"nM";"";"Outside typical range";"";"UO_0000065";"";"";"";"";"0";"CHEMBL1045862";"Inhibition of human recombinant ACE";"B";"BAO_0000357";"single protein format";"Homo sapiens";"None";"None";"None";"None";"";"";"";"CHEMBL1808";"Angiotensin-converting enzyme";"Homo sapiens";"SINGLE PROTEIN";"CHEMBL1155192";"1";"Scientific Literature";"Bioorg Med Chem Lett";"2009";"None";"";"";"";"250.0"
"CHEMBL4282264";"A-485";"None";"536.48";"1";"3.68";"EUB0000328";"CNC(=O)Nc1ccc2c(c1)CC[C@@]21OC(=O)N(CC(=O)N(Cc2ccc(F)cc2)[C@@H](C)C(F)(F)F)C1=O";"Inhibition";"'='";"-13.0";"%";"";"Outside typical range";"Not Active";"UO_0000187";"";"";"";"";"0";"CHEMBL4886584";"ACE (h) CEREP ligand profiling";"B";"BAO_0000357";"single protein format";"Homo sapiens";"None";"None";"None";"None";"";"";"";"CHEMBL1808";"Angiotensin-converting enzyme";"Homo sapiens";"SINGLE PROTEIN";"CHEMBL4507259";"54";"SGC Frankfurt - Donated Chemical Probes";"";"2021";"None";"Compound concentration None 10.0 uM";"";"";"-13.0"
"CHEMBL289556";"OMAPATRILAT";"2.0";"408.55";"0";"1.94";"Omapatrilat";"O=C(N[C@H]1CCS[C@H]2CCC[C@@H](C(=O)O)N2C1=O)[C@@H](S)Cc1ccccc1";"IC50";"'='";"1.0";"nM";"9.00";"";"";"UO_0000065";"22.03";"0.46";"7.06";"10.38";"0";"CHEMBL4269906";"Inhibition of human fully glycosylated ACE C-terminal domain expressed in CHO cells using Cbz-Phe-His-Leu as substrate preincubated for 15 mins followed by substrate addition measured after 10 mins by fluorescence spectrophotometric analysis";"B";"BAO_0000219";"cell-based format";"Homo sapiens";"None";"None";"CHO";"None";"";"";"";"CHEMBL1808";"Angiotensin-converting enzyme";"Homo sapiens";"SINGLE PROTEIN";"CHEMBL4266030";"1";"Scientific Literature";"J Med Chem";"2018";"None";"";"";"";"1.0"
"CHEMBL1069";"VALSARTAN";"4.0";"435.53";"0";"4.16";"Valsartan";"CCCCC(=O)N(Cc1ccc(-c2ccccc2-c2nnn[nH]2)cc1)[C@H](C(=O)O)C(C)C";"pIC50";"";"";"";"";"";"Not Determined";"";"";"";"";"";"0";"CHEMBL4311874";"Inhibition of recombinant human ACE using Mca-BK2 as substrate preincubated for 10 mins followed by fluorogenic substrate addition and measured after 20 mins by fluorescence assay";"B";"BAO_0000357";"single protein format";"Homo sapiens";"None";"None";"None";"None";"";"";"";"CHEMBL1808";"Angiotensin-converting enzyme";"Homo sapiens";"SINGLE PROTEIN";"CHEMBL4308919";"1";"Scientific Literature";"ACS Med Chem Lett";"2019";"None";"";"";"";""
"CHEMBL5400083";"";"None";"2045.45";"None";"None";"BCY20870";"CC[C@H](C)[C@@H]1NC(=O)[C@H](CCCCNC(=N)N)NC(=O)[C@@H]2CCCN2C(=O)[C@H](CC(C)C)NC(=O)[C@H](CC(C)C)NC(=O)[C@H](CO)NC(=O)[C@H](CO)NNC(=O)[C@@H]2CSCCC(=O)N3CN(CN(C3)C(=O)CCSC[C@@H](C(=O)N[C@@H](C)C(N)=O)NC(=O)[C@H](Cc3c[nH]cn3)NC1=O)C(=O)CCSC[C@H](NC(=O)[C@H](C)N)C(=O)N[C@@H](C(C)C)C(=O)N[C@@H](C)C(=O)N[C@@H](CO)C(=O)N[C@@H](Cc1c[nH]cn1)C(=O)N2";"IC50";"'>'";"40.0";"nM";"";"";"";"UO_0000065";"";"";"";"";"0";"CHEMBL5350896";"Inhibition of human ACE (30 to 1261 residues) using MCA-RPPGFSAFK-Dnp-OH as substrate by fluorescence based analysis";"B";"BAO_0000357";"single protein format";"Homo sapiens";"None";"None";"None";"None";"";"";"";"CHEMBL1808";"Angiotensin-converting enzyme";"Homo sapiens";"SINGLE PROTEIN";"CHEMBL5346959";"1";"Scientific Literature";"J Med Chem";"2023";"None";"";"";"";"40.0"
"CHEMBL5415513";"";"None";"2275.68";"None";"None";"BCY15296";"CC(C)C[C@@H]1NC(=O)[C@H](Cc2ccc(O)cc2)NC(=O)[C@H](CCC(N)=O)NC(=O)[C@H](CCC(N)=O)NC(=O)[C@@H]2CCCN2C(=O)[C@H](CC(=O)O)NC(=O)[C@H](CCCNC(=N)N)NC(=O)[C@@H]2CSCCC(=O)N3CN(CN(C3)C(=O)CCSC[C@@H](C(=O)N[C@@H](C)C(N)=O)NC(=O)[C@H](Cc3ccccc3)NC1=O)C(=O)CCSC[C@H](NC(=O)[C@H](C)N)C(=O)N[C@@H](Cc1c[nH]cn1)C(=O)N[C@@H](CCCCN)C(=O)N[C@@H](Cc1ccccc1)C(=O)N1CCC[C@H]1C(=O)N2";"IC50";"'>'";"40.0";"nM";"";"";"";"UO_0000065";"";"";"";"";"0";"CHEMBL5350896";"Inhibition of human ACE (30 to 1261 residues) using MCA-RPPGFSAFK-Dnp-OH as substrate by fluorescence based analysis";"B";"BAO_0000357";"single protein format";"Homo sapiens";"None";"None";"None";"None";"";"";"";"CHEMBL1808";"Angiotensin-converting enzyme";"Homo sapiens";"SINGLE PROTEIN";"CHEMBL5346959";"1";"Scientific Literature";"J Med Chem";"2023";"None";"";"";"";"40.0"
"CHEMBL5420290";"";"None";"2113.58";"None";"None";"BCY20857";"C=C1N[C@@H](CC(C)C)C(=O)N2CCC[C@H]2C(=O)N[C@@H](CCCNC(=N)N)C(=O)N[C@@H]([C@@H](C)CC)C(=O)N[C@@H](Cc2c[nH]cn2)C(=O)N[C@H](C(=O)N[C@@H](C)C(N)=O)CSCCC(=O)N2CN3CN(C2)C(=O)CCSC[C@H](NC(=O)[C@H](Cc2c[nH]cn2)NC(=O)[C@@H](CO)NC(=O)[C@H](CCCNC(=N)N)NC(=O)[C@H](C(C)(C)C)NC(=O)[C@@H](NC(=O)[C@H](C)N)CSCCC3=O)C(=O)N[C@@H](CO)C(=O)N[C@@H](CO)C(=O)N[C@H]1CC(C)C";"IC50";"'>'";"40.0";"nM";"";"";"";"UO_0000065";"";"";"";"";"0";"CHEMBL5350896";"Inhibition of human ACE (30 to 1261 residues) using MCA-RPPGFSAFK-Dnp-OH as substrate by fluorescence based analysis";"B";"BAO_0000357";"single protein format";"Homo sapiens";"None";"None";"None";"None";"";"";"";"CHEMBL1808";"Angiotensin-converting enzyme";"Homo sapiens";"SINGLE PROTEIN";"CHEMBL5346959";"1";"Scientific Literature";"J Med Chem";"2023";"None";"";"";"";"40.0"
"CHEMBL172015";"";"None";"513.59";"1";"3.51";"12";"O=C(NC(Cc1cccnc1)C(=O)CCC(=O)N1CCC[C@H]1C(=O)OCc1ccccc1)c1ccccc1";"IC50";"'='";"15.0";"nM";"7.82";"";"";"UO_0000065";"15.23";"0.28";"4.31";"7.40";"0";"CHEMBL648346";"Concentration required to inhibit the activity of Angiotensin I converting enzyme by 50%";"B";"BAO_0000224";"protein format";"Cavia porcellus";"None";"None";"None";"None";"";"";"";"CHEMBL1808";"Angiotensin-converting enzyme";"Homo sapiens";"SINGLE PROTEIN";"CHEMBL1121683";"1";"Scientific Literature";"J Med Chem";"1981";"None";"";"";"";"1.5E-8"
"CHEMBL1237";"LISINOPRIL ANHYDROUS";"4.0";"405.50";"0";"1.24";"68";"NCCCC[C@H](N[C@@H](CCc1ccccc1)C(=O)O)C(=O)N1CCC[C@H]1C(=O)O";"IC50";"'='";"0.1";"nM";"10.00";"";"";"UO_0000065";"24.66";"0.47";"8.76";"7.52";"1";"CHEMBL5152106";"Inhibition of angiotensin converting enzyme (unknown origin)";"B";"BAO_0000357";"single protein format";"Homo sapiens";"None";"None";"None";"None";"";"";"";"CHEMBL1808";"Angiotensin-converting enzyme";"Homo sapiens";"SINGLE PROTEIN";"CHEMBL5150007";"1";"Scientific Literature";"Eur J Med Chem";"2021";"None";"";"INHIBITOR";"";"0.1"
"CHEMBL1560";"CAPTOPRIL";"4.0";"217.29";"0";"0.63";"63";"C[C@H](CS)C(=O)N1CCC[C@H]1C(=O)O";"IC50";"'='";"420.0";"nM";"6.38";"";"";"UO_0000065";"29.35";"0.62";"5.75";"11.07";"0";"CHEMBL5152106";"Inhibition of angiotensin converting enzyme (unknown origin)";"B";"BAO_0000357";"single protein format";"Homo sapiens";"None";"None";"None";"None";"";"";"";"CHEMBL1808";"Angiotensin-converting enzyme";"Homo sapiens";"SINGLE PROTEIN";"CHEMBL5150007";"1";"Scientific Literature";"Eur J Med Chem";"2021";"None";"";"INHIBITOR";"";"420.0"
"CHEMBL23467";"";"None";"271.36";"0";"1.41";"32";"O=C(O)C1Cc2sccc2CN1C(=O)CCS";"IC50";"'='";"620.0";"nM";"6.21";"";"";"UO_0000065";"22.88";"0.50";"4.80";"10.78";"0";"CHEMBL5258025";"Inhibition of angiotensin-converting enzyme (unknown origin)";"B";"BAO_0000357";"single protein format";"Homo sapiens";"None";"None";"None";"None";"";"";"";"CHEMBL1808";"Angiotensin-converting enzyme";"Homo sapiens";"SINGLE PROTEIN";"CHEMBL5257037";"1";"Scientific Literature";"J Med Chem";"2016";"None";"";"INHIBITOR";"";"620.0"
"CHEMBL1168";"RAMIPRIL";"4.0";"416.52";"0";"2.38";"40";"CCOC(=O)[C@H](CCc1ccccc1)N[C@@H](C)C(=O)N1[C@H](C(=O)O)C[C@@H]2CCC[C@@H]21";"IC50";"'='";"4.2";"nM";"8.38";"";"";"UO_0000065";"20.11";"0.38";"6.00";"8.73";"0";"CHEMBL5258025";"Inhibition of angiotensin-converting enzyme (unknown origin)";"B";"BAO_0000357";"single protein format";"Homo sapiens";"None";"None";"None";"None";"";"";"";"CHEMBL1808";"Angiotensin-converting enzyme";"Homo sapiens";"SINGLE PROTEIN";"CHEMBL5257037";"1";"Scientific Literature";"J Med Chem";"2016";"None";"";"INHIBITOR";"";"4.2"
"CHEMBL56154";"";"None";"317.39";"0";"1.65";"Table 1, 24";"CC(C)C[C@H](N)C(=O)N[C@@H](Cc1c[nH]c2ccccc12)C(=O)O";"logIC50";"'='";"1.24";"";"";"";"";"";"";"";"";"";"0";"CHEMBL3363246";"Inhibition of ACE (unknown origin)";"B";"BAO_0000357";"single protein format";"Homo sapiens";"None";"None";"None";"None";"";"";"";"CHEMBL1808";"Angiotensin-converting enzyme";"Homo sapiens";"SINGLE PROTEIN";"CHEMBL3352520";"1";"Scientific Literature";"Eur J Med Chem";"2014";"None";"";"";"";"1.24"
"CHEMBL80193";"";"None";"347.42";"0";"0.53";"118";"C[C@H](NC(CCc1ccccc1)C(N)=O)C(=O)N1CCC[C@H]1C(=O)O";"IC50";"'='";"25703.96";"nM";"4.59";"";"";"UO_0000065";"";"";"";"";"0";"CHEMBL648337";"Inhibitory activity against angiotensin converting enzyme (ACE)";"F";"BAO_0000019";"assay format";"None";"None";"None";"None";"None";"";"";"";"CHEMBL1808";"Angiotensin-converting enzyme";"Homo sapiens";"SINGLE PROTEIN";"CHEMBL1126767";"1";"Scientific Literature";"J Med Chem";"1993";"None";"";"";"";"4.59"
"CHEMBL3932740";"";"None";"439.58";"0";"1.39";"BDBM197053";"CC(C)C[C@H](S)C(=O)N1CCC[C@H]1C(=O)N1CCC[C@H]1C(=O)N1CCC[C@@H]1C(=O)O";"IC50";"'='";"12000.0";"nM";"4.92";"";"350121";"UO_0000065";"11.19";"0.22";"3.53";"5.01";"0";"CHEMBL3887730";"Enzyme Assay: Human recombinant angiotensin-converting enzyme (hrACE) was obtained from R&D Systems (Minneapolis, Minn.). Its enzyme activity was determined using the internally quenched fluorescent substrate ES005: (7-methoxycoumarin-4-yl)acetyl-Arg-Pro-Pro-Gly-Phe-Ser-Ala-Phe-(2,4-dinitrophenyl)-Lys (R&D Systems, Minneapolis, Minn.). The assay buffer was 0.1 M HEPES, pH 7.4, and the temperature was 30° C. The substrate concentration was below Km (≦40 μM). Enzyme rates were determined in an Fmax fluorescence plate reader (Molecular Devices, Sunnyvale, Calif.) using an excitation wavelength of 320 nm and an emission wavelength of 405 nm.";"B";"BAO_0000357";"single protein format";"Homo sapiens";"None";"None";"None";"None";"";"";"";"CHEMBL1808";"Angiotensin-converting enzyme";"Homo sapiens";"SINGLE PROTEIN";"CHEMBL3886427";"37";"BindingDB Patent Bioactivity Data";"";"2015";"None";"";"";"";"12000.0"
"CHEMBL3414813";"";"None";"506.52";"2";"5.05";"9d";"O=c1c2ccccc2nc(-c2ccc([N+](=O)[O-])cc2)n1CC(O)COc1cccc2[nH]c3ccccc3c12";"Inhibition";"'='";"17.0";"%";"";"";"";"UO_0000187";"";"";"";"";"0";"CHEMBL3421144";"Inhibition of ACE (unknown origin) at 1 uM using synthetic peptide hippuryl-histidyl-leucine substrate by high-throughput colorimetric screening method";"B";"BAO_0000357";"single protein format";"Homo sapiens";"None";"None";"None";"None";"";"";"";"CHEMBL1808";"Angiotensin-converting enzyme";"Homo sapiens";"SINGLE PROTEIN";"CHEMBL3414498";"1";"Scientific Literature";"Eur J Med Chem";"2015";"None";"";"";"";"17.0"
"CHEMBL4093612";"A-1596586";"None";"539.53";"2";"5.45";"EUB0000544";"COc1ccc2c(c1)O[C@@H](c1ccc(OC)c(OC)c1)C[C@H]2NC(=O)C1(c2ccc3c(c2)OC(F)(F)O3)CC1";"% Inhibition of Control Values (Mean n=2)";"'='";"-94.0";"%";"";"";"";"UO_0000187";"";"";"";"";"0";"CHEMBL4880485";"ACE (h) Eurofins-Cerep enzyme and uptake assay";"B";"BAO_0000357";"single protein format";"Homo sapiens";"None";"None";"None";"None";"Source of protein: human recombinant | Reference compound: captopril | Incubation time: 30 min | Incubation temperature: 37°C | Detection method: Fluorimetry | Measured component: Abz-Phe-Arg | Substrate/Stimulus/Tracer: Abz-FRK(Dnp)-POH (15 µM) | Reference compound EC50 None 0.84 nM | Assay protocol publication: PMID: 20802975";"";"";"CHEMBL1808";"Angiotensin-converting enzyme";"Homo sapiens";"SINGLE PROTEIN";"CHEMBL4507262";"54";"SGC Frankfurt - Donated Chemical Probes";"";"2021";"None";"Compound concentration None 10.0 uM";"";"";"-94.0"
"CHEMBL4166152";"";"None";"479.56";"0";"4.90";"5j";"Cc1ccc(C(=O)N2C(=O)/C(=N\C(=S)NCc3cc4ccccc4cc3O)c3ccccc32)cc1";"Inhibition";"'='";"64.97";"%";"";"";"";"UO_0000187";"";"";"";"";"0";"CHEMBL4135398";"Inhibition of ACE (unknown origin) at IC50 using Hippuryl-L-Histidyl-L-Leucine as substrate after 60 mins by colorimetric method relative to control";"B";"BAO_0000357";"single protein format";"Homo sapiens";"None";"None";"None";"None";"";"";"";"CHEMBL1808";"Angiotensin-converting enzyme";"Homo sapiens";"SINGLE PROTEIN";"CHEMBL4130507";"1";"Scientific Literature";"Eur J Med Chem";"2017";"None";"";"";"";"64.97"
"CHEMBL4174072";"";"None";"481.58";"0";"4.96";"5k";"COc1ccc(CN2C(=O)/C(=N\C(=S)NCc3cc4ccccc4cc3O)c3ccccc32)cc1";"Inhibition";"'='";"88.45";"%";"";"";"";"UO_0000187";"";"";"";"";"0";"CHEMBL4135398";"Inhibition of ACE (unknown origin) at IC50 using Hippuryl-L-Histidyl-L-Leucine as substrate after 60 mins by colorimetric method relative to control";"B";"BAO_0000357";"single protein format";"Homo sapiens";"None";"None";"None";"None";"";"";"";"CHEMBL1808";"Angiotensin-converting enzyme";"Homo sapiens";"SINGLE PROTEIN";"CHEMBL4130507";"1";"Scientific Literature";"Eur J Med Chem";"2017";"None";"";"";"";"88.45"
"CHEMBL312094";"";"None";"253.32";"0";"1.12";"33";"O=C(CCS)N[C@@H](Cc1ccccc1)C(=O)O";"IC50";"'='";"426.58";"nM";"6.37";"";"";"UO_0000065";"";"";"";"";"0";"CHEMBL648337";"Inhibitory activity against angiotensin converting enzyme (ACE)";"F";"BAO_0000019";"assay format";"None";"None";"None";"None";"None";"";"";"";"CHEMBL1808";"Angiotensin-converting enzyme";"Homo sapiens";"SINGLE PROTEIN";"CHEMBL1126767";"1";"Scientific Literature";"J Med Chem";"1993";"None";"";"";"";"6.37"
"CHEMBL309601";"";"None";"354.34";"0";"1.47";"8";"C[C@H](NP(=O)(O)CCc1ccccc1)C(=O)N1CCC[C@H]1C(=O)O";"Ki";"'='";"0.5";"nM";"9.30";"";"";"UO_0000065";"26.25";"0.53";"7.83";"8.70";"0";"CHEMBL644711";"Compound was evaluated for the inhibition of Angiotensin I converting enzyme";"B";"BAO_0000357";"single protein format";"None";"None";"None";"None";"None";"";"";"";"CHEMBL1808";"Angiotensin-converting enzyme";"Homo sapiens";"SINGLE PROTEIN";"CHEMBL1122964";"1";"Scientific Literature";"J Med Chem";"1985";"None";"";"";"";"5E-10"
"CHEMBL3322018";"";"None";"429.48";"0";"-0.27";"Table 1, 69";"C[C@H](NC(=O)[C@H](Cc1c[nH]c2ccccc12)NC(=O)CN)C(=O)N1CCC[C@H]1C(=O)O";"logIC50";"'='";"0.59";"";"";"";"";"";"";"";"";"";"0";"CHEMBL3363246";"Inhibition of ACE (unknown origin)";"B";"BAO_0000357";"single protein format";"Homo sapiens";"None";"None";"None";"None";"";"";"";"CHEMBL1808";"Angiotensin-converting enzyme";"Homo sapiens";"SINGLE PROTEIN";"CHEMBL3352520";"1";"Scientific Literature";"Eur J Med Chem";"2014";"None";"";"";"";"0.59"
"CHEMBL3322107";"";"None";"656.74";"2";"-0.93";"Table 1, 89";"CC[C@H](C)[C@H](NC(=O)[C@H](CCC(N)=O)NC(=O)[C@@H](N)Cc1cnc[nH]1)C(=O)N[C@@H](Cc1ccc(O)cc1)C(=O)N1CCC[C@H]1C(=O)O";"logIC50";"'='";"2.04";"";"";"";"";"";"";"";"";"";"0";"CHEMBL3363246";"Inhibition of ACE (unknown origin)";"B";"BAO_0000357";"single protein format";"Homo sapiens";"None";"None";"None";"None";"";"";"";"CHEMBL1808";"Angiotensin-converting enzyme";"Homo sapiens";"SINGLE PROTEIN";"CHEMBL3352520";"1";"Scientific Literature";"Eur J Med Chem";"2014";"None";"";"";"";"2.04"
"CHEMBL3322135";"";"None";"646.79";"2";"-0.09";"Table 1, 104";"CC(C)C[C@H](NC(=O)[C@H](Cc1cnc[nH]1)NC(=O)[C@@H](N)CC(C)C)C(=O)N1CCC[C@H]1C(=O)N[C@@H](C)C(=O)N1CCC[C@H]1C(=O)O";"logIC50";"'='";"0.78";"";"";"";"";"";"";"";"";"";"0";"CHEMBL3363246";"Inhibition of ACE (unknown origin)";"B";"BAO_0000357";"single protein format";"Homo sapiens";"None";"None";"None";"None";"";"";"";"CHEMBL1808";"Angiotensin-converting enzyme";"Homo sapiens";"SINGLE PROTEIN";"CHEMBL3352520";"1";"Scientific Literature";"Eur J Med Chem";"2014";"None";"";"";"";"0.78"
"CHEMBL1560";"CAPTOPRIL";"4.0";"217.29";"0";"0.63";"153";"C[C@H](CS)C(=O)N1CCC[C@H]1C(=O)O";"IC50";"'='";"6.3";"nM";"8.20";"";"";"UO_0000065";"37.74";"0.80";"7.57";"14.23";"0";"CHEMBL4229775";"Inhibition of human ACE using Hip-His-Leu-OH as substrate after 1 hr by fluorimetric method";"B";"BAO_0000357";"single protein format";"Homo sapiens";"None";"None";"None";"None";"";"";"";"CHEMBL1808";"Angiotensin-converting enzyme";"Homo sapiens";"SINGLE PROTEIN";"CHEMBL4229328";"1";"Scientific Literature";"J Med Chem";"2018";"None";"";"";"";"6.3"
"CHEMBL289556";"OMAPATRILAT";"2.0";"408.55";"0";"1.94";"Omapatrilat";"O=C(N[C@H]1CCS[C@H]2CCC[C@@H](C(=O)O)N2C1=O)[C@@H](S)Cc1ccccc1";"IC50";"'='";"1.0";"nM";"9.00";"";"";"UO_0000065";"22.03";"0.46";"7.06";"10.38";"1";"CHEMBL6119900";"Inhibition of human glycosylated C-terminal catalytic ACE domain using Cbz-Phe-His-Leu substrate by fluorogenic end point activity assay";"B";"BAO_0000357";"single protein format";"Homo sapiens";"None";"None";"None";"None";"";"";"";"CHEMBL1808";"Angiotensin-converting enzyme";"Homo sapiens";"SINGLE PROTEIN";"CHEMBL6115051";"1";"Scientific Literature";"J Med Chem";"2025";"None";"";"INHIBITOR";"";"0.001"
"CHEMBL315037";"";"None";"426.54";"0";"2.77";"AD015";"Cc1ccc([C@H]2CC[C@@H](C(=O)O)N2C(=O)CNC(=O)[C@@H](S)Cc2ccccc2)cc1";"IC50";"'='";"1.0";"nM";"9.00";"";"";"UO_0000065";"21.10";"0.41";"6.23";"10.38";"0";"CHEMBL6119900";"Inhibition of human glycosylated C-terminal catalytic ACE domain using Cbz-Phe-His-Leu substrate by fluorogenic end point activity assay";"B";"BAO_0000357";"single protein format";"Homo sapiens";"None";"None";"None";"None";"";"";"";"CHEMBL1808";"Angiotensin-converting enzyme";"Homo sapiens";"SINGLE PROTEIN";"CHEMBL6115051";"1";"Scientific Literature";"J Med Chem";"2025";"None";"";"INHIBITOR";"";"0.001"
"CHEMBL95817";"";"None";"436.58";"None";"None";"314, Diastereomeric mixture";"CC(C)CC(NC(=O)c1ccccc1)[Si](O)(O)CC(C)C(=O)N1CCC[C@H]1C(=O)O";"IC50";"'='";"3040.0";"nM";"5.52";"";"";"UO_0000065";"12.64";"None";"None";"None";"0";"CHEMBL6179068";"Inhibition of ACE (unknown origin) using N-[3-(2-furyl)-acryloyl]- L -phenylalanylglycylglycin as substrate incubated for 5 mins";"B";"BAO_0000357";"single protein format";"Homo sapiens";"None";"None";"None";"None";"";"";"";"CHEMBL1808";"Angiotensin-converting enzyme";"Homo sapiens";"SINGLE PROTEIN";"CHEMBL6177939";"1";"Scientific Literature";"RSC Med Chem";"2024";"None";"TIME = 0.08333 hr";"INHIBITOR";"";"3040.0"
"CHEMBL1560";"CAPTOPRIL";"4.0";"217.29";"0";"0.63";"captopril";"C[C@H](CS)C(=O)N1CCC[C@H]1C(=O)O";"IC50";"'='";"239883.29";"nM";"";"Outside typical range";"";"UO_0000065";"";"";"";"";"0";"CHEMBL648337";"Inhibitory activity against angiotensin converting enzyme (ACE)";"F";"BAO_0000019";"assay format";"None";"None";"None";"None";"None";"";"";"";"CHEMBL1808";"Angiotensin-converting enzyme";"Homo sapiens";"SINGLE PROTEIN";"CHEMBL1126767";"1";"Scientific Literature";"J Med Chem";"1993";"None";"";"";"";"3.62"
"CHEMBL54942";"";"None";"357.48";"0";"3.50";"32";"CC(NC(=O)C(Cc1ccccc1)CC(S)c1ccccc1)C(=O)O";"IC50";"'='";"3500.0";"nM";"5.46";"";"";"UO_0000065";"15.26";"0.30";"1.96";"8.22";"0";"CHEMBL884037";"Tested for inhibitory potency against Angiotensin I Converting Enzyme";"B";"BAO_0000357";"single protein format";"None";"None";"None";"None";"None";"";"";"";"CHEMBL1808";"Angiotensin-converting enzyme";"Homo sapiens";"SINGLE PROTEIN";"CHEMBL1127546";"1";"Scientific Literature";"J Med Chem";"1994";"None";"";"";"";"3.5"
"CHEMBL29031";"";"None";"473.55";"0";"1.08";"8";"Cc1ccc(S(=O)(=O)N[C@@H](Cc2ccccc2)C(=O)NCC(=O)N2CCC[C@H]2C(=O)O)cc1";"IC50";"'='";"67000.0";"nM";"4.17";"";"";"UO_0000065";"8.81";"0.17";"3.09";"3.14";"0";"CHEMBL644576";"Compound is evaluated for the inhibition of porcine plasma Angiotensin I converting enzyme";"B";"BAO_0000366";"cell-free format";"Sus scrofa";"CHEMBL3559721";"Plasma";"None";"None";"";"";"";"CHEMBL1808";"Angiotensin-converting enzyme";"Homo sapiens";"SINGLE PROTEIN";"CHEMBL1121370";"1";"Scientific Literature";"J Med Chem";"1980";"None";"";"";"";"67.0"
"CHEMBL55433";"";"None";"188.23";"0";"-0.44";"GI";"CC[C@H](C)[C@H](NC(=O)CN)C(=O)O";"IC50";"'='";"1202264.43";"nM";"";"Outside typical range";"";"UO_0000065";"";"";"";"";"0";"CHEMBL858254";"Biological activity was measured against Angiotensin I converting enzyme";"B";"BAO_0000357";"single protein format";"None";"None";"None";"None";"None";"";"";"";"CHEMBL1808";"Angiotensin-converting enzyme";"Homo sapiens";"SINGLE PROTEIN";"CHEMBL1128468";"1";"Scientific Literature";"J Med Chem";"1995";"None";"";"";"";"2.92"
"CHEMBL2097001";"";"None";"470.60";"None";"None";"316";"C[C@H](C[Si](O)(O)[C@H](Cc1ccccc1)NC(=O)c1ccccc1)C(=O)N1CCC[C@H]1C(=O)O";"IC50";"'='";"3.8";"nM";"8.42";"";"";"UO_0000065";"17.89";"None";"None";"None";"1";"CHEMBL6179069";"Inhibition of ACE (unknown origin)";"B";"BAO_0000357";"single protein format";"Homo sapiens";"None";"None";"None";"None";"";"";"";"CHEMBL1808";"Angiotensin-converting enzyme";"Homo sapiens";"SINGLE PROTEIN";"CHEMBL6177939";"1";"Scientific Literature";"RSC Med Chem";"2024";"None";"";"INHIBITOR";"";"3.8"
"CHEMBL3414810";"";"None";"399.45";"0";"3.78";"9a";"Cc1nc2ccccc2c(=O)n1CC(O)COc1cccc2[nH]c3ccccc3c12";"Inhibition";"'='";"17.0";"%";"";"";"";"UO_0000187";"";"";"";"";"0";"CHEMBL3421144";"Inhibition of ACE (unknown origin) at 1 uM using synthetic peptide hippuryl-histidyl-leucine substrate by high-throughput colorimetric screening method";"B";"BAO_0000357";"single protein format";"Homo sapiens";"None";"None";"None";"None";"";"";"";"CHEMBL1808";"Angiotensin-converting enzyme";"Homo sapiens";"SINGLE PROTEIN";"CHEMBL3414498";"1";"Scientific Literature";"Eur J Med Chem";"2015";"None";"";"";"";"17.0"
"CHEMBL3417525";"BI 665915";"None";"458.53";"0";"2.78";"EUB0000749";"CN(C)C(=O)Cn1cc(-c2nc([C@@](C)(c3ccc(-c4cnc(N)nc4)cc3)C3CC3)no2)cn1";"% Ctrl";"'='";"127.0";"%";"";"";"Not Active";"UO_0000187";"";"";"";"";"0";"CHEMBL4881684";"ACE(HU) Cerep selectivity data (BI)";"B";"BAO_0000357";"single protein format";"Homo sapiens";"None";"None";"None";"None";"Target type: Hydrolase under EC 3 | Assay technology: Fluorimetry | Assay type: biochemical | Mode of action: inhibitor | Method: ACE (human)";"";"";"CHEMBL1808";"Angiotensin-converting enzyme";"Homo sapiens";"SINGLE PROTEIN";"CHEMBL4507276";"54";"SGC Frankfurt - Donated Chemical Probes";"";"2021";"None";"Compound concentration None 20.0 uM";"INHIBITOR";"";"127.0"
"CHEMBL1201405";"MOEXIPRILAT";"2.0";"470.52";"0";"2.11";"38";"COc1cc2c(cc1OC)CN(C(=O)[C@H](C)N[C@@H](CCc1ccccc1)C(=O)O)[C@H](C(=O)O)C2";"IC50";"'='";"3.0";"nM";"8.52";"";"";"UO_0000065";"18.11";"0.34";"6.41";"6.80";"0";"CHEMBL5258025";"Inhibition of angiotensin-converting enzyme (unknown origin)";"B";"BAO_0000357";"single protein format";"Homo sapiens";"None";"None";"None";"None";"";"";"";"CHEMBL1808";"Angiotensin-converting enzyme";"Homo sapiens";"SINGLE PROTEIN";"CHEMBL5257037";"1";"Scientific Literature";"J Med Chem";"2016";"None";"";"INHIBITOR";"";"3.0"
"CHEMBL5287967";"";"None";"410.47";"0";"2.26";"39";"C[C@H](N[C@@H](CCc1ccccc1)C(=O)O)C(=O)N1CCc2ccccc2[C@H]1C(=O)O";"IC50";"'='";"5.8";"nM";"8.24";"";"";"UO_0000065";"20.07";"0.37";"5.98";"7.70";"0";"CHEMBL5258025";"Inhibition of angiotensin-converting enzyme (unknown origin)";"B";"BAO_0000357";"single protein format";"Homo sapiens";"None";"None";"None";"None";"";"";"";"CHEMBL1808";"Angiotensin-converting enzyme";"Homo sapiens";"SINGLE PROTEIN";"CHEMBL5257037";"1";"Scientific Literature";"J Med Chem";"2016";"None";"";"INHIBITOR";"";"5.8"
"CHEMBL50582";"";"None";"412.51";"0";"2.32";"58";"C[C@H](NC(=O)[C@@H](CS)Cc1ccccc1)C(=O)N1c2ccccc2C[C@H]1C(=O)O";"IC50";"'='";"7.8";"nM";"8.11";"";"";"UO_0000065";"19.66";"0.38";"5.79";"9.35";"0";"CHEMBL5258025";"Inhibition of angiotensin-converting enzyme (unknown origin)";"B";"BAO_0000357";"single protein format";"Homo sapiens";"None";"None";"None";"None";"";"";"";"CHEMBL1808";"Angiotensin-converting enzyme";"Homo sapiens";"SINGLE PROTEIN";"CHEMBL5257037";"1";"Scientific Literature";"J Med Chem";"2016";"None";"";"INHIBITOR";"";"7.8"
"CHEMBL5303444";"";"None";"500.00";"0";"4.45";"EUB0001742";"C[C@@H]1C[C@H](C)CN(c2ncc(Cl)c(Nc3ccc4c(c3)cc(OC(C)(C)C(=O)O)c(=O)n4C)n2)C1";"% Ctrl";"'='";"111.0";"%";"";"";"Not Active";"UO_0000187";"";"";"";"";"0";"CHEMBL5304321";"ACE(HU_AMTCH400) Eurofins SafetyScreen44 (BI)";"B";"BAO_0000357";"single protein format";"Homo sapiens";"None";"None";"None";"None";"Assay technology: Photometry | Assay type: biochemical | Method: Acetylcholinesterase ACE (human, AMTCh 400 uM) at CEREP";"";"";"CHEMBL1808";"Angiotensin-converting enzyme";"Homo sapiens";"SINGLE PROTEIN";"CHEMBL5303763";"54";"SGC Frankfurt - Donated Chemical Probes";"";"2023";"None";"Compound concentration = 10.0 uM";"";"";"111.0"
"CHEMBL6160376";"";"None";"408.40";"0";"4.36";"39; HD2";"O=C(CCn1c(-c2ccc(O)cc2)n[nH]c1=S)Nc1cccc(C(F)(F)F)c1";"IC50";"'>'";"50000.0";"nM";"";"";"";"UO_0000065";"";"";"";"";"0";"CHEMBL6083689";"Inhibition of ACE (unknown origin)";"B";"BAO_0000357";"single protein format";"Homo sapiens";"None";"None";"None";"None";"";"";"";"CHEMBL1808";"Angiotensin-converting enzyme";"Homo sapiens";"SINGLE PROTEIN";"CHEMBL6083192";"1";"Scientific Literature";"J Med Chem";"2024";"None";"";"";"";"50000.0"
"CHEMBL305938";"";"None";"203.26";"0";"0.38";"(R)-Desmethylcaptopril";"O=C(O)[C@H]1CCCN1C(=O)CCS";"IC50";"'='";"200.0";"nM";"6.70";"";"";"UO_0000065";"32.96";"0.70";"6.32";"11.63";"0";"CHEMBL645285";"Inhibition of Angiotensin I converting enzyme";"B";"BAO_0000357";"single protein format";"None";"None";"None";"None";"None";"";"";"";"CHEMBL1808";"Angiotensin-converting enzyme";"Homo sapiens";"SINGLE PROTEIN";"CHEMBL1122964";"1";"Scientific Literature";"J Med Chem";"1985";"None";"";"";"";"0.2"
"CHEMBL6189709";"";"None";"1145.28";"None";"None";"VPEGLNSWPF";"CC(C)C[C@H](NC(=O)CNC(=O)[C@H](CCC(=O)O)NC(=O)[C@@H]1CCCN1C(=O)[C@@H](N)C(C)C)C(=O)N[C@@H](CC(N)=O)C(=O)N[C@@H](CO)C(=O)N[C@@H](Cc1c[nH]c2ccccc12)C(=O)N1CCC[C@H]1C(=O)N[C@@H](Cc1ccccc1)C(=O)O";"IC50";"'='";"73300.0";"nM";"4.13";"";"";"UO_0000065";"3.61";"None";"None";"None";"0";"CHEMBL6179895";"Inhibition of ACE (unknown origin) preincubated with compound for 5 mins and measured after 60 mins";"B";"BAO_0000357";"single protein format";"Homo sapiens";"None";"None";"None";"None";"";"";"";"CHEMBL1808";"Angiotensin-converting enzyme";"Homo sapiens";"SINGLE PROTEIN";"CHEMBL6177964";"1";"Scientific Literature";"Eur J Med Chem";"2025";"None";"TIME = 1.083 hr";"INHIBITOR";"";"73.3"
"CHEMBL6190223";"";"None";"492.62";"1";"-0.63";"KAKF";"C[C@H](NC(=O)[C@@H](N)CCCCN)C(=O)N[C@@H](CCCCN)C(=O)N[C@@H](Cc1ccccc1)C(=O)O";"IC50";"'='";"12480.0";"nM";"4.90";"";"";"UO_0000065";"9.95";"0.19";"5.53";"2.42";"0";"CHEMBL6179895";"Inhibition of ACE (unknown origin) preincubated with compound for 5 mins and measured after 60 mins";"B";"BAO_0000357";"single protein format";"Homo sapiens";"None";"None";"None";"None";"";"";"";"CHEMBL1808";"Angiotensin-converting enzyme";"Homo sapiens";"SINGLE PROTEIN";"CHEMBL6177964";"1";"Scientific Literature";"Eur J Med Chem";"2025";"None";"TIME = 1.083 hr";"INHIBITOR";"";"12.48"
"CHEMBL6190012";"";"None";"345.44";"1";"-1.35";"KAK";"C[C@H](NC(=O)[C@@H](N)CCCCN)C(=O)N[C@@H](CCCCN)C(=O)O";"IC50";"'='";"1856000.0";"nM";"";"Outside typical range";"";"UO_0000065";"";"";"";"";"0";"CHEMBL6179895";"Inhibition of ACE (unknown origin) preincubated with compound for 5 mins and measured after 60 mins";"B";"BAO_0000357";"single protein format";"Homo sapiens";"None";"None";"None";"None";"";"";"";"CHEMBL1808";"Angiotensin-converting enzyme";"Homo sapiens";"SINGLE PROTEIN";"CHEMBL6177964";"1";"Scientific Literature";"Eur J Med Chem";"2025";"None";"TIME = 1.083 hr";"INHIBITOR";"";"1856.0"
"CHEMBL1237";"LISINOPRIL ANHYDROUS";"4.0";"405.50";"0";"1.24";"Lisinopril";"NCCCC[C@H](N[C@@H](CCc1ccccc1)C(=O)O)C(=O)N1CCC[C@H]1C(=O)O";"deltaS";"'='";"24.2";"cal/mol.K";"";"";"";"";"";"";"";"";"0";"CHEMBL6179896";"Binding affinity to ACE (unknown origin) assessed as change in entropy (deltaS) at 800 to 1400 nM by isothermal titration calorimetric analysis";"B";"BAO_0000357";"single protein format";"Homo sapiens";"None";"None";"None";"None";"";"";"";"CHEMBL1808";"Angiotensin-converting enzyme";"Homo sapiens";"SINGLE PROTEIN";"CHEMBL6177964";"1";"Scientific Literature";"Eur J Med Chem";"2025";"None";"DOSE_Lower = 800.0 nM | DOSE_Upper = 1400.0 nM";"INHIBITOR";"";"24.2"
"CHEMBL1237";"LISINOPRIL ANHYDROUS";"4.0";"405.50";"0";"1.24";"Lisinopril";"NCCCC[C@H](N[C@@H](CCc1ccccc1)C(=O)O)C(=O)N1CCC[C@H]1C(=O)O";"Kd";"'='";"24.0";"nM";"7.62";"";"";"UO_0000065";"18.79";"0.36";"6.38";"5.73";"0";"CHEMBL6179898";"Binding affinity to ACE (unknown origin) assessed as dissociation constant by isothermal titration calorimetric analysis";"B";"BAO_0000357";"single protein format";"Homo sapiens";"None";"None";"None";"None";"";"";"";"CHEMBL1808";"Angiotensin-converting enzyme";"Homo sapiens";"SINGLE PROTEIN";"CHEMBL6177964";"1";"Scientific Literature";"Eur J Med Chem";"2025";"None";"";"INHIBITOR";"";"24.0"
"CHEMBL190414";"";"None";"311.38";"0";"0.04";"VPP";"CC(C)[C@H](N)C(=O)N1CCC[C@H]1C(=O)N1CCC[C@H]1C(=O)O";"IC50";"'='";"8000.0";"nM";"5.10";"";"";"UO_0000065";"16.37";"0.32";"5.06";"4.90";"0";"CHEMBL6179936";"Inhibition of ACE (unknown origin)";"B";"BAO_0000357";"single protein format";"Homo sapiens";"None";"None";"None";"None";"";"";"";"CHEMBL1808";"Angiotensin-converting enzyme";"Homo sapiens";"SINGLE PROTEIN";"CHEMBL6177964";"1";"Scientific Literature";"Eur J Med Chem";"2025";"None";"";"INHIBITOR";"";"8.0"
"CHEMBL429227";"";"None";"599.60";"2";"1.27";"24";"CC(C)CC(NC(Cc1ccccc1)NP(=O)([O-])CNC(=O)[C@H](C)NC(=O)C(N)Cc1ccc(O)cc1)C(=O)O.[Na+]";"Ratio";"'='";"10.0";"";"";"";"";"";"";"";"";"";"0";"CHEMBL848248";"Ratio of Ki (ACE) to that of Ki (enkephalinase).";"B";"BAO_0000357";"single protein format";"None";"None";"None";"None";"None";"";"";"";"CHEMBL1808";"Angiotensin-converting enzyme";"Homo sapiens";"SINGLE PROTEIN";"CHEMBL1123029";"1";"Scientific Literature";"J Med Chem";"1985";"None";"";"";"";"10.0"
"CHEMBL177000";"";"None";"541.65";"1";"2.78";"41";"COC(=O)c1ccccc1NC(=O)CN(C)C(=O)C1C[C@@H](S)CN1S(=O)(=O)c1ccc2ccccc2c1";"IC50";"'='";"36600.0";"nM";"4.44";"";"";"UO_0000065";"8.19";"0.16";"1.66";"3.92";"0";"CHEMBL832631";"Inhibitory concentration against human angiotensin I converting enzyme";"B";"BAO_0000357";"single protein format";"Homo sapiens";"None";"None";"None";"None";"";"";"";"CHEMBL1808";"Angiotensin-converting enzyme";"Homo sapiens";"SINGLE PROTEIN";"CHEMBL1144347";"1";"Scientific Literature";"J Med Chem";"2005";"None";"";"";"";"36.6"
"CHEMBL89547";"";"None";"486.66";"0";"3.18";"3";"C[C@H](CS)C(=O)N1C[C@@H](NC(=O)C(CS)Cc2ccc(-c3ccccc3)cc2)C[C@H]1C(=O)O";"IC50";"'='";"696.0";"nM";"6.16";"";"";"UO_0000065";"12.65";"0.25";"2.98";"7.10";"0";"CHEMBL648286";"In vitro inhibition against angiotensin converting enzyme (ACE)";"B";"BAO_0000357";"single protein format";"None";"None";"None";"None";"None";"";"";"";"CHEMBL1808";"Angiotensin-converting enzyme";"Homo sapiens";"SINGLE PROTEIN";"CHEMBL1152063";"1";"Scientific Literature";"Bioorg Med Chem Lett";"1994";"None";"";"";"";"696.0"
"CHEMBL77258";"";"None";"291.41";"0";"2.19";"8j";"CCCCC(CC(=O)NO)S(=O)(=O)C1CCCCC1";"IC50";"'>'";"100000.0";"nM";"";"";"";"UO_0000065";"";"";"";"";"0";"CHEMBL648688";"Inhibitory activity against angiotensin I converting enzyme (ACE)";"B";"BAO_0000357";"single protein format";"None";"None";"None";"None";"None";"";"";"";"CHEMBL1808";"Angiotensin-converting enzyme";"Homo sapiens";"SINGLE PROTEIN";"CHEMBL1133694";"1";"Scientific Literature";"J Med Chem";"2000";"None";"";"";"";"100.0"
"CHEMBL570953";"";"None";"711.71";"2";"5.78";"8F2";"O=C(N[C@@H](Cc1ccccc1)P(=O)(O)C[C@H](Cc1cc(-c2ccccc2)no1)C(=O)N[C@@H](Cc1ccc(O)cc1)C(=O)O)OCc1ccccc1";"Ki";"'='";"0.65";"nM";"9.19";"";"";"UO_0000065";"12.91";"0.25";"3.41";"4.88";"0";"CHEMBL1045247";"Inhibition of human somatic ACE C-terminal domain";"B";"BAO_0000357";"single protein format";"Homo sapiens";"None";"None";"None";"None";"";"";"";"CHEMBL1808";"Angiotensin-converting enzyme";"Homo sapiens";"SINGLE PROTEIN";"CHEMBL1156752";"1";"Scientific Literature";"J Med Chem";"2010";"None";"";"";"";"0.65"
"CHEMBL570740";"";"None";"743.80";"2";"7.57";"6";"O=C(N[C@@H](Cc1ccccc1)P(=O)(O)CC(Cc1ccc(-c2ccccc2)cc1)C(=O)N[C@@H](Cc1c[nH]c2ccccc12)C(=O)O)OCc1ccccc1";"Ki";"'='";"12.0";"nM";"7.92";"";"";"UO_0000065";"10.65";"0.20";"0.35";"5.02";"0";"CHEMBL1045247";"Inhibition of human somatic ACE C-terminal domain";"B";"BAO_0000357";"single protein format";"Homo sapiens";"None";"None";"None";"None";"";"";"";"CHEMBL1808";"Angiotensin-converting enzyme";"Homo sapiens";"SINGLE PROTEIN";"CHEMBL1156752";"1";"Scientific Literature";"J Med Chem";"2010";"None";"";"";"";"12.0"
"CHEMBL570953";"";"None";"711.71";"2";"5.78";"8F2";"O=C(N[C@@H](Cc1ccccc1)P(=O)(O)C[C@H](Cc1cc(-c2ccccc2)no1)C(=O)N[C@@H](Cc1ccc(O)cc1)C(=O)O)OCc1ccccc1";"Ki";"'='";"8.0";"nM";"8.10";"";"";"UO_0000065";"11.38";"0.22";"2.32";"4.30";"0";"CHEMBL1045251";"Inhibition of human somatic ACE in presence of 1:50 diluted SHR rat plasma";"B";"BAO_0000357";"single protein format";"Homo sapiens";"CHEMBL3559721";"Plasma";"None";"None";"";"";"";"CHEMBL1808";"Angiotensin-converting enzyme";"Homo sapiens";"SINGLE PROTEIN";"CHEMBL1156752";"1";"Scientific Literature";"J Med Chem";"2010";"None";"";"";"";"8.0"
"CHEMBL567628";"";"None";"695.71";"2";"6.08";"7F2";"O=C(N[C@@H](Cc1ccccc1)P(=O)(O)C[C@H](Cc1cc(-c2ccccc2)no1)C(=O)N[C@@H](Cc1ccccc1)C(=O)O)OCc1ccccc1";"Ki";"'='";"110.0";"nM";"6.96";"";"";"UO_0000065";"10.00";"0.19";"0.88";"4.14";"0";"CHEMBL1045253";"Inhibition of human somatic ACE in presence of 1:100 diluted SHR rat plasma complemented with 5 uM serum albumin";"B";"BAO_0000366";"cell-free format";"Homo sapiens";"CHEMBL3559721";"Plasma";"None";"None";"";"";"";"CHEMBL1808";"Angiotensin-converting enzyme";"Homo sapiens";"SINGLE PROTEIN";"CHEMBL1156752";"1";"Scientific Literature";"J Med Chem";"2010";"None";"";"";"";"110.0"
"CHEMBL4594444";"PECAVAPTAN";"2.0";"543.33";"1";"3.62";"EUB0003011";"C[C@H](O)c1nc(Cn2nc(-c3ccc(Cl)cc3)n(C[C@H](O)C(F)(F)F)c2=O)nn1-c1cccc(Cl)c1";"Inhibition";"'='";"2.0";"%";"";"";"Not Active";"UO_0000187";"";"";"";"";"0";"CHEMBL4880877";"Inhibition of Peptidase, Angiotensin Converting Enzyme at compound concentration of 10.0 uM in the Eurofins-Panlabs enzyme assay (Eurofins_assay_107300)";"B";"BAO_0000357";"single protein format";"Oryctolagus cuniculus";"None";"None";"None";"None";"Source of protein: Rabbit lung | Reference compound: None | Substrate with concentration: 0.5 mM N-(3-[2-furyl]acryloyl)-phe-gly-gly (FAPGG) | Incubation time: 30 min | Incubation temperature: 25 C | Detection method: Spectrophotometric quantitation of remaining FAPGG | reference compound EC50: None | Assay protocol publication: PMID: 6299330 | Source of protein: Rabbit lung | Substrate with concentration: 0.5 mM N-(3-[2-furyl]acryloyl)-phe-gly-gly (FAPGG) | Incubation time: 30 min | Incubation temperature: 25 C | Detection method: Spectrophotometric quantitation of remaining FAPGG | Assay protocol publication: PMID: 6299330 | Source of protein: Rabbit lung | Substrate with concentration: 0.5 mM N-(3-[2-furyl]acryloyl)-phe-gly-gly (FAPGG) | Incubation time: 30 min | Incubation temperature: 25 C | Detection method: Spectrophotometric quantitation of remaining FAPGG | Assay protocol publication: PMID: 6299330";"";"";"CHEMBL1808";"Angiotensin-converting enzyme";"Homo sapiens";"SINGLE PROTEIN";"CHEMBL5463729";"54";"SGC Frankfurt - Donated Chemical Probes";"";"2023";"None";"Compound concentration = 10.0 uM";"";"";"2.0"
"CHEMBL78346";"";"None";"402.49";"0";"2.15";"83";"C[C@H](NC(CCc1ccccc1)C(=O)O)C(=O)N1CC2CCCCC2[C@H]1C(=O)O";"IC50";"'='";"2.188";"nM";"8.66";"";"";"UO_0000065";"";"";"";"";"0";"CHEMBL648337";"Inhibitory activity against angiotensin converting enzyme (ACE)";"F";"BAO_0000019";"assay format";"None";"None";"None";"None";"None";"";"";"";"CHEMBL1808";"Angiotensin-converting enzyme";"Homo sapiens";"SINGLE PROTEIN";"CHEMBL1126767";"1";"Scientific Literature";"J Med Chem";"1993";"None";"";"";"";"8.66"
"CHEMBL86891";"";"None";"320.35";"0";"0.35";"34";"O=C(O)CN1CCC(NC(CCc2ccccc2)C(=O)O)C1=O";"IC50";"'='";"19000.0";"nM";"4.72";"";"";"UO_0000065";"14.74";"0.28";"4.37";"4.41";"0";"CHEMBL644704";"Inhibitory concentration (isomer B) against Angiotensin I converting enzyme";"B";"BAO_0000357";"single protein format";"None";"None";"None";"None";"None";"";"";"";"CHEMBL1808";"Angiotensin-converting enzyme";"Homo sapiens";"SINGLE PROTEIN";"CHEMBL1123398";"1";"Scientific Literature";"J Med Chem";"1986";"None";"";"";"";"0.000019"
"CHEMBL5084426";"";"None";"534.52";"1";"4.35";"EUB0001548";"COc1cnccc1Nc1nc(-c2nn(Cc3c(F)cc(OCCO)cc3F)c3ccccc23)ncc1OC";"Inhibition";"'='";"-4.0";"%";"";"";"Not Active";"UO_0000187";"";"";"";"";"0";"CHEMBL4880877";"Inhibition of Peptidase, Angiotensin Converting Enzyme at compound concentration of 10.0 uM in the Eurofins-Panlabs enzyme assay (Eurofins_assay_107300)";"B";"BAO_0000357";"single protein format";"Oryctolagus cuniculus";"None";"None";"None";"None";"Source of protein: Rabbit lung | Reference compound: None | Substrate with concentration: 0.5 mM N-(3-[2-furyl]acryloyl)-phe-gly-gly (FAPGG) | Incubation time: 30 min | Incubation temperature: 25 C | Detection method: Spectrophotometric quantitation of remaining FAPGG | reference compound EC50: None | Assay protocol publication: PMID: 6299330 | Source of protein: Rabbit lung | Substrate with concentration: 0.5 mM N-(3-[2-furyl]acryloyl)-phe-gly-gly (FAPGG) | Incubation time: 30 min | Incubation temperature: 25 C | Detection method: Spectrophotometric quantitation of remaining FAPGG | Assay protocol publication: PMID: 6299330 | Source of protein: Rabbit lung | Substrate with concentration: 0.5 mM N-(3-[2-furyl]acryloyl)-phe-gly-gly (FAPGG) | Incubation time: 30 min | Incubation temperature: 25 C | Detection method: Spectrophotometric quantitation of remaining FAPGG | Assay protocol publication: PMID: 6299330";"";"";"CHEMBL1808";"Angiotensin-converting enzyme";"Homo sapiens";"SINGLE PROTEIN";"CHEMBL5058649";"54";"SGC Frankfurt - Donated Chemical Probes";"";"2022";"None";"Compound concentration = 10.0 uM";"";"";"-4.0"
"CHEMBL416147";"";"None";"422.48";"0";"2.45";"1";"O=C(NC(Cc1ccccc1)C(=O)CCC(=O)N1CCC[C@H]1C(=O)O)c1ccccc1";"IC50";"'='";"70.0";"nM";"7.16";"";"";"UO_0000065";"16.94";"0.32";"4.70";"6.89";"0";"CHEMBL644578";"Inhibitory activity against porcine plasma Angiotensin I converting enzyme";"B";"BAO_0000366";"cell-free format";"Sus scrofa";"CHEMBL3559721";"Plasma";"None";"None";"";"";"";"CHEMBL1808";"Angiotensin-converting enzyme";"Homo sapiens";"SINGLE PROTEIN";"CHEMBL1122915";"1";"Scientific Literature";"J Med Chem";"1985";"None";"";"";"";"0.07"
"CHEMBL77056";"";"None";"189.17";"0";"-0.56";"38";"C[C@H](NC(=O)CCC(=O)O)C(=O)O";"IC50";"'='";"1348962.88";"nM";"";"Outside typical range";"";"UO_0000065";"";"";"";"";"0";"CHEMBL648337";"Inhibitory activity against angiotensin converting enzyme (ACE)";"F";"BAO_0000019";"assay format";"None";"None";"None";"None";"None";"";"";"";"CHEMBL1808";"Angiotensin-converting enzyme";"Homo sapiens";"SINGLE PROTEIN";"CHEMBL1126767";"1";"Scientific Literature";"J Med Chem";"1993";"None";"";"";"";"2.87"
"CHEMBL78489";"";"None";"306.39";"0";"1.85";"30A";"CC(CS)C(=O)N[C@@H](Cc1c[nH]c2ccccc12)C(=O)O";"IC50";"'='";"34.67";"nM";"7.46";"";"";"UO_0000065";"";"";"";"";"0";"CHEMBL648337";"Inhibitory activity against angiotensin converting enzyme (ACE)";"F";"BAO_0000019";"assay format";"None";"None";"None";"None";"None";"";"";"";"CHEMBL1808";"Angiotensin-converting enzyme";"Homo sapiens";"SINGLE PROTEIN";"CHEMBL1126767";"1";"Scientific Literature";"J Med Chem";"1993";"None";"";"";"";"7.46"
"CHEMBL92255";"";"None";"321.38";"0";"-0.82";"RF";"NC(N)=NCCC[C@H](N)C(=O)N[C@@H](Cc1ccccc1)C(=O)O";"IC50";"'='";"229086.77";"nM";"";"Outside typical range";"";"UO_0000065";"";"";"";"";"0";"CHEMBL858254";"Biological activity was measured against Angiotensin I converting enzyme";"B";"BAO_0000357";"single protein format";"None";"None";"None";"None";"None";"";"";"";"CHEMBL1808";"Angiotensin-converting enzyme";"Homo sapiens";"SINGLE PROTEIN";"CHEMBL1128468";"1";"Scientific Literature";"J Med Chem";"1995";"None";"";"";"";"3.64"
"CHEMBL4536197";"A-486";"None";"536.48";"1";"3.68";"A-486";"CNC(=O)Nc1ccc2c(c1)[C@@]1(CC2)OC(=O)N(CC(=O)N(Cc2ccc(F)cc2)[C@@H](C)C(F)(F)F)C1=O";"Inhibition";"'='";"-26.0";"%";"";"Outside typical range";"";"UO_0000187";"";"";"";"";"0";"CHEMBL5650530";"Inhibition of human ACE at 10 uM by radioligand binding assay relative to control";"B";"BAO_0000357";"single protein format";"Homo sapiens";"None";"None";"None";"None";"EFO_ID: MONDO:0004992 | EFO_TERM: cancer | EFO_ID: MONDO:0021259 | EFO_TERM: prostate neoplasm";"";"";"CHEMBL1808";"Angiotensin-converting enzyme";"Homo sapiens";"SINGLE PROTEIN";"CHEMBL5649168";"72";"Chemical Probe data from Scientific Literature";"Nature";"2017";"None";"DOSE = 10.0 microM";"";"";"-26.0"
"CHEMBL107700";"";"None";"328.43";"0";"1.06";"22d";"CC(NC(=O)C1CCCCC1S)C(=O)N1CCCC1C(=O)O";"IC50";"'='";"10.0";"nM";"8.00";"";"";"UO_0000065";"24.36";"0.50";"6.94";"9.23";"0";"CHEMBL646945";"Inhibition of angiotensin I converting enzyme in silico";"B";"BAO_0000357";"single protein format";"None";"None";"None";"None";"None";"";"";"";"CHEMBL1808";"Angiotensin-converting enzyme";"Homo sapiens";"SINGLE PROTEIN";"CHEMBL1130169";"1";"Scientific Literature";"J Med Chem";"1997";"None";"";"";"";"8.0"
"CHEMBL321012";"";"None";"243.33";"0";"1.16";"18d";"O=C(O)C1CCCN1C(=O)C1CCCC1S";"IC50";"'='";"125.89";"nM";"6.90";"";"";"UO_0000065";"28.36";"0.59";"5.74";"11.98";"0";"CHEMBL646945";"Inhibition of angiotensin I converting enzyme in silico";"B";"BAO_0000357";"single protein format";"None";"None";"None";"None";"None";"";"";"";"CHEMBL1808";"Angiotensin-converting enzyme";"Homo sapiens";"SINGLE PROTEIN";"CHEMBL1130169";"1";"Scientific Literature";"J Med Chem";"1997";"None";"";"";"";"6.9"
"CHEMBL309962";"RENTIAPRIL";"2.0";"313.40";"0";"1.74";"5";"O=C(O)[C@@H]1CS[C@H](c2ccccc2O)N1C(=O)CCS";"IC50";"'='";"3.715";"nM";"8.43";"";"";"UO_0000065";"";"";"";"";"0";"CHEMBL648337";"Inhibitory activity against angiotensin converting enzyme (ACE)";"F";"BAO_0000019";"assay format";"None";"None";"None";"None";"None";"";"";"";"CHEMBL1808";"Angiotensin-converting enzyme";"Homo sapiens";"SINGLE PROTEIN";"CHEMBL1126767";"1";"Scientific Literature";"J Med Chem";"1993";"None";"";"";"";"8.43"
"CHEMBL5575976";"";"None";"493.39";"0";"2.85";"EUB0003019a";"Cn1nccc1[C@]1(CNC(=O)c2ccc(F)c(F)c2-c2ccc(C(F)(F)F)cc2)NC(=O)NC1=O";"Inhibition";"'='";"3.0";"%";"";"";"";"UO_0000187";"";"";"";"";"0";"CHEMBL5723930";"Inhibition of Peptidase, Angiotensin Converting Enzyme  at 10.0 µM in the Eurofins-Panlabs selectivity screen";"B";"BAO_0000357";"single protein format";"Oryctolagus cuniculus";"None";"None";"None";"None";"";"";"";"CHEMBL1808";"Angiotensin-converting enzyme";"Homo sapiens";"SINGLE PROTEIN";"CHEMBL5723583";"54";"SGC Frankfurt - Donated Chemical Probes";"";"2024";"None";"Compound concentration = 10.0 uM";"";"";"3.0"
"CHEMBL404044";"";"None";"343.45";"0";"3.17";"1e";"CC(C)(S)C(=O)N[C@@H](Cc1ccc(-c2ccccc2)cc1)C(=O)O";"Ki";"'='";"3400.0";"nM";"5.47";"";"";"UO_0000065";"15.92";"0.31";"2.30";"8.24";"0";"CHEMBL933039";"Inhibition of human recombinant ACE by fluorescence assay";"B";"BAO_0000357";"single protein format";"Homo sapiens";"None";"None";"None";"None";"";"";"";"CHEMBL1808";"Angiotensin-converting enzyme";"Homo sapiens";"SINGLE PROTEIN";"CHEMBL1142293";"1";"Scientific Literature";"Bioorg Med Chem Lett";"2008";"None";"";"";"";"3400.0"
"CHEMBL6195034";"";"None";"364.45";"0";"2.84";"None";"CCNc1cc(C#Cc2ccc(OC3CCN(C(N)=O)CC3)cc2)ccn1";"Inhibition";"'='";"-1.0";"%";"";"";"Not Active";"UO_0000187";"";"";"";"";"0";"CHEMBL4880877";"Inhibition of Peptidase, Angiotensin Converting Enzyme at compound concentration of 10.0 uM in the Eurofins-Panlabs enzyme assay (Eurofins_assay_107300)";"B";"BAO_0000357";"single protein format";"Oryctolagus cuniculus";"None";"None";"None";"None";"Source of protein: Rabbit lung | Reference compound: None | Substrate with concentration: 0.5 mM N-(3-[2-furyl]acryloyl)-phe-gly-gly (FAPGG) | Incubation time: 30 min | Incubation temperature: 25 C | Detection method: Spectrophotometric quantitation of remaining FAPGG | reference compound EC50: None | Assay protocol publication: PMID: 6299330 | Source of protein: Rabbit lung | Substrate with concentration: 0.5 mM N-(3-[2-furyl]acryloyl)-phe-gly-gly (FAPGG) | Incubation time: 30 min | Incubation temperature: 25 C | Detection method: Spectrophotometric quantitation of remaining FAPGG | Assay protocol publication: PMID: 6299330 | Source of protein: Rabbit lung | Substrate with concentration: 0.5 mM N-(3-[2-furyl]acryloyl)-phe-gly-gly (FAPGG) | Incubation time: 30 min | Incubation temperature: 25 C | Detection method: Spectrophotometric quantitation of remaining FAPGG | Assay protocol publication: PMID: 6299330";"";"";"CHEMBL1808";"Angiotensin-converting enzyme";"Homo sapiens";"SINGLE PROTEIN";"CHEMBL6193870";"54";"SGC Frankfurt - Donated Chemical Probes";"";"2025";"None";"Reference compound: Captopril | Reference compound EC50 = 0.01 uM";"";"";"-1.0"
"CHEMBL6152231";"";"None";"454.48";"2";"5.93";"1";"Oc1ccc(/C=C/c2cc(O)cc(O)c2-c2c(O)cc(O)cc2/C=C/c2ccc(O)cc2)cc1";"Inhibition";"'='";"87.4";"%";"";"";"";"UO_0000187";"";"";"";"";"0";"CHEMBL6120111";"Inhibition of ACE (unknown origin) at 90 uM preincubated for 5 mins followed by substrate addition and measured immediately by fluorescence plate reader analysis relative to control";"B";"BAO_0000357";"single protein format";"Homo sapiens";"None";"None";"None";"None";"";"";"";"CHEMBL1808";"Angiotensin-converting enzyme";"Homo sapiens";"SINGLE PROTEIN";"CHEMBL6115059";"1";"Scientific Literature";"J Med Chem";"2025";"None";"DOSE = 90.0 microM | TIME = 0.08333 hr";"INHIBITOR";"";"87.4"
"CHEMBL6152722";"";"None";"500.55";"3";"6.00";"10";"CCO[C@@H](c1cc(O)cc(O)c1)C(c1ccc(O)cc1)c1c(O)cc(O)cc1/C=C/c1ccc(O)cc1";"Inhibition";"'='";"74.5";"%";"";"";"";"UO_0000187";"";"";"";"";"0";"CHEMBL6120111";"Inhibition of ACE (unknown origin) at 90 uM preincubated for 5 mins followed by substrate addition and measured immediately by fluorescence plate reader analysis relative to control";"B";"BAO_0000357";"single protein format";"Homo sapiens";"None";"None";"None";"None";"";"";"";"CHEMBL1808";"Angiotensin-converting enzyme";"Homo sapiens";"SINGLE PROTEIN";"CHEMBL6115059";"1";"Scientific Literature";"J Med Chem";"2025";"None";"DOSE = 90.0 microM | TIME = 0.08333 hr";"INHIBITOR";"";"74.5"
"CHEMBL1224875";"EPSILON-VINIFERIN";"None";"454.48";"1";"5.65";"2";"Oc1ccc(/C=C/c2cc(O)cc3c2[C@@H](c2cc(O)cc(O)c2)[C@H](c2ccc(O)cc2)O3)cc1";"IC50";"'='";"31800.0";"nM";"4.50";"";"";"UO_0000065";"9.90";"0.18";"-1.15";"4.07";"0";"CHEMBL6120114";"Inhibition of ACE (unknown origin) preincubated for 5 mins followed by substrate addition and measured immediately by fluorescence plate reader analysis";"B";"BAO_0000357";"single protein format";"Homo sapiens";"None";"None";"None";"None";"";"";"";"CHEMBL1808";"Angiotensin-converting enzyme";"Homo sapiens";"SINGLE PROTEIN";"CHEMBL6115059";"1";"Scientific Literature";"J Med Chem";"2025";"None";"TIME = 0.08333 hr";"INHIBITOR";"";"31.8"
"CHEMBL6161756";"";"None";"348.35";"0";"3.88";"4";"O=Cc1ccc2c(c1)[C@@H](c1cc(O)cc(O)c1)[C@H](c1ccc(O)cc1)O2";"IC50";"'='";"41600.0";"nM";"4.38";"";"";"UO_0000065";"12.58";"0.23";"0.50";"5.04";"0";"CHEMBL6120114";"Inhibition of ACE (unknown origin) preincubated for 5 mins followed by substrate addition and measured immediately by fluorescence plate reader analysis";"B";"BAO_0000357";"single protein format";"Homo sapiens";"None";"None";"None";"None";"";"";"";"CHEMBL1808";"Angiotensin-converting enzyme";"Homo sapiens";"SINGLE PROTEIN";"CHEMBL6115059";"1";"Scientific Literature";"J Med Chem";"2025";"None";"TIME = 0.08333 hr";"INHIBITOR";"";"41.6"
"CHEMBL142945";"";"None";"354.14";"0";"3.58";"5";"Oc1ccc(/C=C/c2cc(O)c(I)c(O)c2)cc1";"IC50";"'='";"20400.0";"nM";"4.69";"";"";"UO_0000065";"13.24";"0.36";"1.11";"7.73";"0";"CHEMBL6120114";"Inhibition of ACE (unknown origin) preincubated for 5 mins followed by substrate addition and measured immediately by fluorescence plate reader analysis";"B";"BAO_0000357";"single protein format";"Homo sapiens";"None";"None";"None";"None";"";"";"";"CHEMBL1808";"Angiotensin-converting enzyme";"Homo sapiens";"SINGLE PROTEIN";"CHEMBL6115059";"1";"Scientific Literature";"J Med Chem";"2025";"None";"TIME = 0.08333 hr";"INHIBITOR";"";"20.4"
"CHEMBL6160944";"";"None";"444.26";"0";"4.26";"13";"CCOC(c1ccc(O)cc1)C(OCC)c1cc(O)c(I)c(O)c1";"IC50";"'>'";"1000000.0";"nM";"";"Outside typical range";"";"UO_0000065";"";"";"";"";"0";"CHEMBL6120114";"Inhibition of ACE (unknown origin) preincubated for 5 mins followed by substrate addition and measured immediately by fluorescence plate reader analysis";"B";"BAO_0000357";"single protein format";"Homo sapiens";"None";"None";"None";"None";"";"";"";"CHEMBL1808";"Angiotensin-converting enzyme";"Homo sapiens";"SINGLE PROTEIN";"CHEMBL6115059";"1";"Scientific Literature";"J Med Chem";"2025";"None";"TIME = 0.08333 hr";"";"";"1000.0"
"CHEMBL6172925";"";"None";"273.24";"0";"2.88";"19";"O=[N+]([O-])c1cc(/C=C/c2cc(O)cc(O)c2)ccc1O";"IC50";"'='";"192400.0";"nM";"";"Outside typical range";"";"UO_0000065";"";"";"";"";"0";"CHEMBL6120114";"Inhibition of ACE (unknown origin) preincubated for 5 mins followed by substrate addition and measured immediately by fluorescence plate reader analysis";"B";"BAO_0000357";"single protein format";"Homo sapiens";"None";"None";"None";"None";"";"";"";"CHEMBL1808";"Angiotensin-converting enzyme";"Homo sapiens";"SINGLE PROTEIN";"CHEMBL6115059";"1";"Scientific Literature";"J Med Chem";"2025";"None";"TIME = 0.08333 hr";"INHIBITOR";"";"192.4"
"CHEMBL518935";"";"None";"454.48";"1";"5.65";"6b-(S,S)";"Oc1ccc([C@H]2Oc3ccc(/C=C/c4cc(O)cc(O)c4)cc3[C@@H]2c2cc(O)cc(O)c2)cc1";"IC50";"'='";"12100.0";"nM";"4.92";"";"";"UO_0000065";"10.82";"0.20";"-0.73";"4.45";"0";"CHEMBL6120114";"Inhibition of ACE (unknown origin) preincubated for 5 mins followed by substrate addition and measured immediately by fluorescence plate reader analysis";"B";"BAO_0000357";"single protein format";"Homo sapiens";"None";"None";"None";"None";"";"";"";"CHEMBL1808";"Angiotensin-converting enzyme";"Homo sapiens";"SINGLE PROTEIN";"CHEMBL6115059";"1";"Scientific Literature";"J Med Chem";"2025";"None";"TIME = 0.08333 hr";"INHIBITOR";"";"12.1"
"CHEMBL408403";"ANGIOTENSIN II";"4.0";"1046.20";"None";"None";"Angll";"CC[C@H](C)[C@H](NC(=O)[C@H](Cc1ccc(O)cc1)NC(=O)[C@@H](NC(=O)[C@H](CCCNC(=N)N)NC(=O)[C@@H](N)CC(=O)O)C(C)C)C(=O)N[C@@H](Cc1cnc[nH]1)C(=O)N1CCC[C@H]1C(=O)N[C@@H](Cc1ccccc1)C(=O)O";"IC50";"";"";"";"";"";"";"";"";"";"";"";"0";"CHEMBL6120119";"Inhibition of ACE N-domain (unknown origin) using Abz-SDK(Dnp)P-OH as substrate preincubated with substrate for 10 mins followed by ACE addition and measured after 30 mins by FRET analysis";"B";"BAO_0000357";"single protein format";"Homo sapiens";"None";"None";"None";"None";"";"";"";"CHEMBL1808";"Angiotensin-converting enzyme";"Homo sapiens";"SINGLE PROTEIN";"CHEMBL6115059";"1";"Scientific Literature";"J Med Chem";"2025";"None";"TIME = 0.6667 hr";"";"Not determined";""
"CHEMBL1774204";"";"None";"529.65";"2";"2.05";"EUB0001000";"N=C(N)NCCC[C@@H](NC(=O)C(c1ccccc1)c1ccccc1)C(=O)NCc1ccc(CNC(N)=O)cc1";"% Ctrl";"'='";"103.0";"%";"";"";"Not Active";"UO_0000187";"";"";"";"";"0";"CHEMBL5463744";"Activity against ACE(HU_AMTCH400) in the  Eurofins Cerep SafetyScreen44 (BI) by Photometry (Cerep_3441)";"B";"BAO_0000357";"single protein format";"Homo sapiens";"None";"None";"None";"None";"Assay technology: Photometry | Assay type: biochemical | Assay technology: Photometry | Assay type: biochemical | Method: Acetylcholinesterase ACE (human, AMTCh 400 uM) at CEREP";"";"";"CHEMBL1808";"Angiotensin-converting enzyme";"Homo sapiens";"SINGLE PROTEIN";"CHEMBL5463723";"54";"SGC Frankfurt - Donated Chemical Probes";"";"2023";"None";"Compound concentration = 10.0 uM";"";"";"103.0"
"CHEMBL5403774";"";"None";"2192.66";"None";"None";"BCY15292";"CSCC[C@@H]1NC(=O)[C@H](CC(C)C)NC(=O)[C@H]([C@@H](C)O)NC(=O)[C@H](Cc2c[nH]cn2)NC(=O)[C@@H]2CSCCC(=O)N3CN(CN(C3)C(=O)CCSC[C@@H](C(=O)N[C@@H](C)C(N)=O)NC(=O)[C@H](CC(C)C)NC(=O)[C@H](Cc3c[nH]cn3)NC(=O)[C@H](CCCNC(=N)N)NC(=O)[C@@H]3CCCN3C1=O)C(=O)CCSC[C@H](NC(=O)[C@H](C)N)C(=O)NCC(=O)N[C@@H](CCCNC(=N)N)C(=O)N[C@@H](CCC(N)=O)C(=O)N[C@@H](Cc1ccccc1)C(=O)N2";"Kd";"'='";"3800.0";"nM";"5.42";"";"";"UO_0000065";"2.47";"None";"None";"None";"0";"CHEMBL5350899";"Binding affinity to human ACE assessed as binding constant by surface plasmon resonance analysis";"B";"BAO_0000357";"single protein format";"Homo sapiens";"None";"None";"None";"None";"";"";"";"CHEMBL1808";"Angiotensin-converting enzyme";"Homo sapiens";"SINGLE PROTEIN";"CHEMBL5346959";"1";"Scientific Literature";"J Med Chem";"2023";"None";"";"INHIBITOR";"";"3.8"
"CHEMBL5433480";"";"None";"1974.38";"None";"None";"BCY20855";"CC[C@H](C)[C@@H]1NC(=O)[C@H](CCCNC(=N)N)NC(=O)[C@@H]2CCCN2C(=O)[C@H](CC(C)C)NC(=O)[C@H](CC(C)C)NC(=O)[C@H](CO)NC(=O)[C@H](CO)NNC(=O)[C@@H]2CSCCC(=O)N3CN(CN(C3)C(=O)CCSC[C@H](N)C(=O)N[C@@H](C(C)C)C(=O)N[C@@H](CCCNC(=N)N)C(=O)N[C@@H](CO)C(=O)N[C@@H](Cc3c[nH]cn3)C(=O)N2)C(=O)CCSC[C@@H](C(N)=O)NC(=O)[C@H](Cc2c[nH]cn2)NC1=O";"Kd";"'='";"9500.0";"nM";"5.02";"";"";"UO_0000065";"2.54";"None";"None";"None";"0";"CHEMBL5350899";"Binding affinity to human ACE assessed as binding constant by surface plasmon resonance analysis";"B";"BAO_0000357";"single protein format";"Homo sapiens";"None";"None";"None";"None";"";"";"";"CHEMBL1808";"Angiotensin-converting enzyme";"Homo sapiens";"SINGLE PROTEIN";"CHEMBL5346959";"1";"Scientific Literature";"J Med Chem";"2023";"None";"";"INHIBITOR";"";"9.5"
"CHEMBL5410380";"";"None";"2118.51";"None";"None";"BCY20858";"CC[C@H](C)[C@@H]1NC(=O)[C@H](CCCNC(=N)N)NC(=O)[C@@H]2CCCN2C(=O)[C@H](CC(C)C)NC(=O)[C@H](CC(C)C)NC(=O)[C@H](CO)NC(=O)[C@H](CO)NNC(=O)[C@@H]2CSCCC(=O)N3CN(CN(C3)C(=O)CCSC[C@@H](C(=O)N[C@@H](C)C(N)=O)NC(=O)[C@H](Cc3c[nH]cn3)NC1=O)C(=O)CCSC[C@H](NC(=O)[C@H](C)N)C(=O)N[C@@H]([C@H](C)O)C(=O)N[C@@H](CCCNC(=N)N)C(=O)N[C@@H](CO)C(=O)N[C@@H](Cc1c[nH]cn1)C(=O)N2";"Kd";"'>'";"10000.0";"nM";"";"";"";"UO_0000065";"";"";"";"";"0";"CHEMBL5350899";"Binding affinity to human ACE assessed as binding constant by surface plasmon resonance analysis";"B";"BAO_0000357";"single protein format";"Homo sapiens";"None";"None";"None";"None";"";"";"";"CHEMBL1808";"Angiotensin-converting enzyme";"Homo sapiens";"SINGLE PROTEIN";"CHEMBL5346959";"1";"Scientific Literature";"J Med Chem";"2023";"None";"";"";"";"10.0"
"CHEMBL1651534";"REDAFAMDASTAT";"2.0";"455.44";"1";"5.39";"EUB0000306";"O=C(Nc1cccnn1)N1CCC(=Cc2cccc(Oc3ccc(C(F)(F)F)cn3)c2)CC1";"Inhibition";"'='";"-15.0";"%";"";"Outside typical range";"Not Active";"UO_0000187";"";"";"";"";"0";"CHEMBL4883152";"ACE (h) CEREP ligand profiling";"B";"BAO_0000357";"single protein format";"Homo sapiens";"None";"None";"None";"None";"";"";"";"CHEMBL1808";"Angiotensin-converting enzyme";"Homo sapiens";"SINGLE PROTEIN";"CHEMBL4507297";"54";"SGC Frankfurt - Donated Chemical Probes";"";"2021";"None";"Compound concentration None 10.0 uM";"";"";"-15.0"
"CHEMBL5220968";"";"None";"428.32";"0";"3.32";"MLN-4760-S/R";"CC(C)CC(N[C@@H](Cc1cncn1Cc1cc(Cl)cc(Cl)c1)C(=O)O)C(=O)O";"Imax";"'='";"22.0";"%";"";"";"";"UO_0000187";"";"";"";"";"0";"CHEMBL5216077";"Inhibition of ACE in human MNCs assessed as maximum inhibition using substrate Mca-RPGFSAFK (Dnp)-OH as substrate by fluorescence plate reader assay relative to control";"B";"BAO_0000219";"cell-based format";"Homo sapiens";"None";"None";"Mononuclear cell line";"None";"";"";"";"CHEMBL1808";"Angiotensin-converting enzyme";"Homo sapiens";"SINGLE PROTEIN";"CHEMBL5214916";"1";"Scientific Literature";"Bioorg Med Chem";"2021";"None";"";"";"";"22.0"
"CHEMBL5303510";"";"None";"467.98";"0";"3.22";"EUB0001777";"Cc1nnc2n1-c1sc3c(c1C(c1ccccc1Cl)=NC2)C[C@@H](C(=O)N1CCOCC1)C3";"% Ctrl";"'='";"102.0";"%";"";"";"Not Active";"UO_0000187";"";"";"";"";"0";"CHEMBL5463744";"Activity against ACE(HU_AMTCH400) in the  Eurofins Cerep SafetyScreen44 (BI) by Photometry (Cerep_3441)";"B";"BAO_0000357";"single protein format";"Homo sapiens";"None";"None";"None";"None";"Assay technology: Photometry | Assay type: biochemical | Assay technology: Photometry | Assay type: biochemical | Method: Acetylcholinesterase ACE (human, AMTCh 400 uM) at CEREP";"";"";"CHEMBL1808";"Angiotensin-converting enzyme";"Homo sapiens";"SINGLE PROTEIN";"CHEMBL5463721";"54";"SGC Frankfurt - Donated Chemical Probes";"";"2023";"None";"Compound concentration = 10.0 uM";"";"";"102.0"
"CHEMBL3414622";"";"None";"499.53";"0";"3.00";"(R)-PFI-2";"O=C([C@@H](Cc1cccc(C(F)(F)F)c1)NS(=O)(=O)c1cc(F)c2c(c1)CCNC2)N1CCCC1";"Inhibition";"'='";"-4.0";"%";"";"";"";"UO_0000187";"";"";"";"";"0";"CHEMBL5709434";"Inhibition of human ACE at 10 uM relative to control";"B";"BAO_0000357";"single protein format";"Homo sapiens";"None";"None";"None";"None";"EFO_ID: MONDO:0004992 | EFO_TERM: cancer";"";"";"CHEMBL1808";"Angiotensin-converting enzyme";"Homo sapiens";"SINGLE PROTEIN";"CHEMBL5705898";"72";"Chemical Probe data from Scientific Literature";"Proc Natl Acad Sci U S A";"2014";"None";"DOSE = 10.0 microM";"";"";"-4.0"
"CHEMBL329823";"";"None";"444.51";"0";"1.87";"AD014";"O=C(NCC(=O)N1[C@@H](c2cccc(O)c2)CC[C@H]1C(=O)O)[C@@H](S)Cc1ccc(O)cc1";"IC50";"'='";"20.0";"nM";"7.70";"";"";"UO_0000065";"17.32";"0.34";"5.83";"6.05";"0";"CHEMBL6119899";"Inhibition of human glycosylated N-terminal catalytic ACE domain using Cbz-Phe-His-Leu substrate by fluorogenic end point activity assay";"B";"BAO_0000357";"single protein format";"Homo sapiens";"None";"None";"None";"None";"";"";"";"CHEMBL1808";"Angiotensin-converting enzyme";"Homo sapiens";"SINGLE PROTEIN";"CHEMBL6115051";"1";"Scientific Literature";"J Med Chem";"2025";"None";"";"INHIBITOR";"";"0.02"
"CHEMBL329823";"";"None";"444.51";"0";"1.87";"AD014";"O=C(NCC(=O)N1[C@@H](c2cccc(O)c2)CC[C@H]1C(=O)O)[C@@H](S)Cc1ccc(O)cc1";"IC50";"'='";"9.0";"nM";"8.05";"";"";"UO_0000065";"18.10";"0.35";"6.18";"6.33";"0";"CHEMBL6119900";"Inhibition of human glycosylated C-terminal catalytic ACE domain using Cbz-Phe-His-Leu substrate by fluorogenic end point activity assay";"B";"BAO_0000357";"single protein format";"Homo sapiens";"None";"None";"None";"None";"";"";"";"CHEMBL1808";"Angiotensin-converting enzyme";"Homo sapiens";"SINGLE PROTEIN";"CHEMBL6115051";"1";"Scientific Literature";"J Med Chem";"2025";"None";"";"INHIBITOR";"";"0.009"
"CHEMBL3342332";"A-1155463";"None";"669.80";"2";"6.33";"EUB0000262";"CN(C)CC#Cc1ccc(OCCCc2sc(N3CCc4cccc(C(=O)Nc5nc6ccccc6s5)c4C3)nc2C(=O)O)c(F)c1";"% Inhibition of Control Values (Mean n=2)";"'='";"22.1";"%";"";"";"";"UO_0000187";"";"";"";"";"0";"CHEMBL4883708";"ACE (h) Eurofins-Cerep enzyme and uptake assay";"B";"BAO_0000357";"single protein format";"Homo sapiens";"None";"None";"None";"None";"Source of protein: human recombinant | Reference compound: captopril | Incubation time: 30 min | Incubation temperature: 37°C | Detection method: Fluorimetry | Measured component: Abz-Phe-Arg | Substrate/Stimulus/Tracer: Abz-FRK(Dnp)-POH (15 µM) | Reference compound EC50 None 0.76 nM | Assay protocol publication: PMID: 20802975";"";"";"CHEMBL1808";"Angiotensin-converting enzyme";"Homo sapiens";"SINGLE PROTEIN";"CHEMBL4507311";"54";"SGC Frankfurt - Donated Chemical Probes";"";"2021";"None";"Compound concentration None 10.0 uM";"";"";"22.1"
"CHEMBL4755229";"";"None";"558.04";"1";"2.16";"EUB0001733a";"CNC(=O)COc1cc2cc(Nc3nc(N4CCC(C(=O)N(C)C)CC4)ncc3Cl)cc(OC)c2n(C)c1=O";"% Ctrl";"'='";"96.0";"%";"";"";"Not Active";"UO_0000187";"";"";"";"";"0";"CHEMBL5304223";"ACE(HU_AMTCH400) Eurofins SafetyScreen44 (BI)";"B";"BAO_0000357";"single protein format";"Homo sapiens";"None";"None";"None";"None";"Assay technology: Photometry | Assay type: biochemical | Method: Acetylcholinesterase ACE (human, AMTCh 400 uM) at CEREP";"";"";"CHEMBL1808";"Angiotensin-converting enzyme";"Homo sapiens";"SINGLE PROTEIN";"CHEMBL5303764";"54";"SGC Frankfurt - Donated Chemical Probes";"";"2023";"None";"Compound concentration = 10.0 uM";"";"";"96.0"
"CHEMBL4640049";"";"None";"484.99";"0";"3.33";"EUB0001732a";"CNC(=O)COc1cc2cc(Nc3nc(N4C[C@H](C)C[C@H](C)C4)ncc3Cl)ccc2n(C)c1=O";"% Ctrl";"'='";"106.0";"%";"";"";"Not Active";"UO_0000187";"";"";"";"";"0";"CHEMBL5304118";"ACE(HU_AMTCH400) Eurofins SafetyScreen44 (BI)";"B";"BAO_0000357";"single protein format";"Homo sapiens";"None";"None";"None";"None";"Assay technology: Photometry | Assay type: biochemical | Method: Acetylcholinesterase ACE (human, AMTCh 400 uM) at CEREP";"";"";"CHEMBL1808";"Angiotensin-converting enzyme";"Homo sapiens";"SINGLE PROTEIN";"CHEMBL5303763";"54";"SGC Frankfurt - Donated Chemical Probes";"";"2023";"None";"Compound concentration = 10.0 uM";"";"";"106.0"
"CHEMBL464889";"";"None";"364.35";"1";"-3.46";"Harpagide";"C[C@]1(O)C[C@@H](O)[C@]2(O)C=CO[C@@H](O[C@@H]3O[C@H](CO)[C@@H](O)[C@H](O)[C@H]3O)[C@@H]21";"Inhibition";"'='";"14.84";"%";"";"";"";"UO_0000187";"";"";"";"";"0";"CHEMBL4057853";"Inhibition of recombinant human ACE at 100 uM using Mca-R-P-PG-F-S-A-F-K(Dnp)-OH as substrate measured every 2 mins for 8 mins by fluorescence assay";"B";"BAO_0000357";"single protein format";"Homo sapiens";"None";"None";"None";"None";"";"";"";"CHEMBL1808";"Angiotensin-converting enzyme";"Homo sapiens";"SINGLE PROTEIN";"CHEMBL4052767";"1";"Scientific Literature";"Bioorg Med Chem Lett";"2017";"None";"";"";"";"14.84"
"CHEMBL1237";"LISINOPRIL ANHYDROUS";"4.0";"405.50";"0";"1.24";"Lisinopril";"NCCCC[C@H](N[C@@H](CCc1ccccc1)C(=O)O)C(=O)N1CCC[C@H]1C(=O)O";"Ratio Ki";"'='";"4.0";"";"";"";"";"";"";"";"";"";"0";"CHEMBL4406519";"Selectivity index, ratio of Ki for human wild type ACE N-domain to Ki for human testis ACE C-domain (unknown origin) using Abz-FRK(Dnp)P-OH as substrate by fluorescence based analysis";"U";"BAO_0000019";"assay format";"Homo sapiens";"None";"None";"None";"None";"";"";"";"CHEMBL1808";"Angiotensin-converting enzyme";"Homo sapiens";"SINGLE PROTEIN";"CHEMBL4402607";"1";"Scientific Literature";"J Med Chem";"2020";"None";"";"";"";"4.0"
"CHEMBL1581";"PERINDOPRIL";"4.0";"368.47";"0";"1.94";"41";"CCC[C@H](N[C@@H](C)C(=O)N1[C@H](C(=O)O)C[C@@H]2CCCC[C@@H]21)C(=O)OCC";"IC50";"'='";"3.6";"nM";"8.44";"";"";"UO_0000065";"22.92";"0.44";"6.50";"8.80";"0";"CHEMBL5258025";"Inhibition of angiotensin-converting enzyme (unknown origin)";"B";"BAO_0000357";"single protein format";"Homo sapiens";"None";"None";"None";"None";"";"";"";"CHEMBL1808";"Angiotensin-converting enzyme";"Homo sapiens";"SINGLE PROTEIN";"CHEMBL5257037";"1";"Scientific Literature";"J Med Chem";"2016";"None";"";"INHIBITOR";"";"3.6"
"CHEMBL5426568";"";"None";"287.75";"0";"2.70";"13c";"N[C@H](Cc1c[nH]cn1)c1ncc(-c2ccc(Cl)cc2)[nH]1";"Inhibition";"";"";"%";"";"";"";"UO_0000187";"";"";"";"";"0";"CHEMBL5338503";"Inhibition of C-terminal 10-His-tagged recombinant human ACE (30 to 1261 residues) expressed in mouse myeloma cells";"B";"BAO_0000219";"cell-based format";"Homo sapiens";"None";"None";"Multiple myeloma cell";"None";"";"";"";"CHEMBL1808";"Angiotensin-converting enzyme";"Homo sapiens";"SINGLE PROTEIN";"CHEMBL5335860";"1";"Scientific Literature";"ACS Med Chem Lett";"2024";"None";"";"";"Not active";""
"CHEMBL4165749";"BI 2545";"None";"527.43";"1";"4.24";"EUB0000318";"O=C(NC[C@@H]1[C@H]2CN(C(=O)OCc3cc(C(F)(F)F)cc(C(F)(F)F)c3)C[C@@H]12)c1ccc2[nH]nnc2c1";"% Ctrl";"'='";"109.0";"%";"";"";"Not Active";"UO_0000187";"";"";"";"";"0";"CHEMBL4881629";"ACE(HU_AMTCH400) Cerep selectivity data (BI)";"B";"BAO_0000357";"single protein format";"Homo sapiens";"None";"None";"None";"None";"Assay technology: Photometry | Assay type: biochemical | Method: Acetylcholinesterase ACE (human, AMTCh 400 uM) at CEREP";"";"";"CHEMBL1808";"Angiotensin-converting enzyme";"Homo sapiens";"SINGLE PROTEIN";"CHEMBL4507275";"54";"SGC Frankfurt - Donated Chemical Probes";"";"2021";"None";"Compound concentration None 10.0 uM";"";"";"109.0"
"CHEMBL459959";"";"None";"439.34";"0";"2.66";"11d";"C[C@H](CS)C(=O)N[C@@H](CSCc1ccc(I)cc1)C(=O)O";"IC50";"'='";"140.0";"nM";"6.85";"";"";"UO_0000065";"15.60";"0.45";"4.19";"10.32";"0";"CHEMBL1013488";"Inhibition of angiotensin-converting enzyme in whole blood by HPLC";"B";"BAO_0000221";"tissue-based format";"None";"CHEMBL3638178";"Blood";"None";"None";"";"";"";"CHEMBL1808";"Angiotensin-converting enzyme";"Homo sapiens";"SINGLE PROTEIN";"CHEMBL1154514";"1";"Scientific Literature";"Bioorg Med Chem Lett";"2009";"None";"";"";"";"140.0"
"CHEMBL511849";"";"None";"359.54";"0";"2.78";"11t";"CSc1ccc(CSC[C@H](NC(=O)[C@H](C)CS)C(=O)O)cc1";"IC50";"'='";"300.0";"nM";"6.52";"";"";"UO_0000065";"18.14";"0.40";"3.74";"9.82";"0";"CHEMBL1013488";"Inhibition of angiotensin-converting enzyme in whole blood by HPLC";"B";"BAO_0000221";"tissue-based format";"None";"CHEMBL3638178";"Blood";"None";"None";"";"";"";"CHEMBL1808";"Angiotensin-converting enzyme";"Homo sapiens";"SINGLE PROTEIN";"CHEMBL1154514";"1";"Scientific Literature";"Bioorg Med Chem Lett";"2009";"None";"";"";"";"300.0"
"CHEMBL456723";"";"None";"383.58";"0";"3.91";"16g";"CC(C)c1ccc(C(C)(C)SC[C@H](NC(=O)[C@H](C)CS)C(=O)O)cc1";"IC50";"'='";"260.0";"nM";"6.58";"";"";"UO_0000065";"17.17";"0.36";"2.68";"9.92";"0";"CHEMBL1013488";"Inhibition of angiotensin-converting enzyme in whole blood by HPLC";"B";"BAO_0000221";"tissue-based format";"None";"CHEMBL3638178";"Blood";"None";"None";"";"";"";"CHEMBL1808";"Angiotensin-converting enzyme";"Homo sapiens";"SINGLE PROTEIN";"CHEMBL1154514";"1";"Scientific Literature";"Bioorg Med Chem Lett";"2009";"None";"";"";"";"260.0"
"CHEMBL1235767";"";"None";"498.47";"1";"-0.45";"21, RXP407";"CC(=O)N[C@@H](CC(=O)O)C(=O)N[C@@H](Cc1ccccc1)P(=O)(O)C[C@@H](C)C(=O)N[C@@H](C)C(N)=O";"Ki";"'='";"7.0";"nM";"8.15";"";"";"UO_0000065";"16.36";"0.33";"8.60";"3.98";"0";"CHEMBL2155979";"Inhibition of human ACE N-terminal domain expressed in CHO cells after 90 mins by fluorescence assay";"B";"BAO_0000219";"cell-based format";"Homo sapiens";"None";"None";"CHO";"None";"";"";"";"CHEMBL1808";"Angiotensin-converting enzyme";"Homo sapiens";"SINGLE PROTEIN";"CHEMBL2150865";"1";"Scientific Literature";"J Med Chem";"2011";"CHEMBL3308072";"";"";"";"7.0"
"CHEMBL570953";"";"None";"711.71";"2";"5.78";"23";"O=C(N[C@@H](Cc1ccccc1)P(=O)(O)C[C@H](Cc1cc(-c2ccccc2)no1)C(=O)N[C@@H](Cc1ccc(O)cc1)C(=O)O)OCc1ccccc1";"Ki";"'='";"150.0";"nM";"6.82";"";"";"UO_0000065";"9.59";"0.18";"1.04";"3.62";"0";"CHEMBL2155979";"Inhibition of human ACE N-terminal domain expressed in CHO cells after 90 mins by fluorescence assay";"B";"BAO_0000219";"cell-based format";"Homo sapiens";"None";"None";"CHO";"None";"";"";"";"CHEMBL1808";"Angiotensin-converting enzyme";"Homo sapiens";"SINGLE PROTEIN";"CHEMBL2150865";"1";"Scientific Literature";"J Med Chem";"2011";"CHEMBL3308072";"";"";"";"150.0"
"CHEMBL429844";"ORE-1001";"1.0";"428.32";"0";"3.32";"MLN-4760-S";"CC(C)C[C@H](N[C@@H](Cc1cncn1Cc1cc(Cl)cc(Cl)c1)C(=O)O)C(=O)O";"Imax";"'='";"34.0";"%";"";"";"";"UO_0000187";"";"";"";"";"0";"CHEMBL5216077";"Inhibition of ACE in human MNCs assessed as maximum inhibition using substrate Mca-RPGFSAFK (Dnp)-OH as substrate by fluorescence plate reader assay relative to control";"B";"BAO_0000219";"cell-based format";"Homo sapiens";"None";"None";"Mononuclear cell line";"None";"";"";"";"CHEMBL1808";"Angiotensin-converting enzyme";"Homo sapiens";"SINGLE PROTEIN";"CHEMBL5214916";"1";"Scientific Literature";"Bioorg Med Chem";"2021";"None";"";"";"";"34.0"
"CHEMBL2048623";"";"None";"526.63";"2";"5.66";"EUB0001554";"Cc1cc(OC2CCS(=O)(=O)CC2)cc(C)c1-c1cccc(COc2ccc(CCC(=O)O)c(F)c2)c1";"Inhibition";"'='";"20.0";"%";"";"";"Not Active";"UO_0000187";"";"";"";"";"0";"CHEMBL4880877";"Inhibition of Peptidase, Angiotensin Converting Enzyme at compound concentration of 10.0 uM in the Eurofins-Panlabs enzyme assay (Eurofins_assay_107300)";"B";"BAO_0000357";"single protein format";"Oryctolagus cuniculus";"None";"None";"None";"None";"Source of protein: Rabbit lung | Reference compound: None | Substrate with concentration: 0.5 mM N-(3-[2-furyl]acryloyl)-phe-gly-gly (FAPGG) | Incubation time: 30 min | Incubation temperature: 25 C | Detection method: Spectrophotometric quantitation of remaining FAPGG | reference compound EC50: None | Assay protocol publication: PMID: 6299330 | Source of protein: Rabbit lung | Substrate with concentration: 0.5 mM N-(3-[2-furyl]acryloyl)-phe-gly-gly (FAPGG) | Incubation time: 30 min | Incubation temperature: 25 C | Detection method: Spectrophotometric quantitation of remaining FAPGG | Assay protocol publication: PMID: 6299330 | Source of protein: Rabbit lung | Substrate with concentration: 0.5 mM N-(3-[2-furyl]acryloyl)-phe-gly-gly (FAPGG) | Incubation time: 30 min | Incubation temperature: 25 C | Detection method: Spectrophotometric quantitation of remaining FAPGG | Assay protocol publication: PMID: 6299330";"";"";"CHEMBL1808";"Angiotensin-converting enzyme";"Homo sapiens";"SINGLE PROTEIN";"CHEMBL5058642";"54";"SGC Frankfurt - Donated Chemical Probes";"";"2022";"None";"Compound concentration = 10.0 uM";"";"";"20.0"
"CHEMBL4110944";"";"None";"457.57";"0";"1.19";"BDBM197051";"CC(C)C[C@H](S)C(=O)N1C[C@@H](F)C[C@H]1C(=O)N1CCC[C@H]1C(=O)N1CC[C@@H](C(=O)O)C1";"IC50";"'='";"68000.0";"nM";"4.17";"";"350119";"UO_0000065";"9.11";"0.18";"2.98";"4.24";"0";"CHEMBL3887730";"Enzyme Assay: Human recombinant angiotensin-converting enzyme (hrACE) was obtained from R&D Systems (Minneapolis, Minn.). Its enzyme activity was determined using the internally quenched fluorescent substrate ES005: (7-methoxycoumarin-4-yl)acetyl-Arg-Pro-Pro-Gly-Phe-Ser-Ala-Phe-(2,4-dinitrophenyl)-Lys (R&D Systems, Minneapolis, Minn.). The assay buffer was 0.1 M HEPES, pH 7.4, and the temperature was 30° C. The substrate concentration was below Km (≦40 μM). Enzyme rates were determined in an Fmax fluorescence plate reader (Molecular Devices, Sunnyvale, Calif.) using an excitation wavelength of 320 nm and an emission wavelength of 405 nm.";"B";"BAO_0000357";"single protein format";"Homo sapiens";"None";"None";"None";"None";"";"";"";"CHEMBL1808";"Angiotensin-converting enzyme";"Homo sapiens";"SINGLE PROTEIN";"CHEMBL3886427";"37";"BindingDB Patent Bioactivity Data";"";"2015";"None";"";"";"";"68000.0"
"CHEMBL577";"ENALAPRILAT ANHYDROUS";"4.0";"348.40";"0";"1.13";"26";"C[C@H](N[C@@H](CCc1ccccc1)C(=O)O)C(=O)N1CCC[C@H]1C(=O)O";"IC50";"'='";"1.2";"nM";"8.92";"";"";"UO_0000065";"25.61";"0.49";"7.79";"8.34";"1";"CHEMBL5258025";"Inhibition of angiotensin-converting enzyme (unknown origin)";"B";"BAO_0000357";"single protein format";"Homo sapiens";"None";"None";"None";"None";"";"";"";"CHEMBL1808";"Angiotensin-converting enzyme";"Homo sapiens";"SINGLE PROTEIN";"CHEMBL5257037";"1";"Scientific Literature";"J Med Chem";"2016";"None";"";"INHIBITOR";"";"1.2"
"CHEMBL1237";"LISINOPRIL ANHYDROUS";"4.0";"405.50";"0";"1.24";"27";"NCCCC[C@H](N[C@@H](CCc1ccccc1)C(=O)O)C(=O)N1CCC[C@H]1C(=O)O";"IC50";"'='";"1.2";"nM";"8.92";"";"";"UO_0000065";"22.00";"0.42";"7.68";"6.71";"1";"CHEMBL5258025";"Inhibition of angiotensin-converting enzyme (unknown origin)";"B";"BAO_0000357";"single protein format";"Homo sapiens";"None";"None";"None";"None";"";"";"";"CHEMBL1808";"Angiotensin-converting enzyme";"Homo sapiens";"SINGLE PROTEIN";"CHEMBL5257037";"1";"Scientific Literature";"J Med Chem";"2016";"None";"";"INHIBITOR";"";"1.2"
"CHEMBL75752";"";"None";"265.33";"0";"1.59";"28";"C[C@H](CS)C(=O)N1c2ccccc2C[C@H]1C(=O)O";"IC50";"'='";"2.6";"nM";"8.59";"";"";"UO_0000065";"32.36";"0.65";"7.00";"14.90";"0";"CHEMBL5258025";"Inhibition of angiotensin-converting enzyme (unknown origin)";"B";"BAO_0000357";"single protein format";"Homo sapiens";"None";"None";"None";"None";"";"";"";"CHEMBL1808";"Angiotensin-converting enzyme";"Homo sapiens";"SINGLE PROTEIN";"CHEMBL5257037";"1";"Scientific Literature";"J Med Chem";"2016";"None";"";"INHIBITOR";"";"2.6"
"CHEMBL79189";"";"None";"279.36";"0";"1.59";"30";"C[C@H](CS)C(=O)N1Cc2ccccc2C[C@H]1C(=O)O";"IC50";"'='";"18.0";"nM";"7.75";"";"";"UO_0000065";"27.72";"0.56";"6.15";"13.44";"0";"CHEMBL5258025";"Inhibition of angiotensin-converting enzyme (unknown origin)";"B";"BAO_0000357";"single protein format";"Homo sapiens";"None";"None";"None";"None";"";"";"";"CHEMBL1808";"Angiotensin-converting enzyme";"Homo sapiens";"SINGLE PROTEIN";"CHEMBL5257037";"1";"Scientific Literature";"J Med Chem";"2016";"None";"";"INHIBITOR";"";"18.0"
"CHEMBL5267769";"";"None";"396.44";"0";"2.22";"36";"C[C@H](N[C@@H](CCc1ccccc1)C(=O)O)C(=O)N1Cc2ccccc2[C@H]1C(=O)O";"IC50";"'='";"44.0";"nM";"7.36";"";"";"UO_0000065";"18.56";"0.35";"5.14";"6.88";"0";"CHEMBL5258025";"Inhibition of angiotensin-converting enzyme (unknown origin)";"B";"BAO_0000357";"single protein format";"Homo sapiens";"None";"None";"None";"None";"";"";"";"CHEMBL1808";"Angiotensin-converting enzyme";"Homo sapiens";"SINGLE PROTEIN";"CHEMBL5257037";"1";"Scientific Literature";"J Med Chem";"2016";"None";"";"INHIBITOR";"";"44.0"
"CHEMBL49920";"";"None";"426.54";"0";"2.32";"57";"C[C@H](NC(=O)[C@@H](CS)Cc1ccccc1)C(=O)N1Cc2ccccc2C[C@H]1C(=O)O";"IC50";"'='";"14.0";"nM";"7.85";"";"";"UO_0000065";"18.41";"0.36";"5.53";"9.06";"0";"CHEMBL5258025";"Inhibition of angiotensin-converting enzyme (unknown origin)";"B";"BAO_0000357";"single protein format";"Homo sapiens";"None";"None";"None";"None";"";"";"";"CHEMBL1808";"Angiotensin-converting enzyme";"Homo sapiens";"SINGLE PROTEIN";"CHEMBL5257037";"1";"Scientific Literature";"J Med Chem";"2016";"None";"";"INHIBITOR";"";"14.0"
"CHEMBL5266415";"";"None";"484.62";"0";"3.11";"54";"CC(C)C[C@@H](C(=O)O)N1CCO[C@@H](c2ccccc2)[C@H](NC(=O)[C@@H](S)Cc2ccccc2)C1=O";"Ki";"'='";"50000.0";"nM";"4.30";"";"";"UO_0000065";"8.88";"0.17";"1.19";"4.48";"0";"CHEMBL5258029";"Binding affinity to angiotensin-converting enzyme (unknown origin) assessed as inhibition constant";"B";"BAO_0000357";"single protein format";"Homo sapiens";"None";"None";"None";"None";"";"";"";"CHEMBL1808";"Angiotensin-converting enzyme";"Homo sapiens";"SINGLE PROTEIN";"CHEMBL5257037";"1";"Scientific Literature";"J Med Chem";"2016";"None";"";"INHIBITOR";"";"50.0"
"CHEMBL414828";"";"None";"186.21";"0";"-0.59";"48";"C[C@H](N)C(=O)N1CCC[C@H]1C(=O)O";"IC50";"'='";"229086.77";"nM";"";"Outside typical range";"";"UO_0000065";"";"";"";"";"0";"CHEMBL648337";"Inhibitory activity against angiotensin converting enzyme (ACE)";"F";"BAO_0000019";"assay format";"None";"None";"None";"None";"None";"";"";"";"CHEMBL1808";"Angiotensin-converting enzyme";"Homo sapiens";"SINGLE PROTEIN";"CHEMBL1126767";"1";"Scientific Literature";"J Med Chem";"1993";"None";"";"";"";"3.64"
"CHEMBL577";"ENALAPRILAT ANHYDROUS";"4.0";"348.40";"0";"1.13";"MK-422";"C[C@H](N[C@@H](CCc1ccccc1)C(=O)O)C(=O)N1CCC[C@H]1C(=O)O";"IC50";"'='";"3100.0";"nM";"5.51";"";"";"UO_0000065";"15.81";"0.30";"4.38";"5.15";"0";"CHEMBL648701";"In vitro inhibitory activity against Angiotensin I converting enzyme from unpurified guinea pig serum";"B";"BAO_0000357";"single protein format";"Cavia porcellus";"None";"None";"None";"None";"";"";"";"CHEMBL1808";"Angiotensin-converting enzyme";"Homo sapiens";"SINGLE PROTEIN";"CHEMBL1123106";"1";"Scientific Literature";"J Med Chem";"1985";"None";"";"";"";"0.0000031"
"CHEMBL280164";"APAFANT";"2.0";"455.97";"0";"3.43";"EUB0000847";"Cc1nnc2n1-c1sc(CCC(=O)N3CCOCC3)cc1C(c1ccccc1Cl)=NC2";"% Ctrl";"'='";"96.0";"%";"";"";"Not Active";"UO_0000187";"";"";"";"";"0";"CHEMBL5463744";"Activity against ACE(HU_AMTCH400) in the  Eurofins Cerep SafetyScreen44 (BI) by Photometry (Cerep_3441)";"B";"BAO_0000357";"single protein format";"Homo sapiens";"None";"None";"None";"None";"Assay technology: Photometry | Assay type: biochemical | Assay technology: Photometry | Assay type: biochemical | Method: Acetylcholinesterase ACE (human, AMTCh 400 uM) at CEREP";"";"";"CHEMBL1808";"Angiotensin-converting enzyme";"Homo sapiens";"SINGLE PROTEIN";"CHEMBL5463721";"54";"SGC Frankfurt - Donated Chemical Probes";"";"2023";"None";"Compound concentration = 10.0 uM";"";"";"96.0"
"CHEMBL1560";"CAPTOPRIL";"4.0";"217.29";"0";"0.63";"captopril";"C[C@H](CS)C(=O)N1CCC[C@H]1C(=O)O";"EC50";"'='";"18539.58";"nM";"4.73";"";"";"UO_0000065";"21.78";"0.46";"4.10";"8.21";"0";"CHEMBL871554";"Inhibition of human ACE K1087A mutant";"B";"BAO_0000357";"single protein format";"Homo sapiens";"None";"None";"None";"None";"";"";"";"CHEMBL1808";"Angiotensin-converting enzyme";"Homo sapiens";"SINGLE PROTEIN";"CHEMBL1146875";"1";"Scientific Literature";"Bioorg Med Chem Lett";"2006";"None";"";"";"";"-4.7319"
"CHEMBL5434641";"";"None";"1945.33";"None";"None";"BCY15294";"CC[C@H](C)[C@@H]1NC(=O)[C@H](CCCNC(=N)N)NC(=O)[C@@H]2CCCN2C(=O)[C@@H]2CSCCC(=O)N3CN(CN(C3)C(=O)CCSC[C@@H](C(=O)N[C@@H](C)C(N)=O)NC(=O)[C@H](CC(N)=O)NC1=O)C(=O)CCSC[C@H](NC(=O)[C@H](C)N)C(=O)N[C@@H](CC(C)C)C(=O)N[C@@H](CCCNC(=N)N)C(=O)N[C@@H](CO)C(=O)N[C@@H](Cc1ccc(O)cc1)C(=O)N[C@@H](CC(N)=O)C(=O)N[C@@H](CC(C)C)C(=O)N2";"IC50";"'>'";"40.0";"nM";"";"";"";"UO_0000065";"";"";"";"";"0";"CHEMBL5350896";"Inhibition of human ACE (30 to 1261 residues) using MCA-RPPGFSAFK-Dnp-OH as substrate by fluorescence based analysis";"B";"BAO_0000357";"single protein format";"Homo sapiens";"None";"None";"None";"None";"";"";"";"CHEMBL1808";"Angiotensin-converting enzyme";"Homo sapiens";"SINGLE PROTEIN";"CHEMBL5346959";"1";"Scientific Literature";"J Med Chem";"2023";"None";"";"";"";"40.0"
"CHEMBL5429801";"";"None";"2102.51";"None";"None";"BCY20860";"CC[C@H](C)[C@@H]1NC(=O)[C@H](CCCNC(=N)N)NC(=O)[C@@H]2CCCN2C(=O)[C@H](CC(C)C)NC(=O)[C@H](CC(C)C)NC(=O)[C@H](CO)NC(=O)[C@H](CO)NNC(=O)[C@@H]2CSCCC(=O)N3CN(CN(C3)C(=O)CCSC[C@@H](C(=O)N[C@@H](C)C(N)=O)NC(=O)[C@H](Cc3c[nH]cn3)NC1=O)C(=O)CCSC[C@H](NC(=O)[C@H](C)N)C(=O)N[C@@H](C(C)C)C(=O)N[C@@H](CCNC(=N)N)C(=O)N[C@@H](CO)C(=O)N[C@@H](Cc1c[nH]cn1)C(=O)N2";"Kd";"'>'";"10000.0";"nM";"";"";"";"UO_0000065";"";"";"";"";"0";"CHEMBL5350899";"Binding affinity to human ACE assessed as binding constant by surface plasmon resonance analysis";"B";"BAO_0000357";"single protein format";"Homo sapiens";"None";"None";"None";"None";"";"";"";"CHEMBL1808";"Angiotensin-converting enzyme";"Homo sapiens";"SINGLE PROTEIN";"CHEMBL5346959";"1";"Scientific Literature";"J Med Chem";"2023";"None";"";"";"";"10.0"
"CHEMBL5437403";"";"None";"2155.61";"None";"None";"BCY20871";"CC[C@H](C)[C@@H]1NC(=O)[C@H](CCCNC(=N)N)NC(=O)[C@@H]2CCCN2C(=O)[C@H](CC(C)C)NC(=O)[C@H](CC(C)C)NC(=O)[C@H](CO)NC(=O)[C@H](CO)NNC(=O)[C@@H]2CSCCC(=O)N3CN(CN(C3)C(=O)CCSC[C@@H](C(=O)N[C@@H](C)C(N)=O)NC(=O)[C@H](Cc3c[nH]cn3)NC1=O)C(=O)CCSC[C@H](NC(=O)[C@H](C)N)C(=O)N[C@@H](C(C)C)C(=O)N[C@@H](CCCNC(=N)N)C(=O)N[C@@H](CO)C(=O)N[C@@H](Cc1ccc(CN)cc1)C(=O)N2";"Kd";"'>'";"10000.0";"nM";"";"";"";"UO_0000065";"";"";"";"";"0";"CHEMBL5350899";"Binding affinity to human ACE assessed as binding constant by surface plasmon resonance analysis";"B";"BAO_0000357";"single protein format";"Homo sapiens";"None";"None";"None";"None";"";"";"";"CHEMBL1808";"Angiotensin-converting enzyme";"Homo sapiens";"SINGLE PROTEIN";"CHEMBL5346959";"1";"Scientific Literature";"J Med Chem";"2023";"None";"";"";"";"10.0"
"CHEMBL298827";"(S)-THIORPHAN";"None";"253.32";"0";"0.98";"47";"O=C(O)CNC(=O)[C@@H](CS)Cc1ccccc1";"Ki";"'='";"130.0";"nM";"6.89";"";"";"UO_0000065";"27.18";"0.55";"5.91";"10.37";"0";"CHEMBL5258029";"Binding affinity to angiotensin-converting enzyme (unknown origin) assessed as inhibition constant";"B";"BAO_0000357";"single protein format";"Homo sapiens";"None";"None";"None";"None";"";"";"";"CHEMBL1808";"Angiotensin-converting enzyme";"Homo sapiens";"SINGLE PROTEIN";"CHEMBL5257037";"1";"Scientific Literature";"J Med Chem";"2016";"None";"";"INHIBITOR";"";"130.0"
"CHEMBL4282264";"A-485";"None";"536.48";"1";"3.68";"EUB0000328a";"CNC(=O)Nc1ccc2c(c1)CC[C@@]21OC(=O)N(CC(=O)N(Cc2ccc(F)cc2)[C@@H](C)C(F)(F)F)C1=O";"Inhibition";"'='";"-13.0";"%";"";"Outside typical range";"";"UO_0000187";"";"";"";"";"0";"CHEMBL5650530";"Inhibition of human ACE at 10 uM by radioligand binding assay relative to control";"B";"BAO_0000357";"single protein format";"Homo sapiens";"None";"None";"None";"None";"EFO_ID: MONDO:0004992 | EFO_TERM: cancer | EFO_ID: MONDO:0021259 | EFO_TERM: prostate neoplasm";"";"";"CHEMBL1808";"Angiotensin-converting enzyme";"Homo sapiens";"SINGLE PROTEIN";"CHEMBL5649168";"72";"Chemical Probe data from Scientific Literature";"Nature";"2017";"None";"DOSE = 10.0 microM";"";"";"-13.0"
"CHEMBL445830";"";"None";"235.33";"0";"0.54";"69; YS-980";"C[C@H](CS)C(=O)N1CSC[C@H]1C(=O)O";"IC50";"'='";"371.54";"nM";"6.43";"";"";"UO_0000065";"27.32";"0.63";"5.89";"11.16";"0";"CHEMBL5229289";"Inhibition of ACE (unknown origin)";"B";"BAO_0000357";"single protein format";"Homo sapiens";"None";"None";"None";"None";"";"";"";"CHEMBL1808";"Angiotensin-converting enzyme";"Homo sapiens";"SINGLE PROTEIN";"CHEMBL5226360";"1";"Scientific Literature";"Bioorg Med Chem Lett";"2022";"None";"";"INHIBITOR";"";"6.43"
"CHEMBL5394053";"";"None";"303.37";"0";"3.20";"13a";"N[C@@H](Cc1c[nH]cn1)c1ncc(-c2cccc3ccccc23)[nH]1";"Inhibition";"'='";"20.0";"%";"";"";"";"UO_0000187";"";"";"";"";"0";"CHEMBL5338507";"Inhibition of C-terminal 10-His-tagged recombinant human ACE (30 to 1261 residues) expressed in mouse myeloma cells relative to control";"B";"BAO_0000219";"cell-based format";"Homo sapiens";"None";"None";"Multiple myeloma cell";"None";"";"";"";"CHEMBL1808";"Angiotensin-converting enzyme";"Homo sapiens";"SINGLE PROTEIN";"CHEMBL5335860";"1";"Scientific Literature";"ACS Med Chem Lett";"2024";"None";"";"";"";"20.0"
"CHEMBL6191042";"";"None";"444.58";"1";"-1.21";"KAKV";"CC(C)[C@H](NC(=O)[C@H](CCCCN)NC(=O)[C@H](C)NC(=O)[C@@H](N)CCCCN)C(=O)O";"IC50";"'='";"2924000.0";"nM";"";"Outside typical range";"";"UO_0000065";"";"";"";"";"0";"CHEMBL6179895";"Inhibition of ACE (unknown origin) preincubated with compound for 5 mins and measured after 60 mins";"B";"BAO_0000357";"single protein format";"Homo sapiens";"None";"None";"None";"None";"";"";"";"CHEMBL1808";"Angiotensin-converting enzyme";"Homo sapiens";"SINGLE PROTEIN";"CHEMBL6177964";"1";"Scientific Literature";"Eur J Med Chem";"2025";"None";"TIME = 1.083 hr";"INHIBITOR";"";"2924.0"
"CHEMBL1237";"LISINOPRIL ANHYDROUS";"4.0";"405.50";"0";"1.24";"Lisinopril";"NCCCC[C@H](N[C@@H](CCc1ccccc1)C(=O)O)C(=O)N1CCC[C@H]1C(=O)O";"Activity";"";"";"";"";"";"";"";"";"";"";"";"0";"CHEMBL6179899";"Binding affinity to ACE (unknown origin) measured within 14 mins";"B";"BAO_0000357";"single protein format";"Homo sapiens";"None";"None";"None";"None";"";"";"";"CHEMBL1808";"Angiotensin-converting enzyme";"Homo sapiens";"SINGLE PROTEIN";"CHEMBL6177964";"1";"Scientific Literature";"Eur J Med Chem";"2025";"None";"TIME = 0.2333 hr";"INHIBITOR";"Active";""
"CHEMBL6192435";"";"None";"648.76";"2";"1.58";"LAPYW";"CC(C)C[C@H](N)C(=O)N[C@@H](C)C(=O)N1CCC[C@H]1C(=O)N[C@@H](Cc1ccc(O)cc1)C(=O)N[C@@H](Cc1c[nH]c2ccccc12)C(=O)O";"IC50";"'='";"5420.0";"nM";"5.27";"";"";"UO_0000065";"8.12";"0.15";"3.69";"2.54";"0";"CHEMBL6179901";"Binding affinity to ACE (unknown origin)";"B";"BAO_0000357";"single protein format";"Homo sapiens";"None";"None";"None";"None";"";"";"";"CHEMBL1808";"Angiotensin-converting enzyme";"Homo sapiens";"SINGLE PROTEIN";"CHEMBL6177964";"1";"Scientific Literature";"Eur J Med Chem";"2025";"None";"";"INHIBITOR";"";"5.42"
"CHEMBL1907752";"";"None";"463.60";"0";"2.93";"11";"CCOC(=O)C(CCc1ccccc1)[S+]([O-])C(C)C(=O)N1C2CCCCC2C[C@H]1C(=O)O";"IC50";"'='";"220.0";"nM";"6.66";"";"";"UO_0000065";"14.36";"0.28";"3.73";"6.22";"0";"CHEMBL648701";"In vitro inhibitory activity against Angiotensin I converting enzyme from unpurified guinea pig serum";"B";"BAO_0000357";"single protein format";"Cavia porcellus";"None";"None";"None";"None";"";"";"";"CHEMBL1808";"Angiotensin-converting enzyme";"Homo sapiens";"SINGLE PROTEIN";"CHEMBL1123106";"1";"Scientific Literature";"J Med Chem";"1985";"None";"";"";"";"2.2E-7"
"CHEMBL196902";"";"None";"267.35";"0";"1.37";"80";"O=C(O)CCNC(=O)C(CS)Cc1ccccc1";"IC50";"'='";"32000.0";"nM";"4.50";"";"";"UO_0000065";"16.81";"0.34";"3.12";"6.77";"0";"CHEMBL881232";"Inhibitory concentration against angiotensin I converting enzyme";"B";"BAO_0000357";"single protein format";"Homo sapiens";"None";"None";"None";"None";"";"";"";"CHEMBL1808";"Angiotensin-converting enzyme";"Homo sapiens";"SINGLE PROTEIN";"CHEMBL1140446";"1";"Scientific Literature";"J Med Chem";"2005";"None";"";"";"";"32000.0"
"CHEMBL42583";"SAMPATRILAT";"2.0";"584.69";"2";"0.32";"Sampatrilat";"CS(=O)(=O)N[C@@H](CCCCN)C(=O)NC[C@H](CC1(C(=O)N[C@@H](Cc2ccc(O)cc2)C(=O)O)CCCC1)C(=O)O";"Ki";"'='";"172.0";"nM";"6.76";"";"";"UO_0000065";"";"";"";"";"0";"CHEMBL4406513";"Inhibition of human somatic ACE N-domain soluble form (1 to 629 residues) expressed in CHO cells using Z-FHL as substrate preincubated with enzyme followed by substrate addition by fluorescence based assay";"A";"BAO_0000219";"cell-based format";"Homo sapiens";"None";"None";"CHO";"None";"";"";"";"CHEMBL1808";"Angiotensin-converting enzyme";"Homo sapiens";"SINGLE PROTEIN";"CHEMBL4402607";"1";"Scientific Literature";"J Med Chem";"2020";"CHEMBL3308072";"";"";"";"172.0"
"CHEMBL4462603";"";"None";"535.55";"2";"0.25";"SamASP";"CC(=O)N[C@@H](CC(=O)O)C(=O)NC[C@H](CC1(C(=O)N[C@@H](Cc2ccc(O)cc2)C(=O)O)CCCC1)C(=O)O";"Ki";"'='";"7400.0";"nM";"5.13";"";"";"UO_0000065";"9.58";"0.18";"4.88";"2.34";"0";"CHEMBL4406514";"Inhibition of human testis ACE C-domain lacking unique O-glycosylated region, transmembrane anchor and cytoplasmic tail expressed in CHO cells using Z-FHL as substrate by fluorescence based assay";"B";"BAO_0000219";"cell-based format";"Homo sapiens";"None";"None";"CHO";"None";"";"";"";"CHEMBL1808";"Angiotensin-converting enzyme";"Homo sapiens";"SINGLE PROTEIN";"CHEMBL4402607";"1";"Scientific Literature";"J Med Chem";"2020";"CHEMBL3308072";"";"";"";"7.4"
"CHEMBL80667";"";"None";"254.31";"0";"1.55";"62";"O=C(CCS)OC(Cc1ccccc1)C(=O)O";"IC50";"'='";"707.95";"nM";"6.15";"";"";"UO_0000065";"";"";"";"";"0";"CHEMBL648337";"Inhibitory activity against angiotensin converting enzyme (ACE)";"F";"BAO_0000019";"assay format";"None";"None";"None";"None";"None";"";"";"";"CHEMBL1808";"Angiotensin-converting enzyme";"Homo sapiens";"SINGLE PROTEIN";"CHEMBL1126767";"1";"Scientific Literature";"J Med Chem";"1993";"None";"";"";"";"6.15"
"CHEMBL311239";"";"None";"243.29";"0";"-0.16";"THIOL_14";"O=C(CCS)N[C@@H](Cc1c[nH]cn1)C(=O)O";"IC50";"'='";"229086.77";"nM";"";"Outside typical range";"";"UO_0000065";"";"";"";"";"0";"CHEMBL648337";"Inhibitory activity against angiotensin converting enzyme (ACE)";"F";"BAO_0000019";"assay format";"None";"None";"None";"None";"None";"";"";"";"CHEMBL1808";"Angiotensin-converting enzyme";"Homo sapiens";"SINGLE PROTEIN";"CHEMBL1126767";"1";"Scientific Literature";"J Med Chem";"1993";"None";"";"";"";"3.64"
"CHEMBL5308145";"";"None";"394.40";"0";"2.19";"EUB0002187";"CCn1c(=O)c(C)cn(Cc2nnc(-c3ccc(F)c(OC)c3F)s2)c1=O";"% Ctrl";"'='";"117.0";"%";"";"";"Not Active";"UO_0000187";"";"";"";"";"0";"CHEMBL5303977";"ACE(HU_AMTCH400) Eurofins SafetyScreen44 (BI)";"B";"BAO_0000357";"single protein format";"Homo sapiens";"None";"None";"None";"None";"Assay technology: Photometry | Assay type: biochemical | Method: Acetylcholinesterase ACE (human, AMTCh 400 uM) at CEREP";"";"";"CHEMBL1808";"Angiotensin-converting enzyme";"Homo sapiens";"SINGLE PROTEIN";"CHEMBL5303761";"54";"SGC Frankfurt - Donated Chemical Probes";"";"2023";"None";"Compound concentration = 10.0 uM";"";"";"117.0"
"CHEMBL6192024";"";"None";"531.66";"2";"-0.15";"KAKW";"C[C@H](NC(=O)[C@@H](N)CCCCN)C(=O)N[C@@H](CCCCN)C(=O)N[C@@H](Cc1c[nH]c2ccccc12)C(=O)O";"Kd";"'='";"57.7";"nM";"7.24";"";"";"UO_0000065";"13.62";"0.26";"7.39";"3.31";"0";"CHEMBL6179898";"Binding affinity to ACE (unknown origin) assessed as dissociation constant by isothermal titration calorimetric analysis";"B";"BAO_0000357";"single protein format";"Homo sapiens";"None";"None";"None";"None";"";"";"";"CHEMBL1808";"Angiotensin-converting enzyme";"Homo sapiens";"SINGLE PROTEIN";"CHEMBL6177964";"1";"Scientific Literature";"Eur J Med Chem";"2025";"None";"";"INHIBITOR";"";"57.7"
"CHEMBL6191332";"";"None";"542.68";"2";"1.26";"KWLP";"CC(C)C[C@H](NC(=O)[C@H](Cc1c[nH]c2ccccc12)NC(=O)[C@@H](N)CCCCN)C(=O)N1CCC[C@H]1C(=O)O";"IC50";"'='";"5000.0";"nM";"5.30";"";"";"UO_0000065";"9.77";"0.19";"4.04";"2.89";"0";"CHEMBL6179936";"Inhibition of ACE (unknown origin)";"B";"BAO_0000357";"single protein format";"Homo sapiens";"None";"None";"None";"None";"";"";"";"CHEMBL1808";"Angiotensin-converting enzyme";"Homo sapiens";"SINGLE PROTEIN";"CHEMBL6177964";"1";"Scientific Literature";"Eur J Med Chem";"2025";"None";"";"INHIBITOR";"";"5.0"
"CHEMBL190994";"";"None";"325.41";"0";"0.43";"IPP";"CC[C@H](C)[C@H](N)C(=O)N1CCC[C@H]1C(=O)N1CCC[C@H]1C(=O)O";"IC50";"'='";"5000.0";"nM";"5.30";"";"";"UO_0000065";"16.29";"0.31";"4.87";"5.10";"0";"CHEMBL6179936";"Inhibition of ACE (unknown origin)";"B";"BAO_0000357";"single protein format";"Homo sapiens";"None";"None";"None";"None";"";"";"";"CHEMBL1808";"Angiotensin-converting enzyme";"Homo sapiens";"SINGLE PROTEIN";"CHEMBL6177964";"1";"Scientific Literature";"Eur J Med Chem";"2025";"None";"";"INHIBITOR";"";"5.0"
"CHEMBL1560";"CAPTOPRIL";"4.0";"217.29";"0";"0.63";"Captopril";"C[C@H](CS)C(=O)N1CCC[C@H]1C(=O)O";"IC50";"'='";"300.0";"nM";"6.52";"";"";"UO_0000065";"30.02";"0.64";"5.89";"11.32";"1";"CHEMBL644577";"Compound was evaluated for inhibition of porcine plasma Angiotensin I converting enzyme by using fluorometric assay";"B";"BAO_0000357";"single protein format";"Sus scrofa";"CHEMBL3559721";"Plasma";"None";"None";"";"";"";"CHEMBL1808";"Angiotensin-converting enzyme";"Homo sapiens";"SINGLE PROTEIN";"CHEMBL1122914";"1";"Scientific Literature";"J Med Chem";"1985";"None";"";"";"";"300.0"
"CHEMBL110925";"";"None";"517.32";"1";"1.52";"24d";"CC(NC(CCC(=O)Nc1ccc(I)cc1)C(=O)O)C(=O)N1CCCC1C(=O)O";"IC50";"'='";"0.7943";"nM";"9.10";"";"";"UO_0000065";"17.59";"0.43";"7.58";"6.69";"0";"CHEMBL646945";"Inhibition of angiotensin I converting enzyme in silico";"B";"BAO_0000357";"single protein format";"None";"None";"None";"None";"None";"";"";"";"CHEMBL1808";"Angiotensin-converting enzyme";"Homo sapiens";"SINGLE PROTEIN";"CHEMBL1130169";"1";"Scientific Literature";"J Med Chem";"1997";"None";"";"";"";"9.1"
"CHEMBL290328";"";"None";"362.43";"0";"1.60";"5s";"COC(=O)[C@H](CC(C)C)N[C@H]1CCc2ccccc2N(CC(=O)O)C1=O";"IC50";"'='";"1000.0";"nM";"6.00";"";"";"UO_0000065";"16.55";"0.32";"4.40";"6.25";"0";"CHEMBL644701";"In vitro inhibitory activity against Angiotensin I converting enzyme";"B";"BAO_0000357";"single protein format";"None";"None";"None";"None";"None";"";"";"";"CHEMBL1808";"Angiotensin-converting enzyme";"Homo sapiens";"SINGLE PROTEIN";"CHEMBL1122836";"1";"Scientific Literature";"J Med Chem";"1985";"None";"";"";"";"1000.0"
"CHEMBL42583";"SAMPATRILAT";"2.0";"584.69";"2";"0.32";"Sampatrilat";"CS(=O)(=O)N[C@@H](CCCCN)C(=O)NC[C@H](CC1(C(=O)N[C@@H](Cc2ccc(O)cc2)C(=O)O)CCCC1)C(=O)O";"Ratio Ki";"'='";"12.5";"";"";"";"";"";"";"";"";"";"0";"CHEMBL4406515";"Selectivity index, ratio of Ki for human ACE N-domain soluble form (1 to 629 residues) expressed in CHO cells to Ki for human testis ACE C-domain lacking unique O-glycosylated region, transmembrane anchor and cytoplasmic tail expressed in CHO cells";"U";"BAO_0000219";"cell-based format";"Homo sapiens";"None";"None";"None";"None";"";"";"";"CHEMBL1808";"Angiotensin-converting enzyme";"Homo sapiens";"SINGLE PROTEIN";"CHEMBL4402607";"1";"Scientific Literature";"J Med Chem";"2020";"None";"";"";"";"12.5"
"CHEMBL417007";"LBQ-657";"-1.0";"383.44";"0";"3.36";"LBQ657";"C[C@H](C[C@@H](Cc1ccc(-c2ccccc2)cc1)NC(=O)CCC(=O)O)C(=O)O";"IC50";"'>'";"100000.0";"nM";"";"";"";"UO_0000065";"";"";"";"";"0";"CHEMBL4406521";"Inhibition of human ACE using MCA-RPPGFSAFK-Dnp-OH as substrate by fluorescence based analysis";"B";"BAO_0000357";"single protein format";"Homo sapiens";"None";"None";"None";"None";"";"";"";"CHEMBL1808";"Angiotensin-converting enzyme";"Homo sapiens";"SINGLE PROTEIN";"CHEMBL4402607";"1";"Scientific Literature";"J Med Chem";"2020";"None";"";"";"";"100.0"
"CHEMBL80101";"";"None";"265.26";"0";"0.66";"46";"O=C(O)CCC(=O)N[C@@H](Cc1ccccc1)C(=O)O";"IC50";"'='";"549540.87";"nM";"";"Outside typical range";"";"UO_0000065";"";"";"";"";"0";"CHEMBL648337";"Inhibitory activity against angiotensin converting enzyme (ACE)";"F";"BAO_0000019";"assay format";"None";"None";"None";"None";"None";"";"";"";"CHEMBL1808";"Angiotensin-converting enzyme";"Homo sapiens";"SINGLE PROTEIN";"CHEMBL1126767";"1";"Scientific Literature";"J Med Chem";"1993";"None";"";"";"";"3.26"
"CHEMBL381557";"";"None";"431.49";"1";"0.04";"11";"NCCC[C@H](NC(=O)[C@@H](N)Cc1c[nH]c2ccc(O)cc12)C(=O)N1CCC[C@H]1C(=O)O";"Activity";"'='";"4.2";"mU/ml";"";"";"";"";"";"";"";"";"0";"CHEMBL861822";"Activity against ACE in bovine kidney";"B";"BAO_0000221";"tissue-based format";"Bos taurus";"CHEMBL3638241";"Kidney";"None";"None";"";"";"";"CHEMBL1808";"Angiotensin-converting enzyme";"Homo sapiens";"SINGLE PROTEIN";"CHEMBL1146940";"1";"Scientific Literature";"Bioorg Med Chem Lett";"2006";"None";"";"";"";"4.2"
"CHEMBL381557";"";"None";"431.49";"1";"0.04";"11";"NCCC[C@H](NC(=O)[C@@H](N)Cc1c[nH]c2ccc(O)cc12)C(=O)N1CCC[C@H]1C(=O)O";"IC50";"'='";"4000.0";"nM";"5.40";"";"";"UO_0000065";"12.51";"0.24";"5.36";"3.09";"0";"CHEMBL861823";"Inhibition of ACE in bovine kidney";"B";"BAO_0000221";"tissue-based format";"Bos taurus";"CHEMBL3638241";"Kidney";"None";"None";"";"";"";"CHEMBL1808";"Angiotensin-converting enzyme";"Homo sapiens";"SINGLE PROTEIN";"CHEMBL1146940";"1";"Scientific Literature";"Bioorg Med Chem Lett";"2006";"None";"";"";"";"4.0"
"CHEMBL173376";"";"None";"436.51";"0";"2.76";"20";"Cc1ccccc1C(=O)NC(Cc1ccccc1)C(=O)CCC(=O)N1CCC[C@H]1C(=O)O";"IC50";"'='";"46.0";"nM";"7.34";"";"";"UO_0000065";"16.81";"0.31";"4.58";"7.07";"0";"CHEMBL648346";"Concentration required to inhibit the activity of Angiotensin I converting enzyme by 50%";"B";"BAO_0000224";"protein format";"Cavia porcellus";"None";"None";"None";"None";"";"";"";"CHEMBL1808";"Angiotensin-converting enzyme";"Homo sapiens";"SINGLE PROTEIN";"CHEMBL1121683";"1";"Scientific Literature";"J Med Chem";"1981";"None";"";"";"";"4.6E-8"
"CHEMBL5077796";"";"None";"456.54";"0";"2.74";"AD012";"CCCC[C@H](N[C@@H](CCc1ccccc1)C(=O)O)C(=O)N[C@@H](Cc1ccc(O)cc1)C(=O)O";"Ki";"'='";"120.0";"nM";"6.92";"";"";"UO_0000065";"15.16";"0.29";"4.18";"5.09";"0";"CHEMBL5042030";"Inhibition of recombinant human ACE N-domain expressed in CHO cells using Cbz-Phe-His-Leu as substrate preincubated for 15 mins followed by substrate addition and measured after 10 mins by fluorescence spectrophotometric analysis";"B";"BAO_0000219";"cell-based format";"Homo sapiens";"None";"None";"CHO";"None";"";"";"";"CHEMBL1808";"Angiotensin-converting enzyme";"Homo sapiens";"SINGLE PROTEIN";"CHEMBL5038663";"1";"Scientific Literature";"J Med Chem";"2022";"None";"TIME = 0.4167 hr";"INHIBITOR";"";"0.12"
"CHEMBL56119";"";"None";"188.23";"0";"-0.44";"GL";"CC(C)C[C@H](NC(=O)CN)C(=O)O";"IC50";"'='";"2511886.43";"nM";"";"Outside typical range";"";"UO_0000065";"";"";"";"";"0";"CHEMBL858254";"Biological activity was measured against Angiotensin I converting enzyme";"B";"BAO_0000357";"single protein format";"None";"None";"None";"None";"None";"";"";"";"CHEMBL1808";"Angiotensin-converting enzyme";"Homo sapiens";"SINGLE PROTEIN";"CHEMBL1128468";"1";"Scientific Literature";"J Med Chem";"1995";"None";"";"";"";"2.6"
"CHEMBL86518";"";"None";"362.43";"0";"1.52";"37";"O=C(O)CN1CCCCCC(NC(CCc2ccccc2)C(=O)O)C1=O";"IC50";"'='";"1700.0";"nM";"5.77";"";"";"UO_0000065";"15.92";"0.30";"4.25";"5.40";"0";"CHEMBL644703";"Inhibitory concentration (isomer A) against Angiotensin I converting enzyme";"B";"BAO_0000357";"single protein format";"None";"None";"None";"None";"None";"";"";"";"CHEMBL1808";"Angiotensin-converting enzyme";"Homo sapiens";"SINGLE PROTEIN";"CHEMBL1123398";"1";"Scientific Literature";"J Med Chem";"1986";"None";"";"";"";"0.0000017"
"CHEMBL86518";"";"None";"362.43";"0";"1.52";"37";"O=C(O)CN1CCCCCC(NC(CCc2ccccc2)C(=O)O)C1=O";"IC50";"'='";"4.8";"nM";"8.32";"";"";"UO_0000065";"22.95";"0.44";"6.80";"7.78";"0";"CHEMBL644704";"Inhibitory concentration (isomer B) against Angiotensin I converting enzyme";"B";"BAO_0000357";"single protein format";"None";"None";"None";"None";"None";"";"";"";"CHEMBL1808";"Angiotensin-converting enzyme";"Homo sapiens";"SINGLE PROTEIN";"CHEMBL1123398";"1";"Scientific Literature";"J Med Chem";"1986";"None";"";"";"";"4.8E-9"
"CHEMBL208622";"";"None";"391.47";"0";"1.01";"9";"NCCCC[C@H](NC(=O)CCc1ccc(O)cc1)C(=O)N1CCC[C@H]1C(=O)O";"Inhibition";"'='";"29.32";"%";"";"";"";"UO_0000187";"";"";"";"";"0";"CHEMBL861823";"Inhibition of ACE in bovine kidney";"B";"BAO_0000221";"tissue-based format";"Bos taurus";"CHEMBL3638241";"Kidney";"None";"None";"";"";"";"CHEMBL1808";"Angiotensin-converting enzyme";"Homo sapiens";"SINGLE PROTEIN";"CHEMBL1146940";"1";"Scientific Literature";"Bioorg Med Chem Lett";"2006";"None";"";"";"";"29.32"
"CHEMBL5092999";"";"None";"568.66";"2";"5.94";"EUB0001700";"COCCCS(=O)(=O)c1cc(C)c(-c2ccc(F)c3c2CC[C@H]3Oc2ccc3c(c2)OC[C@H]3CC(=O)O)c(C)c1";"% Ctrl";"'='";"99.0";"%";"";"";"Not Active";"UO_0000187";"";"";"";"";"0";"CHEMBL5058857";"ACE(HU_AMTCH400) Eurofins SafetyScreen44 (BI)";"B";"BAO_0000357";"single protein format";"Homo sapiens";"None";"None";"None";"None";"Assay type: biochemical | Method: Acetylcholinesterase ACE (human, AMTCh 400 uM) at CEREP | Assay technology: Photometry";"";"";"CHEMBL1808";"Angiotensin-converting enzyme";"Homo sapiens";"SINGLE PROTEIN";"CHEMBL5058643";"54";"SGC Frankfurt - Donated Chemical Probes";"";"2022";"None";"Compound concentration = 10.0 uM";"";"";"99.0"
"CHEMBL4537788";"BAY-784";"None";"672.12";"2";"5.26";"EUB0000347";"O=C(NCc1ncc(C(F)(F)F)cc1Cl)c1ccc2c(c1)C1(CCS(=O)(=O)CC1)[C@H](C1CC1)N2S(=O)(=O)c1ccc(F)cc1";"Inhibition";"'='";"0.0";"%";"";"";"Not Active";"UO_0000187";"";"";"";"";"0";"CHEMBL4880877";"Inhibition of Peptidase, Angiotensin Converting Enzyme at compound concentration of 10.0 uM in the Eurofins-Panlabs enzyme assay (Eurofins_assay_107300)";"B";"BAO_0000357";"single protein format";"Oryctolagus cuniculus";"None";"None";"None";"None";"Source of protein: Rabbit lung | Reference compound: None | Substrate with concentration: 0.5 mM N-(3-[2-furyl]acryloyl)-phe-gly-gly (FAPGG) | Incubation time: 30 min | Incubation temperature: 25 C | Detection method: Spectrophotometric quantitation of remaining FAPGG | reference compound EC50: None | Assay protocol publication: PMID: 6299330 | Source of protein: Rabbit lung | Substrate with concentration: 0.5 mM N-(3-[2-furyl]acryloyl)-phe-gly-gly (FAPGG) | Incubation time: 30 min | Incubation temperature: 25 C | Detection method: Spectrophotometric quantitation of remaining FAPGG | Assay protocol publication: PMID: 6299330 | Source of protein: Rabbit lung | Substrate with concentration: 0.5 mM N-(3-[2-furyl]acryloyl)-phe-gly-gly (FAPGG) | Incubation time: 30 min | Incubation temperature: 25 C | Detection method: Spectrophotometric quantitation of remaining FAPGG | Assay protocol publication: PMID: 6299330";"";"";"CHEMBL1808";"Angiotensin-converting enzyme";"Homo sapiens";"SINGLE PROTEIN";"CHEMBL4507266";"54";"SGC Frankfurt - Donated Chemical Probes";"";"2021";"None";"Compound concentration None 10.0 uM";"";"";"0.0"
"CHEMBL327401";"";"None";"629.72";"2";"-0.42";"5";"C[C@H](NC(=O)[C@H](Cc1c[nH]c2ccccc12)NC(=O)[C@H](CCCCN)NC(=O)[C@@H](N)CCC(=O)O)C(=O)N1CCC[C@H]1C(=O)O";"IC50";"'='";"60.0";"nM";"7.22";"";"";"UO_0000065";"11.47";"0.22";"7.64";"2.89";"0";"CHEMBL883277";"Inhibition of Angiotensin I converting enzyme (ACE) in Bothrops jararaca venom";"B";"BAO_0000357";"single protein format";"Bothrops jararaca";"None";"None";"None";"None";"";"";"";"CHEMBL1808";"Angiotensin-converting enzyme";"Homo sapiens";"SINGLE PROTEIN";"CHEMBL1135683";"1";"Scientific Literature";"J Med Chem";"2002";"None";"";"";"";"6E-8"
"CHEMBL212710";"";"None";"494.59";"1";"2.45";"LisW";"NCCCC[C@H](N[C@@H](CCc1ccccc1)C(=O)O)C(=O)N[C@@H](Cc1c[nH]c2ccccc12)C(=O)O";"Ki";"'='";"1700.0";"nM";"5.77";"";"";"UO_0000065";"11.67";"0.22";"3.32";"3.66";"0";"CHEMBL5042030";"Inhibition of recombinant human ACE N-domain expressed in CHO cells using Cbz-Phe-His-Leu as substrate preincubated for 15 mins followed by substrate addition and measured after 10 mins by fluorescence spectrophotometric analysis";"B";"BAO_0000219";"cell-based format";"Homo sapiens";"None";"None";"CHO";"None";"";"";"";"CHEMBL1808";"Angiotensin-converting enzyme";"Homo sapiens";"SINGLE PROTEIN";"CHEMBL5038663";"1";"Scientific Literature";"J Med Chem";"2022";"None";"TIME = 0.4167 hr";"INHIBITOR";"";"1.7"
"CHEMBL2403318";"DELEOBUVIR";"3.0";"653.58";"2";"6.85";"EUB0001577a";"Cn1c(C2(NC(=O)c3ccc4c(C5CCCC5)c(-c5ncc(Br)cn5)n(C)c4c3)CCC2)nc2ccc(/C=C/C(=O)O)cc21";"% Ctrl";"'='";"109.0";"%";"";"";"Not Active";"UO_0000187";"";"";"";"";"0";"CHEMBL4885604";"ACE(HU_AMTCH400) Eurofins SafetyScreen44 (BI)";"B";"BAO_0000357";"single protein format";"Homo sapiens";"None";"None";"None";"None";"Assay technology: Photometry | Assay type: biochemical | Method: Acetylcholinesterase ACE (human, AMTCh 400 uM) at CEREP";"";"";"CHEMBL1808";"Angiotensin-converting enzyme";"Homo sapiens";"SINGLE PROTEIN";"CHEMBL4630904";"54";"SGC Frankfurt - Donated Chemical Probes";"";"2021";"None";"Compound concentration None 10.0 uM";"";"";"109.0"
"CHEMBL5177023";"";"None";"681.81";"2";"6.20";"57";"Cc1c(C#Cc2ccc(CN3CCC(CO)CC3)cc2)cc(C(F)F)c2cn(C(C(=O)Nc3nccs3)c3ncn4c3CCC43CC3)nc12";"IC50";"'>'";"3000.0";"nM";"";"";"";"UO_0000065";"";"";"";"";"0";"CHEMBL5120439";"Inhibition of angiotensin-converting enzyme (unknown origin)";"B";"BAO_0000357";"single protein format";"Homo sapiens";"None";"None";"None";"None";"";"";"";"CHEMBL1808";"Angiotensin-converting enzyme";"Homo sapiens";"SINGLE PROTEIN";"CHEMBL5113538";"1";"Scientific Literature";"J Med Chem";"2022";"None";"";"";"";"3.0"
"CHEMBL26285";"";"None";"581.59";"2";"3.04";"2r";"COC(=O)c1ccc2oc(C(=O)C(Cc3ccccc3)NC(=O)Cn3c(-c4cccc(OC)c4)ncc(N)c3=O)nc2c1";"NA";"";"";"";"";"";"Not Active";"";"";"";"";"";"0";"CHEMBL876758";"Inhibitory activity against human angiotensin I converting enzyme (10 uM); No inhibition";"B";"BAO_0000357";"single protein format";"None";"None";"None";"None";"None";"";"";"";"CHEMBL1808";"Angiotensin-converting enzyme";"Homo sapiens";"SINGLE PROTEIN";"CHEMBL1134397";"1";"Scientific Literature";"J Med Chem";"2001";"None";"";"";"";""
"CHEMBL316374";"";"None";"186.21";"0";"-0.59";"8";"NC1CCCCN(CC(=O)O)C1=O";"IC50";"'='";"480000.0";"nM";"";"Outside typical range";"";"UO_0000065";"";"";"";"";"0";"CHEMBL644705";"Inhibitory concentration against Angiotensin I converting enzyme";"B";"BAO_0000357";"single protein format";"None";"None";"None";"None";"None";"";"";"";"CHEMBL1808";"Angiotensin-converting enzyme";"Homo sapiens";"SINGLE PROTEIN";"CHEMBL1123398";"1";"Scientific Literature";"J Med Chem";"1986";"None";"";"";"";"0.00048"
"CHEMBL2115288";"";"None";"438.52";"0";"2.57";"24 (S,S,R)";"CCOC(=O)[C@H](CCc1ccccc1)N[C@@H](C)C(=O)N1Cc2ccccc2C[C@@H]1C(=O)O";"IC50";"'='";"6100.0";"nM";"5.21";"";"";"UO_0000065";"11.89";"0.22";"2.64";"5.44";"0";"CHEMBL648350";"Inhibition of guinea pig angiotensin I converting enzyme";"B";"BAO_0000357";"single protein format";"Cavia porcellus";"None";"None";"None";"None";"";"";"";"CHEMBL1808";"Angiotensin-converting enzyme";"Homo sapiens";"SINGLE PROTEIN";"CHEMBL1123237";"1";"Scientific Literature";"J Med Chem";"1986";"None";"";"";"";"6.1"
"CHEMBL88328";"";"None";"541.67";"1";"2.01";"6";"C[C@H](N[C@@H](CCc1ccccc1)C(=O)O)C(=O)N1C[C@H](NC(=O)C(CS)Cc2ccccc2)C[C@H]1C(=O)O";"IC50";"'='";"253.0";"nM";"6.60";"";"";"UO_0000065";"12.18";"0.24";"4.59";"4.85";"0";"CHEMBL648286";"In vitro inhibition against angiotensin converting enzyme (ACE)";"B";"BAO_0000357";"single protein format";"None";"None";"None";"None";"None";"";"";"";"CHEMBL1808";"Angiotensin-converting enzyme";"Homo sapiens";"SINGLE PROTEIN";"CHEMBL1152063";"1";"Scientific Literature";"Bioorg Med Chem Lett";"1994";"None";"";"";"";"253.0"
"CHEMBL1560";"CAPTOPRIL";"4.0";"217.29";"0";"0.63";"Captopril";"C[C@H](CS)C(=O)N1CCC[C@H]1C(=O)O";"IC50";"'='";"23.0";"nM";"7.64";"";"";"UO_0000065";"35.15";"0.75";"7.01";"13.26";"1";"CHEMBL648285";"In vitro inhibition against angiotensin converting enzyme (ACE)";"B";"BAO_0000224";"protein format";"None";"None";"None";"None";"None";"";"";"";"CHEMBL1808";"Angiotensin-converting enzyme";"Homo sapiens";"SINGLE PROTEIN";"CHEMBL1152063";"1";"Scientific Literature";"Bioorg Med Chem Lett";"1994";"None";"";"";"";"23.0"
"CHEMBL212710";"";"None";"494.59";"1";"2.45";"LisW";"NCCCC[C@H](N[C@@H](CCc1ccccc1)C(=O)O)C(=O)N[C@@H](Cc1c[nH]c2ccccc12)C(=O)O";"IC50";"'='";"3100.0";"nM";"5.51";"";"";"UO_0000065";"11.14";"0.21";"3.06";"3.50";"0";"CHEMBL6119899";"Inhibition of human glycosylated N-terminal catalytic ACE domain using Cbz-Phe-His-Leu substrate by fluorogenic end point activity assay";"B";"BAO_0000357";"single protein format";"Homo sapiens";"None";"None";"None";"None";"";"";"";"CHEMBL1808";"Angiotensin-converting enzyme";"Homo sapiens";"SINGLE PROTEIN";"CHEMBL6115051";"1";"Scientific Literature";"J Med Chem";"2025";"None";"";"INHIBITOR";"";"3.1"
"CHEMBL6192024";"";"None";"531.66";"2";"-0.15";"KAKW";"C[C@H](NC(=O)[C@@H](N)CCCCN)C(=O)N[C@@H](CCCCN)C(=O)N[C@@H](Cc1c[nH]c2ccccc12)C(=O)O";"IC50";"'='";"2020.0";"nM";"5.70";"";"";"UO_0000065";"10.71";"0.20";"5.84";"2.61";"0";"CHEMBL6179895";"Inhibition of ACE (unknown origin) preincubated with compound for 5 mins and measured after 60 mins";"B";"BAO_0000357";"single protein format";"Homo sapiens";"None";"None";"None";"None";"";"";"";"CHEMBL1808";"Angiotensin-converting enzyme";"Homo sapiens";"SINGLE PROTEIN";"CHEMBL6177964";"1";"Scientific Literature";"Eur J Med Chem";"2025";"None";"TIME = 1.083 hr";"INHIBITOR";"";"2.02"
"CHEMBL6190637";"";"None";"442.56";"1";"-1.36";"KAPK";"C[C@H](NC(=O)[C@@H](N)CCCCN)C(=O)N1CCC[C@H]1C(=O)N[C@@H](CCCCN)C(=O)O";"IC50";"'='";"1453000.0";"nM";"";"Outside typical range";"";"UO_0000065";"";"";"";"";"0";"CHEMBL6179895";"Inhibition of ACE (unknown origin) preincubated with compound for 5 mins and measured after 60 mins";"B";"BAO_0000357";"single protein format";"Homo sapiens";"None";"None";"None";"None";"";"";"";"CHEMBL1808";"Angiotensin-converting enzyme";"Homo sapiens";"SINGLE PROTEIN";"CHEMBL6177964";"1";"Scientific Literature";"Eur J Med Chem";"2025";"None";"TIME = 1.083 hr";"INHIBITOR";"";"1453.0"
"CHEMBL6190453";"";"None";"476.64";"1";"-1.12";"KAKM";"CSCC[C@H](NC(=O)[C@H](CCCCN)NC(=O)[C@H](C)NC(=O)[C@@H](N)CCCCN)C(=O)O";"IC50";"'='";"789000.0";"nM";"";"Outside typical range";"";"UO_0000065";"";"";"";"";"0";"CHEMBL6179895";"Inhibition of ACE (unknown origin) preincubated with compound for 5 mins and measured after 60 mins";"B";"BAO_0000357";"single protein format";"Homo sapiens";"None";"None";"None";"None";"";"";"";"CHEMBL1808";"Angiotensin-converting enzyme";"Homo sapiens";"SINGLE PROTEIN";"CHEMBL6177964";"1";"Scientific Literature";"Eur J Med Chem";"2025";"None";"TIME = 1.083 hr";"INHIBITOR";"";"789.0"
"CHEMBL6189833";"";"None";"442.56";"1";"-1.36";"KAKP";"C[C@H](NC(=O)[C@@H](N)CCCCN)C(=O)N[C@@H](CCCCN)C(=O)N1CCC[C@H]1C(=O)O";"Activity";"";"";"";"";"";"";"";"";"";"";"";"0";"CHEMBL6179900";"Binding affinity to ACE (unknown origin) measured at 20 mins";"B";"BAO_0000357";"single protein format";"Homo sapiens";"None";"None";"None";"None";"";"";"";"CHEMBL1808";"Angiotensin-converting enzyme";"Homo sapiens";"SINGLE PROTEIN";"CHEMBL6177964";"1";"Scientific Literature";"Eur J Med Chem";"2025";"None";"TIME = 0.3333 hr";"INHIBITOR";"Active";""
"CHEMBL6192024";"";"None";"531.66";"2";"-0.15";"KAKW";"C[C@H](NC(=O)[C@@H](N)CCCCN)C(=O)N[C@@H](CCCCN)C(=O)N[C@@H](Cc1c[nH]c2ccccc12)C(=O)O";"Activity";"";"";"";"";"";"";"";"";"";"";"";"0";"CHEMBL6179900";"Binding affinity to ACE (unknown origin) measured at 20 mins";"B";"BAO_0000357";"single protein format";"Homo sapiens";"None";"None";"None";"None";"";"";"";"CHEMBL1808";"Angiotensin-converting enzyme";"Homo sapiens";"SINGLE PROTEIN";"CHEMBL6177964";"1";"Scientific Literature";"Eur J Med Chem";"2025";"None";"TIME = 0.3333 hr";"INHIBITOR";"Active";""
"CHEMBL5306038";"";"None";"489.02";"0";"1.17";"EUB0001699";"CCn1c(CNC(=O)c2ncc(C)nc2N)[n+](CC)c2ccc(C(=O)N(C)CN(C)C)cc21.[Cl-]";"% Ctrl";"'='";"39.0";"%";"";"";"Slightly Active";"UO_0000187";"";"";"";"";"0";"CHEMBL5304073";"ACE(HU_AMTCH400) Eurofins SafetyScreen44 (BI)";"B";"BAO_0000357";"single protein format";"Homo sapiens";"None";"None";"None";"None";"Assay technology: Photometry | Assay type: biochemical";"";"";"CHEMBL1808";"Angiotensin-converting enzyme";"Homo sapiens";"SINGLE PROTEIN";"CHEMBL5303762";"54";"SGC Frankfurt - Donated Chemical Probes";"";"2023";"None";"Compound concentration = 10.0 uM";"";"";"39.0"
"CHEMBL6195034";"";"None";"364.45";"0";"2.84";"None";"CCNc1cc(C#Cc2ccc(OC3CCN(C(N)=O)CC3)cc2)ccn1";"Inhibition";"'='";"-1.0";"%";"";"";"Not Active";"UO_0000187";"";"";"";"";"0";"CHEMBL4880877";"Inhibition of Peptidase, Angiotensin Converting Enzyme at compound concentration of 10.0 uM in the Eurofins-Panlabs enzyme assay (Eurofins_assay_107300)";"B";"BAO_0000357";"single protein format";"Oryctolagus cuniculus";"None";"None";"None";"None";"Source of protein: Rabbit lung | Reference compound: None | Substrate with concentration: 0.5 mM N-(3-[2-furyl]acryloyl)-phe-gly-gly (FAPGG) | Incubation time: 30 min | Incubation temperature: 25 C | Detection method: Spectrophotometric quantitation of remaining FAPGG | reference compound EC50: None | Assay protocol publication: PMID: 6299330 | Source of protein: Rabbit lung | Substrate with concentration: 0.5 mM N-(3-[2-furyl]acryloyl)-phe-gly-gly (FAPGG) | Incubation time: 30 min | Incubation temperature: 25 C | Detection method: Spectrophotometric quantitation of remaining FAPGG | Assay protocol publication: PMID: 6299330 | Source of protein: Rabbit lung | Substrate with concentration: 0.5 mM N-(3-[2-furyl]acryloyl)-phe-gly-gly (FAPGG) | Incubation time: 30 min | Incubation temperature: 25 C | Detection method: Spectrophotometric quantitation of remaining FAPGG | Assay protocol publication: PMID: 6299330";"";"";"CHEMBL1808";"Angiotensin-converting enzyme";"Homo sapiens";"SINGLE PROTEIN";"CHEMBL6193870";"54";"SGC Frankfurt - Donated Chemical Probes";"";"2025";"None";"Reference compound: Captopril | Reference compound EC50 = 0.01 uM";"";"";"-1.0"
"CHEMBL94119";"";"None";"228.29";"0";"0.44";"IP";"CC[C@H](C)[C@H](N)C(=O)N1CCC[C@@H]1C(=O)O";"IC50";"'='";"128824.96";"nM";"";"Outside typical range";"";"UO_0000065";"";"";"";"";"0";"CHEMBL858254";"Biological activity was measured against Angiotensin I converting enzyme";"B";"BAO_0000357";"single protein format";"None";"None";"None";"None";"None";"";"";"";"CHEMBL1808";"Angiotensin-converting enzyme";"Homo sapiens";"SINGLE PROTEIN";"CHEMBL1128468";"1";"Scientific Literature";"J Med Chem";"1995";"None";"";"";"";"3.89"
"CHEMBL205494";"";"None";"396.53";"0";"0.97";"6";"NCCCC[C@H](NC(=O)[C@@H](N)CC1CCCCC1)C(=O)N1CCC[C@H]1C(=O)O";"Activity";"'='";"13.11";"mU/ml";"";"";"";"";"";"";"";"";"0";"CHEMBL861822";"Activity against ACE in bovine kidney";"B";"BAO_0000221";"tissue-based format";"Bos taurus";"CHEMBL3638241";"Kidney";"None";"None";"";"";"";"CHEMBL1808";"Angiotensin-converting enzyme";"Homo sapiens";"SINGLE PROTEIN";"CHEMBL1146940";"1";"Scientific Literature";"Bioorg Med Chem Lett";"2006";"None";"";"";"";"13.11"
"CHEMBL205806";"";"None";"390.48";"0";"0.25";"13";"NCCC[C@H](NC(=O)C[C@@H](N)Cc1ccccc1)C(=O)N1CCC[C@H]1C(=O)O";"Inhibition";"'='";"31.72";"%";"";"";"";"UO_0000187";"";"";"";"";"0";"CHEMBL861823";"Inhibition of ACE in bovine kidney";"B";"BAO_0000221";"tissue-based format";"Bos taurus";"CHEMBL3638241";"Kidney";"None";"None";"";"";"";"CHEMBL1808";"Angiotensin-converting enzyme";"Homo sapiens";"SINGLE PROTEIN";"CHEMBL1146940";"1";"Scientific Literature";"Bioorg Med Chem Lett";"2006";"None";"";"";"";"31.72"
"CHEMBL381993";"";"None";"429.52";"0";"0.73";"12";"NCCC[C@H](NC(=O)C[C@@H](N)Cc1c[nH]c2ccccc12)C(=O)N1CCC[C@H]1C(=O)O";"Inhibition";"'='";"9.13";"%";"";"";"";"UO_0000187";"";"";"";"";"0";"CHEMBL861823";"Inhibition of ACE in bovine kidney";"B";"BAO_0000221";"tissue-based format";"Bos taurus";"CHEMBL3638241";"Kidney";"None";"None";"";"";"";"CHEMBL1808";"Angiotensin-converting enzyme";"Homo sapiens";"SINGLE PROTEIN";"CHEMBL1146940";"1";"Scientific Literature";"Bioorg Med Chem Lett";"2006";"None";"";"";"";"9.13"
"CHEMBL205494";"";"None";"396.53";"0";"0.97";"6";"NCCCC[C@H](NC(=O)[C@@H](N)CC1CCCCC1)C(=O)N1CCC[C@H]1C(=O)O";"Inhibition";"'='";"3.71";"%";"";"";"";"UO_0000187";"";"";"";"";"0";"CHEMBL861823";"Inhibition of ACE in bovine kidney";"B";"BAO_0000221";"tissue-based format";"Bos taurus";"CHEMBL3638241";"Kidney";"None";"None";"";"";"";"CHEMBL1808";"Angiotensin-converting enzyme";"Homo sapiens";"SINGLE PROTEIN";"CHEMBL1146940";"1";"Scientific Literature";"Bioorg Med Chem Lett";"2006";"None";"";"";"";"3.71"
"CHEMBL315037";"";"None";"426.54";"0";"2.77";"AD015";"Cc1ccc([C@H]2CC[C@@H](C(=O)O)N2C(=O)CNC(=O)[C@@H](S)Cc2ccccc2)cc1";"IC50";"'='";"19.0";"nM";"7.72";"";"";"UO_0000065";"18.10";"0.35";"4.95";"8.90";"0";"CHEMBL6119899";"Inhibition of human glycosylated N-terminal catalytic ACE domain using Cbz-Phe-His-Leu substrate by fluorogenic end point activity assay";"B";"BAO_0000357";"single protein format";"Homo sapiens";"None";"None";"None";"None";"";"";"";"CHEMBL1808";"Angiotensin-converting enzyme";"Homo sapiens";"SINGLE PROTEIN";"CHEMBL6115051";"1";"Scientific Literature";"J Med Chem";"2025";"None";"";"INHIBITOR";"";"0.019"
"CHEMBL1237";"LISINOPRIL ANHYDROUS";"4.0";"405.50";"0";"1.24";"Lisinopril";"NCCCC[C@H](N[C@@H](CCc1ccccc1)C(=O)O)C(=O)N1CCC[C@H]1C(=O)O";"deltaH";"'='";"-3.21";"kcal/mol";"";"";"";"";"";"";"";"";"0";"CHEMBL6179894";"Binding affinity to ACE (unknown origin) assessed as change in enthalpy at 800 to 1400 nM by isothermal titration calorimetric analysis";"B";"BAO_0000357";"single protein format";"Homo sapiens";"None";"None";"None";"None";"";"";"";"CHEMBL1808";"Angiotensin-converting enzyme";"Homo sapiens";"SINGLE PROTEIN";"CHEMBL6177964";"1";"Scientific Literature";"Eur J Med Chem";"2025";"None";"DOSE_Lower = 800.0 nM | DOSE_Upper = 1400.0 nM";"INHIBITOR";"";"-3.21"
"CHEMBL6193377";"";"None";"448.48";"0";"-0.90";"GEPF";"NCC(=O)N[C@@H](CCC(=O)O)C(=O)N1CCC[C@H]1C(=O)N[C@@H](Cc1ccccc1)C(=O)O";"IC50";"'='";"36120.0";"nM";"4.44";"";"";"UO_0000065";"9.91";"0.19";"5.34";"2.48";"0";"CHEMBL6179895";"Inhibition of ACE (unknown origin) preincubated with compound for 5 mins and measured after 60 mins";"B";"BAO_0000357";"single protein format";"Homo sapiens";"None";"None";"None";"None";"";"";"";"CHEMBL1808";"Angiotensin-converting enzyme";"Homo sapiens";"SINGLE PROTEIN";"CHEMBL6177964";"1";"Scientific Literature";"Eur J Med Chem";"2025";"None";"TIME = 1.083 hr";"INHIBITOR";"";"36.12"
"CHEMBL6192631";"";"None";"458.60";"1";"-0.82";"KAKI";"CC[C@H](C)[C@H](NC(=O)[C@H](CCCCN)NC(=O)[C@H](C)NC(=O)[C@@H](N)CCCCN)C(=O)O";"IC50";"'='";"6891000.0";"nM";"";"Outside typical range";"";"UO_0000065";"";"";"";"";"0";"CHEMBL6179895";"Inhibition of ACE (unknown origin) preincubated with compound for 5 mins and measured after 60 mins";"B";"BAO_0000357";"single protein format";"Homo sapiens";"None";"None";"None";"None";"";"";"";"CHEMBL1808";"Angiotensin-converting enzyme";"Homo sapiens";"SINGLE PROTEIN";"CHEMBL6177964";"1";"Scientific Literature";"Eur J Med Chem";"2025";"None";"TIME = 1.083 hr";"INHIBITOR";"";"6891.0"
"CHEMBL6191147";"";"None";"442.48";"1";"-3.87";"GNPR";"N=C(N)NCCC[C@H](NC(=O)[C@@H]1CCCN1C(=O)[C@H](CC(N)=O)NC(=O)CN)C(=O)O";"IC50";"'='";"3051010.0";"nM";"";"Outside typical range";"";"UO_0000065";"";"";"";"";"0";"CHEMBL6179895";"Inhibition of ACE (unknown origin) preincubated with compound for 5 mins and measured after 60 mins";"B";"BAO_0000357";"single protein format";"Homo sapiens";"None";"None";"None";"None";"";"";"";"CHEMBL1808";"Angiotensin-converting enzyme";"Homo sapiens";"SINGLE PROTEIN";"CHEMBL6177964";"1";"Scientific Literature";"Eur J Med Chem";"2025";"None";"TIME = 1.083 hr";"INHIBITOR";"";"3051.01"
"CHEMBL1237";"LISINOPRIL ANHYDROUS";"4.0";"405.50";"0";"1.24";"Lisinopril";"NCCCC[C@H](N[C@@H](CCc1ccccc1)C(=O)O)C(=O)N1CCC[C@H]1C(=O)O";"deltaG";"'='";"-10.4";"kcal/mol";"";"";"";"";"";"";"";"";"0";"CHEMBL6179897";"Binding affinity to ACE (unknown origin) assessed as change in Gibbs free energy at 800 to 1400 nM by isothermal titration calorimetric analysis";"B";"BAO_0000357";"single protein format";"Homo sapiens";"None";"None";"None";"None";"";"";"";"CHEMBL1808";"Angiotensin-converting enzyme";"Homo sapiens";"SINGLE PROTEIN";"CHEMBL6177964";"1";"Scientific Literature";"Eur J Med Chem";"2025";"None";"DOSE_Lower = 800.0 nM | DOSE_Upper = 1400.0 nM";"INHIBITOR";"";"-10.4"
"CHEMBL6192024";"";"None";"531.66";"2";"-0.15";"KAKW";"C[C@H](NC(=O)[C@@H](N)CCCCN)C(=O)N[C@@H](CCCCN)C(=O)N[C@@H](Cc1c[nH]c2ccccc12)C(=O)O";"deltaH";"'='";"-8.31";"kcal/mol";"";"";"";"";"";"";"";"";"0";"CHEMBL6179894";"Binding affinity to ACE (unknown origin) assessed as change in enthalpy at 800 to 1400 nM by isothermal titration calorimetric analysis";"B";"BAO_0000357";"single protein format";"Homo sapiens";"None";"None";"None";"None";"";"";"";"CHEMBL1808";"Angiotensin-converting enzyme";"Homo sapiens";"SINGLE PROTEIN";"CHEMBL6177964";"1";"Scientific Literature";"Eur J Med Chem";"2025";"None";"DOSE_Lower = 800.0 nM | DOSE_Upper = 1400.0 nM";"INHIBITOR";"";"-8.31"
"CHEMBL6150643";"";"None";"267.28";"0";"3.72";"3";"Cc1nc2c(/C=C/c3ccc(O)cc3)cc(O)cc2o1";"Inhibition";"'='";"33.4";"%";"";"";"";"UO_0000187";"";"";"";"";"0";"CHEMBL6120111";"Inhibition of ACE (unknown origin) at 90 uM preincubated for 5 mins followed by substrate addition and measured immediately by fluorescence plate reader analysis relative to control";"B";"BAO_0000357";"single protein format";"Homo sapiens";"None";"None";"None";"None";"";"";"";"CHEMBL1808";"Angiotensin-converting enzyme";"Homo sapiens";"SINGLE PROTEIN";"CHEMBL6115059";"1";"Scientific Literature";"J Med Chem";"2025";"None";"DOSE = 90.0 microM | TIME = 0.08333 hr";"";"";"33.4"
"CHEMBL6160706";"";"None";"444.26";"0";"4.26";"15";"CCOC(c1ccc(O)cc1)C(OCC)c1cc(O)cc(O)c1I";"Inhibition";"'='";"0.5";"%";"";"";"";"UO_0000187";"";"";"";"";"0";"CHEMBL6120111";"Inhibition of ACE (unknown origin) at 90 uM preincubated for 5 mins followed by substrate addition and measured immediately by fluorescence plate reader analysis relative to control";"B";"BAO_0000357";"single protein format";"Homo sapiens";"None";"None";"None";"None";"";"";"";"CHEMBL1808";"Angiotensin-converting enzyme";"Homo sapiens";"SINGLE PROTEIN";"CHEMBL6115059";"1";"Scientific Literature";"J Med Chem";"2025";"None";"DOSE = 90.0 microM | TIME = 0.08333 hr";"";"";"0.5"
"CHEMBL1560";"CAPTOPRIL";"4.0";"217.29";"0";"0.63";"15";"C[C@H](CS)C(=O)N1CCC[C@H]1C(=O)O";"Inhibition";"'='";"81.2";"%";"";"";"";"UO_0000187";"";"";"";"";"0";"CHEMBL6120113";"Inhibition of ACE (unknown origin) at 10 uM preincubated for 5 mins followed by substrate addition and measured immediately by fluorescence plate reader analysis relative to control";"B";"BAO_0000357";"single protein format";"Homo sapiens";"None";"None";"None";"None";"";"";"";"CHEMBL1808";"Angiotensin-converting enzyme";"Homo sapiens";"SINGLE PROTEIN";"CHEMBL6115059";"1";"Scientific Literature";"J Med Chem";"2025";"None";"DOSE = 10.0 microM | TIME = 0.08333 hr";"INHIBITOR";"";"81.2"
"CHEMBL4209546";"";"None";"454.48";"1";"5.65";"6a-(R,R)";"Oc1ccc([C@@H]2Oc3ccc(/C=C/c4cc(O)cc(O)c4)cc3[C@H]2c2cc(O)cc(O)c2)cc1";"IC50";"'='";"8700.0";"nM";"5.06";"";"";"UO_0000065";"11.13";"0.20";"-0.59";"4.58";"0";"CHEMBL6120114";"Inhibition of ACE (unknown origin) preincubated for 5 mins followed by substrate addition and measured immediately by fluorescence plate reader analysis";"B";"BAO_0000357";"single protein format";"Homo sapiens";"None";"None";"None";"None";"";"";"";"CHEMBL1808";"Angiotensin-converting enzyme";"Homo sapiens";"SINGLE PROTEIN";"CHEMBL6115059";"1";"Scientific Literature";"J Med Chem";"2025";"None";"TIME = 0.08333 hr";"INHIBITOR";"";"8.7"
"CHEMBL408403";"ANGIOTENSIN II";"4.0";"1046.20";"None";"None";"Angll";"CC[C@H](C)[C@H](NC(=O)[C@H](Cc1ccc(O)cc1)NC(=O)[C@@H](NC(=O)[C@H](CCCNC(=N)N)NC(=O)[C@@H](N)CC(=O)O)C(C)C)C(=O)N[C@@H](Cc1cnc[nH]1)C(=O)N1CCC[C@H]1C(=O)N[C@@H](Cc1ccccc1)C(=O)O";"Inhibition";"'='";"36.8";"%";"";"";"";"UO_0000187";"";"";"";"";"0";"CHEMBL6120121";"Inhibition of ACE C-domain (unknown origin) using Abz-LFK(Dnp)-OH as substrate at 10 uM preincubated with substrate for 10 mins followed by ACE addition and measured after 30 mins by FRET analysis relative to control";"B";"BAO_0000357";"single protein format";"Homo sapiens";"None";"None";"None";"None";"";"";"";"CHEMBL1808";"Angiotensin-converting enzyme";"Homo sapiens";"SINGLE PROTEIN";"CHEMBL6115059";"1";"Scientific Literature";"J Med Chem";"2025";"None";"DOSE = 10.0 microM | TIME = 0.6667 hr";"";"";"36.8"
"CHEMBL6166713";"";"None";"318.37";"0";"3.66";"8; 11";"CCOC(c1ccc(O)cc1)C(OCC)c1cc(O)cc(O)c1";"IC50";"'>'";"1000000.0";"nM";"";"Outside typical range";"";"UO_0000065";"";"";"";"";"0";"CHEMBL6120114";"Inhibition of ACE (unknown origin) preincubated for 5 mins followed by substrate addition and measured immediately by fluorescence plate reader analysis";"B";"BAO_0000357";"single protein format";"Homo sapiens";"None";"None";"None";"None";"";"";"";"CHEMBL1808";"Angiotensin-converting enzyme";"Homo sapiens";"SINGLE PROTEIN";"CHEMBL6115059";"1";"Scientific Literature";"J Med Chem";"2025";"None";"TIME = 0.08333 hr";"";"";"1000.0"
"CHEMBL142945";"";"None";"354.14";"0";"3.58";"5";"Oc1ccc(/C=C/c2cc(O)c(I)c(O)c2)cc1";"Inhibition";"'='";"70.9";"%";"";"";"";"UO_0000187";"";"";"";"";"0";"CHEMBL6120111";"Inhibition of ACE (unknown origin) at 90 uM preincubated for 5 mins followed by substrate addition and measured immediately by fluorescence plate reader analysis relative to control";"B";"BAO_0000357";"single protein format";"Homo sapiens";"None";"None";"None";"None";"";"";"";"CHEMBL1808";"Angiotensin-converting enzyme";"Homo sapiens";"SINGLE PROTEIN";"CHEMBL6115059";"1";"Scientific Literature";"J Med Chem";"2025";"None";"DOSE = 90.0 microM | TIME = 0.08333 hr";"INHIBITOR";"";"70.9"
"CHEMBL6173765";"";"None";"273.24";"0";"2.58";"18";"O=[N+]([O-])/C(=C/c1ccc(O)cc1)c1cc(O)cc(O)c1";"Inhibition";"'='";"10.7";"%";"";"";"";"UO_0000187";"";"";"";"";"0";"CHEMBL6120111";"Inhibition of ACE (unknown origin) at 90 uM preincubated for 5 mins followed by substrate addition and measured immediately by fluorescence plate reader analysis relative to control";"B";"BAO_0000357";"single protein format";"Homo sapiens";"None";"None";"None";"None";"";"";"";"CHEMBL1808";"Angiotensin-converting enzyme";"Homo sapiens";"SINGLE PROTEIN";"CHEMBL6115059";"1";"Scientific Literature";"J Med Chem";"2025";"None";"DOSE = 90.0 microM | TIME = 0.08333 hr";"";"";"10.7"
"CHEMBL6172925";"";"None";"273.24";"0";"2.88";"19";"O=[N+]([O-])c1cc(/C=C/c2cc(O)cc(O)c2)ccc1O";"Inhibition";"'='";"28.1";"%";"";"";"";"UO_0000187";"";"";"";"";"0";"CHEMBL6120111";"Inhibition of ACE (unknown origin) at 90 uM preincubated for 5 mins followed by substrate addition and measured immediately by fluorescence plate reader analysis relative to control";"B";"BAO_0000357";"single protein format";"Homo sapiens";"None";"None";"None";"None";"";"";"";"CHEMBL1808";"Angiotensin-converting enzyme";"Homo sapiens";"SINGLE PROTEIN";"CHEMBL6115059";"1";"Scientific Literature";"J Med Chem";"2025";"None";"DOSE = 90.0 microM | TIME = 0.08333 hr";"";"";"28.1"
"CHEMBL6160332";"";"None";"454.48";"1";"5.65";"6-rac";"Oc1ccc(C2Oc3ccc(/C=C/c4cc(O)cc(O)c4)cc3C2c2cc(O)cc(O)c2)cc1";"IC50";"'='";"9200.0";"nM";"5.04";"";"";"UO_0000065";"11.08";"0.20";"-0.61";"4.56";"0";"CHEMBL6120114";"Inhibition of ACE (unknown origin) preincubated for 5 mins followed by substrate addition and measured immediately by fluorescence plate reader analysis";"B";"BAO_0000357";"single protein format";"Homo sapiens";"None";"None";"None";"None";"";"";"";"CHEMBL1808";"Angiotensin-converting enzyme";"Homo sapiens";"SINGLE PROTEIN";"CHEMBL6115059";"1";"Scientific Literature";"J Med Chem";"2025";"None";"TIME = 0.08333 hr";"INHIBITOR";"";"9.2"
"CHEMBL6151891";"";"None";"262.69";"0";"3.63";"16";"Oc1ccc(/C=C/c2cc(O)cc(O)c2Cl)cc1";"IC50";"'='";"61600.0";"nM";"4.21";"";"";"UO_0000065";"16.03";"0.32";"0.58";"6.94";"0";"CHEMBL6120114";"Inhibition of ACE (unknown origin) preincubated for 5 mins followed by substrate addition and measured immediately by fluorescence plate reader analysis";"B";"BAO_0000357";"single protein format";"Homo sapiens";"None";"None";"None";"None";"";"";"";"CHEMBL1808";"Angiotensin-converting enzyme";"Homo sapiens";"SINGLE PROTEIN";"CHEMBL6115059";"1";"Scientific Literature";"J Med Chem";"2025";"None";"TIME = 0.08333 hr";"INHIBITOR";"";"61.6"
"CHEMBL6160332";"";"None";"454.48";"1";"5.65";"6-rac";"Oc1ccc(C2Oc3ccc(/C=C/c4cc(O)cc(O)c4)cc3C2c2cc(O)cc(O)c2)cc1";"Inhibition";"'='";"46.3";"%";"";"";"";"UO_0000187";"";"";"";"";"0";"CHEMBL6120120";"Inhibition of ACE C-domain (unknown origin) using Abz-LFK(Dnp)-OH as substrate at 200 nM preincubated with substrate for 10 mins followed by ACE addition and measured after 30 mins by FRET analysis relative to control";"B";"BAO_0000357";"single protein format";"Homo sapiens";"None";"None";"None";"None";"";"";"";"CHEMBL1808";"Angiotensin-converting enzyme";"Homo sapiens";"SINGLE PROTEIN";"CHEMBL6115059";"1";"Scientific Literature";"J Med Chem";"2025";"None";"DOSE = 200.0 nM | TIME = 0.6667 hr";"INHIBITOR";"";"46.3"
"CHEMBL5402781";"";"None";"219.22";"0";"0.24";"S15";"Cc1oc(C)c(S(N)(=O)=O)c1C(=O)O";"IC50";"'>'";"1000000.0";"nM";"";"Outside typical range";"";"UO_0000065";"";"";"";"";"0";"CHEMBL5357104";"Inhibition of angiotensin-converting enzyme (unknown origin)";"B";"BAO_0000357";"single protein format";"Homo sapiens";"None";"None";"None";"None";"";"";"";"CHEMBL1808";"Angiotensin-converting enzyme";"Homo sapiens";"SINGLE PROTEIN";"CHEMBL5356930";"1";"Scientific Literature";"RSC Med Chem";"2023";"None";"";"";"";"1000.0"
"CHEMBL408403";"ANGIOTENSIN II";"4.0";"1046.20";"None";"None";"Angiotensin II";"CC[C@H](C)[C@H](NC(=O)[C@H](Cc1ccc(O)cc1)NC(=O)[C@@H](NC(=O)[C@H](CCCNC(=N)N)NC(=O)[C@@H](N)CC(=O)O)C(C)C)C(=O)N[C@@H](Cc1cnc[nH]1)C(=O)N1CCC[C@H]1C(=O)N[C@@H](Cc1ccccc1)C(=O)O";"Inhibition";"'='";"6.1";"%";"";"";"";"UO_0000187";"";"";"";"";"0";"CHEMBL6120118";"Inhibition of ACE N-domain (unknown origin) using Abz-SDK(Dnp)P-OH as substrate at 10 uM preincubated with substrate for 10 mins followed by ACE addition and measured after 30 mins by FRET analysis relative to control";"B";"BAO_0000357";"single protein format";"Homo sapiens";"None";"None";"None";"None";"";"";"";"CHEMBL1808";"Angiotensin-converting enzyme";"Homo sapiens";"SINGLE PROTEIN";"CHEMBL6115059";"1";"Scientific Literature";"J Med Chem";"2025";"None";"DOSE = 10.0 microM | TIME = 0.6667 hr";"";"";"6.1"
"CHEMBL6171615";"";"None";"354.14";"0";"3.58";"12";"Oc1ccc(/C=C/c2cc(O)cc(O)c2I)cc1";"IC50";"'='";"104800.0";"nM";"";"Outside typical range";"";"UO_0000065";"";"";"";"";"0";"CHEMBL6120119";"Inhibition of ACE N-domain (unknown origin) using Abz-SDK(Dnp)P-OH as substrate preincubated with substrate for 10 mins followed by ACE addition and measured after 30 mins by FRET analysis";"B";"BAO_0000357";"single protein format";"Homo sapiens";"None";"None";"None";"None";"";"";"";"CHEMBL1808";"Angiotensin-converting enzyme";"Homo sapiens";"SINGLE PROTEIN";"CHEMBL6115059";"1";"Scientific Literature";"J Med Chem";"2025";"None";"TIME = 0.6667 hr";"INHIBITOR";"";"104.8"
"CHEMBL4209546";"";"None";"454.48";"1";"5.65";"6a-(R,R)";"Oc1ccc([C@@H]2Oc3ccc(/C=C/c4cc(O)cc(O)c4)cc3[C@H]2c2cc(O)cc(O)c2)cc1";"Inhibition";"'='";"99.4";"%";"";"";"";"UO_0000187";"";"";"";"";"0";"CHEMBL6120126";"Inhibition of ACE (unknown origin) at 50 uM preincubated for 5 mins followed by substrate addition and measured immediately by fluorescence plate reader analysis relative to control";"B";"BAO_0000357";"single protein format";"Homo sapiens";"None";"None";"None";"None";"";"";"";"CHEMBL1808";"Angiotensin-converting enzyme";"Homo sapiens";"SINGLE PROTEIN";"CHEMBL6115059";"1";"Scientific Literature";"J Med Chem";"2025";"None";"DOSE = 50.0 microM | TIME = 0.08333 hr";"INHIBITOR";"";"99.4"
"CHEMBL6151891";"";"None";"262.69";"0";"3.63";"16";"Oc1ccc(/C=C/c2cc(O)cc(O)c2Cl)cc1";"Inhibition";"'='";"62.4";"%";"";"";"";"UO_0000187";"";"";"";"";"0";"CHEMBL6120111";"Inhibition of ACE (unknown origin) at 90 uM preincubated for 5 mins followed by substrate addition and measured immediately by fluorescence plate reader analysis relative to control";"B";"BAO_0000357";"single protein format";"Homo sapiens";"None";"None";"None";"None";"";"";"";"CHEMBL1808";"Angiotensin-converting enzyme";"Homo sapiens";"SINGLE PROTEIN";"CHEMBL6115059";"1";"Scientific Literature";"J Med Chem";"2025";"None";"DOSE = 90.0 microM | TIME = 0.08333 hr";"INHIBITOR";"";"62.4"
"CHEMBL6171615";"";"None";"354.14";"0";"3.58";"12";"Oc1ccc(/C=C/c2cc(O)cc(O)c2I)cc1";"IC50";"'='";"15100.0";"nM";"4.82";"";"";"UO_0000065";"13.61";"0.37";"1.24";"7.94";"0";"CHEMBL6120114";"Inhibition of ACE (unknown origin) preincubated for 5 mins followed by substrate addition and measured immediately by fluorescence plate reader analysis";"B";"BAO_0000357";"single protein format";"Homo sapiens";"None";"None";"None";"None";"";"";"";"CHEMBL1808";"Angiotensin-converting enzyme";"Homo sapiens";"SINGLE PROTEIN";"CHEMBL6115059";"1";"Scientific Literature";"J Med Chem";"2025";"None";"TIME = 0.08333 hr";"INHIBITOR";"";"15.1"
"CHEMBL6161258";"";"None";"706.27";"3";"7.14";"17";"Oc1ccc(/C=C/c2cc(O)c(I)c(O)c2-c2c(/C=C/c3ccc(O)cc3)cc(O)c(I)c2O)cc1";"IC50";"'='";"38800.0";"nM";"4.41";"";"";"UO_0000065";"6.25";"0.17";"-2.73";"3.63";"0";"CHEMBL6120114";"Inhibition of ACE (unknown origin) preincubated for 5 mins followed by substrate addition and measured immediately by fluorescence plate reader analysis";"B";"BAO_0000357";"single protein format";"Homo sapiens";"None";"None";"None";"None";"";"";"";"CHEMBL1808";"Angiotensin-converting enzyme";"Homo sapiens";"SINGLE PROTEIN";"CHEMBL6115059";"1";"Scientific Literature";"J Med Chem";"2025";"None";"TIME = 0.08333 hr";"INHIBITOR";"";"38.8"
"CHEMBL6171615";"";"None";"354.14";"0";"3.58";"12";"Oc1ccc(/C=C/c2cc(O)cc(O)c2I)cc1";"Inhibition";"";"";"%";"";"";"";"UO_0000187";"";"";"";"";"0";"CHEMBL6120116";"Mixed-type inhibition of ACE (unknown origin) using Abz-Gly-Phe(NO2)-Pro as substrate at 7.5 to 30 uM preincubated for 5 mins followed by substrate addition and measured immediately by Lineweaver-Burk plot analysis";"B";"BAO_0000357";"single protein format";"Homo sapiens";"None";"None";"None";"None";"";"";"";"CHEMBL1808";"Angiotensin-converting enzyme";"Homo sapiens";"SINGLE PROTEIN";"CHEMBL6115059";"1";"Scientific Literature";"J Med Chem";"2025";"None";"DOSE_Lower = 7.5 microM | DOSE_Upper = 30.0 microM | TIME = 0.08333 hr";"INHIBITOR";"Active";""
"CHEMBL6160332";"";"None";"454.48";"1";"5.65";"6-rac";"Oc1ccc(C2Oc3ccc(/C=C/c4cc(O)cc(O)c4)cc3C2c2cc(O)cc(O)c2)cc1";"IC50";"'='";"56400.0";"nM";"4.25";"";"";"UO_0000065";"9.35";"0.17";"-1.40";"3.85";"0";"CHEMBL6120119";"Inhibition of ACE N-domain (unknown origin) using Abz-SDK(Dnp)P-OH as substrate preincubated with substrate for 10 mins followed by ACE addition and measured after 30 mins by FRET analysis";"B";"BAO_0000357";"single protein format";"Homo sapiens";"None";"None";"None";"None";"";"";"";"CHEMBL1808";"Angiotensin-converting enzyme";"Homo sapiens";"SINGLE PROTEIN";"CHEMBL6115059";"1";"Scientific Literature";"J Med Chem";"2025";"None";"TIME = 0.6667 hr";"INHIBITOR";"";"56.4"
"CHEMBL4590201";"";"None";"342.37";"0";"1.68";"8e";"O=C(CF)CNC(=O)[C@H](Cc1ccccc1)NC(=O)c1ccccc1";"IC50";"'>'";"100000.0";"nM";"";"";"";"UO_0000065";"";"";"";"";"0";"CHEMBL4480333";"Inhibition of ACE (unknown origin) using Mca-RPPGFSAFK (Dnp) as substrate preincubated for 20 mins followed by substrate addition by fluorescence plate reader analysis";"B";"BAO_0000357";"single protein format";"Homo sapiens";"None";"None";"None";"None";"";"";"";"CHEMBL1808";"Angiotensin-converting enzyme";"Homo sapiens";"SINGLE PROTEIN";"CHEMBL4477275";"1";"Scientific Literature";"ACS Med Chem Lett";"2016";"None";"";"";"";"100.0"
"CHEMBL6160332";"";"None";"454.48";"1";"5.65";"6-rac";"Oc1ccc(C2Oc3ccc(/C=C/c4cc(O)cc(O)c4)cc3C2c2cc(O)cc(O)c2)cc1";"Ki";"'='";"27000.0";"nM";"4.57";"";"";"UO_0000065";"10.05";"0.18";"-1.08";"4.14";"0";"CHEMBL6120123";"Binding affinity to ACE N-domain (unknown origin) using Abz-SDK(Dnp)P-OH as substrate assessed as inhibition constant preincubated with substrate for 10 mins followed by ACE addition by fluorescence based analysis";"B";"BAO_0000357";"single protein format";"Homo sapiens";"None";"None";"None";"None";"";"";"";"CHEMBL1808";"Angiotensin-converting enzyme";"Homo sapiens";"SINGLE PROTEIN";"CHEMBL6115059";"1";"Scientific Literature";"J Med Chem";"2025";"None";"";"INHIBITOR";"";"2.7"
"CHEMBL3640116";"BI-1942";"None";"434.50";"0";"3.14";"EUB0001112";"CC[C@H](CC(=O)O)n1c(=O)c2ncccc2n(Cc2cn(C)c3cc(C)cc(C)c23)c1=O";"% Ctrl";"'='";"127.0";"%";"";"";"Not Active";"UO_0000187";"";"";"";"";"0";"CHEMBL4887686";"ACE(HU) Eurofins SafetyScreen44 (BI)";"B";"BAO_0000357";"single protein format";"Homo sapiens";"None";"None";"None";"None";"Target type: Hydrolase under EC 3 | Assay technology: Fluorimetry | Assay type: biochemical | Mode of action: inhibitor | Method: ACE (human)";"";"";"CHEMBL1808";"Angiotensin-converting enzyme";"Homo sapiens";"SINGLE PROTEIN";"CHEMBL4800723";"54";"SGC Frankfurt - Donated Chemical Probes";"";"2021";"None";"Compound concentration None 10.0 uM";"INHIBITOR";"";"127.0"
"CHEMBL6171615";"";"None";"354.14";"0";"3.58";"12";"Oc1ccc(/C=C/c2cc(O)cc(O)c2I)cc1";"Inhibition";"'='";"90.5";"%";"";"";"";"UO_0000187";"";"";"";"";"0";"CHEMBL6120111";"Inhibition of ACE (unknown origin) at 90 uM preincubated for 5 mins followed by substrate addition and measured immediately by fluorescence plate reader analysis relative to control";"B";"BAO_0000357";"single protein format";"Homo sapiens";"None";"None";"None";"None";"";"";"";"CHEMBL1808";"Angiotensin-converting enzyme";"Homo sapiens";"SINGLE PROTEIN";"CHEMBL6115059";"1";"Scientific Literature";"J Med Chem";"2025";"None";"DOSE = 90.0 microM | TIME = 0.08333 hr";"INHIBITOR";"";"90.5"
"CHEMBL6160944";"";"None";"444.26";"0";"4.26";"13";"CCOC(c1ccc(O)cc1)C(OCC)c1cc(O)c(I)c(O)c1";"Inhibition";"'='";"10.8";"%";"";"";"";"UO_0000187";"";"";"";"";"0";"CHEMBL6120111";"Inhibition of ACE (unknown origin) at 90 uM preincubated for 5 mins followed by substrate addition and measured immediately by fluorescence plate reader analysis relative to control";"B";"BAO_0000357";"single protein format";"Homo sapiens";"None";"None";"None";"None";"";"";"";"CHEMBL1808";"Angiotensin-converting enzyme";"Homo sapiens";"SINGLE PROTEIN";"CHEMBL6115059";"1";"Scientific Literature";"J Med Chem";"2025";"None";"DOSE = 90.0 microM | TIME = 0.08333 hr";"";"";"10.8"
"CHEMBL6168910";"";"None";"480.04";"0";"4.18";"14";"Oc1ccc(/C=C/c2cc(O)c(I)c(O)c2I)cc1";"Inhibition";"'='";"81.8";"%";"";"";"";"UO_0000187";"";"";"";"";"0";"CHEMBL6120111";"Inhibition of ACE (unknown origin) at 90 uM preincubated for 5 mins followed by substrate addition and measured immediately by fluorescence plate reader analysis relative to control";"B";"BAO_0000357";"single protein format";"Homo sapiens";"None";"None";"None";"None";"";"";"";"CHEMBL1808";"Angiotensin-converting enzyme";"Homo sapiens";"SINGLE PROTEIN";"CHEMBL6115059";"1";"Scientific Literature";"J Med Chem";"2025";"None";"DOSE = 90.0 microM | TIME = 0.08333 hr";"INHIBITOR";"";"81.8"
"CHEMBL6161258";"";"None";"706.27";"3";"7.14";"17";"Oc1ccc(/C=C/c2cc(O)c(I)c(O)c2-c2c(/C=C/c3ccc(O)cc3)cc(O)c(I)c2O)cc1";"Inhibition";"'='";"71.4";"%";"";"";"";"UO_0000187";"";"";"";"";"0";"CHEMBL6120111";"Inhibition of ACE (unknown origin) at 90 uM preincubated for 5 mins followed by substrate addition and measured immediately by fluorescence plate reader analysis relative to control";"B";"BAO_0000357";"single protein format";"Homo sapiens";"None";"None";"None";"None";"";"";"";"CHEMBL1808";"Angiotensin-converting enzyme";"Homo sapiens";"SINGLE PROTEIN";"CHEMBL6115059";"1";"Scientific Literature";"J Med Chem";"2025";"None";"DOSE = 90.0 microM | TIME = 0.08333 hr";"INHIBITOR";"";"71.4"
"CHEMBL165";"RESVERATROL";"3.0";"228.25";"0";"2.97";"Resveratrol";"Oc1ccc(/C=C/c2cc(O)cc(O)c2)cc1";"IC50";"'='";"185800.0";"nM";"";"Outside typical range";"";"UO_0000065";"";"";"";"";"0";"CHEMBL6120114";"Inhibition of ACE (unknown origin) preincubated for 5 mins followed by substrate addition and measured immediately by fluorescence plate reader analysis";"B";"BAO_0000357";"single protein format";"Homo sapiens";"None";"None";"None";"None";"";"";"";"CHEMBL1808";"Angiotensin-converting enzyme";"Homo sapiens";"SINGLE PROTEIN";"CHEMBL6115059";"1";"Scientific Literature";"J Med Chem";"2025";"None";"TIME = 0.08333 hr";"INHIBITOR";"";"185.8"
"CHEMBL6189261";"";"None";"458.60";"1";"-0.82";"KAKL";"CC(C)C[C@H](NC(=O)[C@H](CCCCN)NC(=O)[C@H](C)NC(=O)[C@@H](N)CCCCN)C(=O)O";"IC50";"'='";"2616000.0";"nM";"";"Outside typical range";"";"UO_0000065";"";"";"";"";"0";"CHEMBL6179895";"Inhibition of ACE (unknown origin) preincubated with compound for 5 mins and measured after 60 mins";"B";"BAO_0000357";"single protein format";"Homo sapiens";"None";"None";"None";"None";"";"";"";"CHEMBL1808";"Angiotensin-converting enzyme";"Homo sapiens";"SINGLE PROTEIN";"CHEMBL6177964";"1";"Scientific Literature";"Eur J Med Chem";"2025";"None";"TIME = 1.083 hr";"INHIBITOR";"";"2616.0"
"CHEMBL289556";"OMAPATRILAT";"2.0";"408.55";"0";"1.94";"Omapatrilat";"O=C(N[C@H]1CCS[C@H]2CCC[C@@H](C(=O)O)N2C1=O)[C@@H](S)Cc1ccccc1";"IC50";"'='";"2.0";"nM";"8.70";"";"";"UO_0000065";"21.29";"0.44";"6.76";"10.03";"1";"CHEMBL6119899";"Inhibition of human glycosylated N-terminal catalytic ACE domain using Cbz-Phe-His-Leu substrate by fluorogenic end point activity assay";"B";"BAO_0000357";"single protein format";"Homo sapiens";"None";"None";"None";"None";"";"";"";"CHEMBL1808";"Angiotensin-converting enzyme";"Homo sapiens";"SINGLE PROTEIN";"CHEMBL6115051";"1";"Scientific Literature";"J Med Chem";"2025";"None";"";"INHIBITOR";"";"0.002"
"CHEMBL5077796";"";"None";"456.54";"0";"2.74";"AD012";"CCCC[C@H](N[C@@H](CCc1ccccc1)C(=O)O)C(=O)N[C@@H](Cc1ccc(O)cc1)C(=O)O";"Ki";"'='";"35.0";"nM";"7.46";"";"";"UO_0000065";"16.33";"0.31";"4.72";"5.48";"0";"CHEMBL5042029";"Inhibition of recombinant human ACE C-domain expressed in CHO cells using Cbz-Phe-His-Leu as substrate preincubated for 15 mins followed by substrate addition and measured after 10 mins by fluorescence spectrophotometric analysis";"B";"BAO_0000219";"cell-based format";"Homo sapiens";"None";"None";"CHO";"None";"";"";"";"CHEMBL1808";"Angiotensin-converting enzyme";"Homo sapiens";"SINGLE PROTEIN";"CHEMBL5038663";"1";"Scientific Literature";"J Med Chem";"2022";"None";"TIME = 0.4167 hr";"INHIBITOR";"";"0.035"
"CHEMBL165";"RESVERATROL";"3.0";"228.25";"0";"2.97";"trans-Resveratrol";"Oc1ccc(/C=C/c2cc(O)cc(O)c2)cc1";"Inhibition";"'='";"35.9";"%";"";"";"";"UO_0000187";"";"";"";"";"0";"CHEMBL6120111";"Inhibition of ACE (unknown origin) at 90 uM preincubated for 5 mins followed by substrate addition and measured immediately by fluorescence plate reader analysis relative to control";"B";"BAO_0000357";"single protein format";"Homo sapiens";"None";"None";"None";"None";"";"";"";"CHEMBL1808";"Angiotensin-converting enzyme";"Homo sapiens";"SINGLE PROTEIN";"CHEMBL6115059";"1";"Scientific Literature";"J Med Chem";"2025";"None";"DOSE = 90.0 microM | TIME = 0.08333 hr";"";"";"35.9"
"CHEMBL6163328";"";"None";"516.55";"3";"5.10";"9";"CCO[C@@H](c1cc(O)cc(O)c1)[C@@](O)(c1ccc(O)cc1)c1c(O)cc(O)cc1/C=C/c1ccc(O)cc1";"Inhibition";"'='";"91.5";"%";"";"";"";"UO_0000187";"";"";"";"";"0";"CHEMBL6120111";"Inhibition of ACE (unknown origin) at 90 uM preincubated for 5 mins followed by substrate addition and measured immediately by fluorescence plate reader analysis relative to control";"B";"BAO_0000357";"single protein format";"Homo sapiens";"None";"None";"None";"None";"";"";"";"CHEMBL1808";"Angiotensin-converting enzyme";"Homo sapiens";"SINGLE PROTEIN";"CHEMBL6115059";"1";"Scientific Literature";"J Med Chem";"2025";"None";"DOSE = 90.0 microM | TIME = 0.08333 hr";"INHIBITOR";"";"91.5"
"CHEMBL6160332";"";"None";"454.48";"1";"5.65";"6-rac";"Oc1ccc(C2Oc3ccc(/C=C/c4cc(O)cc(O)c4)cc3C2c2cc(O)cc(O)c2)cc1";"Inhibition";"'='";"96.3";"%";"";"";"";"UO_0000187";"";"";"";"";"0";"CHEMBL6120126";"Inhibition of ACE (unknown origin) at 50 uM preincubated for 5 mins followed by substrate addition and measured immediately by fluorescence plate reader analysis relative to control";"B";"BAO_0000357";"single protein format";"Homo sapiens";"None";"None";"None";"None";"";"";"";"CHEMBL1808";"Angiotensin-converting enzyme";"Homo sapiens";"SINGLE PROTEIN";"CHEMBL6115059";"1";"Scientific Literature";"J Med Chem";"2025";"None";"DOSE = 50.0 microM | TIME = 0.08333 hr";"INHIBITOR";"";"96.3"
"CHEMBL6171615";"";"None";"354.14";"0";"3.58";"12";"Oc1ccc(/C=C/c2cc(O)cc(O)c2I)cc1";"Inhibition";"";"";"%";"";"";"";"UO_0000187";"";"";"";"";"0";"CHEMBL6120119";"Inhibition of ACE N-domain (unknown origin) using Abz-SDK(Dnp)P-OH as substrate preincubated with substrate for 10 mins followed by ACE addition and measured after 30 mins by FRET analysis";"B";"BAO_0000357";"single protein format";"Homo sapiens";"None";"None";"None";"None";"";"";"";"CHEMBL1808";"Angiotensin-converting enzyme";"Homo sapiens";"SINGLE PROTEIN";"CHEMBL6115059";"1";"Scientific Literature";"J Med Chem";"2025";"None";"TIME = 0.6667 hr";"INHIBITOR";"Dose-dependent-effect";""
"CHEMBL408403";"ANGIOTENSIN II";"4.0";"1046.20";"None";"None";"Angiotensin II";"CC[C@H](C)[C@H](NC(=O)[C@H](Cc1ccc(O)cc1)NC(=O)[C@@H](NC(=O)[C@H](CCCNC(=N)N)NC(=O)[C@@H](N)CC(=O)O)C(C)C)C(=O)N[C@@H](Cc1cnc[nH]1)C(=O)N1CCC[C@H]1C(=O)N[C@@H](Cc1ccccc1)C(=O)O";"IC50";"";"";"";"";"";"";"";"";"";"";"";"0";"CHEMBL6120122";"Inhibition of ACE C-domain (unknown origin) using Abz-LFK(Dnp)-OH as substrate preincubated with substrate for 10 mins followed by ACE addition and measured after 30 mins by FRET analysis";"B";"BAO_0000357";"single protein format";"Homo sapiens";"None";"None";"None";"None";"";"";"";"CHEMBL1808";"Angiotensin-converting enzyme";"Homo sapiens";"SINGLE PROTEIN";"CHEMBL6115059";"1";"Scientific Literature";"J Med Chem";"2025";"None";"TIME = 0.6667 hr";"";"Not determined";""
"CHEMBL6195028";"";"None";"351.80";"0";"2.43";"None";"Cc1c(C#Cc2nc(C(N)=O)n(-c3cccnc3)c2C)ccnc1Cl";"Inhibition";"'='";"-1.0";"%";"";"";"";"UO_0000187";"";"";"";"";"0";"CHEMBL6194550";"Inhibition of ACE at compound concentration of 10.0 uM using the Cerep panel";"B";"BAO_0000357";"single protein format";"Homo sapiens";"None";"None";"None";"None";"";"";"";"CHEMBL1808";"Angiotensin-converting enzyme";"Homo sapiens";"SINGLE PROTEIN";"CHEMBL6193877";"54";"SGC Frankfurt - Donated Chemical Probes";"";"2025";"None";"Compound concentration = 10.0 uM";"";"";"-1.0"
"CHEMBL5075686";"";"None";"424.50";"0";"2.79";"AD013";"Cc1ccc([C@H]2CC[C@@H](C(=O)O)N2C(=O)CN[C@@H](CCc2ccccc2)C(=O)O)cc1";"IC50";"'='";"6000.0";"nM";"5.22";"";"";"UO_0000065";"12.30";"0.23";"2.43";"4.88";"0";"CHEMBL6119899";"Inhibition of human glycosylated N-terminal catalytic ACE domain using Cbz-Phe-His-Leu substrate by fluorogenic end point activity assay";"B";"BAO_0000357";"single protein format";"Homo sapiens";"None";"None";"None";"None";"";"";"";"CHEMBL1808";"Angiotensin-converting enzyme";"Homo sapiens";"SINGLE PROTEIN";"CHEMBL6115051";"1";"Scientific Literature";"J Med Chem";"2025";"None";"";"INHIBITOR";"";"6.0"
"CHEMBL6171615";"";"None";"354.14";"0";"3.58";"12";"Oc1ccc(/C=C/c2cc(O)cc(O)c2I)cc1";"IC50";"'='";"35100.0";"nM";"4.46";"";"";"UO_0000065";"12.58";"0.34";"0.87";"7.34";"0";"CHEMBL6120122";"Inhibition of ACE C-domain (unknown origin) using Abz-LFK(Dnp)-OH as substrate preincubated with substrate for 10 mins followed by ACE addition and measured after 30 mins by FRET analysis";"B";"BAO_0000357";"single protein format";"Homo sapiens";"None";"None";"None";"None";"";"";"";"CHEMBL1808";"Angiotensin-converting enzyme";"Homo sapiens";"SINGLE PROTEIN";"CHEMBL6115059";"1";"Scientific Literature";"J Med Chem";"2025";"None";"TIME = 0.6667 hr";"INHIBITOR";"";"35.1"
"CHEMBL6160332";"";"None";"454.48";"1";"5.65";"6-rac";"Oc1ccc(C2Oc3ccc(/C=C/c4cc(O)cc(O)c4)cc3C2c2cc(O)cc(O)c2)cc1";"IC50";"'='";"17100.0";"nM";"4.77";"";"";"UO_0000065";"10.49";"0.19";"-0.88";"4.32";"0";"CHEMBL6120122";"Inhibition of ACE C-domain (unknown origin) using Abz-LFK(Dnp)-OH as substrate preincubated with substrate for 10 mins followed by ACE addition and measured after 30 mins by FRET analysis";"B";"BAO_0000357";"single protein format";"Homo sapiens";"None";"None";"None";"None";"";"";"";"CHEMBL1808";"Angiotensin-converting enzyme";"Homo sapiens";"SINGLE PROTEIN";"CHEMBL6115059";"1";"Scientific Literature";"J Med Chem";"2025";"None";"TIME = 0.6667 hr";"INHIBITOR";"";"17.1"
"CHEMBL6189672";"";"None";"1200.45";"None";"None";"VTVNPYKWLP";"CC(C)C[C@H](NC(=O)[C@H](Cc1c[nH]c2ccccc12)NC(=O)[C@H](CCCCN)NC(=O)[C@H](Cc1ccccc1)NC(=O)[C@@H]1CCCN1C(=O)[C@H](CC(N)=O)NC(=O)[C@@H](NC(=O)[C@@H](NC(=O)[C@@H](N)C(C)C)[C@@H](C)O)C(C)C)C(=O)N1CCC[C@H]1C(=O)O";"IC50";"'='";"5500.0";"nM";"5.26";"";"";"UO_0000065";"4.38";"None";"None";"None";"0";"CHEMBL6179936";"Inhibition of ACE (unknown origin)";"B";"BAO_0000357";"single protein format";"Homo sapiens";"None";"None";"None";"None";"";"";"";"CHEMBL1808";"Angiotensin-converting enzyme";"Homo sapiens";"SINGLE PROTEIN";"CHEMBL6177964";"1";"Scientific Literature";"Eur J Med Chem";"2025";"None";"";"INHIBITOR";"";"5.5"
"CHEMBL6161756";"";"None";"348.35";"0";"3.88";"4";"O=Cc1ccc2c(c1)[C@@H](c1cc(O)cc(O)c1)[C@H](c1ccc(O)cc1)O2";"Inhibition";"'='";"66.9";"%";"";"";"";"UO_0000187";"";"";"";"";"0";"CHEMBL6120111";"Inhibition of ACE (unknown origin) at 90 uM preincubated for 5 mins followed by substrate addition and measured immediately by fluorescence plate reader analysis relative to control";"B";"BAO_0000357";"single protein format";"Homo sapiens";"None";"None";"None";"None";"";"";"";"CHEMBL1808";"Angiotensin-converting enzyme";"Homo sapiens";"SINGLE PROTEIN";"CHEMBL6115059";"1";"Scientific Literature";"J Med Chem";"2025";"None";"DOSE = 90.0 microM | TIME = 0.08333 hr";"INHIBITOR";"";"66.9"
"CHEMBL6151132";"";"None";"496.63";"1";"2.43";"AD016";"NCCCC[C@H](NC(=O)[C@@H](S)Cc1ccccc1)C(=O)N[C@@H](Cc1c[nH]c2ccccc12)C(=O)O";"IC50";"'='";"150.0";"nM";"6.82";"";"";"UO_0000065";"13.74";"0.27";"4.39";"4.97";"0";"CHEMBL6119899";"Inhibition of human glycosylated N-terminal catalytic ACE domain using Cbz-Phe-His-Leu substrate by fluorogenic end point activity assay";"B";"BAO_0000357";"single protein format";"Homo sapiens";"None";"None";"None";"None";"";"";"";"CHEMBL1808";"Angiotensin-converting enzyme";"Homo sapiens";"SINGLE PROTEIN";"CHEMBL6115051";"1";"Scientific Literature";"J Med Chem";"2025";"None";"";"INHIBITOR";"";"0.15"
"CHEMBL212710";"";"None";"494.59";"1";"2.45";"LisW";"NCCCC[C@H](N[C@@H](CCc1ccccc1)C(=O)O)C(=O)N[C@@H](Cc1c[nH]c2ccccc12)C(=O)O";"IC50";"'='";"80.0";"nM";"7.10";"";"";"UO_0000065";"14.35";"0.27";"4.65";"4.50";"0";"CHEMBL6119900";"Inhibition of human glycosylated C-terminal catalytic ACE domain using Cbz-Phe-His-Leu substrate by fluorogenic end point activity assay";"B";"BAO_0000357";"single protein format";"Homo sapiens";"None";"None";"None";"None";"";"";"";"CHEMBL1808";"Angiotensin-converting enzyme";"Homo sapiens";"SINGLE PROTEIN";"CHEMBL6115051";"1";"Scientific Literature";"J Med Chem";"2025";"None";"";"INHIBITOR";"";"0.08"
"CHEMBL1224875";"EPSILON-VINIFERIN";"None";"454.48";"1";"5.65";"2";"Oc1ccc(/C=C/c2cc(O)cc3c2[C@@H](c2cc(O)cc(O)c2)[C@H](c2ccc(O)cc2)O3)cc1";"Inhibition";"'='";"81.8";"%";"";"";"";"UO_0000187";"";"";"";"";"0";"CHEMBL6120111";"Inhibition of ACE (unknown origin) at 90 uM preincubated for 5 mins followed by substrate addition and measured immediately by fluorescence plate reader analysis relative to control";"B";"BAO_0000357";"single protein format";"Homo sapiens";"None";"None";"None";"None";"";"";"";"CHEMBL1808";"Angiotensin-converting enzyme";"Homo sapiens";"SINGLE PROTEIN";"CHEMBL6115059";"1";"Scientific Literature";"J Med Chem";"2025";"None";"DOSE = 90.0 microM | TIME = 0.08333 hr";"INHIBITOR";"";"81.8"
"CHEMBL6160332";"";"None";"454.48";"1";"5.65";"6-rac";"Oc1ccc(C2Oc3ccc(/C=C/c4cc(O)cc(O)c4)cc3C2c2cc(O)cc(O)c2)cc1";"Inhibition";"'='";"101.0";"%";"";"";"";"UO_0000187";"";"";"";"";"0";"CHEMBL6120111";"Inhibition of ACE (unknown origin) at 90 uM preincubated for 5 mins followed by substrate addition and measured immediately by fluorescence plate reader analysis relative to control";"B";"BAO_0000357";"single protein format";"Homo sapiens";"None";"None";"None";"None";"";"";"";"CHEMBL1808";"Angiotensin-converting enzyme";"Homo sapiens";"SINGLE PROTEIN";"CHEMBL6115059";"1";"Scientific Literature";"J Med Chem";"2025";"None";"DOSE = 90.0 microM | TIME = 0.08333 hr";"INHIBITOR";"";"101.0"
"CHEMBL6173411";"";"None";"474.25";"0";"4.49";"7";"O=Cc1ccc2c(c1)[C@H](c1cc(O)c(I)c(O)c1)[C@@H](c1ccc(O)cc1)O2";"Inhibition";"'='";"82.0";"%";"";"";"";"UO_0000187";"";"";"";"";"0";"CHEMBL6120111";"Inhibition of ACE (unknown origin) at 90 uM preincubated for 5 mins followed by substrate addition and measured immediately by fluorescence plate reader analysis relative to control";"B";"BAO_0000357";"single protein format";"Homo sapiens";"None";"None";"None";"None";"";"";"";"CHEMBL1808";"Angiotensin-converting enzyme";"Homo sapiens";"SINGLE PROTEIN";"CHEMBL6115059";"1";"Scientific Literature";"J Med Chem";"2025";"None";"DOSE = 90.0 microM | TIME = 0.08333 hr";"INHIBITOR";"";"82.0"
"CHEMBL6166713";"";"None";"318.37";"0";"3.66";"8; 11";"CCOC(c1ccc(O)cc1)C(OCC)c1cc(O)cc(O)c1";"Inhibition";"'='";"-7.9";"%";"";"";"";"UO_0000187";"";"";"";"";"0";"CHEMBL6120111";"Inhibition of ACE (unknown origin) at 90 uM preincubated for 5 mins followed by substrate addition and measured immediately by fluorescence plate reader analysis relative to control";"B";"BAO_0000357";"single protein format";"Homo sapiens";"None";"None";"None";"None";"";"";"";"CHEMBL1808";"Angiotensin-converting enzyme";"Homo sapiens";"SINGLE PROTEIN";"CHEMBL6115059";"1";"Scientific Literature";"J Med Chem";"2025";"None";"DOSE = 90.0 microM | TIME = 0.08333 hr";"";"";"-7.9"
"CHEMBL1560";"CAPTOPRIL";"4.0";"217.29";"0";"0.63";"Captopril";"C[C@H](CS)C(=O)N1CCC[C@H]1C(=O)O";"IC50";"'='";"120.0";"nM";"";"Potential transcription error";"";"UO_0000065";"";"";"";"";"1";"CHEMBL6120114";"Inhibition of ACE (unknown origin) preincubated for 5 mins followed by substrate addition and measured immediately by fluorescence plate reader analysis";"B";"BAO_0000357";"single protein format";"Homo sapiens";"None";"None";"None";"None";"";"";"";"CHEMBL1808";"Angiotensin-converting enzyme";"Homo sapiens";"SINGLE PROTEIN";"CHEMBL6115059";"1";"Scientific Literature";"J Med Chem";"2025";"None";"TIME = 0.08333 hr";"INHIBITOR";"";"0.12"
"CHEMBL6152231";"";"None";"454.48";"2";"5.93";"1";"Oc1ccc(/C=C/c2cc(O)cc(O)c2-c2c(O)cc(O)cc2/C=C/c2ccc(O)cc2)cc1";"IC50";"'='";"17500.0";"nM";"4.76";"";"";"UO_0000065";"10.47";"0.19";"-1.17";"3.92";"0";"CHEMBL6120114";"Inhibition of ACE (unknown origin) preincubated for 5 mins followed by substrate addition and measured immediately by fluorescence plate reader analysis";"B";"BAO_0000357";"single protein format";"Homo sapiens";"None";"None";"None";"None";"";"";"";"CHEMBL1808";"Angiotensin-converting enzyme";"Homo sapiens";"SINGLE PROTEIN";"CHEMBL6115059";"1";"Scientific Literature";"J Med Chem";"2025";"None";"TIME = 0.08333 hr";"INHIBITOR";"";"17.5"
"CHEMBL6152722";"";"None";"500.55";"3";"6.00";"10";"CCO[C@@H](c1cc(O)cc(O)c1)C(c1ccc(O)cc1)c1c(O)cc(O)cc1/C=C/c1ccc(O)cc1";"IC50";"'='";"33300.0";"nM";"4.48";"";"";"UO_0000065";"8.95";"0.17";"-1.52";"3.43";"0";"CHEMBL6120114";"Inhibition of ACE (unknown origin) preincubated for 5 mins followed by substrate addition and measured immediately by fluorescence plate reader analysis";"B";"BAO_0000357";"single protein format";"Homo sapiens";"None";"None";"None";"None";"";"";"";"CHEMBL1808";"Angiotensin-converting enzyme";"Homo sapiens";"SINGLE PROTEIN";"CHEMBL6115059";"1";"Scientific Literature";"J Med Chem";"2025";"None";"TIME = 0.08333 hr";"INHIBITOR";"";"33.3"
"CHEMBL6160332";"";"None";"454.48";"1";"5.65";"6-rac";"Oc1ccc(C2Oc3ccc(/C=C/c4cc(O)cc(O)c4)cc3C2c2cc(O)cc(O)c2)cc1";"Inhibition";"'='";"22.4";"%";"";"";"";"UO_0000187";"";"";"";"";"0";"CHEMBL6120117";"Inhibition of ACE N-domain (unknown origin) using Abz-SDK(Dnp)P-OH as substrate at 200 nM preincubated with substrate for 10 mins followed by ACE addition and measured after 30 mins by FRET analysis relative to control";"B";"BAO_0000357";"single protein format";"Homo sapiens";"None";"None";"None";"None";"";"";"";"CHEMBL1808";"Angiotensin-converting enzyme";"Homo sapiens";"SINGLE PROTEIN";"CHEMBL6115059";"1";"Scientific Literature";"J Med Chem";"2025";"None";"DOSE = 200.0 nM | TIME = 0.6667 hr";"";"";"22.4"
"CHEMBL6171615";"";"None";"354.14";"0";"3.58";"12";"Oc1ccc(/C=C/c2cc(O)cc(O)c2I)cc1";"Inhibition";"'='";"12.8";"%";"";"";"";"UO_0000187";"";"";"";"";"0";"CHEMBL6120117";"Inhibition of ACE N-domain (unknown origin) using Abz-SDK(Dnp)P-OH as substrate at 200 nM preincubated with substrate for 10 mins followed by ACE addition and measured after 30 mins by FRET analysis relative to control";"B";"BAO_0000357";"single protein format";"Homo sapiens";"None";"None";"None";"None";"";"";"";"CHEMBL1808";"Angiotensin-converting enzyme";"Homo sapiens";"SINGLE PROTEIN";"CHEMBL6115059";"1";"Scientific Literature";"J Med Chem";"2025";"None";"DOSE = 200.0 nM | TIME = 0.6667 hr";"";"";"12.8"
"CHEMBL6168565";"";"None";"1182.44";"None";"None";"BPPb; Bradykinin potentiating peptide B";"CC[C@H](C)[C@H](NC(=O)[C@H](CCCCN)NC(=O)[C@@H]1CCCN1C(=O)[C@H](CCCNC(=N)N)NC(=O)[C@@H]1CCCN1C(=O)[C@@H]1CCCN1C(=O)[C@H](CC(C)C)NC(=O)CNC(=O)[C@@H]1CCC(=O)N1)C(=O)N1CCC[C@H]1C(=O)N1CCC[C@H]1C(=O)O";"Inhibition";"'='";"0.6";"%";"";"";"";"UO_0000187";"";"";"";"";"0";"CHEMBL6120117";"Inhibition of ACE N-domain (unknown origin) using Abz-SDK(Dnp)P-OH as substrate at 200 nM preincubated with substrate for 10 mins followed by ACE addition and measured after 30 mins by FRET analysis relative to control";"B";"BAO_0000357";"single protein format";"Homo sapiens";"None";"None";"None";"None";"";"";"";"CHEMBL1808";"Angiotensin-converting enzyme";"Homo sapiens";"SINGLE PROTEIN";"CHEMBL6115059";"1";"Scientific Literature";"J Med Chem";"2025";"None";"DOSE = 200.0 nM | TIME = 0.6667 hr";"";"";"0.6"
"CHEMBL6168565";"";"None";"1182.44";"None";"None";"BPPb; Bradykinin potentiating peptide B";"CC[C@H](C)[C@H](NC(=O)[C@H](CCCCN)NC(=O)[C@@H]1CCCN1C(=O)[C@H](CCCNC(=N)N)NC(=O)[C@@H]1CCCN1C(=O)[C@@H]1CCCN1C(=O)[C@H](CC(C)C)NC(=O)CNC(=O)[C@@H]1CCC(=O)N1)C(=O)N1CCC[C@H]1C(=O)N1CCC[C@H]1C(=O)O";"Inhibition";"'='";"80.9";"%";"";"";"";"UO_0000187";"";"";"";"";"0";"CHEMBL6120120";"Inhibition of ACE C-domain (unknown origin) using Abz-LFK(Dnp)-OH as substrate at 200 nM preincubated with substrate for 10 mins followed by ACE addition and measured after 30 mins by FRET analysis relative to control";"B";"BAO_0000357";"single protein format";"Homo sapiens";"None";"None";"None";"None";"";"";"";"CHEMBL1808";"Angiotensin-converting enzyme";"Homo sapiens";"SINGLE PROTEIN";"CHEMBL6115059";"1";"Scientific Literature";"J Med Chem";"2025";"None";"DOSE = 200.0 nM | TIME = 0.6667 hr";"INHIBITOR";"";"80.9"
"CHEMBL5075686";"";"None";"424.50";"0";"2.79";"AD013";"Cc1ccc([C@H]2CC[C@@H](C(=O)O)N2C(=O)CN[C@@H](CCc2ccccc2)C(=O)O)cc1";"IC50";"'='";"4100.0";"nM";"5.39";"";"";"UO_0000065";"12.69";"0.24";"2.60";"5.04";"0";"CHEMBL6119900";"Inhibition of human glycosylated C-terminal catalytic ACE domain using Cbz-Phe-His-Leu substrate by fluorogenic end point activity assay";"B";"BAO_0000357";"single protein format";"Homo sapiens";"None";"None";"None";"None";"";"";"";"CHEMBL1808";"Angiotensin-converting enzyme";"Homo sapiens";"SINGLE PROTEIN";"CHEMBL6115051";"1";"Scientific Literature";"J Med Chem";"2025";"None";"";"INHIBITOR";"";"4.1"
"CHEMBL1237";"LISINOPRIL ANHYDROUS";"4.0";"405.50";"0";"1.24";"Lisinopril";"NCCCC[C@H](N[C@@H](CCc1ccccc1)C(=O)O)C(=O)N1CCC[C@H]1C(=O)O";"-TdeltaS";"'='";"-7.21";"kcal/mol";"";"";"";"";"";"";"";"";"0";"CHEMBL6179893";"Binding affinity to ACE (unknown origin) assessed as change in entropy (-TdeltaS) at 800 to 1400 nM by isothermal titration calorimetric analysis";"B";"BAO_0000357";"single protein format";"Homo sapiens";"None";"None";"None";"None";"";"";"";"CHEMBL1808";"Angiotensin-converting enzyme";"Homo sapiens";"SINGLE PROTEIN";"CHEMBL6177964";"1";"Scientific Literature";"Eur J Med Chem";"2025";"None";"DOSE_Lower = 800.0 nM | DOSE_Upper = 1400.0 nM";"INHIBITOR";"";"-7.21"
"CHEMBL6193636";"";"None";"416.52";"1";"-1.85";"KAKA";"C[C@H](NC(=O)[C@H](CCCCN)NC(=O)[C@H](C)NC(=O)[C@@H](N)CCCCN)C(=O)O";"IC50";"'='";"667000.0";"nM";"";"Outside typical range";"";"UO_0000065";"";"";"";"";"0";"CHEMBL6179895";"Inhibition of ACE (unknown origin) preincubated with compound for 5 mins and measured after 60 mins";"B";"BAO_0000357";"single protein format";"Homo sapiens";"None";"None";"None";"None";"";"";"";"CHEMBL1808";"Angiotensin-converting enzyme";"Homo sapiens";"SINGLE PROTEIN";"CHEMBL6177964";"1";"Scientific Literature";"Eur J Med Chem";"2025";"None";"TIME = 1.083 hr";"INHIBITOR";"";"667.0"
"CHEMBL6192024";"";"None";"531.66";"2";"-0.15";"KAKW";"C[C@H](NC(=O)[C@@H](N)CCCCN)C(=O)N[C@@H](CCCCN)C(=O)N[C@@H](Cc1c[nH]c2ccccc12)C(=O)O";"-TdeltaS";"'='";"-1.57";"kcal/mol";"";"";"";"";"";"";"";"";"0";"CHEMBL6179893";"Binding affinity to ACE (unknown origin) assessed as change in entropy (-TdeltaS) at 800 to 1400 nM by isothermal titration calorimetric analysis";"B";"BAO_0000357";"single protein format";"Homo sapiens";"None";"None";"None";"None";"";"";"";"CHEMBL1808";"Angiotensin-converting enzyme";"Homo sapiens";"SINGLE PROTEIN";"CHEMBL6177964";"1";"Scientific Literature";"Eur J Med Chem";"2025";"None";"DOSE_Lower = 800.0 nM | DOSE_Upper = 1400.0 nM";"INHIBITOR";"";"-1.57"
"CHEMBL6190664";"";"None";"434.61";"None";"None";"313, Diastereomeric mixture";"CC(C)CC(NC(=O)c1ccccc1)[Si](C)(O)CC(C)C(=O)N1CCC[C@H]1C(=O)O";"IC50";"'='";"14.0";"nM";"7.85";"";"";"UO_0000065";"18.07";"None";"None";"None";"0";"CHEMBL6179068";"Inhibition of ACE (unknown origin) using N-[3-(2-furyl)-acryloyl]- L -phenylalanylglycylglycin as substrate incubated for 5 mins";"B";"BAO_0000357";"single protein format";"Homo sapiens";"None";"None";"None";"None";"";"";"";"CHEMBL1808";"Angiotensin-converting enzyme";"Homo sapiens";"SINGLE PROTEIN";"CHEMBL6177939";"1";"Scientific Literature";"RSC Med Chem";"2024";"None";"TIME = 0.08333 hr";"INHIBITOR";"";"14.0"
"CHEMBL6193619";"";"None";"261.42";"None";"None";"321, Diastereomeric mixture";"CC(CS)C(=O)N1C[Si](C)(C)C[C@H]1C(=O)O";"IC50";"'='";"43.0";"nM";"7.37";"";"";"UO_0000065";"28.18";"None";"None";"None";"0";"CHEMBL6179071";"Inhibition of ACE (unknown origin) using Hip-His-Leu-OH peptide as substrate by fluorimetric analysis";"B";"BAO_0000357";"single protein format";"Homo sapiens";"None";"None";"None";"None";"";"";"";"CHEMBL1808";"Angiotensin-converting enzyme";"Homo sapiens";"SINGLE PROTEIN";"CHEMBL6177939";"1";"Scientific Literature";"RSC Med Chem";"2024";"None";"";"INHIBITOR";"";"43.0"
"CHEMBL6151132";"";"None";"496.63";"1";"2.43";"AD016";"NCCCC[C@H](NC(=O)[C@@H](S)Cc1ccccc1)C(=O)N[C@@H](Cc1c[nH]c2ccccc12)C(=O)O";"IC50";"'='";"7.0";"nM";"8.15";"";"";"UO_0000065";"16.42";"0.32";"5.72";"5.94";"0";"CHEMBL6119900";"Inhibition of human glycosylated C-terminal catalytic ACE domain using Cbz-Phe-His-Leu substrate by fluorogenic end point activity assay";"B";"BAO_0000357";"single protein format";"Homo sapiens";"None";"None";"None";"None";"";"";"";"CHEMBL1808";"Angiotensin-converting enzyme";"Homo sapiens";"SINGLE PROTEIN";"CHEMBL6115051";"1";"Scientific Literature";"J Med Chem";"2025";"None";"";"INHIBITOR";"";"0.007"
"CHEMBL6189833";"";"None";"442.56";"1";"-1.36";"KAKP";"C[C@H](NC(=O)[C@@H](N)CCCCN)C(=O)N[C@@H](CCCCN)C(=O)N1CCC[C@H]1C(=O)O";"deltaH";"'='";"-1.84";"kcal/mol";"";"";"";"";"";"";"";"";"0";"CHEMBL6179894";"Binding affinity to ACE (unknown origin) assessed as change in enthalpy at 800 to 1400 nM by isothermal titration calorimetric analysis";"B";"BAO_0000357";"single protein format";"Homo sapiens";"None";"None";"None";"None";"";"";"";"CHEMBL1808";"Angiotensin-converting enzyme";"Homo sapiens";"SINGLE PROTEIN";"CHEMBL6177964";"1";"Scientific Literature";"Eur J Med Chem";"2025";"None";"DOSE_Lower = 800.0 nM | DOSE_Upper = 1400.0 nM";"INHIBITOR";"";"-1.84"
"CHEMBL6168565";"";"None";"1182.44";"None";"None";"BPPb; Bradykinin potentiating peptide B";"CC[C@H](C)[C@H](NC(=O)[C@H](CCCCN)NC(=O)[C@@H]1CCCN1C(=O)[C@H](CCCNC(=N)N)NC(=O)[C@@H]1CCCN1C(=O)[C@@H]1CCCN1C(=O)[C@H](CC(C)C)NC(=O)CNC(=O)[C@@H]1CCC(=O)N1)C(=O)N1CCC[C@H]1C(=O)N1CCC[C@H]1C(=O)O";"IC50";"";"";"";"";"";"";"";"";"";"";"";"0";"CHEMBL6120122";"Inhibition of ACE C-domain (unknown origin) using Abz-LFK(Dnp)-OH as substrate preincubated with substrate for 10 mins followed by ACE addition and measured after 30 mins by FRET analysis";"B";"BAO_0000357";"single protein format";"Homo sapiens";"None";"None";"None";"None";"";"";"";"CHEMBL1808";"Angiotensin-converting enzyme";"Homo sapiens";"SINGLE PROTEIN";"CHEMBL6115059";"1";"Scientific Literature";"J Med Chem";"2025";"None";"TIME = 0.6667 hr";"";"Not determined";""
"CHEMBL6192024";"";"None";"531.66";"2";"-0.15";"KAKW";"C[C@H](NC(=O)[C@@H](N)CCCCN)C(=O)N[C@@H](CCCCN)C(=O)N[C@@H](Cc1c[nH]c2ccccc12)C(=O)O";"deltaS";"'='";"5.28";"cal/mol.K";"";"";"";"";"";"";"";"";"0";"CHEMBL6179896";"Binding affinity to ACE (unknown origin) assessed as change in entropy (deltaS) at 800 to 1400 nM by isothermal titration calorimetric analysis";"B";"BAO_0000357";"single protein format";"Homo sapiens";"None";"None";"None";"None";"";"";"";"CHEMBL1808";"Angiotensin-converting enzyme";"Homo sapiens";"SINGLE PROTEIN";"CHEMBL6177964";"1";"Scientific Literature";"Eur J Med Chem";"2025";"None";"DOSE_Lower = 800.0 nM | DOSE_Upper = 1400.0 nM";"INHIBITOR";"";"5.28"
"CHEMBL6192024";"";"None";"531.66";"2";"-0.15";"KAKW";"C[C@H](NC(=O)[C@@H](N)CCCCN)C(=O)N[C@@H](CCCCN)C(=O)N[C@@H](Cc1c[nH]c2ccccc12)C(=O)O";"deltaG";"'='";"-9.88";"kcal/mol";"";"";"";"";"";"";"";"";"0";"CHEMBL6179897";"Binding affinity to ACE (unknown origin) assessed as change in Gibbs free energy at 800 to 1400 nM by isothermal titration calorimetric analysis";"B";"BAO_0000357";"single protein format";"Homo sapiens";"None";"None";"None";"None";"";"";"";"CHEMBL1808";"Angiotensin-converting enzyme";"Homo sapiens";"SINGLE PROTEIN";"CHEMBL6177964";"1";"Scientific Literature";"Eur J Med Chem";"2025";"None";"DOSE_Lower = 800.0 nM | DOSE_Upper = 1400.0 nM";"INHIBITOR";"";"-9.88"
"CHEMBL6195028";"";"None";"351.80";"0";"2.43";"None";"Cc1c(C#Cc2nc(C(N)=O)n(-c3cccnc3)c2C)ccnc1Cl";"Inhibition";"'='";"-1.0";"%";"";"";"";"UO_0000187";"";"";"";"";"0";"CHEMBL6194550";"Inhibition of ACE at compound concentration of 10.0 uM using the Cerep panel";"B";"BAO_0000357";"single protein format";"Homo sapiens";"None";"None";"None";"None";"";"";"";"CHEMBL1808";"Angiotensin-converting enzyme";"Homo sapiens";"SINGLE PROTEIN";"CHEMBL6193877";"54";"SGC Frankfurt - Donated Chemical Probes";"";"2025";"None";"Compound concentration = 10.0 uM";"";"";"-1.0"
"CHEMBL6160332";"";"None";"454.48";"1";"5.65";"6-rac";"Oc1ccc(C2Oc3ccc(/C=C/c4cc(O)cc(O)c4)cc3C2c2cc(O)cc(O)c2)cc1";"Inhibition";"";"";"%";"";"";"";"UO_0000187";"";"";"";"";"0";"CHEMBL6120122";"Inhibition of ACE C-domain (unknown origin) using Abz-LFK(Dnp)-OH as substrate preincubated with substrate for 10 mins followed by ACE addition and measured after 30 mins by FRET analysis";"B";"BAO_0000357";"single protein format";"Homo sapiens";"None";"None";"None";"None";"";"";"";"CHEMBL1808";"Angiotensin-converting enzyme";"Homo sapiens";"SINGLE PROTEIN";"CHEMBL6115059";"1";"Scientific Literature";"J Med Chem";"2025";"None";"TIME = 0.6667 hr";"INHIBITOR";"Dose-dependent-effect";""
"CHEMBL6160332";"";"None";"454.48";"1";"5.65";"6-rac";"Oc1ccc(C2Oc3ccc(/C=C/c4cc(O)cc(O)c4)cc3C2c2cc(O)cc(O)c2)cc1";"Ki";"'='";"9900.0";"nM";"5.00";"";"";"UO_0000065";"11.01";"0.20";"-0.65";"4.53";"0";"CHEMBL6120124";"Binding affinity to ACE C-domain (unknown origin) using Abz-LFK(Dnp)-OH as substrate assessed as inhibition constant preincubated with substrate for 10 mins followed by ACE addition by fluorescence based analysis";"B";"BAO_0000357";"single protein format";"Homo sapiens";"None";"None";"None";"None";"";"";"";"CHEMBL1808";"Angiotensin-converting enzyme";"Homo sapiens";"SINGLE PROTEIN";"CHEMBL6115059";"1";"Scientific Literature";"J Med Chem";"2025";"None";"";"INHIBITOR";"";"9.9"
"CHEMBL518935";"";"None";"454.48";"1";"5.65";"6b-(S,S)";"Oc1ccc([C@H]2Oc3ccc(/C=C/c4cc(O)cc(O)c4)cc3[C@@H]2c2cc(O)cc(O)c2)cc1";"Inhibition";"'='";"91.2";"%";"";"";"";"UO_0000187";"";"";"";"";"0";"CHEMBL6120126";"Inhibition of ACE (unknown origin) at 50 uM preincubated for 5 mins followed by substrate addition and measured immediately by fluorescence plate reader analysis relative to control";"B";"BAO_0000357";"single protein format";"Homo sapiens";"None";"None";"None";"None";"";"";"";"CHEMBL1808";"Angiotensin-converting enzyme";"Homo sapiens";"SINGLE PROTEIN";"CHEMBL6115059";"1";"Scientific Literature";"J Med Chem";"2025";"None";"DOSE = 50.0 microM | TIME = 0.08333 hr";"INHIBITOR";"";"91.2"
"CHEMBL6160332";"";"None";"454.48";"1";"5.65";"6-rac";"Oc1ccc(C2Oc3ccc(/C=C/c4cc(O)cc(O)c4)cc3C2c2cc(O)cc(O)c2)cc1";"Inhibition";"";"";"%";"";"";"";"UO_0000187";"";"";"";"";"0";"CHEMBL6120119";"Inhibition of ACE N-domain (unknown origin) using Abz-SDK(Dnp)P-OH as substrate preincubated with substrate for 10 mins followed by ACE addition and measured after 30 mins by FRET analysis";"B";"BAO_0000357";"single protein format";"Homo sapiens";"None";"None";"None";"None";"";"";"";"CHEMBL1808";"Angiotensin-converting enzyme";"Homo sapiens";"SINGLE PROTEIN";"CHEMBL6115059";"1";"Scientific Literature";"J Med Chem";"2025";"None";"TIME = 0.6667 hr";"INHIBITOR";"Dose-dependent-effect";""
"CHEMBL6150643";"";"None";"267.28";"0";"3.72";"3";"Cc1nc2c(/C=C/c3ccc(O)cc3)cc(O)cc2o1";"IC50";"'='";"106400.0";"nM";"";"Outside typical range";"";"UO_0000065";"";"";"";"";"0";"CHEMBL6120114";"Inhibition of ACE (unknown origin) preincubated for 5 mins followed by substrate addition and measured immediately by fluorescence plate reader analysis";"B";"BAO_0000357";"single protein format";"Homo sapiens";"None";"None";"None";"None";"";"";"";"CHEMBL1808";"Angiotensin-converting enzyme";"Homo sapiens";"SINGLE PROTEIN";"CHEMBL6115059";"1";"Scientific Literature";"J Med Chem";"2025";"None";"TIME = 0.08333 hr";"INHIBITOR";"";"106.4"
"CHEMBL6163328";"";"None";"516.55";"3";"5.10";"9";"CCO[C@@H](c1cc(O)cc(O)c1)[C@@](O)(c1ccc(O)cc1)c1c(O)cc(O)cc1/C=C/c1ccc(O)cc1";"IC50";"'='";"36500.0";"nM";"4.44";"";"";"UO_0000065";"8.59";"0.16";"-0.66";"2.94";"0";"CHEMBL6120114";"Inhibition of ACE (unknown origin) preincubated for 5 mins followed by substrate addition and measured immediately by fluorescence plate reader analysis";"B";"BAO_0000357";"single protein format";"Homo sapiens";"None";"None";"None";"None";"";"";"";"CHEMBL1808";"Angiotensin-converting enzyme";"Homo sapiens";"SINGLE PROTEIN";"CHEMBL6115059";"1";"Scientific Literature";"J Med Chem";"2025";"None";"TIME = 0.08333 hr";"INHIBITOR";"";"36.5"
"CHEMBL6168910";"";"None";"480.04";"0";"4.18";"14";"Oc1ccc(/C=C/c2cc(O)c(I)c(O)c2I)cc1";"IC50";"'='";"16200.0";"nM";"4.79";"";"";"UO_0000065";"9.98";"0.34";"0.61";"7.89";"0";"CHEMBL6120114";"Inhibition of ACE (unknown origin) preincubated for 5 mins followed by substrate addition and measured immediately by fluorescence plate reader analysis";"B";"BAO_0000357";"single protein format";"Homo sapiens";"None";"None";"None";"None";"";"";"";"CHEMBL1808";"Angiotensin-converting enzyme";"Homo sapiens";"SINGLE PROTEIN";"CHEMBL6115059";"1";"Scientific Literature";"J Med Chem";"2025";"None";"TIME = 0.08333 hr";"INHIBITOR";"";"16.2"
"CHEMBL6171615";"";"None";"354.14";"0";"3.58";"12";"Oc1ccc(/C=C/c2cc(O)cc(O)c2I)cc1";"Inhibition";"'='";"35.0";"%";"";"";"";"UO_0000187";"";"";"";"";"0";"CHEMBL6120120";"Inhibition of ACE C-domain (unknown origin) using Abz-LFK(Dnp)-OH as substrate at 200 nM preincubated with substrate for 10 mins followed by ACE addition and measured after 30 mins by FRET analysis relative to control";"B";"BAO_0000357";"single protein format";"Homo sapiens";"None";"None";"None";"None";"";"";"";"CHEMBL1808";"Angiotensin-converting enzyme";"Homo sapiens";"SINGLE PROTEIN";"CHEMBL6115059";"1";"Scientific Literature";"J Med Chem";"2025";"None";"DOSE = 200.0 nM | TIME = 0.6667 hr";"";"";"35.0"
"CHEMBL95564";"";"None";"436.51";"0";"2.70";"315";"C[C@H](CC(=O)[C@H](Cc1ccccc1)NC(=O)c1ccccc1)C(=O)N1CCC[C@H]1C(=O)O";"IC50";"'='";"1.0";"nM";"9.00";"";"";"UO_0000065";"20.62";"0.38";"6.30";"8.67";"1";"CHEMBL6179069";"Inhibition of ACE (unknown origin)";"B";"BAO_0000357";"single protein format";"Homo sapiens";"None";"None";"None";"None";"";"";"";"CHEMBL1808";"Angiotensin-converting enzyme";"Homo sapiens";"SINGLE PROTEIN";"CHEMBL6177939";"1";"Scientific Literature";"RSC Med Chem";"2024";"None";"";"INHIBITOR";"";"1.0"
"CHEMBL1560";"CAPTOPRIL";"4.0";"217.29";"0";"0.63";"320";"C[C@H](CS)C(=O)N1CCC[C@H]1C(=O)O";"IC50";"'='";"6.3";"nM";"8.20";"";"";"UO_0000065";"37.74";"0.80";"7.57";"14.23";"1";"CHEMBL6179071";"Inhibition of ACE (unknown origin) using Hip-His-Leu-OH peptide as substrate by fluorimetric analysis";"B";"BAO_0000357";"single protein format";"Homo sapiens";"None";"None";"None";"None";"";"";"";"CHEMBL1808";"Angiotensin-converting enzyme";"Homo sapiens";"SINGLE PROTEIN";"CHEMBL6177939";"1";"Scientific Literature";"RSC Med Chem";"2024";"None";"";"INHIBITOR";"";"6.3"
"CHEMBL6189833";"";"None";"442.56";"1";"-1.36";"KAKP";"C[C@H](NC(=O)[C@@H](N)CCCCN)C(=O)N[C@@H](CCCCN)C(=O)N1CCC[C@H]1C(=O)O";"IC50";"'='";"7230.0";"nM";"5.14";"";"";"UO_0000065";"11.62";"0.23";"6.50";"2.65";"0";"CHEMBL6179895";"Inhibition of ACE (unknown origin) preincubated with compound for 5 mins and measured after 60 mins";"B";"BAO_0000357";"single protein format";"Homo sapiens";"None";"None";"None";"None";"";"";"";"CHEMBL1808";"Angiotensin-converting enzyme";"Homo sapiens";"SINGLE PROTEIN";"CHEMBL6177964";"1";"Scientific Literature";"Eur J Med Chem";"2025";"None";"TIME = 1.083 hr";"INHIBITOR";"";"7.23"
"CHEMBL6189833";"";"None";"442.56";"1";"-1.36";"KAKP";"C[C@H](NC(=O)[C@@H](N)CCCCN)C(=O)N[C@@H](CCCCN)C(=O)N1CCC[C@H]1C(=O)O";"deltaG";"'='";"-9.35";"kcal/mol";"";"";"";"";"";"";"";"";"0";"CHEMBL6179897";"Binding affinity to ACE (unknown origin) assessed as change in Gibbs free energy at 800 to 1400 nM by isothermal titration calorimetric analysis";"B";"BAO_0000357";"single protein format";"Homo sapiens";"None";"None";"None";"None";"";"";"";"CHEMBL1808";"Angiotensin-converting enzyme";"Homo sapiens";"SINGLE PROTEIN";"CHEMBL6177964";"1";"Scientific Literature";"Eur J Med Chem";"2025";"None";"DOSE_Lower = 800.0 nM | DOSE_Upper = 1400.0 nM";"INHIBITOR";"";"-9.35"
"CHEMBL6189833";"";"None";"442.56";"1";"-1.36";"KAKP";"C[C@H](NC(=O)[C@@H](N)CCCCN)C(=O)N[C@@H](CCCCN)C(=O)N1CCC[C@H]1C(=O)O";"Kd";"'='";"141.0";"nM";"6.85";"";"";"UO_0000065";"15.48";"0.30";"8.21";"3.53";"0";"CHEMBL6179898";"Binding affinity to ACE (unknown origin) assessed as dissociation constant by isothermal titration calorimetric analysis";"B";"BAO_0000357";"single protein format";"Homo sapiens";"None";"None";"None";"None";"";"";"";"CHEMBL1808";"Angiotensin-converting enzyme";"Homo sapiens";"SINGLE PROTEIN";"CHEMBL6177964";"1";"Scientific Literature";"Eur J Med Chem";"2025";"None";"";"INHIBITOR";"";"141.0"
"CHEMBL6171615";"";"None";"354.14";"0";"3.58";"12";"Oc1ccc(/C=C/c2cc(O)cc(O)c2I)cc1";"Inhibition";"";"";"%";"";"";"";"UO_0000187";"";"";"";"";"0";"CHEMBL6120122";"Inhibition of ACE C-domain (unknown origin) using Abz-LFK(Dnp)-OH as substrate preincubated with substrate for 10 mins followed by ACE addition and measured after 30 mins by FRET analysis";"B";"BAO_0000357";"single protein format";"Homo sapiens";"None";"None";"None";"None";"";"";"";"CHEMBL1808";"Angiotensin-converting enzyme";"Homo sapiens";"SINGLE PROTEIN";"CHEMBL6115059";"1";"Scientific Literature";"J Med Chem";"2025";"None";"TIME = 0.6667 hr";"INHIBITOR";"Dose-dependent-effect";""
"CHEMBL6193492";"";"None";"531.66";"None";"None";"319";"CC(C)C[C@H](C[Si](O)(O)CNC(=O)CCc1ccccc1)C(=O)NC(=O)N[C@@H](CC(C)C)C(=O)[O-].[Na+]";"Ki";"'='";"10.0";"nM";"8.00";"";"";"UO_0000065";"15.70";"None";"None";"None";"0";"CHEMBL6179070";"Binding affinity to ACE (unknown origin) assessed as inhibition constant";"B";"BAO_0000357";"single protein format";"Homo sapiens";"None";"None";"None";"None";"";"";"";"CHEMBL1808";"Angiotensin-converting enzyme";"Homo sapiens";"SINGLE PROTEIN";"CHEMBL6177939";"1";"Scientific Literature";"RSC Med Chem";"2024";"None";"";"INHIBITOR";"";"10.0"
"CHEMBL6189833";"";"None";"442.56";"1";"-1.36";"KAKP";"C[C@H](NC(=O)[C@@H](N)CCCCN)C(=O)N[C@@H](CCCCN)C(=O)N1CCC[C@H]1C(=O)O";"deltaS";"'='";"25.2";"cal/mol.K";"";"";"";"";"";"";"";"";"0";"CHEMBL6179896";"Binding affinity to ACE (unknown origin) assessed as change in entropy (deltaS) at 800 to 1400 nM by isothermal titration calorimetric analysis";"B";"BAO_0000357";"single protein format";"Homo sapiens";"None";"None";"None";"None";"";"";"";"CHEMBL1808";"Angiotensin-converting enzyme";"Homo sapiens";"SINGLE PROTEIN";"CHEMBL6177964";"1";"Scientific Literature";"Eur J Med Chem";"2025";"None";"DOSE_Lower = 800.0 nM | DOSE_Upper = 1400.0 nM";"INHIBITOR";"";"25.2"
"CHEMBL6160706";"";"None";"444.26";"0";"4.26";"15";"CCOC(c1ccc(O)cc1)C(OCC)c1cc(O)cc(O)c1I";"IC50";"'>'";"1000000.0";"nM";"";"Outside typical range";"";"UO_0000065";"";"";"";"";"0";"CHEMBL6120114";"Inhibition of ACE (unknown origin) preincubated for 5 mins followed by substrate addition and measured immediately by fluorescence plate reader analysis";"B";"BAO_0000357";"single protein format";"Homo sapiens";"None";"None";"None";"None";"";"";"";"CHEMBL1808";"Angiotensin-converting enzyme";"Homo sapiens";"SINGLE PROTEIN";"CHEMBL6115059";"1";"Scientific Literature";"J Med Chem";"2025";"None";"TIME = 0.08333 hr";"";"";"1000.0"
"CHEMBL6173765";"";"None";"273.24";"0";"2.58";"18";"O=[N+]([O-])/C(=C/c1ccc(O)cc1)c1cc(O)cc(O)c1";"IC50";"'='";"277700.0";"nM";"";"Outside typical range";"";"UO_0000065";"";"";"";"";"0";"CHEMBL6120114";"Inhibition of ACE (unknown origin) preincubated for 5 mins followed by substrate addition and measured immediately by fluorescence plate reader analysis";"B";"BAO_0000357";"single protein format";"Homo sapiens";"None";"None";"None";"None";"";"";"";"CHEMBL1808";"Angiotensin-converting enzyme";"Homo sapiens";"SINGLE PROTEIN";"CHEMBL6115059";"1";"Scientific Literature";"J Med Chem";"2025";"None";"TIME = 0.08333 hr";"INHIBITOR";"";"277.7"
"CHEMBL6160332";"";"None";"454.48";"1";"5.65";"6-rac";"Oc1ccc(C2Oc3ccc(/C=C/c4cc(O)cc(O)c4)cc3C2c2cc(O)cc(O)c2)cc1";"Inhibition";"";"";"%";"";"";"";"UO_0000187";"";"";"";"";"0";"CHEMBL6120115";"Competitive inhibition of ACE (unknown origin) using Abz-Gly-Phe(NO2)-Pro as substrate at 5 to 20 uM preincubated for 5 mins followed by substrate addition and measured immediately by Lineweaver-Burk plot analysis";"B";"BAO_0000357";"single protein format";"Homo sapiens";"None";"None";"None";"None";"";"";"";"CHEMBL1808";"Angiotensin-converting enzyme";"Homo sapiens";"SINGLE PROTEIN";"CHEMBL6115059";"1";"Scientific Literature";"J Med Chem";"2025";"None";"DOSE_Lower = 5.0 microM | DOSE_Upper = 20.0 microM | TIME = 0.08333 hr";"INHIBITOR";"Active";""
"CHEMBL6168565";"";"None";"1182.44";"None";"None";"BPPb; Bradykinin potentiating peptide B";"CC[C@H](C)[C@H](NC(=O)[C@H](CCCCN)NC(=O)[C@@H]1CCCN1C(=O)[C@H](CCCNC(=N)N)NC(=O)[C@@H]1CCCN1C(=O)[C@@H]1CCCN1C(=O)[C@H](CC(C)C)NC(=O)CNC(=O)[C@@H]1CCC(=O)N1)C(=O)N1CCC[C@H]1C(=O)N1CCC[C@H]1C(=O)O";"IC50";"";"";"";"";"";"";"";"";"";"";"";"0";"CHEMBL6120119";"Inhibition of ACE N-domain (unknown origin) using Abz-SDK(Dnp)P-OH as substrate preincubated with substrate for 10 mins followed by ACE addition and measured after 30 mins by FRET analysis";"B";"BAO_0000357";"single protein format";"Homo sapiens";"None";"None";"None";"None";"";"";"";"CHEMBL1808";"Angiotensin-converting enzyme";"Homo sapiens";"SINGLE PROTEIN";"CHEMBL6115059";"1";"Scientific Literature";"J Med Chem";"2025";"None";"TIME = 0.6667 hr";"";"Not determined";""
"CHEMBL6189833";"";"None";"442.56";"1";"-1.36";"KAKP";"C[C@H](NC(=O)[C@@H](N)CCCCN)C(=O)N[C@@H](CCCCN)C(=O)N1CCC[C@H]1C(=O)O";"-TdeltaS";"'='";"-7.51";"kcal/mol";"";"";"";"";"";"";"";"";"0";"CHEMBL6179893";"Binding affinity to ACE (unknown origin) assessed as change in entropy (-TdeltaS) at 800 to 1400 nM by isothermal titration calorimetric analysis";"B";"BAO_0000357";"single protein format";"Homo sapiens";"None";"None";"None";"None";"";"";"";"CHEMBL1808";"Angiotensin-converting enzyme";"Homo sapiens";"SINGLE PROTEIN";"CHEMBL6177964";"1";"Scientific Literature";"Eur J Med Chem";"2025";"None";"DOSE_Lower = 800.0 nM | DOSE_Upper = 1400.0 nM";"INHIBITOR";"";"-7.51"
