key,input,pca_x,pca_y,tmap_x,tmap_y,tsne_x,tsne_y,umap_x,umap_y
b4f365fd3255f0afd6973f2b607d9c48,C[C@H](CS)C(=O)N1[C@@H](SCCCc2ccccc2)CC[C@H]1C(=O)O,-0.2064196,-0.15465784,0.351022,0.78759444,0.41908062,0.1840962,0.5508814,-0.094992034
83f86075a9886e30feb0c89f1662275e,O=C(N[C@H]1Cc2ccccc2C2CCC[C@H](C(=O)O)N2C1=O)[C@H](S)Cc1ccccc1,-0.09356855,-0.040234525,0.926882,0.07226658,0.20221627,0.31670177,0.62855875,-0.19867423
491e9da12e3d6f89d9f36ba695f87b1a,NCCCC[C@H](OP(=O)(O)CCCCc1ccccc1)C(=O)N(CC(=O)O)c1ccc2c(c1)OCO2,0.29438972,0.050311197,0.36659193,0.7982253,-0.11185703,0.44727686,0.5472902,-0.10972102
2a0e2f680374d04fd4185e103d0aa9ef,O=C(N[C@H]1CCS[C@H]2CCC[C@@H](C(=O)O)N2C1=O)[C@@H](S)Cc1ccccc1,-0.13659996,0.019867215,0.71464443,-0.34393257,0.34989932,0.4294576,0.5695765,0.04698082
57c0136125ea6acaa8d4df92bee9b7db,NCCCC[C@H](OP(=O)(O)CCCCc1ccccc1)C(=O)N1C[C@@H](c2ccccc2)C[C@H]1C(=O)O,0.2903034,-0.06674108,0.36735153,0.79406834,-0.29652274,0.53904325,0.6172232,-0.11030674
233fb845b55a3a02bdda47d49dad1b2c,CC(=O)S[C@H](C)C(=O)N1[C@H](C(=O)O)C[C@H](C(=O)O)[C@@H]1c1ccccc1,-0.27165726,0.023679394,0.363814,0.80187154,0.5010938,0.09799668,0.52183837,-0.17896572
ac1daa72ee20ddbb17b61646519880f1,C[C@H](CS)C(=O)N1[C@@H](SCCc2ccccc2)CC[C@H]1C(=O)O,-0.26197997,-0.12840259,0.351022,0.78759444,0.4346613,0.15507853,0.5851223,-0.10576915
1b85be7c5bdfa198d3954c035d91c807,O=C(O)C(=O)N[C@H](Cc1ccc(-c2cccc(Cl)c2)cc1)C[C@@H](O)C(=O)O,-0.20050594,0.2506742,-0.58902764,0.3209877,-0.031303782,0.4226536,-0.08454274,-0.053566862
3c495c1d26979abb6a557d2c36a3f46d,C[C@H](NC(CCC(=O)Nc1ccc(I)cc1)C(=O)O)C(=O)N1CCC[C@H]1C(=O)O,0.0016223025,0.22972487,0.35098433,0.79668486,0.22869371,0.3201088,0.58135384,-0.13748506
87032a5bf5a7948996074e1dedb92052,O=C(NC(Cc1ccccc1)C(=O)N[C@H](CCC(=O)N1c2ccccc2C[C@H]1C(=O)O)C(=O)O)OCc1ccccc1,0.33692265,0.15507789,0.35396183,0.7604114,-0.117660604,0.2909452,0.6502606,-0.20141289
6d31dbfe2e425b98b8cc0dff5cd359ec,COc1ccc(N(CC(=O)O)C(=O)[C@H](CCCCN)OP(=O)(O)CCCCc2ccccc2)cc1OC,0.3781742,0.030822206,0.36716318,0.79932,-0.105959155,0.63956904,0.562722,-0.100987725
987f56c1deb1360e763fa8ca11f8cda4,NCCCC[C@H](OP(=O)(O)CCCCc1ccccc1)C(=O)N(CC(=O)O)C1CCCCC1,0.25186753,-0.033515777,0.36679375,0.8020526,-0.14148709,0.5111347,0.5912552,-0.10004975
6e46b0d81a826f576eaddba5f9751160,NCCCC[C@H](OP(=O)(O)CCCCc1ccccc1)C(=O)N1c2ccccc2C[C@H]1C(=O)O,0.1927649,-0.021463644,0.3687408,0.79588485,-0.13707869,0.39977634,0.57822233,-0.18161632
8377e8878438157b1d8b059b390835ef,O=C(O)CCC(=O)N[C@H](Cc1ccc(-c2cccc(Cl)c2)cc1)C[C@@H](O)C(=O)O,-0.08283685,0.20346908,-0.58902764,0.3209877,0.028902834,0.43968955,-0.0774099,-0.046160266
ed75b5e23815a937a94af3bad9efd7bc,C[C@H](CSC(=O)c1ccccc1)C(=O)N1C[C@@H](Sc2ccccc2)C[C@H]1C(=O)O,-0.088066116,-0.29074398,0.3656534,0.7900106,0.4180012,0.1940082,0.5819698,-0.123394065
db60ccd22b796b6d2dd0ad278c3dc9ae,O=C(N[C@@H](Cc1ccccc1)P(=O)(O)C[C@@H](Cc1cc(-c2ccccc2)no1)C(=O)N[C@@H](Cc1ccccc1)C(=O)O)OCc1ccccc1,0.7541891,-0.05501127,-0.77852,0.34489107,-0.18330008,0.47231546,0.42165142,0.1169568
2f172889d374199b1a7db70dd04ba8de,O=C(N[C@@H](Cc1ccccc1)P(=O)(O)C[C@@H](Cc1cc(-c2ccccc2)no1)C(=O)N[C@@H](Cc1ccc(O)cc1)C(=O)O)OCc1ccccc1,0.81775635,0.1061955,-0.77852,0.34489107,-0.2451707,0.5036583,0.3238593,0.10392549
1f178068dd9b1ea955286e75aadc6081,NCCCC[C@H](OP(=O)(O)CCCCc1ccccc1)C(=O)N1C[C@@H](C2CCCCC2)C[C@H]1C(=O)O,0.3491733,-0.11320937,0.36735153,0.79406834,-0.13199314,0.5941938,0.62115425,-0.08293672
7ccf476f6f8fd8085a55e520ebf230f7,NCCCC[C@H](N[C@@H](CCc1ccccc1)C(=O)O)C(=O)N1CC2(C[C@H]1C(=O)O)SCCS2,0.2604311,0.14051302,0.3479519,0.79440975,0.00256962,0.41756442,0.62552065,-0.19781178
87e0ff2d7bd4d5c96b946aa79390c668,CCCC[C@H](N[C@@H]1CCc2ccccc2N(CC(=O)O)C1=O)C(=O)O,-0.25684428,0.13154446,0.71875787,-0.3255177,0.28056896,0.27053747,0.54275227,-0.25995922
c6e7f46fc479c0c6c9141327acd23c55,CCOC(=O)[C@H](CCc1ccccc1)NCC(=O)N1CC2(C[C@H]1C(=O)O)SCCS2,0.057629567,-0.09325203,0.34538054,0.80570877,0.16358797,0.36318213,0.57027954,-0.16644216
4f62be4baa8c51c657cd264c5cefcab6,O=C(O)CCCC(=O)N[C@H](Cc1ccc(-c2cccc(Cl)c2)cc1)C[C@@H](O)C(=O)O,-0.028081955,0.17798485,-0.7596959,0.42188084,-0.01781595,0.4540136,-0.06327751,-0.046281572
15599d92122fe0733f530db3425ef461,NCCCC[C@H](OP(=O)(O)CCCCc1ccccc1)C(=O)N1C[C@@H](Sc2ccccc2)C[C@H]1C(=O)O,0.39895153,-0.09433066,0.36735153,0.79406834,-0.18857768,0.5511663,0.61455655,-0.05264902
867a23f60194234fdf3bd22b7a57dc6d,CS[C@@H]1C[C@@H](C(=O)O)N(C(=O)[C@H](CCCCN)OP(=O)(O)CCCCc2ccccc2)C1,0.24467845,-4.4386055e-05,0.36735153,0.79406834,-0.024531705,0.51315224,0.61579573,-0.05968795
dd8c0472f717c438e02c36e6107970ed,O=C(O)C(CCc1ccccc1)N[C@H]1CCC[C@H]2SC[C@@H](C(=O)O)N2C1=O,-0.14484102,0.08640077,0.7198138,-0.3182789,0.17545855,0.48257843,0.5293457,0.053380284
7047e8925a4ac4a20cd93a23a3ba6ed0,O=C(O)C(CCc1ccccc1)N[C@H]1CCCC2SC[C@@H](C(=O)O)N2C1=O,-0.14484102,0.08640077,0.7198138,-0.3182789,0.17545855,0.48257843,0.5293457,0.053380284
6adba252dbf83860961ffa1b22d247bb,O=C(O)C(CCc1ccccc1)NC1CCC[C@H]2SC[C@@H](C(=O)O)N2C1=O,-0.14484102,0.08640077,0.7198138,-0.3182789,0.17545855,0.48257843,0.5293457,0.053380284
d1e59bd554f07f9f307f79c0d93cd332,O=C(O)C(=O)N[C@H](Cc1ccc(-c2ccccc2)cc1)C[C@@H](CO)C(=O)O,-0.2001856,0.26744416,-0.83681136,0.3989724,-0.04835303,0.34909213,-0.041414645,-0.027718624
3b79752498aa7ad1d85dc515f2fdb0b3,NCCCC[C@H](OP(=O)(O)CCCCc1ccccc1)C(=O)N1CC2(C[C@H]1C(=O)O)SCCS2,0.37089634,-0.074007004,0.36676383,0.7936168,-0.21038358,0.5184109,0.64384437,-0.1071412
bfe1741ba8e06c2376be66fa55b8bb83,O=C(NNC(=S)Nc1ccc(Cl)c(Cl)c1)c1ccccc1O,-0.40445238,0.14756958,0.55228746,0.1018821,0.4071114,-0.5388858,0.026280524,0.2996401
ff5b4f8cc9b4563c46a1160b8339072c,NCCCC[C@H](OP(=O)(O)CCCCc1ccccc1)C(=O)N1C[C@H](Sc2ccccc2)C[C@H]1C(=O)O,0.39895153,-0.09433066,0.36735153,0.79406834,-0.18857768,0.5511663,0.61455655,-0.05264902
06cd0843fe19ab03d8401e7e23a6e91d,CC(NC(CCC(=O)Nc1ccc(I)cc1)C(=O)O)C(=O)N1CCCC1C(=O)O,0.0016223025,0.22972487,0.35098433,0.79668486,0.22869371,0.3201088,0.58135384,-0.13748506
a428fe65f16f100b1a46655697e3b608,C[C@H](N[C@@H](CCc1ccccc1)C(=O)O)C(=O)N1CC2(C[C@H]1C(=O)O)SCCS2,0.018203003,0.023892079,0.34673822,0.7928804,0.10885931,0.4120534,0.6372126,-0.15852593
44e03af2e30dcb497895d336b5ba3ae3,NCCCC[C@H](OP(=O)(O)CCCCc1ccccc1)C(=O)N1C[C@H](O)C[C@H]1C(=O)O,0.15407656,0.22865649,0.36735153,0.79406834,-0.12869707,0.5100881,0.6156439,-0.09757146
2ca4b82b5643cbb75e3d7b2840a89a39,NCCCC[C@H](OP(=O)(O)CCCCc1ccccc1)C(=O)N1C[C@@H](Cc2ccccc2)C[C@H]1C(=O)O,0.34281403,-0.08337359,0.36735153,0.79406834,-0.12630942,0.49166775,0.53732306,-0.11577362
7eb45487105a605a4d43b4c5c4c84efc,Cc1cccc(CS[C@H]2CC[C@@H](C(=O)O)N2C(=O)[C@H](C)CS)c1,-0.27445373,-0.1387375,0.3550886,0.7873094,0.42922503,0.11825335,0.5178267,-0.107121535
29053a1a69f06c52da72579348ca3f3d,C[C@H](N[C@H](CCc1ccccc1)C(=O)O)C(=O)N1CC2(C[C@H]1C(=O)O)SCCS2,0.018203003,0.023892079,0.34673822,0.7928804,0.10885931,0.4120534,0.6372126,-0.15852593
9834602f04ee7fefaed5b2fc5ef11f09,CCOC(=O)[C@H](CCc1ccccc1)N[C@@H](C)C(=O)N1[C@H](C(=O)O)C[C@H]2CCCC[C@@H]21,-0.023475321,-0.110178374,0.34645557,0.7908839,0.2599482,0.48443827,0.5846589,-0.20079748
3cd51bfae08bf047fa06ea5f1d513b9f,CCCCOC(=O)[C@H](CO)C[C@@H](Cc1ccc(-c2ccccc2F)cc1)NC(=O)C(=O)O,0.013049526,0.058939997,0.5579107,0.4593873,-0.12875742,0.32330614,-0.04970471,-0.05138277
d3d38db98ed179a9cdc60ed6aa0b2416,O=C(O)C(=O)NN(Cc1ccc(-c2cc(Cl)ccc2F)cc1)C[C@@H](O)C(=O)O,-0.18022777,0.29130796,-0.44401366,0.7672907,-0.009335605,0.13760032,-0.040659618,-0.12302844
35bfecdb532eff27ba865db3a01f911a,CCC(=O)O[C@@H](O[P@](=O)(CCCCc1ccccc1)CC(=O)N1C[C@H](C2CCCCC2)C[C@H]1C(=O)O)C(C)C,0.4421606,-0.44122204,0.34387589,0.7870823,0.10841968,0.594213,0.52548873,-0.15125293
e8afa858ae60915a8fff523cd7ea4a47,CCOCCCOC(=O)C(=O)N[C@H](Cc1ccc(-c2cccc(Cl)c2)cc1)C[C@@H](O)C(=O)O,0.094209805,0.0817486,-0.72587526,0.39280617,-0.108848386,0.47927016,-0.08439334,-0.017006887
5d99f435383e32f9e9f338d7fa92b1a6,Cc1cccc(-c2ccc(C[C@H](C[C@@H](O)C(=O)O)NC(=O)C(=O)O)cc2)c1,-0.21449348,0.26352385,-0.7222233,0.39725137,-0.05634093,0.41329056,-0.0420111,-0.04998285
445839cbb7de2d6a7ea112271a2d2f03,C[C@@](CO)(C[C@@H](Cc1ccc(-c2cc(Cl)ccc2F)cc1)NC(=O)C(=O)O)C(=O)O,-0.08434649,0.18494715,-0.758783,0.43115973,-0.12885949,0.28405538,-0.14196073,-0.087811105
358f4ba0b806b0c33504cc8a33a29c40,C[C@H](CC(=O)[C@H](Cc1ccccc1)NC(=O)c1ccccc1)C(=O)N1CCC[C@H]1C(=O)O,-0.05550282,-0.09658291,0.36067152,0.7770839,0.0654028,0.3282817,0.5760637,-0.23130627
d9eaaa931d926eb15ffb4df638e82d39,CCOC(=O)[C@H](O)C[C@@H](Cc1ccc(-c2cccc(Cl)c2)cc1)NC(=O)c1cc(C(C)=O)n[nH]1,0.07433896,0.045268882,-0.73543465,0.41121495,-0.058003586,0.21593967,-0.028642658,-0.13028173
a040e0fae2511a5f7c5c665fe5f4af3b,O=C(O)C(=O)N[C@H](Cc1ccc(-c2cc(Cl)ccc2Cl)cc1)C[C@@H](O)C(=O)O,-0.14478478,0.20988242,-0.75219136,0.40145636,-0.116379,0.34377387,-0.12531774,-0.04963527
4cfa30d6bfa7e7f59790edd2ddbc8413,O=C(O)CCn1c(=O)n2n(c1=O)[C@H](C(=O)O)C=CC2,-0.5425314,0.29732162,-0.041579247,0.33300126,0.4007604,0.19417183,0.35892406,0.21652985
ab2790634cd5787fdd23df9f1d7cc2bc,N[C@H](Cc1ccc(-c2cccc(Cl)c2)cc1)C[C@@H](O)C(=O)OCc1ccccc1,-0.15070277,-0.15533637,-0.74838567,0.33193493,0.059612077,-0.09522733,-0.01427594,-0.073077254
b9d1f98f15c0a4097a7349dbafc042c6,CCOC(=O)C(=O)N[C@H](Cc1ccc(-c2cccc(Cl)c2)cc1)C[C@@H](O)C(=O)O,-0.1186104,0.10405298,-0.72587526,0.39280617,-0.021257196,0.3992804,-0.09627342,-0.019432578
6972f1d81123cb64cba03069f51eeb9d,CC(C)OC(=O)[C@H](O)C[C@@H](Cc1ccc(-c2ccc(Cl)cc2F)cc1)NC(=O)C(=O)O,-0.057026688,0.06504705,-0.7553525,0.40937293,-0.19495864,0.35390005,-0.13563262,-0.123113364
c0a17ac51a64772c62b8da51104796c9,CC(C)OC(=O)C(=O)NC(Cc1ccc(-c2cc(Cl)ccc2F)cc1)CC(O)C(=O)O,-0.05710954,0.06512687,0.22986007,0.8608085,-0.22916879,0.3689516,-0.13165617,-0.03229647
2931d9ef0fed53cd034785d5d27ce4e5,O=C(O)C(=O)NC(Cc1ccc(-c2cccc(Cl)c2)c(Cl)c1)CC(O)C(=O)O,-0.1452778,0.21034406,-0.6782799,0.59299886,-0.01737812,0.35470408,-0.06911356,-0.08139414
8ff1fbdcace59019790c118b58aff196,O=C(O)C(=O)N[C@H](Cc1ccc(-c2ccccc2F)cc1)C[C@@H](CO)C(=O)O,-0.17933318,0.25683522,-0.51011634,0.4140874,-0.0638235,0.2575664,-0.066160396,-0.010052206
8835e5110d2f98d6bd6340537fa7154a,O=C(O)C(=O)NC(Cc1ccc(-c2ccccc2F)cc1)CC(CO)C(=O)O,-0.17933318,0.25683522,-0.51011634,0.4140874,-0.0638235,0.2575664,-0.066160396,-0.010052206
e2f50be8814accc423c83b26a8108c63,CCOC(=O)[C@H](CO)C[C@@H](Cc1ccc(-c2ccccc2F)cc1)NC(=O)C(=O)O,-0.097311825,0.11027255,-0.51011634,0.4140874,-0.07889018,0.3063099,-0.045749165,-0.048111368
73ef74029266df4fc454ba7054cdf6ab,CC(C)COC(=O)C(=O)NC(Cc1ccc(-c2cccc(Cl)c2)c(Cl)c1)CC(O)C(=O)O,0.03200842,0.013022904,-0.7511721,0.41007876,-0.06631841,0.40112296,-0.031645544,-0.05506726
8dfc0ea67477d080998735a038e74894,CCOC(=O)C(=O)NC(Cc1ccc(-c2cc(Cl)ccc2F)cc1)CC(O)C(=O)O,-0.097758636,0.09340615,-0.7501562,0.4099778,-0.20590843,0.36067522,-0.14838962,-0.011982051
574cbf2484123faf7e92e0aebd652b25,CC(C)[C@@H](N)C(=O)OCOn1nnc2ccc(C(=O)N[C@H](Cc3ccc(-c4cccc(Cl)c4)cc3)C[C@@H](O)C(=O)O)cc21,0.4692098,0.24440227,-0.7241129,0.3938551,-0.35142517,0.32016614,-0.0735418,-0.01738955
65707cd67a2740f7a7477a889b662032,CCC(=O)OC(OP(=O)(CCCc1ccccc1)CC(=O)N1C[C@H](C2CCCCC2)C[C@H]1C(=O)O)C(C)C,0.38767916,-0.41590023,0.34387589,0.7870823,0.15059483,0.58029455,0.51846224,-0.15224472
b68ccc0b1ce3a6b8f69187004a5cf7b6,O=C(O)C(=O)NC(Cc1ccc(-c2cc(Cl)ccc2F)c(Cl)c1)CC(O)C(=O)O,-0.12409298,0.19963662,-0.7550734,0.41057384,-0.11762538,0.26765284,-0.020029102,-0.069577344
9b71d035cdddd210ba3c2efa5bbf4849,C[C@@](CO)(C[C@@H](Cc1ccc(-c2cc(F)ccc2Cl)cc1)NC(=O)C(=O)O)C(=O)O,-0.083449766,0.18405183,-0.7625661,0.4290049,-0.020992372,0.25426194,-0.119590476,-0.10317291
2f73010aa089da507816287cdd0c4453,CCOC(=O)C(=O)NN(Cc1ccc(-c2ccc(Cl)cc2)c(Cl)c1)C[C@@H](O)C(=O)O,-0.06381808,0.1145108,-0.30965245,0.5270461,0.03566005,0.17542093,-0.05896885,-0.09519291
e744102b5390a2306f241d78ce9ee40c,O=C(O)C(=O)NC(Cc1ccc(-c2cc(Cl)ccc2F)cc1)CC(O)C(=O)O,-0.1793989,0.23999275,-0.7550734,0.41057384,-0.21085614,0.34182256,-0.13173886,-0.027648963
8cef089f779334f93491dd2c72d4d58b,Cc1ccc(Cl)cc1-c1ccc(CC(CC(O)C(=O)O)NC(=O)C(=O)O)cc1,-0.15891215,0.22288816,-0.7392743,0.5427904,-0.14643401,0.3515864,-0.13490644,-0.047134057
e7a82e3516325f4f119074480981d03a,O=C(N[C@H](Cc1ccc(-c2cccc(Cl)c2)cc1)C[C@@H](O)C(=O)O)c1cc(-c2ccccc2F)no1,0.078105256,-0.04298881,-0.7478111,0.40144765,-0.21282932,0.41633055,0.03642644,-0.050051972
c4b755afc9a5eddea23919d78adf50e7,CC(C)COC(=O)C(=O)N[C@H](Cc1ccc(-c2cc(Cl)ccc2Cl)cc1)C[C@@H](O)C(=O)O,0.03250144,0.012561296,-0.75219136,0.40145636,-0.13214718,0.38017082,-0.13636164,-0.01977085
d224ff87f03cb9b6368e1346a19d387d,CC(=O)OCOn1nnc2ccc(C(=O)N[C@H](Cc3ccc(-c4cccc(Cl)c4)cc3)C[C@@H](O)C(=O)O)cc21,0.25100994,0.13341005,-0.7241129,0.3938551,-0.302963,0.22961515,-0.10400589,0.010868598
86111c3463c87ac7e108c1583c67c30c,CCOC(=O)[C@H](O)C[C@@H](Cc1ccc(-c2cc(Cl)ccc2F)cc1)NC(=O)c1cc(C(C)=O)n[nH]1,0.0954652,0.03458597,-0.73543465,0.41121495,-0.15103115,0.21919423,-0.09223707,-0.13716319
972e58238f13e4a0223789eaa3fc0729,CC(C)COC(=O)C(=O)N[C@H](Cc1ccc(-c2cccc(Cl)c2)cc1)C[C@@H](O)C(=O)O,-0.023073317,0.053333733,-0.72548246,0.39498615,-0.068206064,0.449261,-0.04836757,-0.023432357
e90558c7187cdee83c0cd96bae677bb8,O=C(N[C@H](Cc1ccc(-c2cccc(Cl)c2)cc1)C[C@@H](O)C(=O)O)C(=O)OCCOc1ccccc1,0.14047132,0.036014665,-0.72587526,0.39280617,-0.21810366,0.41400167,-0.109138474,-0.027912803
488bbb8f748b897fb0ad2c4ee9e8e253,COCCOC(=O)C(=O)N[C@H](Cc1ccc(-c2cccc(Cl)c2)cc1)C[C@@H](O)C(=O)O,-0.013644414,0.13073929,-0.72587526,0.39280617,-0.06853357,0.39001998,-0.08198218,-0.010163045
54f4513f40596756b969f24d618df5b6,CCOC(=O)C(=O)NN(Cc1ccc(-c2cc(F)ccc2Cl)cc1)C[C@@H](O)C(=O)O,-0.097581655,0.14368542,-0.751278,0.40962923,0.07683207,0.11817737,-0.04461065,-0.102647014
64215c1b5da6d4335c5a1c28a4b27be7,O=C(O)C(=O)NC(Cc1ccc(-c2ccccc2Cl)cc1)CC(CO)C(=O)O,-0.14463717,0.2267137,-0.83681136,0.3989724,-0.032277413,0.28381994,-0.085315384,-0.015362238
89c8b324bdb1a41a75ab8659abde68a9,CCCCOC(=O)C(=O)N[C@H](Cc1ccc(-c2cccc(Cl)c2)cc1)C[C@@H](O)C(=O)OCCCC,0.18533133,-0.14501345,-0.72587526,0.39280617,-0.06636641,0.38849068,-0.042384677,-0.07744301
4be268e280777e67357acb7d8485e286,CCOC(=O)[C@H](O)C[C@@H](Cc1ccc(-c2ccc(Cl)cc2F)cc1)NC(=O)C(=O)O,-0.097649306,0.09330199,-0.7344497,0.41215813,-0.12219524,0.3513648,-0.15039875,-0.0957321
44d8906aa1afad24b8a7bd2bada4538e,O=C(O)CCC(=O)N[C@H](Cc1ccc(-c2ccccc2)cc1)C[C@@H](CO)C(=O)O,-0.08214308,0.2202961,-0.45717907,0.25926733,0.019571876,0.41945407,-0.03897339,-0.01312804
7cfeb1b12e1c6f15e4e8052c685b760f,CC(=O)C(O)CC(Cc1ccc(-c2cc(Cl)ccc2F)c(Cl)c1)NC(=O)C(=O)O,-0.13371627,0.03532395,-0.75458884,0.4115845,-0.095895216,0.25368702,0.0062508946,-0.06684462
3e76863d046cfc67704daec4613f9905,CC(C)COC(=O)[C@H](O)C[C@@H](Cc1ccc(-c2ccccc2Cl)c(Cl)c1)NC(=O)C(=O)O,0.033067953,0.011920233,-0.72548246,0.39498615,0.0852637,0.35725453,0.02932499,-0.09835616
92d254547dc9f10f105528f6465bc6d5,NCCCC[C@H](OP(=O)(O)CCCCc1ccccc1)C(=O)N(CC(=O)O)c1ccccc1,0.19692425,0.003577952,0.3665787,0.79958117,-0.16620041,0.66126966,0.5344293,-0.060455073
ec544945cad9cfd1a07cfae3f7e51077,C[C@H](NC(CCc1cccc2ccccc12)C(=O)O)C(=O)N1CCC[C@H]1C(=O)O,-0.1405997,0.06009205,0.3465128,0.7964113,-0.06066175,0.23596507,0.6512809,-0.20258412
2955576619a5a4776facce142e2fda7f,C[C@H](NC(Cc1ccccc1)C(=O)O)C(=O)N1C(=O)N(Cc2ccccc2)C[C@H]1C(=O)O,-0.05031273,0.11909684,0.33958817,0.79561627,0.24056762,0.3093081,0.6153517,-0.19665791
086b20925929c4cca357b41865d1cbb1,O=C(O)C(CCc1ccccc1)NC1Cc2ccccc2[C@H]2CCC[C@@H](C(=O)O)N2C1=O,-0.057766963,-0.0019220813,0.718688,-0.31538063,0.044479355,0.32647812,0.6009234,-0.2082767
44f7cd424aa478bf19da44aab7521432,C[C@H](N[C@](C)(CCc1ccccc1)C(=O)O)C(=O)N1CCC[C@H]1C(=O)O,-0.22048157,0.1133857,0.37321436,0.7897109,0.32198927,0.35099512,0.5875176,-0.16145663
bb48ef4b853906d69f638a2b8d7b0e73,C[C@H](NC(CCc1ccccc1)C(=O)O)C(=O)N1CCC[C@H]1C(=O)O,-0.26013064,0.14504923,0.34700096,0.7982383,0.21240455,0.2851384,0.63497007,-0.18682808
2ce1bb7ea5926c9814518d1145fd5fee,COc1ccc2c(c1)CC[C@H]2[C@@H](CS)C(=O)N[C@@H](Cc1c[nH]c2ccccc12)C(=O)O,-0.042442698,0.06647838,-0.01832521,0.9068737,-0.13814868,0.10480915,0.5680701,-0.16363207
0a74bf5ba0961278718bb151dc83f6ed,C[C@@H](NP(=O)(O)O)C(=O)N1CCC[C@H]1C(=O)O,-0.51302516,0.3906007,0.35273635,0.7981292,0.17283581,0.74007297,0.62991303,-0.05037078
a27fa2e8ce1396eb457efc313feec62c,O=C(N[C@@H](Cc1ccccc1)P(=O)(O)C[C@@H](Cc1cc(-c2ccccc2)no1)C(=O)N[C@@H](Cc1c[nH]c2ccccc12)C(=O)O)OCc1ccccc1,0.86051303,0.02593929,-0.77852,0.34489107,-0.4212626,0.4764888,0.4855062,0.11960789
f26e016e3fbb0cab28b95003c7d154bf,COc1ccc(CC(NC(=O)c2ccccc2)C(=O)CCC(=O)N2CCC[C@H]2C(=O)O)cc1OC,0.08481015,-0.04352044,0.36255932,0.77624106,-0.056788355,0.26270744,0.5109757,-0.21799196
eb7a2db9e5d82b02cb54cb88683cae34,O=C(NC(Cc1ccccc1)C(=O)CCC(=O)N1CCC[C@H]1C(=O)O)c1ccco1,-0.12141733,0.00086075516,0.36807477,0.77743053,0.028835876,0.32010618,0.5691172,-0.1709668
6a3deab2ff6fbc6d6b0a65d7bf110d1b,CCCCCCCC[C@H](N[C@@H](C)C(=O)N1C(=O)N(Cc2ccccc2)C[C@H]1C(=O)O)C(=O)O,0.12390424,0.045181874,0.34291184,0.79445624,0.16791181,0.41055614,0.53186184,-0.17721978
76da2cc83c845b1937cfcab69f08b483,O=C(O)[C@@H]1C[C@@H](C2CCCCC2)CN1C(=O)CP(=O)(O)CCCCc1ccccc1,0.02575068,-0.24606517,0.34436798,0.7860956,-0.010325965,0.67766196,0.5312813,-0.09763461
71b8cfe7ac99c85564c3fba2e1d8fb40,CCCCCCCC[C@H](N[C@@H](C)C(=O)N1C(=O)N(C)C[C@H]1C(=O)O)C(=O)O,-0.08228822,0.1563714,0.34491694,0.7957194,0.094241396,0.41748002,0.56446266,-0.0363194
a73311073a659e35542f48d486a931b9,C[C@H](N[C@@H](CCc1ccccc1)C(=O)O)C(=O)N1CCC[C@H]1C(=O)O,-0.26013064,0.14504923,0.34700096,0.7982383,0.21240455,0.2851384,0.63497007,-0.18682808
9428b86c33569cc37effa51edcf26c48,C[C@H](NCS)C(=O)N1CCC[C@H]1C(=O)O,-0.60276115,0.22069629,0.3570944,0.79761195,0.48552012,0.1847471,0.62121576,-0.19149369
ac39edefe1e22eb1abfcb69bedc451fe,C[C@H](N[C@@H](CCc1ccccc1)C(=O)O)C(=O)N1C(=O)N(C)C[C@H]1C(=O)O,-0.20433217,0.20610036,0.34216654,0.7974137,0.12840402,0.3359055,0.60229945,-0.16474251
5b5eb2e9fbcfbc166821455f8fc9c04f,C[C@H](N[C@@H](CCc1ccccc1)C(=O)O)C(=O)N1C(=O)N(Cc2ccccc2)C[C@H]1C(=O)O,0.00412683,0.093291275,0.3409835,0.79749227,0.16591164,0.30583233,0.5885156,-0.1935311
f43962fb31ffa78864af0e5149ce4506,O=C(O)CN1C(=O)[C@@H](N[C@@H](CCc2ccccc2)C(=O)O)CCc2ccccc21,-0.15745734,0.077773266,0.71546996,-0.32486922,0.03330314,0.24646886,0.5385147,-0.27840203
29b76db6475f4499d6fc7bfa5654e22c,C[C@H](NP(=O)(O)CCc1ccccc1)C(=O)N1CCC[C@H]1C(=O)O,-0.24291044,0.076696225,0.35135484,0.8013798,0.084283404,0.38728598,0.57414836,-0.13570006
d49a43c49f1de722808fd66a71e5903e,CS[C@H]1C[C@@H](C(=O)O)N(C(=O)[C@H](CCCCN)OP(=O)(O)CCCCc2ccccc2)C1,0.24467845,-4.4386055e-05,0.36735153,0.79406834,-0.024531705,0.51315224,0.61579573,-0.05968795
ce8d178a345ca75922e435da896a4c10,O=C(O)C(CCc1ccccc1)NC1CCCC2SCC(C(=O)O)N2C1=O,-0.14484102,0.08640077,0.7198138,-0.3182789,0.17545855,0.48257843,0.5293457,0.053380284
4c786dc3617717a42dfc6968cf7265bf,O=C(CS)N[C@H]1Cc2ccccc2[C@H]2CCC[C@@H](C(=O)O)N2C1=O,-0.34561986,0.09573511,0.926882,0.07226658,0.52950156,0.21951891,0.56371224,-0.1997559
7956f4107487cb309adcd48eca5b3f24,O=C(O)CN1CCCCC[C@H](N[C@@H](CCc2ccccc2)C(=O)O)C1=O,-0.21158549,0.11793064,0.71932054,-0.31689346,0.18916258,0.37938774,0.5648894,-0.21363474
86e573986e25d8ebb1e1a5406f101da7,CCCCCCCC[C@H](N[C@@H](CC)C(=O)N1C(=O)N(Cc2ccccc2)C[C@H]1C(=O)O)C(=O)O,0.17854144,0.019909445,0.34291184,0.79445624,0.16752598,0.4034102,0.4970835,-0.17504196
aa9067a40fb1e1f61842cb2b4245a6db,CC(C)C[C@H](N[C@@H](C)C(=O)N1C(=O)N(Cc2ccccc2)C[C@H]1C(=O)O)C(=O)O,-0.10860856,0.14743374,0.33977425,0.7938348,0.23625544,0.34993187,0.6160191,-0.19025783
83a6a6884cb48b7aa1ecce8728899ac1,NCCC[C@H](NC(CCc1ccccc1)C(=O)O)C(=O)N1CCC[C@H]1C(=O)O,-0.07019934,0.2866618,0.34875536,0.7965801,0.05734186,0.31728765,0.623848,-0.22244331
b9a7b28d9770db08c916487fb3151e28,C[C@H](NC(CCc1ccccc1)C(=O)O)C(=O)N1CC2CCCCC2[C@H]1C(=O)O,-0.10398908,0.03879616,0.34551728,0.788548,0.24784341,0.4884338,0.6048023,-0.19295883
6fa31e4e73994b4ba6b4ed7ec9b9c857,CC[C@H](N[C@@H](CCc1ccccc1)C(=O)O)C(=O)N1C(=O)N(Cc2ccccc2)C[C@H]1C(=O)O,0.05806498,0.06796249,0.3409835,0.79749227,0.21319956,0.28386083,0.549117,-0.1988276
8fd3f527fb142e5c10732ec48b21a068,Cc1ccccc1CS[C@H]1CC[C@@H](C(=O)O)N1C(=O)[C@H](C)CS,-0.27321047,-0.1400123,0.35343063,0.78581333,0.4314016,0.1854231,0.53848606,-0.11554198
9cf102b48b829b7e607a3b00e9d6e031,CCC[C@H](N[C@@H](C)C(=O)N1[C@H](C(=O)O)C[C@@H]2CCCC[C@@H]21)C(=O)OCC,-0.17639147,-0.03173266,0.348243,0.79132354,0.41375908,0.4865169,0.5681545,-0.13379002
a2451c3b1b4c38447363590149d53fc7,CCCCCCCC[C@H](N[C@@H](CC)C(=O)N1C(=O)N(C)C[C@H]1C(=O)O)C(=O)O,-0.027537273,0.13115893,0.34452128,0.7943492,0.109584734,0.4056114,0.520484,-0.04656441
8ad3ccb1a72d46e8c39b3dbd8f2eb6ad,CCCCCCCCC(N[C@H](C)C(=O)N1C(=O)N(C)C[C@H]1C(=O)O)C(=O)O,-0.08228822,0.1563714,0.34491694,0.7957194,0.094241396,0.41748002,0.56446266,-0.0363194
8fa22ce6910eea4ae25dbeb6154b717a,C[C@H](CS)C(=O)N1[C@@H](SCc2ccccc2)CC[C@H]1C(=O)O,-0.31493068,-0.1120886,0.35392678,0.7881504,0.44957048,0.14939676,0.55964416,-0.1044547
28da414b92b50ed94f0abe60e63c09d5,C[C@@H](NC(CCc1ccccc1)C(=O)O)C(=O)N1C(=O)N(Cc2ccccc2)C[C@H]1C(=O)O,0.00412683,0.093291275,0.3409835,0.79749227,0.16591164,0.30583233,0.5885156,-0.1935311
2f95f801302c775a1aeaa97beb83a319,CS(=O)(=O)N[C@@H](CCCCN)C(=O)N[C@@H](Cc1ccccc1)P(=O)(O)CC1(C(=O)N[C@@H](Cc2c[nH]c3ccccc23)C(=O)O)CCCC1,0.90766674,0.39148214,0.026417613,0.90166485,-0.1337162,0.51254714,0.44542074,0.03418851
f0b35962ff11c71c36aaa4c8c0fc91ec,O=C(O)CCCC(=O)N[C@H](Cc1ccc(-c2ccccc2)cc1)C[C@@H](CO)C(=O)O,-0.027198287,0.19482945,-0.45717907,0.25926733,-0.03800925,0.42582023,-0.0634825,-0.017092403
93a571501e84387b115fcdb2339c9029,CSC1(SC)C[C@@H](C(=O)O)N(C(=O)[C@H](CCCCN)OP(=O)(O)CCCCc2ccccc2)C1,0.40724427,-0.07103455,0.36513448,0.7944077,-0.0281185,0.5482879,0.60953474,-0.061120503
c338c4669cc121dece95e0a16c11e580,CC(C)CCC(N[C@@H](C)C(=O)N1CCC[C@H]1C(=O)O)C(=O)O,-0.31507877,0.17081274,0.35092747,0.797871,0.31596664,0.26295784,0.6873428,-0.16245481
c8f3e88de7596030d08a845cc988a266,CC(NC(CCc1ccccc1)C(=O)O)C(=O)N1CC2CCCCC2[C@H]1C(=O)O,-0.10398908,0.03879616,0.34551728,0.788548,0.24784341,0.4884338,0.6048023,-0.19295883
09a562d96ea2d5be2ad27172d463f318,C[C@H](CS)C(=O)N1c2ccccc2C[C@H]1C(=O)O,-0.57545674,-0.009563456,0.36492574,0.76246536,0.5841468,0.00931784,0.5641933,-0.22071597
814bb1a45e6fb14937ee34da3394d55e,CC(NC(CCc1ccccc1)C(=O)O)C(=O)N1C(C(=O)O)c2ccccc2C[C@H]1C(=O)O,0.015306456,0.23259939,0.3473997,0.8140434,0.0659094,0.1765044,0.59568864,-0.23170418
86ad02febcdf8606922649d26b0efb3a,C[C@H](NC(CCc1ccc(O)cc1)C(=O)O)C(=O)N1CCC[C@H]1C(=O)O,-0.19657668,0.30625603,0.34488928,0.79698,0.22909452,0.29482052,0.5890272,-0.16610886
5966c483844bf8458f4e56c3a7a78b44,O=C(O)CN1C(=O)/C(=N\C(=S)NCc2cc3ccccc3cc2O)c2ccccc21,-0.19819199,0.03777552,0.28082,0.7174963,0.16749816,-0.29130557,-0.1256136,0.2136219
5f84dc7413756b9772f9265201165879,C[C@H](N[C@@H](CCc1ccccc1)C(=O)O)C(=O)N1Cc2ccccc2C[C@H]1C(=O)O,-0.11915748,0.059067924,0.34729695,0.81149876,0.024162346,0.30483893,0.613156,-0.2298029
8d27877bb46236b0139c0923ebd90a93,C[C@H](NC(C(=O)O)C1CCCN1C(=O)c1ccccc1)C(=O)N1CCC[C@H]1C(=O)O,-0.1040113,0.13574336,0.34348118,0.7504082,0.16509591,0.2829785,0.5702805,-0.15672603
13d90915e7cd0f0245278c0240945e8c,C[C@H](NC(CCCNC(=O)OCc1ccccc1)C(=O)O)C(=O)N1CCC[C@H]1C(=O)O,0.025917603,0.2933313,0.34700096,0.7982383,0.12349703,0.33892992,0.6700646,-0.15341061
935cf52f3b0b2efaf1a344df7bb5b7b2,CC(NC(C(=O)O)C1CCCN1C(=O)NC(Cc1ccccc1)C(=O)NC(Cc1ccccc1)C(=O)O)C(=O)N1CCCC1C(=O)O,0.6208406,0.42491707,0.34348118,0.7504082,-0.080340736,0.37501034,0.7584274,-0.18319744
16c17d6a8e6efce4651bfdeaa0630953,CC(NC(C(=O)O)C1CCCN1C(=O)c1ccccc1)C(=O)N1CCCC1C(=O)O,-0.1040113,0.13574336,0.34348118,0.7504082,0.16509591,0.2829785,0.5702805,-0.15672603
6a2bc8bfc299574badd99527e70de342,O=C(O)CN1C(=O)[C@@H](N[C@@H](CSCc2ccccc2)C(=O)O)CCc2ccccc21,-0.050826762,0.053361777,0.7147169,-0.33484763,0.020475525,0.24514952,0.48911262,-0.16974822
311f10738cd5dce40f3cfe9c68afe7c4,COc1cc2c(cc1OC)CN(C(=O)C(C)NC(CCc1ccccc1)C(=O)O)C(C(=O)O)C2,0.06188522,0.08645389,0.34638536,0.81122255,0.018047372,0.28844336,0.5621642,-0.25738606
11e7001efc1b1c3a899e4e9781d61e8a,O=C(O)CN1C(=O)[C@@H](NC(CCc2ccccc2)C(=O)O)CSc2ccccc21,-0.104749665,0.07260189,0.7170932,-0.32447058,0.14677027,0.28581217,0.51174176,-0.17285982
049fbe7edfb36168ff0960e97adbe03f,CC(CC(=O)C(Cc1ccccc1)NC(=O)C(CCCCN)NC(=O)C1CCC1)C(=O)N1CCCC1C(=O)O,0.38079852,0.16579755,0.36803162,0.7782645,-0.09126613,0.397252,0.61352915,-0.2963136
68b20fbbd794d7577cf04fc7cf73da82,C[C@H](N[C@@H](C[C@H](Cc1ccccc1)NC(=O)c1ccccc1)C(=O)O)C(=O)N1CCC[C@H]1C(=O)O,0.12254785,0.18350644,0.3612194,0.77628267,-0.039947037,0.3573126,0.67296857,-0.18995234
a2862b109f346791d4c18f6e8f4261c0,COc1cc2c(cc1OC)CN(C(=O)[C@H](C)N[C@@H](CCc1ccccc1)C(=O)O)[C@H](C(=O)O)C2,0.06188522,0.08645389,0.34638536,0.81122255,0.018047372,0.28844336,0.5621642,-0.25738606
93501899a3947b3ff10f2c895fb49dba,C[C@H](CC(=O)[C@@H](Cc1ccccc1)NC(=O)c1ccccc1)C(=O)N1CCC[C@H]1C(=O)O,-0.05550282,-0.09658291,0.36067152,0.7770839,0.0654028,0.3282817,0.5760637,-0.23130627
71289b974114bda12b46e21c8f1784c3,C[C@@H]1CCCC(NC(CCc2ccccc2)C(=O)O)C(=O)N1CC(=O)O,-0.2140382,0.11562406,0.7154081,-0.3236863,0.2296345,0.32370132,0.5386252,-0.20953372
25cf203ac7793aa15184fcd7bc9f6832,CC(NC(CCc1ccccc1)C(=O)O)C(=O)N1Cc2ccccc2C1C(=O)O,-0.1609443,0.074029066,0.3473997,0.8140434,0.037549984,0.2428354,0.5579178,-0.2503343
68b12e94a2dda9fa21fe02185c842fb1,O=C(O)Cn1c(=O)n2n(c1=O)C(C(=O)O)C=CC2,-0.5958146,0.32316723,-0.07094705,-0.15949857,0.426057,0.15289705,0.3621034,0.22336327
86da506a718e48ac09ccc5d89c0941ac,CC(NC(CCc1cccc2ccccc12)C(=O)O)C(=O)N1CCCC1C(=O)O,-0.1405997,0.06009205,0.3465128,0.7964113,-0.06066175,0.23596507,0.6512809,-0.20258412
9b654060cbc2b042d4199960a1d80cf6,C[C@@H](NC(=O)[C@H](Cc1ccccc1)NC(=O)c1ccccc1)C(=O)N1CCC[C@H]1C(=O)O,-0.061428104,0.06710831,0.36067152,0.7770839,-0.012101958,0.33892792,0.68124217,-0.25649223
daa1b55853dc988745434bb73f93237d,CC(C)C[C@H](S)C(=O)N[C@@H](Cc1ccc(-c2ccccc2)cc1)C(=O)O,-0.20980056,-0.04191192,-0.7251634,0.40767336,0.037529524,0.3480651,0.276701,-0.10937868
a7e8d47b60664da984a45b14046717b8,C[C@H](CS)C(=O)N1[C@@H](SCc2cccc3ccccc23)CC[C@H]1C(=O)O,-0.19557185,-0.19674264,0.35343063,0.78581333,0.00878732,-0.08059089,0.3156009,-0.15108657
ab04b3f98452a7bdfbb141e8f989b885,NCCCC[C@H](OP(=O)(O)CCCCc1ccccc1)C(=O)N1C[C@H](C2CCCCC2)C[C@H]1C(=O)O,0.3491733,-0.11320937,0.36735153,0.79406834,-0.13199314,0.5941938,0.62115425,-0.08293672
4da5ae9cf9dd37ff619569034685f816,CC(C)c1ccc(CS[C@@H]2CC[C@@H](C(=O)O)N2C(=O)[C@H](C)CS)cc1,-0.17729421,-0.19531351,0.35392678,0.7881504,0.44027585,0.13010739,0.5030279,-0.11453312
33a4efa1a0af49ba27f4519761b764eb,CC(C)CC[C@H](N[C@@H](C)C(=O)N1C(=O)N(Cc2ccccc2)C[C@H]1C(=O)O)C(=O)O,-0.053385396,0.12111213,0.33977425,0.7938348,0.24268968,0.36177075,0.64261,-0.18256328
a336c1fd7c487ba253d67dbe3980d83b,NCCCCC(NC(=O)OCc1ccccc1)C(=O)N[C@H](CCC(=O)N1[C@H](C(=O)O)C[C@@H]2CCCC[C@@H]21)C(=O)O,0.4287961,0.3361208,-0.6408324,0.51193213,-0.10100558,0.50513023,0.71398914,-0.22304744
c96ee9ac78357e60ae4da3f18db4afb4,C[C@H](N[C@@H](CCc1ccccc1)C(=O)O)C(=O)N1C(=O)NC[C@H]1C(=O)O,-0.22186291,0.3568466,0.34216654,0.7974137,0.18515497,0.29324746,0.6124465,-0.2217608
4bee864da6c4a6a8a5ac6fa1ecceccad,O=C(O)C(=O)NN(Cc1ccc(-c2cccc(Cl)c2)cc1)CC(O)C(=O)O,-0.20133978,0.30199006,-0.25178802,0.74699533,0.046385087,0.14977573,0.03072488,-0.13211499
a0a462e552edfeb0809b91b5710f01d0,O=C(O)C(=O)N[C@@H](Cc1ccc(-c2ccccc2)cc1Cl)C[C@H](CO)C(=O)O,-0.1443276,0.22641803,-0.7361525,0.5382774,0.11199123,0.22624587,-0.040655866,-0.048176393
9bbe04cc9d7d9c1bf0b6b852f27917d3,O=C(O)C(=O)N[C@H](Cc1ccc(-c2ccc(F)cc2)cc1)C[C@@H](CO)C(=O)O,-0.1791875,0.2567469,-0.83681136,0.3989724,0.050596703,0.2535712,-0.029675113,-0.0170504
77da5cfb963a4b9bd677a1acb344043c,C[C@](CO)(C[C@@H](Cc1ccc(-c2ccc(Cl)cc2)cc1)NC(=O)C(=O)O)C(=O)O,-0.10518971,0.19524543,-0.7601862,0.42756462,0.16162933,0.22775584,-0.049957715,-0.08849827
918f3121ff1ba276043ac4e604e586ad,CCCC(=O)OCOn1nnc2ccc(C(=O)N[C@H](Cc3ccc(-c4cccc(Cl)c4)cc3)C[C@@H](O)C(=O)O)cc21,0.3580463,0.083623745,-0.7241129,0.3938551,-0.23999363,0.423685,-0.10820216,-0.0060395063
6b58853ddd0c571ebb6aaf59526fe6f4,O=C(O)[C@@H]1CS[C@H](c2ccccc2O)N1C(=O)CCS,-0.40572733,0.12685485,0.31943095,0.74309766,0.56977594,-0.07520421,0.50175387,0.06374067
a90d63fcd14d12b4ff060b0a9dfdef69,C[C@H](C[Si](O)(O)[C@H](Cc1ccccc1)NC(=O)c1ccccc1)C(=O)N1CCC[C@H]1C(=O)O,0.13774233,0.11827844,0.36067152,0.7770839,0.20519575,0.23933314,0.6111966,-0.18468052
b82f001a4c44657c1e0c17ab6929729a,O=C(O)CC(=O)N[C@H](Cc1ccc(-c2cccc(Cl)c2)cc1)C[C@@H](O)C(=O)O,-0.13748957,0.22905822,-0.58902764,0.3209877,0.03553863,0.3413228,-0.07635515,-0.03714719
039a07d07595375ad13ea9737475e57e,O=C(O)[C@@H]1CC2(CN1C(=O)CP(=O)(O)CCCCc1ccccc1)SCCS2,0.048800003,-0.20671125,0.34712982,0.7858584,-0.0052455254,0.5703566,0.5358342,-0.043250825
c882fef95611af676b5b82a4daca161b,NCCCCC(NC(CCc1ccccc1)C(=O)O)C(=O)N1CCCC1C(=O)O,-0.015135037,0.26108867,0.34875536,0.7965801,0.040032014,0.3221525,0.62085164,-0.21011287
6b682a9734c5fb478e66b23d4b745438,C[C@H](NC(=O)[C@@H](CS)Cc1ccccc1)C(=O)N1CCC[C@H]1C(=O)O,-0.24339591,0.08530123,0.3635068,0.79163265,0.14377163,0.30044052,0.6605314,-0.24159643
c418dff76e5f70320248ad7453698257,O=C1N[C@H](C(=O)O)CCCCCc2cccc(c2)C[C@@H]1CS,-0.38699165,0.017570231,-0.17852068,-0.9195734,0.7213709,0.24272501,0.47907665,-0.14769524
5ae3a5a2e1c4d9bae34e5eaf93b1bb90,CC(C)(C)OC(=O)NCCCC[C@H](N[C@H]1CCc2ccccc2N(CC(=O)O)C1=O)C(=O)O,0.093704954,0.22953577,0.71555436,-0.32912672,0.112242445,0.4092709,0.51310647,-0.25323984
9b31ce84bdf1ae1fac0eb6dbcf42ced8,O=C(N[C@@H](Cc1ccccc1)P(=O)(O)C[C@H](Cc1cc(-c2ccccc2)no1)C(=O)N[C@@H](Cc1ccc(O)cc1)C(=O)O)OCc1ccccc1,0.81775635,0.1061955,-0.77852,0.34489107,-0.2451707,0.5036583,0.3238593,0.10392549
02860a82eb556903880dacf808beb85c,O=C(O)CN1C(=O)[C@@H](N[C@@H](CSc2ccccc2)C(=O)O)CCc2ccccc21,-0.10494301,0.07282827,0.7160629,-0.33489048,0.14820367,0.22329272,0.5119248,-0.19106148
91146daa67930b250efb8fb46a765f2b,CSc1ccc(CS[C@H]2CC[C@@H](C(=O)O)N2C(=O)[C@H](C)CS)cc1,-0.17095351,-0.1630075,0.35392678,0.7881504,0.3835858,0.17043462,0.5181853,-0.13332824
63ad575ef5c524b4433c8a594537503a,O=C1/C(=N\C(=S)NCc2cc3ccccc3cc2O)c2ccccc2N1CCBr,-0.19181044,-0.2133885,0.27980244,0.7179438,0.16251855,-0.29836264,-0.15148064,0.13639191
3827fa380bc248b93f6811989c4d0c8e,O=C(O)CN1C(=O)C(NC(CCc2ccccc2)C(=O)O)CCc2ccccc21,-0.15745734,0.077773266,0.71546996,-0.32486922,0.03330314,0.24646886,0.5385147,-0.27840203
c27f3b0b071b2b8bd98eff3e11e1355f,C[C@H](CS)C(=O)N1[C@@H](SCc2ccc3ccccc3c2)CC[C@H]1C(=O)O,-0.19557293,-0.19665675,0.35281515,0.7877461,0.13131893,0.011227076,0.30343306,-0.13682565
6740453dabcfbfa201f1aed8c6a67c8a,CCOC(=O)[C@H](CCc1ccccc1)N[C@@H](C)C(=O)N1[C@H](C(=O)O)C[C@@H]2CCC[C@@H]21,-0.06778295,-0.08202939,0.34645557,0.7908839,0.27836746,0.47963718,0.5756459,-0.20763797
010b90c0b2b6a4284cb133c3e6ea40fe,Cc1ccc([C@H]2CC[C@@H](C(=O)O)N2C(=O)CNC(=O)[C@@H](S)Cc2ccccc2)cc1,-0.098912895,-0.013367618,0.34410846,0.80110383,-0.067569874,0.294473,0.58732915,-0.20488067
2b67cbae0a79a832931b2d0756d6fc22,O=C(O)CN1C(=O)[C@@H](NC(=O)[C@@H](CS)Cc2ccccc2)COc2ccccc21,-0.14574777,0.08189491,0.7090608,-0.3315674,0.19754614,0.20334502,0.50403726,-0.24974816
fe549f56b3afc6ec2ed25f6d0d17a720,O=C(NC(Cc1ccccc1)C(=O)COCC(=O)N1CCC[C@@H]1C(=O)O)c1ccccc1,-0.048298556,-0.016949933,0.3615495,0.77464247,0.030518373,0.30786875,0.5554587,-0.17865784
11b005d22f39846a72cd19a0dca489f2,CCOC(=O)C(=O)NN(Cc1ccc(-c2cc(Cl)ccc2F)cc1)C[C@@H](O)C(=O)O,-0.09847836,0.14458077,-0.751278,0.40962923,-0.011497923,0.17941771,-0.03432717,-0.09771292
18dd18d9af0a009ac814f2ec3fb5dce1,C[C@@](CO)(C[C@@H](Cc1ccc(-c2ccccc2)cc1)NC(=O)C(=O)O)C(=O)O,-0.16040067,0.23539637,-0.7601862,0.42756462,-0.0045285607,0.23888607,0.0032816702,-0.106586285
5a6b9ac341b6affaca922125d5e51ad0,CC(C)OC(=O)C(=O)N[C@H](Cc1ccc(-c2cccc(Cl)c2)cc1)C[C@@H](O)C(=O)O,-0.07807462,0.075789295,-0.72587526,0.39280617,-0.025194373,0.43029162,-0.08627263,-0.03677461
7bb6801f7d7d7e86560a60a723e4afd9,CCOC(=O)C(=O)NN(Cc1ccc(Br)cc1)C[C@@H](OC(=O)C(=O)OCC)C(=O)OCC,0.074942484,0.03860398,-0.46626937,0.48374224,0.36731273,0.10740129,0.30392033,0.003888414
0ce9db16b165592ad17ba0ed9f53cdf4,CC(C)COC(=O)[C@H](O)C[C@@H](Cc1ccc(-c2cccc(Cl)c2)cc1)NC(=O)C(=O)O,-0.022999214,0.05326194,-0.72548246,0.39498615,-0.05210227,0.46832058,-0.01282955,-0.111742556
2dd7eca9a842e073311c808f4888cc8e,CC(C)(c1ccc(-c2ccccc2)cc1)[C@H](C[C@@H](CO)C(=O)O)NC(=O)C(=O)O,-0.11581856,0.2041385,-0.84315956,0.3505118,0.18082587,0.23791972,0.023924664,-0.07414335
6472a1af46a9d5d9292d318ae1a7ab96,C[C@@](CO)(C[C@@H](Cc1ccc(-c2cccc(F)c2)cc1)NC(=O)C(=O)O)C(=O)O,-0.13928697,0.22485979,-0.75823,0.43025017,-0.06271399,0.28854907,-0.0056052664,-0.085536376
5c56c3f3e9e920bfbc6abd21c73e7fd4,O=C(O)C(=O)N[C@H](Cc1ccc(-c2ccccc2)cc1Cl)C[C@@H](O)C(=O)O,-0.1992303,0.24936543,-0.7361525,0.5382774,0.10256957,0.29247704,-0.054276917,-0.053168677
f74380a6bb14e82960599885b8130832,CC1CCCC(C(=O)O)N1C(=O)CCS,-0.6304744,0.026015583,0.34092307,0.7413815,0.49566743,0.25484663,0.61811554,-0.14152098
7d589b4bf56882d827ddd6fd7d736c40,O=C(NC(Cc1ccc(O)cc1)C(=O)CCC(=O)N1CCC[C@H]1C(=O)O)c1ccccc1,-0.032944027,0.0904826,0.36255932,0.77624106,-0.05343214,0.33528498,0.52525216,-0.18497875
03fb89a3ca0bbec52c3e17b2b8abb938,C[C@@H](CS)C(=O)N1c2ccccc2C[C@H]1C(=O)O,-0.57545674,-0.009563456,0.36492574,0.76246536,0.5841468,0.00931784,0.5641933,-0.22071597
de71ffce07538c1d930791ef6aa147c0,C[C@H](CC(CCc1ccccc1)C(=O)O)C(=O)N1c2ccccc2C[C@H]1C(=O)O,-0.1775464,-0.11734983,0.35831296,0.7621615,0.0884453,0.13741362,0.5156093,-0.21530959
a8f578925f592c6cb1f1094548c909b0,C[C@H](N[C@H](C[C@H](Cc1ccccc1)NC(=O)c1ccccc1)C(=O)O)C(=O)N1CCC[C@H]1C(=O)O,0.12254785,0.18350644,0.3612194,0.77628267,-0.039947037,0.3573126,0.67296857,-0.18995234
893ba3dfde259ff540a7acf20d246e50,O=C(O)CN1C(=O)[C@@H](NC(=O)[C@@H](CS)Cc2ccccc2)CCc2ccccc21,-0.14078635,0.017968688,0.7088498,-0.32886112,0.155236,0.22373877,0.54076314,-0.29819041
e144ec4803b2651e7e62fd3a6b930c2d,C[C@H](NC(=O)C(CC1CC(c2ccccc2)=NO1)CP(=O)(O)[C@H](Cc1ccccc1)NC(=O)OCc1ccccc1)C(=O)O,0.5590798,0.041190017,-0.7783415,0.34591365,-0.095019884,0.37867987,0.6562167,0.022790032
0b241ba08be68230ae908a80eeb3f8fe,CCCC[C@H](N[C@H]1CCc2ccccc2N(CC(=O)O)C1=O)C(=O)O,-0.25684428,0.13154446,0.71875787,-0.3255177,0.28056896,0.27053747,0.54275227,-0.25995922
23ebd62fb297b51d601aa92a4f6608f4,O=C(N[C@H]1CCCSC2CCC[C@@H](C(=O)O)N21)[C@@H](S)Cc1ccccc1,-0.14798857,-0.028845038,0.71464443,-0.34393257,0.26303223,0.27121472,0.5951987,-0.050943874
9ef3b30fe662000971f602ce86191a02,C=C(C(C)CS)N(CC([O])=O)c1ccc(C)cc1,-0.53907055,-0.17325315,0.09598255,0.9735354,0.64502823,-0.19428134,0.28107595,-0.122157894
c3f260f7eb3b0c0c8a79dd7d2319ad1b,C[C@@H](C[C@H](Cc1ccc(-c2ccccc2)cc1)NC(=O)CCC(=O)O)C(=O)O,-0.15542392,0.035112772,-0.7547928,0.42186415,0.04563399,0.35117054,-0.013922355,-0.060333896
6ebb89135b7ace6aaff4624d56e761d3,O=C(NC1CCC[C@H]2CCC[C@@H](C(=O)O)N2C1=O)[C@@H](S)Cc1ccccc1,-0.1919034,0.021393795,0.71193683,-0.34367216,0.3062106,0.3789313,0.65426797,-0.19558352
05aee8b6fbce7d75fbca09fbbd55cbfc,C[C@@H](C[C@H](Cc1ccc(-c2ccccc2)cc1)C(=O)CCC(=O)O)C(=O)O,-0.20388597,-0.10346934,-0.36172074,0.52937996,0.13566017,0.044636834,-0.068131,0.04560452
7b37b22f90412f884b994ec458b0a456,CC(C)CC(NP(=O)(O)OC1OC(C)C(O)C(O)C1O)C(=O)NC(Cc1c[nH]c2ccccc12)C(=O)O,0.38662273,0.7834103,0.057282805,0.8986969,0.08643553,0.5795642,-0.006757712,0.30579713
34fa2ebe9655396fc7fbae10c7e92f55,CC(NP(=O)(O)O)C(=O)C1CCCC1C(=O)O,-0.48216748,0.35025427,0.83547187,0.46888554,0.09601864,0.7853541,0.419623,0.029901365
eced371ac9de7544ae432a70d3fc5cd2,C[C@H](NC(CCC(=O)Nc1ccccc1)C(=O)O)C(=O)N1CCC[C@H]1C(=O)O,-0.12148532,0.30054,0.35098433,0.79668486,0.2756901,0.29483816,0.54791415,-0.14739065
a1e928f2094c0f6bf01a402bb74b9615,CCCC[C@H](S)C(=O)N[C@H]1CCc2ccccc2N(CC(=O)O)C1=O,-0.23752272,0.066676,0.71414006,-0.332442,0.34892747,0.26692358,0.5492473,-0.30965108
90a334752c37210d32c65f6c9e717683,CC(NC(C(=O)O)C1CCCN1C(=O)NC(Cc1ccccc1)C(=O)O)C(=O)N1CCCC1C(=O)O,0.18737866,0.39916208,0.34348118,0.7504082,0.03651771,0.32756847,0.73454744,-0.1534194
ca1815bea965749fbb8420c0e1ac2f66,O=C(O)C(=O)NN(Cc1ccc(-c2cccc(Cl)c2)cc1)C[C@@H](O)C(=O)O,-0.20133978,0.30199006,-0.25178802,0.74699533,0.046385087,0.14977573,0.03072488,-0.13211499
05932b18b2dd2ef2a347b625644565c0,CC(C)COC(=O)C(=O)N[C@H](Cc1ccc(-c2cccc(Cl)c2)cc1)C[C@@](C)(CO)C(=O)O,0.07100247,-0.0012239917,-0.75823,0.43025017,0.039122183,0.2426855,-0.029644819,-0.064281315
45d708d8008c852da7647fb099673e54,O=C(O)C(=O)NC(Cc1ccc(-c2ccc(F)cc2)cc1Cl)CC(CO)C(=O)O,-0.1232491,0.21570958,-0.7361525,0.5382774,0.17426337,0.17056762,-0.024856376,-0.052859347
df3b888789032db86204ba1e1f865219,O=C(O)C(=O)NC(Cc1ccc(-c2ccc(F)cc2)cc1)CC(CO)C(=O)O,-0.1791875,0.2567469,-0.83681136,0.3989724,0.050596703,0.2535712,-0.029675113,-0.0170504
01a9fa7f18123589e43a7e237c7279a7,C[C@@](CO)(C[C@@H](Cc1ccc(-c2ccccc2F)cc1)NC(=O)C(=O)O)C(=O)O,-0.1392176,0.22474204,-0.758783,0.43115973,-0.082878925,0.264374,-0.05972102,-0.07200074
93378a3c49b7a4622740cdc9247c55d7,O=C(NC(Cc1cccnc1)C(=O)CCC(=O)N1CCC[C@H]1C(=O)O)c1ccccc1,-0.08696304,-0.008410211,0.36255932,0.77624106,0.093886025,0.28255722,0.5650883,-0.16845225
81c15d7f7901987b2c061c35c8e939f5,CC(NC(CCc1ccccc1)C(=O)O)C(=O)N1CCc2ccccc2C1C(=O)O,-0.11869493,0.054922704,0.3466015,0.8141427,0.058007915,0.1931729,0.53099275,-0.28341874
ef7ca6387aaa810ec0eba4f4f6490f9b,C[C@H](N[C@@H](CCc1ccccc1)C(=O)O)C(=O)N1CCc2ccccc2[C@H]1C(=O)O,-0.11869493,0.054922704,0.3466015,0.8141427,0.058007915,0.1931729,0.53099275,-0.28341874
cef500082ceecd85c0592ca4c5167982,CC(NC(C(=O)O)C1CCCN1C(=O)NCC(=O)O)C(=O)N1CCCC1C(=O)O,-0.06015009,0.5313906,0.34513664,0.7503916,0.23948686,0.29163235,0.6424449,-0.058919843
d90f2744e5437ce841af8e444b6ddb54,CCCN1CCC[C@H](NC(=O)[C@@H](S)Cc2ccccc2)C(=O)N1CC(=O)O,-0.1470147,0.08956254,0.7115183,-0.34048146,0.3612363,0.2795762,0.5827102,-0.18023482
9f85d4e6b0ca6651fcbef76217a83695,CCC[C@H](N[C@H]1CCc2ccccc2N(CC(=O)O)C1=O)C(=O)O,-0.31164214,0.15739574,0.7167789,-0.32965827,0.30615395,0.2582803,0.5076705,-0.27529004
b343eb1e2b678c4e0516ee8738c97608,CC(C)C[C@H](S)C(=O)N[C@H]1CCc2ccccc2N(CC(=O)O)C1=O,-0.25154465,0.06736366,0.71414006,-0.332442,0.37371397,0.26736784,0.5697575,-0.28324798
3b606571efdaff02e6a61c32fef379de,O=C(O)CC(=O)N[C@H](Cc1ccc(-c2ccccc2)cc1)C[C@@H](CO)C(=O)O,-0.13698411,0.24586083,-0.45717907,0.25926733,0.019818317,0.33302048,-0.04404872,-0.016354067
266f5d90eadb5c19b31f5689368d6855,C[C@H](C[C@@H](Cc1ccc(-c2ccccc2)cc1)NC(=O)C(=O)O)C(=O)O,-0.27316737,0.08221956,-0.7488903,0.41891122,-0.02616673,0.29314685,-0.017203696,-0.06960389
b71ee86e04504ca6f70aa6d796355bad,C[C@H](CS)C(=O)N1CCC[C@H]1C(=O)O,-0.67289263,0.055104766,0.35955882,0.79801023,0.5029185,0.14393619,0.63950133,-0.13779011
70f1de7e796c96347c756854423511fd,CCN(C[C@H](CCc1ccccc1)C(=O)O)C(=O)N1Cc2ccccc2C[C@H]1C(=O)O,-0.10884789,-0.13487384,0.34959507,0.81460285,0.14335606,0.23174259,0.566858,-0.20687374
f4de55a0354562d2d03851c86ad51398,CSCC[C@H](N[C@H]1CCc2ccccc2N(CC(=O)O)C1=O)C(=O)O,-0.20884737,0.14468165,0.7175441,-0.3169459,0.3251781,0.2506182,0.52620286,-0.26411256
8d47b9ebad0f923befa52725a9f15023,CCCCN1C[C@@H](C(=O)O)N(C(=O)[C@H](C)N[C@@H](CCc2ccccc2)C(=O)O)C1=O,-0.04258937,0.13095145,0.34185755,0.7947012,0.1607357,0.36019054,0.58349264,-0.20427932
84dc2d432492b77ded11cf7b68eae123,NCCCC[C@H](N[C@H]1CCc2ccccc2N(CC(=O)O)C1=O)C(=O)O,-0.17580035,0.32361606,0.71875787,-0.3255177,0.24049424,0.2505802,0.5346555,-0.2573593
9b3bde2f5ed2ec521ac43e04d2213023,O=C(O)CN1C(=O)[C@@H](N[C@@H](CSCCc2ccccc2)C(=O)O)CCc2ccccc21,0.002243204,0.036793847,0.7147169,-0.33484763,0.03758342,0.23261541,0.46677282,-0.18145698
4e198be1902d04f4c44027457de47d3d,O=C(N[C@H]1CCC(=O)N2CCC[C@@H](C(=O)O)N2C1=O)[C@@H](S)Cc1ccccc1,-0.18190782,0.12194761,0.71327233,-0.3430966,0.36032584,0.3501815,0.62173665,-0.13979025
a92ee52abd7bd4c64dc443d36d3e7767,NCCCCC(NC(=O)C1CCC1)C(=O)NC(Cc1ccccc1)C(=O)CCC(=O)N1CCCC1C(=O)O,0.3403061,0.1913852,0.36803162,0.7782645,-0.09502188,0.39885625,0.654296,-0.2577347
9a48383a025811713deb76ea85712dba,COc1ccc(CN2C(=O)/C(=N\C(=S)NCc3cc4ccccc4cc3O)c3ccccc32)cc1,-0.042859692,-0.24555431,0.28171718,0.7209437,0.09450879,-0.25130332,-0.1593843,0.18712597
68fe70ee6583ff85e1ac1b04d4132ab0,C[C@H](N[C@H](C(=O)O)[C@H](Cc1ccccc1)NC(=O)c1ccccc1)C(=O)N1CCC[C@H]1C(=O)O,0.06816982,0.20891817,0.3612194,0.77628267,0.14096996,0.2783445,0.6746723,-0.20299032
9425e608dc05b7a0a90968cfefca6dd2,C[C@H](NC(=O)[C@@H](CS)Cc1ccccc1)C(=O)N1c2ccccc2C[C@H]1C(=O)O,-0.1437702,0.017068211,0.3661598,0.75783646,0.15959199,0.15821235,0.5876936,-0.30891165
fc3a58665e0e18662a4b801a10a39b37,NCCCC[C@H](N[C@@H](CCc1ccccc1)C(=O)O)C(=O)N1CCC[C@H]1C(=O)O,-0.015135037,0.26108867,0.34875536,0.7965801,0.040032014,0.3221525,0.62085164,-0.21011287
bbf3217f8b42fd91f57e7fb28135f489,CC(C)CCC(NC(C)C(=O)N1CCCC1C(=O)O)C(=O)O,-0.31507877,0.17081274,0.35092747,0.797871,0.31596664,0.26295784,0.6873428,-0.16245481
b8542c7d668a54d10ee953ce6058ba0a,O=C(N[C@H]1CCCN2CCC[C@@H](C(=O)O)N2C1=O)[C@@H](S)Cc1ccccc1,-0.19619346,0.08323374,0.7110921,-0.34250438,0.3845725,0.42015818,0.5987031,-0.2163268
02b8ad8286bc30b96c8f61ce39bf8823,CCOC(=O)C(CCc1ccccc1)NC(C)C(=O)N1C(C(=O)O)c2ccccc2C[C@H]1C(=O)O,0.095857844,0.08647811,0.3496493,0.81668663,0.04808002,0.1560589,0.5715424,-0.2194273
3e4a96efaf72917d5c53a99f5966261f,CCOC(=O)[C@H](CCc1ccccc1)N[C@@H](C)C(=O)N1Cc2ccccc2C[C@H]1C(=O)O,-0.038403887,-0.08709356,0.3465029,0.8089912,-0.0028934407,0.28632474,0.60785407,-0.22377566
0177cc9638140649ad1ec456671c7332,CC(C)c1ccc(CS[C@H]2CC[C@@H](C(=O)O)N2C(=O)[C@H](C)CS)cc1,-0.17729421,-0.19531351,0.35392678,0.7881504,0.44027585,0.13010739,0.5030279,-0.11453312
ec4459ee87958d850c1f1b1bb6609f21,CC(NC(C(=O)O)C1CCCN1C(=O)NC(CCCCN)C(=O)N1C(=O)CCC1C(=O)O)C(=O)N1CCCC1C(=O)O,0.5132247,0.632477,0.34395182,0.751521,0.07541887,0.37856874,0.65872395,-0.10849645
da14ced6ad59bfbd4b93da04a620218d,O=C(O)CN1C(=O)[C@@H](N[C@@H](Cc2ccccc2)C(=O)O)CCc2ccccc21,-0.21188472,0.10362982,0.71546996,-0.32486922,0.112220064,0.19675595,0.52499545,-0.25287917
813ddf876d632564eda4eb2b18734a91,CC[C@H](N[C@@H](CCc1ccccc1)C(=O)O)C(=O)N1C[C@@H](NC(=O)C[C@H](N)Cc2cc(F)c(F)cc2F)C[C@H]1C(=O)O,0.41224015,0.27722907,0.3497386,0.7962549,-0.110503234,0.33410907,0.5811893,-0.28198254
3f104f89158a2bfac4cf3bd85d3c3a6a,CC[C@H](S)C(=O)N[C@@H](Cc1ccc(-c2ccccc2)cc1)C(=O)O,-0.30331478,0.007136558,-0.7251634,0.40767336,0.12283421,0.13715684,0.254107,-0.1288631
94397ba15995d09d30fb423b71bcf98f,O=C1/C(=N\C(=S)NCc2cc3ccccc3cc2O)c2ccccc2N1C(=O)c1ccccc1,-0.110669956,-0.20603593,0.28176463,0.7189574,0.1286281,-0.29876044,-0.13511726,0.14537272
631d54b3df1b108eec5e85fa00bd1a48,C[C@H](CS)C(=O)N1C(=O)CC[C@H]1C(=O)O,-0.64379525,0.1158463,0.36114538,0.79827213,0.55809444,0.23143072,0.63221776,-0.0023019142
08d11873e7a7a52f237144b0d70ae887,CCCC[C@H](S)C(=O)N[C@@H](Cc1ccc(-c2ccccc2)cc1)C(=O)O,-0.1949944,-0.04270688,-0.6048056,0.468567,0.04712974,0.2988131,0.2756717,-0.16484754
a424b41d28291af36b704b152178852f,CC(=O)N1CCCC1C(NC(C)C(=O)N1CCCC1C(=O)O)C(=O)O,-0.25905305,0.22538032,0.34513664,0.7503916,0.31153294,0.27561063,0.7398999,-0.11820668
4afa8ff719bd1df39049fb4f2f83529c,C[C@H](NC(=O)[C@@H](CSC(=O)O)Cc1ccc2c(c1)OCO2)C(=O)OCc1ccccc1,-0.026666285,-0.024577688,-0.11861998,0.9774765,0.20750153,-0.17285867,0.45880058,-0.13679259
28228737ca6f30920edefce114c6c52d,COc1ccc(N2C(=O)/C(=N/C(=S)NCc3cc4ccccc4cc3O)c3ccccc32)cc1,-0.092465445,-0.23430486,0.28171718,0.7209437,0.1529591,-0.33669215,-0.18848552,0.1296683
b0eaad894658fbecfba02bffbec3399f,CC1CCCC(NC(CCc2ccccc2)C(=O)O)C(=O)N1CC(=O)O,-0.2140382,0.11562406,0.7154081,-0.3236863,0.2296345,0.32370132,0.5386252,-0.20953372
8cfdb4f09d365723e385c21b1e256fb0,CCCN1C(=O)CC[C@H](NC(=O)[C@@H](S)Cc2ccccc2)C(=O)N1CC(=O)O,-0.13373704,0.12846722,0.7144971,-0.3414824,0.35743713,0.2126377,0.63018227,-0.1164302
2181f0623d300125945cc6fa6d1ab3bf,CC(C)C[C@H](C[Si](O)(O)CNC(=O)CCc1ccccc1)C(=O)NC(=O)N[C@@H](CC(C)C)C(=O)O,0.3799883,0.4033598,-0.74632275,0.33485448,0.2708049,0.2010901,0.56717473,-0.16585548
e61ed62df02ba9df2f72e8096a94f367,O=C(O)CN1Cc2ccccc2C[C@H](N[C@@H](CCc2ccccc2)C(=O)O)C1=O,-0.1611559,0.08900357,0.72040045,-0.32274342,0.075931594,0.30949792,0.5410968,-0.20662999
74f7b5d18dd716490730992dc37193fb,O=C(NC(Cc1ccc(OCc2ccccc2)cc1)C(=O)CCC(=O)N1CCC[C@H]1C(=O)O)c1ccccc1,0.2035728,-0.17054506,0.36571229,0.77411246,-0.1601274,0.2994506,0.48993662,-0.2410863
6f68227ef34ca1040df77be5a173323d,CC(NC(=O)C1CCCCC1S)C(=O)N1CCCC1C(=O)O,-0.34116256,0.099107884,0.37074888,0.79020894,0.33422104,0.29561833,0.7397576,-0.15282275
d0bc7cc1754ddd6b240e04030a07da05,O=C(NC(Cc1ccccc1)C(=O)CCC(=O)N1CCCC1C(=O)O)c1ccccc1,-0.09650102,-0.070725106,0.36255932,0.77624106,0.007635817,0.32525775,0.5673685,-0.20908116
6970cd65d189fe3d5e6c729ddef85fb4,O=C(O)CN1C(=O)[C@@H](N[C@@H](COCc2ccccc2)C(=O)O)CCc2ccccc21,-0.10840869,0.12302681,0.7183399,-0.3242094,0.02829614,0.2630744,0.53664017,-0.25613177
64a986cbd3766cac519b59e669a79abf,O=C(NC(Cc1ccccc1)CP(=O)(O)CC(=O)N1CCC[C@H]1C(=O)O)c1ccccc1,0.043029618,0.0050338106,0.3522911,0.73270166,-0.05560241,0.40564686,0.6278023,-0.14632373
71cb7e456eb7e36b9ec9799ac5854474,O=C(O)CN1Cc2ccccc2CC(N[C@H](CCc2ccccc2)C(=O)O)C1=O,-0.1611559,0.08900357,0.72040045,-0.32274342,0.075931594,0.30949792,0.5410968,-0.20662999
c21e818ed70c9c8b72265b634808701c,CC(=O)N1C(=O)/C(=N\C(=S)NCc2cc3ccccc3cc2O)c2ccccc21,-0.26934546,-0.11289877,0.27888727,0.72049963,0.21512151,-0.36456147,-0.18391311,0.12841529
499d6d7f5f31a7abdeb78c190187832b,C[C@H](N[C@@H](Cc1ccccc1)C(=O)O)C(=O)N1C(=O)N(Cc2ccccc2)C[C@H]1C(=O)O,-0.05031273,0.11909684,0.33958817,0.79561627,0.24056762,0.3093081,0.6153517,-0.19665791
da5b8eeb6fa114c0efda7a9dbbdff5b1,NCCCCC(NC(=O)C1CCC1)C(=O)NC(Cc1ccccc1)C(=O)CCC(=O)N1CCCC1C(=O)NO,0.408217,0.3448828,0.36803162,0.7782645,-0.12600921,0.39481887,0.6009893,-0.29110727
24bb560d1d0b30551bf7006fac12ec14,CCCN1C(=O)/C(=N\C(=S)NCc2cc3ccccc3cc2O)c2ccccc21,-0.23857857,-0.19355465,0.27980244,0.7179438,0.19115897,-0.2941217,-0.15862176,0.19139344
7c32f4e246ce00d0208e74471b474c70,O=C(N[C@H]1CCCN2CC[C@@H](C(=O)O)N2C1=O)[C@@H](S)Cc1ccccc1,-0.24008615,0.11130866,0.7110921,-0.34250438,0.3636918,0.41810802,0.6150041,-0.21825616
55901f0a06748002b845308fb7c55900,CC1(C)CCCC(NC(=O)[C@@H](S)Cc2ccccc2)C(=O)N1CC(=O)O,-0.21065487,0.045804698,0.7129557,-0.33874124,0.38219476,0.36026156,0.58262634,-0.19811776
e101b4f723da9243abd48e22c11b6536,O=C(N[C@@H](Cc1ccccc1)P(=O)(O)CC(Cc1ccc(-c2ccccc2)cc1)C(=O)N[C@@H](Cc1c[nH]c2ccccc12)C(=O)O)OCc1ccccc1,0.8764629,-0.10896932,-0.7865523,0.42865407,-0.35274655,0.45461097,0.49445385,0.11538295
60f8ebea966c4b4889fa9d3a81b3c20f,O=C(NC(Cc1ccccc1)C(=O)CSCC(=O)N1CCC[C@@H]1C(=O)O)c1ccccc1,0.0067284238,-0.084299125,0.3615495,0.77464247,0.011111993,0.28974697,0.55620855,-0.12127033
69cd25beef1c3bce4a12f913683eeddd,O=C(N[C@@H](CCc1ccccc1)CP(=O)(O)CC(=O)N1CCC[C@H]1C(=O)O)c1ccccc1,0.09777723,-0.020963248,0.3522911,0.73270166,-0.062424038,0.4280965,0.5994839,-0.11320247
9aa30b235bb4ed9db684f0b39777448b,O=C(O)CN1C(=O)[C@@H](NC(=O)[C@@H](S)Cc2ccccc2)CCc2ccccc21,-0.19369689,0.039637227,0.7120646,-0.3345856,0.08567329,0.12439388,0.5780456,-0.2765279
4c37ed5c31829ba2596a4386ab85f74b,NCCCCC(NC(=O)OCc1ccccc1)C(=O)N[C@H](CCC(=O)N1CCC[C@H]1C(=O)O)C(=O)O,0.27607936,0.44458446,0.37421036,0.7926891,-0.15167043,0.38029447,0.6965674,-0.18717687
ff35306b6bb1738b80fc5486b1ea8e73,NCCCCC(N)C(=O)N[C@H](CCC(=O)N1[C@H](C(=O)O)C[C@@H]2CCCC[C@@H]21)C(=O)O,0.07231821,0.4577867,-0.6396171,0.51034,0.14920369,0.38441432,0.63731956,-0.18158461
f32927c088083ac5fae7d7dbc83b3c25,CCOC(=O)[C@H](CCc1ccccc1)N[C@@H](C)C(=O)N1Cc2cc(OC)c(OC)cc2C[C@H]1C(=O)O,0.1426381,-0.059589934,0.3469591,0.8102753,0.026340434,0.25761548,0.5521692,-0.25715473
62b295c05a1d051d97c8538847df7312,O=C(O)C1CC2(CN1C(=O)CP(=O)(O)CCCCc1ccccc1)SCCS2,0.048800003,-0.20671125,0.34712982,0.7858584,-0.0052455254,0.5703566,0.5358342,-0.043250825
64dce7cb314738586ec4ad277b07154f,CC(CS)C(=O)N1c2ccccc2CC1C(=O)O,-0.57545674,-0.009563456,0.36492574,0.76246536,0.5841468,0.00931784,0.5641933,-0.22071597
c438725afca39ede6078d665a358cceb,O=C(O)CN1C(=O)[C@@H](N[C@@H](Cc2c[nH]c3ccccc23)C(=O)O)CCc2ccccc21,-0.10392599,0.18457247,0.71546996,-0.32486922,-0.20197871,0.08142225,0.23898384,-0.2992537
c7abab4d417238bf451d0222bd7b026b,O=C(O)CN1C(=O)[C@H](N[C@@H](CC2=c3ccccc3=NC2)C(=O)O)CCc2ccccc21,-0.11897157,0.13950093,0.71546996,-0.32486922,0.19755717,0.19478895,0.5456538,-0.19664888
848d0335b0c23819677721806b727643,C[C@H]1Oc2ccccc2N(CC(=O)O)C(=O)[C@H]1NC(=O)[C@@H](S)Cc1ccccc1,-0.15707885,0.0741523,0.7102519,-0.33437508,0.05150644,0.24155347,0.5116154,-0.21315129
f434e266b4a303d4272070cdabb491fd,O=C(O)CN1C(=O)[C@@H](NC(=O)[C@@H](S)Cc2ccccc2)CSc2ccccc21,-0.14107305,0.034527484,0.7175579,-0.32328874,0.09314636,0.18966584,0.5161721,-0.1752607
bd670f221d5a0ed0dfb356523657b5f3,O=C(N[C@@H](Cc1ccccc1)P(=O)(O)CC(CC1CC(c2ccccc2)=NO1)C(=O)N[C@@H](Cc1c[nH]c2ccccc12)C(=O)O)OCc1ccccc1,0.8737015,0.016812775,-0.7783415,0.34591365,-0.3044292,0.26008952,0.5315638,0.016945643
cd181239e555703a0689cb86c171b2c3,O=C(O)CN1C(=O)[C@@H](N[C@@H](CCCCNC(=O)OCc2ccccc2)C(=O)O)CCc2ccccc21,0.18222801,0.20036201,0.71555436,-0.32912672,-0.06961501,0.34439355,0.57198685,-0.23601314
804347f74d79e273bfe7709408e36654,O=C(NCC(=O)N1[C@@H](c2cccc(O)c2)CC[C@H]1C(=O)O)[C@@H](S)Cc1ccc(O)cc1,-0.01268764,0.33632907,0.34211016,0.80442655,-0.11156963,0.31709874,0.55272657,-0.21563451
c9b6e68bd4d580a86e391500042d29fb,C[C@H](NC(=O)[C@@H](S)Cc1ccccc1)C(=O)N(CC(=O)O)c1ccccc1,-0.19667758,0.064552285,-0.74158686,0.49717546,0.15205027,0.15246187,0.6611781,-0.24372472
a15c268d72d35ddfcef114d4ae624301,CCOC(=O)C(CCc1ccccc1)OC(C)C(=O)N1Cc2ccccc2CC1C(=O)O,-0.06345697,-0.20682678,0.34867036,0.81285214,0.1569016,0.20265573,0.5668479,-0.21307376
1b2e8ec9853d7fe07f60f8f64009b896,CCOC(=O)C(CCc1ccccc1)OC(C)C(=O)N1CC2CCCCC2C[C@H]1C(=O)O,-0.0032770801,-0.25569814,0.34403455,0.7902404,0.3938396,0.4776839,0.50284743,-0.15683727
dab1fe147260361b9119eb2f87b90ff0,O=C(N[C@@H](Cc1cccc2ccccc12)C(=O)N1CCC[C@H]1C(=O)O)[C@@H](S)Cc1ccccc1,0.031230433,-0.082878344,0.34191036,0.7864753,-0.13157955,0.33387303,0.677783,-0.26587167
7d0af86ae2b191a6b74c624a42583393,O=C(O)CCN1C(=O)[C@@H](NC(=O)[C@@H](S)Cc2ccccc2)CSc2ccccc21,-0.087021574,0.00905392,0.7117888,-0.3334996,0.15599756,0.19885233,0.48849666,-0.22109297
3461f978c59cf8b9322a0f2e6f012fcd,CC(C)CC(NC(=O)c1ccccc1)[Si](C)(O)CC(C)C(=O)N1CCC[C@H]1C(=O)O,0.086483434,-0.077115215,0.3612194,0.77628267,0.23074849,0.2669671,0.58689904,-0.12134949
bd8ea3822e74b6716dca2813efae50d6,C[C@H](NC(=O)[C@@H](CS)Cc1ccccc1)C(=O)N1Cc2ccccc2C[C@H]1C(=O)O,-0.102605194,-0.0006543651,0.36632097,0.7559775,0.11883923,0.2175209,0.6412866,-0.2943767
d43ec40aabcc7e2ca3fefb4ad7cbc296,CCOC(=O)[C@H](CCCCNC(=O)OCc1ccccc1)N[C@H]1CCc2ccccc2N(CC(=O)O)C1=O,0.26422453,0.05415492,0.7181015,-0.35157132,-0.011748591,0.34355357,0.55795383,-0.23156516
e7277913a07523111181aa38b907d0e9,O=C(NC(Cc1cccnc1)C(=O)CCC(=O)N1CCC[C@H]1C(=O)OCc1ccccc1)c1ccccc1,0.15163998,-0.24471669,0.36571229,0.77411246,-0.09212349,0.14711842,0.59624773,-0.2209331
748540238ed7d0ee4f3d90f7d6da5e72,CC(C)c1ccc(CCCS[C@H]2CC[C@@H](C(=O)O)N2C(=O)[C@H](C)CS)cc1,-0.06921211,-0.23758684,0.34998918,0.7869779,0.376464,0.16788353,0.48698008,-0.10629445
4290b435e1b3fd9d6dd39a273e0d51e4,O=C1/C(=N\C(=S)NCc2cc3ccccc3cc2O)c2ccccc2N1c1ccccc1Cl,-0.12730724,-0.2882543,0.2821542,0.7227838,0.124431655,-0.35851166,-0.15936159,0.087384276
22113476cf4142755359ed142df6c724,O=C(N[C@H](CCC(=O)N1[C@H](C(=O)O)C[C@@H]2CCCC[C@@H]21)C(=O)O)C1CCCN1C(=O)OCc1ccccc1,0.21944042,0.04274069,-0.6408324,0.51193213,0.009007543,0.55250806,0.7674309,-0.21961516
6f80e33d25d135b8b1b06f2a567e3313,NCCCC[C@H](OP(=O)(O)CCCCc1ccccc1)C(=O)N1C[C@@H](O)C[C@H]1C(=O)O,0.15407656,0.22865649,0.36735153,0.79406834,-0.12869707,0.5100881,0.6156439,-0.09757146
3a114e8676b91f3c1ac8be040aab1c17,CN1C(=O)CC[C@H](NC(=O)[C@@H](S)Cc2ccccc2)C(=O)N1CC(=O)O,-0.23998603,0.17693926,0.7125609,-0.34144592,0.3325117,0.1907876,0.5814639,-0.09637805
79478585ea588b4a52dded442dce7218,CN1CCC[C@H](NC(=O)[C@@H](S)Cc2ccccc2)C(=O)N1CC(=O)O,-0.25397998,0.13841186,0.7115183,-0.34048146,0.34782305,0.24075362,0.59607166,-0.22600426
cef343561185e8c07dc86c9c24ebaccb,O=C(N[C@@H](Cc1ccccc1)P(=O)(O)CC(Cc1cc(-c2ccccc2)no1)C(=O)N[C@@H](Cc1c[nH]c2ccccc12)C(=O)O)OCc1ccccc1,0.86051303,0.02593929,-0.77852,0.34489107,-0.4212626,0.4764888,0.4855062,0.11960789
5521bca4be33150b89a06104fe3de89e,O=C(CS)N[C@@H](Cc1ccc(-c2ccccc2)cc1)C(=O)O,-0.40476334,0.06701883,-0.4650063,0.23410952,0.21296273,-0.18030187,0.058692776,-0.075780585
8926b1f65050ea425a52341e0c83de15,CC(CS)C(=O)N(CC(=O)O)C1CCCC1,-0.5625499,0.003354971,0.09451532,0.97174406,0.5151161,0.26118058,0.5731532,-0.118328
42ac10a0dd1d6ab043fce927ecef9a4a,O=C(O)CN1C(=O)[C@@H](NC(=O)[C@@H](CS)Cc2ccccc2)CSc2ccccc21,-0.08805673,0.012794261,0.7175579,-0.32328874,0.21044005,0.22775578,0.5216925,-0.18458337
fe76db8fd011cf3d7c03c2919459b711,C[C@H](N[C@@H](CNC(=O)c1ccccc1)C(=O)O)C(=O)N1CCC[C@H]1C(=O)O,-0.18061532,0.34264484,0.3612194,0.77628267,0.2925105,0.27853802,0.62388295,-0.1865381
3e57ebdf2f50e228c481277d97bdbd9a,C[C@H](CS)C(=O)N1C[C@H](NC(=O)C(CS)Cc2ccccc2)C[C@H]1C(=O)O,-0.09535827,0.16608365,0.36251783,0.79012287,0.27580017,0.27262336,0.6637438,-0.2479424
b7ca21dc869016afafb66814f8e3cc70,O=C(N[C@@H](Cc1ccc2ccccc2c1)C(=O)N1CCC[C@H]1C(=O)O)[C@@H](S)Cc1ccccc1,0.031000478,-0.082582064,0.3397901,0.7856333,-0.15437753,0.26315194,0.5717208,-0.26866573
9e1c171f57990a53095f335d423a9e6f,CC(CS)C(=O)N1Cc2ccccc2CC1C(=O)O,-0.5344835,-0.027480688,0.34899175,0.8162228,0.55297476,0.06250138,0.5774124,-0.21278188
b6ff92eaea79680bfd44a1adfded1948,C[C@H]1Oc2ccccc2N(CCC(=O)O)C(=O)[C@H]1NC(=O)[C@@H](S)Cc1ccccc1,-0.1032514,0.048759315,0.7096145,-0.33550376,0.09939271,0.24821132,0.50211066,-0.29163787
be726b8045a10bd3a28fb1eca3e76251,CC(CS)C(=O)N(CC(=O)O)C1CCC1,-0.6075286,0.031628,0.09451532,0.97174406,0.53218985,0.25321925,0.57563484,-0.11791644
efde75874092a408d3a030c5b175315a,C[C@H](CS)C(=O)N1Cc2ccccc2C[C@H]1C(=O)O,-0.5344835,-0.027480688,0.34899175,0.8162228,0.55297476,0.06250138,0.5774124,-0.21278188
bc573e75162648c2f6e4f6ed29156515,O=C1/C(=N\C(=S)NCc2cc3ccccc3cc2O)c2ccccc2N1c1ccccc1,-0.18283688,-0.24761277,0.2821542,0.7227838,0.14864793,-0.34467518,-0.19539802,0.13334668
e44f21816da696c3b50df7d9289cdaf0,CCOC(=O)[C@H](CCc1ccccc1)N[C@H]1CCc2ccccc2N(CC(=O)O)C1=O,-0.07645202,-0.068493724,0.71747494,-0.32767576,0.026859295,0.26266247,0.5300259,-0.26483488
765b8aaf53d319ade330e18d26efafb0,CC(C)c1ccc(CCS[C@H]2CC[C@@H](C(=O)O)N2C(=O)[C@H](C)CS)cc1,-0.12455675,-0.21147001,0.34998918,0.7869779,0.40471184,0.14166024,0.5233355,-0.11459819
0b5bbb22c4938d88c44d3ffdd7de58c0,CCCCc1nc(Cl)c(CO)n1Cc1ccc(-c2ccccc2-c2nnn[nH]2)cc1,-0.10255729,-0.092116036,-0.037041545,0.046111345,-0.12815097,-0.40107286,-0.550482,-0.048981223
834d4de8ce3f7210168cfd3158ce70df,O=C(N[C@@H](Cc1ccccc1)P(=O)(O)CC(CC1CC(c2ccc(C(F)(F)F)cc2)=NO1)C(=O)N[C@@H](Cc1c[nH]c2ccccc12)C(=O)O)OCc1ccccc1,0.97655684,-0.04748438,-0.7783415,0.34591365,-0.4891788,0.3480682,0.5354564,-0.00035012342
f6679120b4427008bd8c7ece171b2f89,O=C(CCC(=O)N1CCC[C@H]1C(=O)O)C(Cc1ccccc1)NC(=O)C1CCCO1,-0.09322229,-0.0058426214,0.3668313,0.77797616,0.08333842,0.33387098,0.6132044,-0.15700576
0ed864cc451f5193700b54c203c03522,O=C(N[C@H]1CCC(=O)N2CC[C@@H](C(=O)O)N2C1=O)[C@@H](S)Cc1ccccc1,-0.2256794,0.15005125,0.71461153,-0.34262127,0.36508265,0.33263308,0.6368255,-0.15000899
2c06eeaa8f61b0096296d9360b4cb3f2,CCc1ccc(CSC[C@H](NC(=O)[C@H](C)CS)C(=O)O)cc1,-0.24252921,0.031822298,-0.21273834,-0.95278996,0.5077429,0.16208181,0.5886151,-0.09692201
afc13d7c2b7a2bd066cedae324c53ea1,C[C@H](S)C(=O)N[C@@H](Cc1ccc(-c2ccccc2)cc1)C(=O)O,-0.36122546,0.03626256,-0.7251634,0.40767336,0.08986141,0.16217615,0.24741851,-0.13235547
a1727e291110ef36fc70c174d3f7c43f,CSCC[C@@H]1NC(=O)[C@H](CC(C)C)NC(=O)[C@H]([C@@H](C)O)NC(=O)[C@H](Cc2c[nH]cn2)NC(=O)[C@@H]2CSCCC(=O)N3CN(CN(C3)C(=O)CCSC[C@@H](C(=O)N[C@@H](C)C(N)=O)NC(=O)[C@H](CC(C)C)NC(=O)[C@H](Cc3c[nH]cn3)NC(=O)[C@H](CCCNC(=N)N)NC(=O)[C@@H]3CCCN3C1=O)C(=O)CCSC[C@H](NC(=O)[C@H](C)N)C(=O)NCC(=O)N[C@@H](CCCNC(=N)N)C(=O)N[C@@H](CCC(N)=O)C(=O)N[C@@H](Cc1ccccc1)C(=O)N2,5.373378,3.02034,-0.12895817,0.038033485,0.22594006,0.6032091,0.4461118,-0.2925474
96b761696f93a0b878b31afaeaa8a0f7,O=C(O)CN1CCCC[C@H](NC(=O)[C@@H](S)Cc2ccccc2)C1=O,-0.29331952,0.10821628,0.7112937,-0.33818203,0.3228744,0.23133893,0.68666124,-0.21015444
caba6585a9b94850be2ed9787b7dc2b7,CC[C@H](C)C(N[C@@H](C)C(=O)O)C(=O)N[C@@H](Cc1ccc(-c2ccccc2)cc1)C(=O)O,0.0012607109,0.1488076,-0.72934806,0.40957522,0.016613273,0.3719436,0.39048597,-0.20863554
90a3591c81cf72dd835c960db9db73c4,O=C(O)CN1C(=O)[C@@H](NC(=O)[C@@H](S)CC2CCCCC2)CCc2ccccc21,-0.13267969,-0.016075443,0.7149135,-0.32803386,0.27564067,0.37072897,0.5790677,-0.3127019
2b6845537f15d811da21d80a81400cec,CN1C(=O)/C(=N\C(=S)NCc2cc3ccccc3cc2O)c2ccccc21,-0.34247813,-0.1449442,0.27980244,0.7179438,0.21669342,-0.3599203,-0.14691167,0.11119591
264e7758bce7635667ce5e71e2172ac4,C[C@H](CS)C(=O)N1CCCC1C(=O)O,-0.67289263,0.055104766,0.35955882,0.79801023,0.5029185,0.14393619,0.63950133,-0.13779011
c4229a4fc540404130b1f07c8f7efd5b,CC(C)[C@H](N[C@@H](C)C(=O)O)C(=O)N[C@@H](Cc1ccc(-c2ccccc2)cc1)C(=O)O,-0.05538884,0.17652763,-0.72934806,0.40957522,-0.052266013,0.39108098,0.4888881,-0.20030288
d8354c0e9986edcf26bfa4f067f08889,[Co+2],-1.2603114,-0.101880625,-0.12648517,0.08027136,0.610422,-0.09787346,0.13089705,0.22333983
db1e055c557a6b02c587af458276fabf,C=C(C(C)CS)N(CC([O])=O)c1ccc(F)cc1,-0.5591816,-0.15654124,0.09356916,0.97220254,0.62537235,-0.1966291,0.30469584,-0.13161421
ecc7a46b4f47e72002409228b5583213,CC(C)CN(C[C@H](O)C(=O)O)C(=O)N[C@@H](Cc1ccc(O)c(O)c1)C(=O)O,-0.0974358,0.6345383,-0.084237576,0.9719882,0.4013423,0.2709602,0.010242837,0.17569263
2a94d7a77c3052ce3c9da0bd592a1ec7,CCOC(=O)C(CCc1ccccc1)OC(C)C(=O)N1C(C(=O)O)CC2CCCCC21,-0.048528392,-0.22991158,0.34403455,0.7902404,0.4182768,0.48967358,0.5223258,-0.24070078
00ebc066d6fab3922f1a5a08ad16c330,C[C@H](S)C(=O)N[C@H]1CCc2ccccc2N(CC(=O)O)C1=O,-0.40221724,0.14526327,0.71414006,-0.332442,0.38657364,0.19282939,0.5170447,-0.271549
f100bf9715119b9badc412670b03f898,CCOC(=O)C(CCc1ccccc1)OC(C)C(=O)N1CC2CCCCC2[C@H]1C(=O)O,-0.04862437,-0.22677353,0.34685493,0.8018068,0.44549015,0.47670576,0.49809858,-0.19387934
540c6db93f8d603317da4dcb42975a1f,Cc1ccc(C(=O)N2C(=O)/C(=N\C(=S)NCc3cc4ccccc4cc3O)c3ccccc32)cc1,-0.069236785,-0.23324971,0.2812389,0.72056866,0.08537555,-0.29023397,-0.17429636,0.14401352
fe7c60a97f6e7b84c9cfc6536c815bb3,O=C(N[C@@H](Cc1ccccc1)P(=O)(O)CC(CC1CC(c2ccc(-c3ccccc3)cc2)=NO1)C(=O)N[C@@H](Cc1c[nH]c2ccccc12)C(=O)O)OCc1ccccc1,1.0736405,-0.105075516,-0.7783415,0.34591365,-0.3073041,0.26320514,0.525052,-0.01757129
1ba75183ac4960c176ff1401faf56edd,O=C(O)CN1C(=O)C(NC(=O)[C@@H](S)Cc2ccccc2)CCCc2ccccc21,-0.14945045,0.011383926,0.7120646,-0.3345856,0.041204054,0.14394781,0.562801,-0.24948369
d365406c2ebaa9e908d00c07751d9f0a,CC(C)[C@H](NCP(=O)(O)O)C(=O)N[C@@H](Cc1ccc(-c2ccccc2)cc1)C(=O)O,0.018734617,0.2993895,-0.6444732,0.43073952,-0.21187994,0.5660199,0.5405836,-0.2217888
bd82c8ffd0edaa880adfe933b15e9350,C[C@H](CS)C(=O)N1c2ccccc2CC[C@H]1C(=O)O,-0.5312591,-0.038245913,0.3196299,0.7391901,0.596805,0.060748924,0.5161926,-0.21042958
187b16f24d15f63b36134aa98e5d9b27,CC(NP(=O)(O)CCc1ccccc1)C(=O)N1CCCC1C(=O)O,-0.24291044,0.076696225,0.35135484,0.8013798,0.084283404,0.38728598,0.57414836,-0.13570006
0e172dc67932edf71b6015ff0386a953,O=C(O)C(=O)N[C@H](Cc1ccc(-c2ccccc2)cc1)CC(O)C(=O)O,-0.25516766,0.29040217,-0.7222233,0.39725137,-0.07581378,0.39738408,-0.02702979,-0.042440403
3a2ffc2ee35323e82a2af3f6b7dd274c,O=C(N[C@@H](Cc1cccc2ccccc12)C(=O)N1CCC[C@H]1C(=O)O)[C@H](S)Cc1ccccc1,0.031230433,-0.082878344,0.34191036,0.7864753,-0.13157955,0.33387303,0.677783,-0.26587167
be5590acf46f85cf2a1297f393e14fdc,C[C@@H](C[C@@H](Cc1ccc(-c2ccccc2)cc1)NC(=O)CCC(=O)O)C(=O)O,-0.15542392,0.035112772,-0.7547928,0.42186415,0.04563399,0.35117054,-0.013922355,-0.060333896
c234cd38b2a535babd61fe715f9b5ce8,C[C@@H](C[C@@H](Cc1ccc(-c2ccccc2)cc1)C(=O)CCC(=O)O)C(=O)O,-0.20388597,-0.10346934,-0.36172074,0.52937996,0.13566017,0.044636834,-0.068131,0.04560452
d939db97078b4f636b1172aac2dc039e,O=C(O)CN1C(=O)[C@@H](NC(=O)[C@@H](S)Cc2ccccc2)COc2ccccc21,-0.19867323,0.103615485,0.7090608,-0.3315674,0.029496895,0.13452655,0.5478785,-0.24919371
47a00a691a98a1beb4e02c5e70f69463,O=C(CCC(=O)C(Cc1ccccc1)NC(=O)c1ccccc1)N[C@H](Cc1ccccc1)C(=O)O,0.07787077,0.0016086296,-0.56423265,0.31723225,0.27753517,-0.06428045,0.47947544,-0.08502202
67a38d07eb06d4391a56643f762c4108,CC[C@H](C)[C@H](NC(C)=O)C(=O)N[C@@H](CC(C)C)C(=O)N[C@@H](Cc1ccc(O)cc1)P(=O)(O)O,0.23777296,0.42860284,-0.74786794,0.50259817,-0.23509334,0.5677479,0.7059925,-0.22187918
494187a7c235fe9bfe87d5733b547d69,O=C(O)CN1C(=O)[C@H](N[C@@H](CSCc2ccccc2)C(=O)O)CCc2ccccc21,-0.050826762,0.053361777,0.7147169,-0.33484763,0.020475525,0.24514952,0.48911262,-0.16974822
62d3c14bc79ef4eb13c1f209366cf4a8,CC(C)CN(CP(=O)(O)O)C(=O)N[C@@H](Cc1ccc2ccccc2c1)C(=O)O,-0.10426496,0.16405831,-0.7676337,0.3689822,-0.07678848,0.46998152,0.47947022,-0.12924543
5db06e45ad7c3a3321a4e11dbf381dac,CCCCOC(=O)NC(Cc1ccccc1)C(=O)CC(C)C(=O)N1CCCC1C(=O)O,-0.0051046032,-0.05660535,0.3667487,0.7761376,0.024963675,0.43230805,0.5407187,-0.23575214
d02298f83fa8fa3f0062e50804cc67b5,CC(C)[C@H](S)C(=O)NC1CCc2cccc3c2N(C1=O)[C@H](C(=O)O)C3,-0.28720245,0.064551584,0.71472156,-0.31481296,0.6240372,0.27751994,0.5065624,-0.2602655
e82bef1e219973df556224360729ba12,CC(CS)C(=O)N(CC(=O)O)C1CC1,-0.6558799,0.063234694,0.09451532,0.97174406,0.5401139,0.23303421,0.57760954,-0.09787855
14d070b74be10693b3c7ec7e6a607b8e,C[C@H](NC(=O)[C@@H](S)Cc1ccccc1)C(=O)N1CCC[C@H]1C(=O)O,-0.2966373,0.106970124,0.36040628,0.7783909,-0.09017511,0.1731014,0.5199269,-0.23629878
78d59fa0560ed00b749880759409297d,CCCC(N[C@@H](C)C(=O)N1[C@H](C(=O)O)C[C@@H]2CCCC[C@@H]21)P(=O)(O)O,-0.13127813,0.19839625,0.34598184,0.7896464,0.23609987,0.74597865,0.5497876,-0.12695429
2304139c5baf81d8e41c52188ac8e6ef,CC(CS)C(=O)N(CC(=O)O)C1Cc2ccccc2C1,-0.4723098,-0.04118378,0.09692752,0.9678484,0.5859419,0.13598764,0.5238188,-0.21743284
0fe6e8d86e3afcfc877414f84fe22abe,O=C(O)CCN1C(=O)[C@@H](NC(=O)[C@@H](S)Cc2ccccc2)COc2ccccc21,-0.14471263,0.07815456,0.7105868,-0.33243668,0.06880396,0.18392687,0.5117115,-0.29967377
2a98764918ac3d889ba1b6c76b1e283e,CC(CS)C(=O)N(CC(=O)O)C1CCCCCC1,-0.47200906,-0.05314174,0.09451532,0.97174406,0.50927603,0.27352062,0.5653591,-0.11831359
3c802c280c61389eea3f3b1b9d1fb85d,CC[C@H](C)[C@H](NC(C)=O)C(=O)N[C@@H](Cc1ccc(O)cc1)C(=O)N[C@@H](Cc1ccc(O)cc1)P(=O)(O)O,0.3577844,0.5616846,-0.74786794,0.50259817,-0.14782368,0.52780324,0.699047,-0.20008038
d61ef3a50dd8e3a9bbdd996c1a2ee6f1,O=C(O)CCc1cc(O)c2n(c1=O)C(C(=O)O)CC2,-0.52335846,0.29460764,-0.10205138,-0.94404644,0.5548717,0.07824762,0.2527781,0.06119589
2ae5bb95e3fb814efccc3cff39c5e588,CC(CS)C(=O)N1C(=O)CCC1C(=O)O,-0.64379525,0.1158463,0.36114538,0.79827213,0.55809444,0.23143072,0.63221776,-0.0023019142
45a4e1a226aa9d6893ea6f0d076cce78,O=C(N[C@@H](Cc1ccccc1)P(=O)(O)C[C@H](Cc1cc(-c2ccccc2)no1)C(=O)N[C@@H](Cc1ccccc1)C(=O)O)OCc1ccccc1,0.7541891,-0.05501127,-0.77852,0.34489107,-0.18330008,0.47231546,0.42165142,0.1169568
b41a6fafe985da9da14caa1630fd90c1,CC(CS)C(=O)N(CC(=O)O)[C@@H]1C[C@H]2CC[C@@H]1C2,-0.49584273,-0.046086397,0.10034084,0.96802664,0.5099567,0.44681942,0.5778055,-0.10153288
5b4a8485c078a8cec50dca55bcc0dae5,NCCCC[C@H](NC(=O)[C@@H](S)Cc1ccccc1)C(=O)N[C@@H](Cc1c[nH]c2ccccc12)C(=O)O,0.22510572,0.37759098,0.02536285,0.8978026,-0.11523524,0.39627767,0.5230815,-0.30656257
45d2edef9c3b4427aadb634eb4f553c2,C[C@H](N)C(=O)N[C@H]1CSCCC(=O)N2CN3CN(C2)C(=O)CCSC[C@H](NC(=O)[C@H](CCCNC(=N)N)NC(=O)[C@@H]2CCCN2C(=O)[C@H](Cc2ccccc2)NC(=O)[C@H](CC(=O)O)NC(=O)[C@H](CCCNC(=N)N)NC(=O)[C@H](Cc2c[nH]cn2)NC1=O)C(=O)N[C@@H]([C@@H](C)O)C(=O)N[C@@H](Cc1c[nH]c2ccccc12)C(=O)N[C@@H](CCC(=O)O)C(=O)N[C@@H]([C@@H](C)O)C(=O)N[C@@H](CCC(N)=O)C(=O)N[C@@H](Cc1c[nH]c2ccccc12)C(=O)N[C@H](C(=O)N[C@@H](C)C(N)=O)CSCCC3=O,5.7839594,3.5260277,-0.09685171,0.048018932,0.38053718,0.50475186,0.36948246,-0.39904755
536bafd0b78079527775f4bb1ae6a62d,O=C(O)CN1Cc2ccccc2C[C@H](NC(=O)[C@@H](S)Cc2ccccc2)C1=O,-0.19739544,0.05086753,0.7094015,-0.33787882,0.059717696,0.23890239,0.6687504,-0.19923873
4a0ec1729ff491a2f0463d079c25b4aa,CC[C@H](C)[C@H](NC(C)=O)C(=O)N[C@@H](Cc1ccccc1)C(=O)N[C@@H](Cc1ccc(O)cc1)P(=O)(O)O,0.29437053,0.40045968,-0.74786794,0.50259817,-0.3088754,0.52260274,0.7068584,-0.16297501
89bf03e5708619f61582f183544f198b,C[C@H](CS)C(=O)N[C@@H](CSCc1ccccc1)C(=O)O,-0.3369165,0.0808317,-0.21273834,-0.95278996,0.34958878,0.08958026,0.6200506,-0.1319035
4a95ab171ac280b9f13781cb5b81197b,C[C@H](C[C@@H](Cc1ccc(-c2ccccc2)cc1)NC(=O)CCC(=O)O)C(=O)O,-0.15542392,0.035112772,-0.7547928,0.42186415,0.04563399,0.35117054,-0.013922355,-0.060333896
4ffd15d560759d71e2beaeb6ee4f8934,CC(C)CN(C[C@H](O)C(=O)O)C(=O)N[C@@H](Cc1ccc(-c2ccccc2)cc1)C(=O)O,-0.027549895,0.1920449,-0.699649,0.42630672,0.050765015,0.28777093,0.21036239,-0.13563013
c53c9f35dfbcba0a9ce55bd14fa85ab7,CC(CS)C(=O)N(CC(=O)O)C1CCCCC1,-0.51737076,-0.024898823,0.09451532,0.97174406,0.50927603,0.27352062,0.5653591,-0.11831359
0aff316f80380cd43dd2c9cd13be4f0b,O=C(N[C@H](Cc1ccc(-c2cccc(Cl)c2)cc1)C[C@@H](O)C(=O)O)c1ccc2nnn(OCc3ccccc3)c2c1,0.28450423,-0.030829672,-0.7241129,0.3938551,-0.36791265,0.26417422,-0.09042793,-0.0034014531
2751b62657f7148b7b620eaf5d49fc9b,O=C(O)C(=O)N[C@H](Cc1ccc(-c2ccccc2)cc1Cl)C[C@@H](CO)C(=O)O,-0.1443276,0.22641803,-0.7361525,0.5382774,0.11199123,0.22624587,-0.040655866,-0.048176393
5bfcfcc860969c6c42d9484103727eee,C[C@](CO)(C[C@@H](Cc1ccc(-c2ccc(F)cc2)cc1)NC(=O)C(=O)O)C(=O)O,-0.13907193,0.22465368,-0.7601862,0.42756462,0.041731797,0.2595922,-0.010820313,-0.08970941
ee23f244fa913ffe6b7bdf538f2268ed,O=C(O)C(=O)NC(Cc1ccc(-c2ccccc2)cc1)CC(O)C(=O)O,-0.25516766,0.29040217,-0.7222233,0.39725137,-0.07581378,0.39738408,-0.02702979,-0.042440403
400dbb4536a3302fb20dca9a3b9839c1,C[C@@H]1Oc2ccccc2N(CC(=O)O)C(=O)[C@H]1NC(=O)[C@@H](S)Cc1ccccc1,-0.15707885,0.0741523,0.7102519,-0.33437508,0.05150644,0.24155347,0.5116154,-0.21315129
440fef628e7d4222ad3ca05f5dd59c88,O=C(O)CCN1C(=O)[C@@H](NC(=O)[C@@H](S)Cc2ccccc2)CCc2ccccc21,-0.1397512,0.014228349,0.7117888,-0.3334996,0.10441393,0.15100753,0.503274,-0.33300117
0987224e569c837b511f8936a4d67670,O=C(O)CCN1C(=O)[C@@H](NC(=O)[C@@H](CS)Cc2ccccc2)CCc2ccccc21,-0.08672193,-0.0074132187,0.7117888,-0.3334996,0.18636902,0.25629824,0.45622346,-0.35868573
07a711cf0da1b6120ed45d72c4584e63,O=C(O)C1CSC(c2ccccc2O)N1C(=O)CCS,-0.40572733,0.12685485,0.31943095,0.74309766,0.56977594,-0.07520421,0.50175387,0.06374067
4457cccc2b235bfdd7fdd4c6bdbec7c9,NCCCC[C@H](OP(=O)(O)CCCCc1ccccc1)C(=O)N1CCC[C@H]1C(=O)O,0.09533419,0.04650176,0.36639667,0.79504454,-0.121640556,0.46767813,0.6195262,-0.11409898
86e229a64a485ef503bd84223db67de9,O=C1c2ccccc2-c2ccc(CN(C[C@H](O)C(=O)O)C(=O)N[C@@H](Cc3ccc4ccccc4c3)C(=O)O)cc21,0.19863747,0.10080459,-0.73068833,0.4460709,0.068122484,0.061186794,-0.14099403,0.16297418
7407b070b60f8b122e2bc5482e18f26b,O=C(O)CCC(=O)N[C@H](Cc1ccc(-c2ccccc2)cc1)CC(O)C(=O)O,-0.13733281,0.24317478,-0.7596959,0.42188084,0.019231047,0.42802712,-0.04674627,-0.03780163
bb0a07b7fc1dd48b170a60afceb37e6e,CC(OP(=O)(O)C(CCc1ccccc1)NC(=O)c1ccccc1)C(=O)N1CCCC1C(=O)O,0.13025372,0.006545429,0.3478837,0.7429769,-0.067310676,0.43180197,0.6437629,-0.120661415
0f4680d7325340339a13a572f1cfd7e6,C[C@H](NC(CCc1ccccc1)C(=O)O)C(=O)N(CC(=O)O)C1Cc2ccccc2C1,-0.056905482,0.04552299,0.091243744,0.9654633,0.15784612,0.27293357,0.5473638,-0.18214019
261f71c09c1153bc65cb3e708cca9b96,CCOC(=O)[C@H](CCCCN)N[C@H]1CCc2ccccc2N(CC(=O)O)C1=O,-0.0938146,0.17731555,0.7167789,-0.32965827,0.22092788,0.28382477,0.5328765,-0.24327393
df24dc13bdfd6726ddddbc3ad6612377,C[C@H](NC(CNC(=O)c1ccccc1)C(=O)O)C(=O)N1CCC[C@H]1C(=O)O,-0.18061532,0.34264484,0.3612194,0.77628267,0.2925105,0.27853802,0.62388295,-0.1865381
923c41a0ca048ea4869f94708c3bb625,O=C1c2ccccc2C(=O)c2cc(CN(C[C@H](O)C(=O)O)C(=O)N[C@@H](Cc3ccc4ccccc4c3)C(=O)O)ccc21,0.2709092,0.14119308,-0.73068833,0.4460709,0.08953281,0.047709223,-0.17835808,0.34008467
4d54a127b5360f4541e45449785e337c,O=C(N[C@H]1CCc2cccc3c2N(C1=O)[C@H](C(=O)O)C3)[C@@H](S)Cc1ccccc1,-0.17999877,0.016301725,0.7135303,-0.31689757,0.20470335,0.28596857,0.6442406,-0.25768113
fa7ad3bddbb9d026e5d9f2d6072b6c05,C[C@H](NC(CCc1ccccc1)P(=O)(O)O)C(=O)N1[C@H](C(=O)O)C[C@@H]2CCCC[C@@H]21,0.021441115,0.120576166,0.34750688,0.7970036,0.10924698,0.5870309,0.56371343,-0.08755324
365fb0dce59cdf34ff92653212550049,C[C@H](NP(=O)(O)OCc1ccccc1)C(=O)N1CCC[C@H]1C(=O)O,-0.25688308,0.13853116,0.35231245,0.79656625,0.06486083,0.42503023,0.5194188,-0.10843924
7fcfa0c1efd0ab74a3b0efa2e262056c,CC[C@@H](C)[C@H](S)C(=O)NC1CCc2cccc3c2N(C1=O)[C@H](C(=O)O)C3,-0.23311451,0.038030226,0.71486247,-0.31384742,0.6318979,0.27686208,0.50224614,-0.3123636
634179a8580a88029fe7d103bad70bb0,C[C@H](N[C@@H](CCc1ccccc1)C(=O)O)C(=O)N1C[C@@H](NC(=O)C(CS)Cc2ccccc2)C[C@H]1C(=O)O,0.3201142,0.25287917,0.36251783,0.79012287,0.05449758,0.39464128,0.70920897,-0.22779971
d2b54d78c7ae2354e29eff716512e1f7,O=C(NC(Cc1ccccc1)C(=O)CCCC(=O)N1CCC[C@H]1C(=O)O)c1ccccc1,-0.042214427,-0.096053556,0.36255932,0.77624106,0.0025017029,0.32708675,0.56243294,-0.21787585
b922913ac3004855b495ba831bdde82b,C[C@H](CS)C(=O)N1C[Si](C)(C)C[C@H]1C(=O)O,-0.45003614,-0.09497474,0.35955882,0.79801023,0.550084,0.06492176,0.6188738,-0.0825251
53ea3726ea55a196662a2c604dc2c295,C[C@H](N[C@@H](CCc1ccccc1)C(=O)O)C(=O)N1C[C@@H](NC(=O)NC(CS)Cc2ccccc2)C[C@H]1C(=O)O,0.37376004,0.3732157,0.36253297,0.79169333,0.009026204,0.39667735,0.7247726,-0.25156936
64449e5f6fd1c7683095e28613e9151c,CC(CS)C(=O)N1C[Si](C)(C)C[C@H]1C(=O)O,-0.45003614,-0.09497474,0.35955882,0.79801023,0.550084,0.06492176,0.6188738,-0.0825251
2b6ce5205ae1d0c3e6864e6e1dca9b9b,C=C(C(C)CS)N(CC([O])=O)c1cc(C)cc(C)c1,-0.49931526,-0.19937672,0.0959034,0.9721912,0.6739877,-0.07361302,0.3062157,-0.11823862
ed5ed99dc927a768cf3e29b4776ade7e,C[C@H](N[C@@H](CCc1ccccc1)C(=O)O)C(=O)N1Cc2ccccc2[C@H]1C(=O)O,-0.1609443,0.074029066,0.3473997,0.8140434,0.037549984,0.2428354,0.5579178,-0.2503343
1768fc096d0f55b779d8cff776880778,CCOC(=O)[C@H](CCc1ccccc1)N[C@@H](C)C(=O)N1Cc2ccccc2[C@H]1C(=O)O,-0.08043128,-0.072170556,0.3496493,0.81668663,0.065224245,0.2237135,0.543165,-0.24077295
bf3e96aa5030ef3aac827b8ff013b6a8,C[C@H](N[C@@H](Cc1ccccc1)C(=O)N[C@@H](Cc1ccc(-c2ccccc2)cc1)C(=O)O)P(=O)(O)O,0.18230776,0.20749848,-0.73071396,0.40981114,-0.20348994,0.4893666,0.4827071,-0.13064364
425ff0a66d78925fd423c4feb14e4e43,CC(=O)SCC(C)C(=O)N(CC(=O)O)c1cc(C)cc(C)c1,-0.36714217,-0.1539564,0.09291589,0.97712207,0.63061714,-0.028630009,0.40359783,-0.08778738
c39f79ad6bd691ecb3045178cdefbc21,CC(C)OC(=O)[C@H](O)C[C@@H](Cc1ccc(-c2cccc(Cl)c2)cc1)NC(=O)C(=O)O,-0.078026995,0.075741865,-0.72548246,0.39498615,-0.072638996,0.44788745,-0.050165415,-0.13318603
5b9cb888e9603602edbc497633166883,CC(C)(c1ccc(-c2ccccc2)cc1)[C@H](C[C@@H](O)C(=O)O)NC(=O)C(=O)O,-0.17019342,0.22690575,-0.02012974,0.9572191,0.19315553,0.15941517,-0.022202985,-0.037190754
2e3111eecbe443832036d227ba86b07c,CC(O)(CN(Cc1ccc(-c2ccccc2)cc1)NC(=O)C(=O)O)C(=O)O,-0.21813945,0.3116219,-0.16740012,-0.093788326,0.07165085,0.11240567,0.23664498,-0.053220246
b53400a0a95a7a4fd3a2f73d064fb205,CC(C)C[C@H](N[C@H]1CCc2ccccc2N(CC(=O)O)C1=O)C(=O)O,-0.270173,0.13168631,0.7179456,-0.32992572,0.28380364,0.2681254,0.51854134,-0.26685485
0276ec3caa664b6396ec92583d9c54c9,CC(=O)SCC(C)C(=O)N(CC(=O)O)[C@@H]1CCC2CC1C2(C)C,-0.2831528,-0.2235205,0.092250586,0.9786773,0.63006604,0.4821557,0.48949426,0.018424958
69630934a4a52f53bb48d7e3ea843c62,Cc1ccccc1C(=O)NC(Cc1ccccc1)C(=O)CCC(=O)N1CCC[C@H]1C(=O)O,-0.05513442,-0.09829117,0.36807477,0.77743053,0.0055492413,0.32066846,0.53545386,-0.20588282
0313d22ab31b30ac464b7416ca70ad0c,CCCCCC(=O)N[C@@H](Cc1ccccc1)C(=O)CCC(=O)N1CCCC1C(=O)O,-0.03425174,-0.08030381,0.36772335,0.7751852,0.052950345,0.34723803,0.52056813,-0.21058418
0d0760651d4e5309b24f786f08f790ef,CC(=O)SCC(C)C(=O)N(CC(=O)O)c1ccc2c(c1)CCC2,-0.34151998,-0.17166968,0.09081864,0.97660613,0.5853848,0.06821,0.4396589,-0.12282234
b4b238427770dbeddfd1c2121f401b68,CS(=O)(=O)N[C@@H](CCCCN)C(=O)NC[C@H](CC1(C(=O)N[C@@H](Cc2ccc(O)cc2)C(=O)O)CCCC1)C(=O)O,0.5755799,0.6571689,-0.66409826,0.4458058,-0.14939268,0.52741975,0.6579767,-0.19484606
f6c7f2a30c4196a5d82fe4e8b56feb20,O=C(O)[C@@H]1CCCN1C(=O)C1CCC1S,-0.65317124,0.024047498,-0.6848599,-0.36045355,0.44255036,0.42289594,0.60311246,-0.120560445
357562b2fe6af32e8b93d052ab4f138a,O=C(O)[C@H](Cc1ccc(-c2ccccc2)cc1)NC(=O)[C@@H](S)Cc1ccccc1,-0.15179224,-0.07039302,-0.60971314,0.33917248,0.07880926,0.08833058,0.15601625,-0.1365595
083e2276daf92af8b46b1d6273eeaa72,C[C@H](NC(=O)[C@H](Cc1ccccc1)NC(=O)[C@H](CCCCN)NC(=O)[C@@H]1CCC(=O)N1)C(=O)N1CCC[C@H]1C(=O)O,0.4507811,0.53675145,0.050511718,0.7976556,-0.12820844,0.40302545,0.70257443,-0.25291544
3dc7121611b4baf3fbe645bdb68d5478,CC[C@@H](C)[C@H](NCP(=O)(O)O)C(=O)N[C@@H](Cc1ccc(-c2ccccc2)cc1)C(=O)O,0.07527609,0.27163595,-0.6444732,0.43073952,-0.15874682,0.5434528,0.45209974,-0.23961607
38e4a5a1a24098fcd47b4be7555976d3,O=C(O)CCCC(=O)N[C@H](Cc1ccc(-c2ccccc2)cc1)CC(O)C(=O)O,-0.08248569,0.21767811,-0.7596959,0.42188084,-0.00580083,0.4475745,-0.054377615,-0.034338947
10ababdf534b9b80a7284ece698b0b90,C[C@@H](NC(=O)C(S)Cc1ccccc1)C(=O)N1CCC[C@H]1C(=O)O,-0.2966373,0.106970124,0.36040628,0.7783909,-0.09017511,0.1731014,0.5199269,-0.23629878
103c1a950fbb916f7341b1309209d075,CC(=O)SCC(C)C(=O)N(CC(=O)O)c1cccc(F)c1,-0.42691407,-0.1111533,0.09090185,0.9673197,0.53143114,-0.13393633,0.40980124,-0.08358648
8cba2de1302efbf765ec1b7640fddf00,CCC[C@H](N[C@@H](CCc1ccccc1)C(=O)O)C(=O)N1C[C@@H](NC(=O)C[C@H](N)Cc2cc(F)c(F)cc2F)C[C@H]1C(=O)O,0.4659599,0.25253707,0.3497386,0.7962549,-0.1365573,0.34929854,0.5993107,-0.316295
0ce9176e846e93f72ba6c8a18bbd03f2,C[C@H](NC(CCc1ccccc1)P(=O)(O)O)C(=O)N1CCC[C@H]1C(=O)O,-0.13531521,0.23001544,0.34700096,0.7982383,0.094137296,0.4323831,0.5836823,-0.09028955
c78bd78d252de4fb9ff3bbd51edeeb26,CC(C)CN(C[C@H](O)C(=O)O)C(=O)N[C@@H](Cc1ccc2ccccc2c1)C(=O)O,-0.10691525,0.22764419,-0.699649,0.42630672,-0.0069548357,-0.0024142805,0.4374161,-0.1773895
fd600d66fcb0e95eba9c83981bd357f1,CC(=O)SCC(C)C(=O)N(CC(=O)O)C1CC2CC23CCC13,-0.34413064,-0.18836394,0.092250586,0.9786773,0.5790232,0.41505793,0.5011178,0.014326827
0eaa1d968d6ee281595e369eef1842f5,CC(C(=O)O)C1CCCCC(CS)C1=O,-0.6074635,-0.015911918,0.08703482,0.9752029,0.601958,0.34075657,0.13656524,0.4085932
09d8b723fe3f207641983c1d3687fe51,CN[C@H](C(=O)N[C@@H](Cc1ccc(O)cc1)C(=O)N[C@@H](Cc1ccc(O)cc1)P(=O)(O)O)C(C)C,0.24348246,0.5781736,-0.67082036,0.45030344,-0.10454646,0.6031315,0.7271204,-0.1778007
ca8bb1d57a7195eed8076c91be3d601a,O=C(O)[C@H](Cc1ccc(-c2ccccc2)cc1)NC(=O)[C@H](Cc1ccc2ccccc2c1)NCP(=O)(O)O,0.25123572,0.16011168,-0.48381507,0.23772097,-0.18435022,0.43711498,0.5653053,-0.22399962
5610fdcdc8071a1b9628de2a43e3729a,O=C(O)C(=O)NC(Cc1ccc(-c2ccc(F)cc2)c(Cl)c1)CC(CO)C(=O)O,-0.124003574,0.2164226,-0.83681136,0.3989724,0.05188323,0.25343752,-0.117253214,-0.03776647
61b2e8987e9cc92f618cb9b0db64ce6a,C[C@@](CO)(C[C@@H](Cc1ccc(-c2ccc(F)cc2)cc1)NC(=O)C(=O)O)C(=O)O,-0.13907193,0.22465368,-0.7601862,0.42756462,0.041731797,0.2595922,-0.010820313,-0.08970941
7acb254d822efef8a73564ba2d1cab1a,CC(CS)C(=O)N(CCc1cccs1)CC(=O)O,-0.44714165,-0.008798893,0.86563444,0.45593548,0.5224954,-0.20595458,0.5003246,-0.19878852
0b8666c5733359436ced98d1c5a87431,CSCCCN(CC(=O)O)C(=O)C(C)CS,-0.45435506,0.021338392,0.8645121,0.45430243,0.6056108,0.19976884,0.573965,-0.08466688
caa4e57a8f3524a654b0fa49a3babe09,O=C(O)C(CCc1ccccc1)N[C@H]1CCN2CCC[C@@H](C(=O)O)N2C1=O,-0.20407279,0.14957081,0.7178117,-0.31548655,0.18766627,0.4087369,0.56830305,-0.19212393
ae21785a90fab1386275abb371b34da2,O=C(N[C@@H](Cc1ccc(-c2ccccc2)cc1)C(=O)N1CCC[C@H]1C(=O)O)[C@@H](S)Cc1ccccc1,0.109485164,-0.1182497,0.3397901,0.7856333,-0.21424775,0.15522115,0.34865183,-0.23828374
d3c2ff096b022a1a3fabebfd95ccf4f8,CC(C)CN(C[C@H](O)C(=O)O)C(=O)N[C@@H](Cc1ccc(O)cc1)C(=O)O,-0.16053976,0.4732478,-0.084237576,0.9719882,0.35277796,0.33138707,0.5117099,-0.112675354
a379f08ed3e27910126d8e70d63a8a2c,O=C(O)CN1NCCC[C@H](NC(=O)[C@@H](S)Cc2ccccc2)C1=O,-0.27191103,0.28984228,0.7112937,-0.33818203,0.2749843,0.19639207,0.5541144,-0.20176937
f8c48cf08f478b6a0c2e315353f79d8d,CC.CC(=O)SCC(C)C(=O)N(CC(=O)O)c1ccc(C(C)C)cc1,-0.19812019,-0.24379636,0.09291589,0.97712207,0.5999945,-0.108792365,0.40955228,-0.053265687
f9177950feae2ecbd4b1f9833fff49d2,C[C@H](NC(=O)[C@H](Cc1c[nH]c2ccccc12)NC(=O)[C@H](CCCCN)NC(=O)[C@@H](N)CCC(=O)O)C(=O)N1CCC[C@H]1C(=O)O,0.6794979,0.8061868,0.044707894,0.79236937,-0.19972326,0.38364008,0.6253988,-0.244804
4cf714d0c0d254ee66bf644cdb54ee22,CC(C)[C@H](S)C(=O)N[C@@H](Cc1ccc(-c2ccccc2)cc1)C(=O)N[C@@H](Cc1ccc(O)cc1)C(=O)O,0.23873116,0.16447918,-0.7232599,0.49913824,-0.07424228,0.34585217,0.3000872,-0.19499376
d75ed92638d671fcd36bba5275fbc372,O=C(N[C@@H]1CCc2cccc3c2N(C1=O)[C@H](C(=O)O)C3)[C@@H](S)Cc1ccccc1,-0.17999877,0.016301725,0.7135303,-0.31689757,0.20470335,0.28596857,0.6442406,-0.25768113
d00d179e1787276c55611171a769f366,O=C(SC1CCCC1C(=O)N1CCCC1C(=O)O)c1ccccc1,-0.32897505,-0.20951049,-0.6888923,-0.36102873,0.3492353,0.26739413,0.47237962,-0.07801996
bcad2cdcc18f799f414d59f3e2f184ff,NC(CS)C(=O)N1CCC[C@H]1C(=O)O,-0.64838046,0.27144474,0.35871947,0.7980226,0.5079508,0.12924777,0.63572514,-0.15522456
ad9c79febb610dd207ef8532a85db623,CCCCc1ccc(N(CC(=O)O)C(=O)C(C)CSC(C)=O)cc1,-0.24238198,-0.20072332,0.09073496,0.9737549,0.49551976,0.16663745,0.41124043,-0.041902248
a39f39e490a71f9f0a81ae3834ae2f43,O=C(O)[C@@H]1CCCN1C(=O)C1CCCC1S,-0.60983217,-0.0039112074,-0.68639636,-0.35999393,0.44047228,0.35517457,0.59826696,-0.13153087
376cbd404d75196ea2539adc5d0c2704,CCCC[C@H](N[C@@H](CCc1ccccc1)C(=O)O)C(=O)N[C@@H](Cc1ccc(O)cc1)C(=O)O,0.14164798,0.30315366,-0.59888434,0.47340047,-0.13030155,0.33675697,0.6812492,-0.232159
dac6950713cc39567de2b9961d914ae4,CC[C@H](C)C(NCC(=O)O)C(=O)N[C@@H](Cc1ccc(-c2ccccc2)cc1)C(=O)O,-0.039869655,0.17817144,-0.64369375,0.4320501,-0.02316679,0.37781075,0.4156211,-0.2901189
5df7f2af0b46efe7d2f7786223d31a6b,O=C(N[C@@H](Cc1ccccc1)C(=O)CNCC(=O)N1CCC[C@H]1C(=O)O)c1ccccc1,-0.024327876,0.10370486,0.36255932,0.77624106,0.047459375,0.3173348,0.5653592,-0.18212579
d7e078d519c882bade814de51916141b,O=C(O)[C@@H]1CCCN2C(=O)C[C@@H](CS)C(=O)N12,-0.6037351,0.10045793,0.33952534,0.7373667,0.5443386,0.33711892,0.52859527,-0.12571535
e93b27572b5a2ffc2d8166ac3db77157,C[C@@H](C[Si](O)(O)[C@@H](Cc1ccccc1)NC(=O)c1ccccc1)C(=O)N1CCC[C@H]1C(=O)O,0.13774233,0.11827844,0.36067152,0.7770839,0.20519575,0.23933314,0.6111966,-0.18468052
5312d988ef35ae1c668715abff9599ac,CC(CS)C(=O)N(CC(=O)O)C(C)C,-0.63160527,0.05618036,0.09245098,0.97167456,0.6446799,0.12536654,0.59097034,-0.11234459
cf4ec0a1b20569d3435c4327788cdf32,O=C(NC(CCc1ccccc1)P(=O)(O)CC(=O)N1CCC[C@H]1C(=O)O)c1ccccc1,0.049586933,-0.008885707,0.3478837,0.7429769,-0.09984251,0.4189533,0.4298737,-0.032589335
589783cfc3685012de04c88a49ef4232,O=C1N[C@H](C(=O)O)CCCCCc2cccc(c2)C[C@H]1CS,-0.38699165,0.017570231,-0.17852068,-0.9195734,0.7213709,0.24272501,0.47907665,-0.14769524
469af006478661b81f5d028297db9e90,CCN(CC(=O)O)C(=O)C(C)CS,-0.67210704,0.08544893,0.091974854,0.9708507,0.6867286,0.1075623,0.6079687,-0.058228057
e369db2d0e18ae152e966329f6c02ebc,CC(C(=O)O)N(C(=O)CCS)C1CC1,-0.6588558,0.062885694,0.09033692,0.9741254,0.48550677,0.3255997,0.5423588,-0.1068621
99d09406deb25759e3bb72dd229fc866,CC(=O)SCC(C)C(=O)N(CC(=O)O)C1CCCC1,-0.435164,-0.11260189,0.092510104,0.9759538,0.4841589,0.24011494,0.55226034,-0.09589553
a0dbecfeb975b7c3429347e9362fcf3c,COC(=O)[C@@H]1CCCN1C(=O)CCC(=O)C(Cc1ccccc1)NC(=O)c1ccccc1,-0.06711073,-0.19381498,0.36571229,0.77411246,0.06660763,0.329137,0.56975466,-0.24611297
97fb86aa28acb22e12c314768be77dfd,O=C(NC(Cc1ccccc1)C(=O)CCC(=O)N1CCC[C@H]1C(=O)O)c1ccccc1,-0.09650102,-0.070725106,0.36255932,0.77624106,0.007635817,0.32525775,0.5673685,-0.20908116
c036643d5778cb934d924e73b68b2415,CC(=O)SCC(C)C(=O)N(CCC1CC2CC(C1)C2(C)C)CC(=O)O,-0.17519613,-0.27143523,0.09362435,0.97905684,0.6042981,0.4954209,0.50114673,-0.028184708
99e459b3d9260574c7f367986ea56832,CC(OC(CCc1ccccc1)C(=O)O)C(=O)N1Cc2ccccc2CC1C(=O)O,-0.14422393,-0.060653005,0.34867036,0.81285214,0.20529234,0.16396776,0.58298963,-0.21568358
7375d5eae1aa89310e6b8b3d7f677e51,O=C(NC(Cc1ccc(OCc2ccccc2)cc1)C(=O)CCC(=O)N1CCC[C@H]1C(=O)OCc1ccccc1)c1ccccc1,0.442519,-0.4072187,0.36571229,0.77411246,-0.24308264,0.20668702,0.4986067,-0.25138658
b7646c51217b0c2cac7451136d1ed9b1,O=C(N[C@@H](Cc1ccccc1)P(=O)(O)[C@@H]1CCC[C@H]1C(=O)N[C@@H](Cc1c[nH]c2ccccc12)C(=O)O)OCc1ccccc1,0.53674716,0.053932387,-0.7924427,0.4487307,-0.29520836,0.48935062,0.5374601,-0.037467416
90f9e794808ca9db98d5c30a28b3f038,C[C@H](CS)C(=O)N1C[C@@H](NC(=O)C(CS)Cc2ccccc2)C[C@H]1C(=O)O,-0.09535827,0.16608365,0.36251783,0.79012287,0.27580017,0.27262336,0.6637438,-0.2479424
fc0e6515326a73c6de525c1be73ee13b,CC(=O)SCC(C)C(=O)N(CC(=O)O)C1CCCCCC1,-0.34439635,-0.1691732,0.09128201,0.9774084,0.48195943,0.252455,0.5444661,-0.09286095
e020f87188eabb006848fcdeeba5afdd,O=C(NC1CCc2cccc3c2N(C1=O)[C@H](C(=O)O)C3)[C@@H](S)Cc1ccc(-c2ccccc2)cc1,0.019930286,-0.10504113,0.7135303,-0.31689757,-0.023634948,0.24825217,0.44334766,-0.28653973
c0705673b60ca517a04c7181967bc203,C[C@@H](C[C@@H](Cc1ccc(-c2ccccc2)cc1)NC(=O)CCCC(=O)O)C(=O)O,-0.10061307,0.009664615,-0.7596959,0.42188084,-0.004349947,0.37086165,-0.02433777,-0.067414545
415e93618566cf38275d1b95d5bd4764,C[C@@H](C[C@@H](Cc1ccc(-c2ccccc2)cc1)C(=O)CCCC(=O)O)C(=O)O,-0.14919408,-0.12890111,-0.36172074,0.52937996,0.13002327,0.16128084,-0.052160583,-0.0022739938
018b523d46ecab65942e5f338796686d,CC(N[C@H](C)C(=O)N1CCC[C@H]1C(=O)O)C(=O)O,-0.51966536,0.27251118,0.35494554,0.79792404,0.4415358,0.24443908,0.6628669,-0.1365503
744b5b81bef9d50cafb822571a9ae45f,O=C(O)CN1CCCCCC(NC(CCc2ccccc2)C(=O)O)C1=O,-0.21158549,0.11793064,0.71932054,-0.31689346,0.18916258,0.37938774,0.5648894,-0.21363474
5673b39ad098c3c88f55e3387a1c7e02,C[C@H](C[C@@H](Cc1ccc(-c2ccccc2)cc1)NC(=O)CC(=O)O)C(=O)O,-0.21012093,0.060657684,-0.7488903,0.41891122,0.039352644,0.26293838,-0.02246436,-0.04985857
c75c72358e988d6260328b3ca97af27d,CC(C)Oc1ccc(C[C@H](NC(=O)[C@@H](NCP(=O)(O)O)C(C)C)C(=O)O)cc1,0.0059503447,0.38120458,-0.3778953,0.16626978,-0.0809063,0.59259653,0.72780865,-0.21760257
d3119ba49e15c5adc00fbba8c2183946,O=C(O)CN1CCCCC[C@@H](N[C@H](CCc2ccccc2)C(=O)O)C1=O,-0.21158549,0.11793064,0.71932054,-0.31689346,0.18916258,0.37938774,0.5648894,-0.21363474
fe29656b7e9e102cf97e72082a34a425,C[C@H](C[C@@H](Cc1ccc(-c2ccccc2)cc1)C(=O)CC(=O)O)C(=O)O,-0.25852817,-0.077874795,-0.36172074,0.52937996,0.08604658,-0.02095045,-0.00531416,-0.06710221
6b39c0b6dd0258104222ee061faf3f88,CCOC(=O)[C@H](CCc1ccccc1)N[C@@H](C)C(=O)N1CC2(C[C@H]1C(=O)O)SCCS2,0.09846784,-0.12202898,0.34533608,0.8044771,0.11275542,0.39664826,0.6154714,-0.1621533
00b123c48a256ec3b5fa73308312b7d3,O=C(O)[C@H](Cc1ccc(-c2ccccc2)cc1)NC(=O)[C@@H](S)CCc1ccccc1,-0.09598875,-0.09717136,-0.60971314,0.33917248,0.038052958,0.19347465,0.26781228,-0.1611076
dedffd8209984e21c6767859f2e95f5a,COCCN(CC(=O)O)C(=O)C(C)CS,-0.5654842,0.112650566,-0.44953394,0.27144766,0.6703796,0.12895264,0.6097768,-0.08795574
7b7e9352973250efdbf80b02631cc766,CCOC(=O)C(CCc1ccccc1)NC(C)C(=O)N1CC2CCCCC2[C@H]1C(=O)O,-0.023571284,-0.10704032,0.3453139,0.7908733,0.30871063,0.49079463,0.57137734,-0.18852898
df3d727b22361754f1b2247f3ae596ff,CCOC(=O)[C@H](CCc1ccccc1)N[C@@H](C)C(=O)N1C2CCCCC2C[C@H]1C(=O)O,-0.023475321,-0.110178374,0.34645557,0.7908839,0.2599482,0.48443827,0.5846589,-0.20079748
35de6eae118876ee7b164014dbdc37a8,COc1ccc(CSC[C@H](NC(=O)[C@H](C)CS)C(=O)O)cc1,-0.24598244,0.094006665,-0.21000248,-0.9540634,0.40819195,0.13428892,0.5949065,-0.113150746
6dbc2d12266ec6e6fc61bf1da3d33c3b,CCCCc1nc(Cl)c(C(=O)N[C@@H](Cc2ccccc2)C(=O)O)n1C,-0.2701314,-0.047618385,-0.08137852,0.8600135,0.2909793,-0.11251301,0.29842347,-0.11433098
aa08721e0ce39e36665cd063ee6d8719,NC(Cc1ccccc1)C(=O)N[C@H](CCC(=O)N1[C@H](C(=O)O)C[C@@H]2CCCC[C@@H]21)C(=O)O,0.035101604,0.23834796,-0.6411568,0.5088644,0.052142315,0.4847928,0.6808154,-0.246445
a86bd6011e1fb96562c89993d91f8790,CC(C)[C@H](NCP(=O)(O)O)C(=O)N[C@@H](CCc1ccccc1)C(=O)O,-0.1224961,0.39322868,-0.7112504,0.43002594,-0.17123626,0.59583616,0.7311892,-0.14622816
ee0220f7c712af5c2e5b73b9071143e5,CC(C)[C@H](S)C(=O)N[C@@H](Cc1ccc(-c2ccccc2)cc1)C(=O)N[C@@H](CO)C(=O)O,0.04090975,0.29325315,-0.7251634,0.40767336,-0.0046638977,0.34084028,0.30385444,-0.1386193
5e3228cd1507b66ac2e58ace9dd3e981,C[C@@]1(CCS)C(=O)N2CC=C[C@@H](C(=O)O)N2C1=O,-0.5744996,0.09215843,-0.17000395,-0.1481893,0.69740295,0.42737827,0.4154951,-0.073417395
cf26c3204f0cbb6812efbbf89c3a3565,O=C(NC1CCc2cccc3c2N(C1=O)[C@H](C(=O)O)C3)[C@@H](S)C1CCCCC1,-0.17114848,-0.015800115,0.71587956,-0.31827992,0.50342286,0.4091076,0.46486428,-0.25387162
c383736a6072eba2429fea9975906c08,CC[C@H](C)[C@H](NC(=O)[C@H](CCC(N)=O)NC(=O)[C@@H]1CCCN1C(=O)[C@H](CCCN=C(N)N)NC(=O)[C@@H]1CCCN1C(=O)[C@H](Cc1c[nH]c2ccccc12)NC(=O)[C@@H](N)CCC(=O)O)C(=O)N1CCC[C@H]1C(=O)N1CCC[C@H]1C(=O)O,2.1148474,1.0824348,0.044707894,0.79236937,-0.3632929,0.5753382,0.6766043,-0.30407718
0d072c6aa9497348343629603e2b2651,C[C@H](CS)C(=O)N[C@@H](CSCc1ccc(F)cc1)C(=O)O,-0.31695387,0.070274465,-0.21273834,-0.95278996,0.42991215,0.14200318,0.611439,-0.095206074
ca84b1380e5d70bef0553fa322ce5ac7,O=C(O)CN1CCCCCCC(NC(CCc2ccccc2)C(=O)O)C1=O,-0.16634974,0.089539,0.71932054,-0.31689346,0.18916258,0.37938774,0.5648894,-0.21363474
0bb412c72de76a4aaede85ec53fabd8f,CC(C)CN(C[C@H](O)C(=O)O)C(=O)N[C@@H](Cc1c[nH]c2ccccc12)C(=O)O,-0.121175185,0.39410302,-0.026587427,0.8901448,-0.04982428,0.10714345,0.47047323,-0.26614064
b5a1a877ce34ca3b80cd8fd7f78110a8,CC(S)(Cc1ccccc1)C(=O)N[C@H]1CCc2ccccc2N(CC(=O)O)C1=O,-0.15243278,0.007748102,0.7267519,-0.34125626,0.23578113,0.25632694,0.48911366,-0.25084424
d0c3c973c7a89c7824694a46435aeabe,CC(C)CN(C[C@H](O)C(=O)O)C(=O)N[C@@H](Cc1cccc2ccccc12)C(=O)O,-0.10668531,0.22734793,-0.026587427,0.8901448,0.06295697,-0.053576183,0.49558997,-0.21132839
ad45fa64994bcf9e326fcbf93931cb26,COc1cccc(N(CC(=O)O)C(=O)C(C)CSC(C)=O)c1,-0.35631168,-0.08743719,0.09056544,0.97459555,0.5646007,-0.12233394,0.3824771,-0.09811939
949ed9b916d1b40ff496b1d2e68c284d,CC(OC(CCc1ccccc1)C(=O)O)C(=O)N1CCCC1C(=O)O,-0.28519708,0.025328282,0.34685493,0.8018068,0.3470113,0.25928265,0.57691455,-0.1903876
2b8dee6cd01e33e0e9cd59504da189b1,CC(=O)CN1C(=O)/C(=N\C(=S)NCc2cc3ccccc3cc2O)c2ccccc21,-0.20889412,-0.1256346,0.28044713,0.7189975,0.19233778,-0.3143782,-0.17072828,0.26628193
f092e643130d89b65ccb3a30a4f99f09,O=C(O)CN1CCCCC(NC(CCc2ccccc2)C(=O)O)C1=O,-0.25670502,0.1463468,0.71932054,-0.31689346,0.18793415,0.3642317,0.5675067,-0.21363474
ef9171ffb6c5b335dcb454ecc6638af4,O=C(O)[C@H](Cc1ccc(-c2ccccc2)cc1)NC(=O)[C@H](Cc1ccccc1)NCP(=O)(O)O,0.13074563,0.24595217,-0.48381507,0.23772097,-0.19093402,0.5360639,0.60984826,-0.21400835
92bb90ab04b8a1c98a32c96859993016,O=C1N[C@H](C(=O)O)CCCCCCc2cccc(c2)C[C@H]1CS,-0.34190074,-0.0108388765,-0.17852068,-0.9195734,0.7213709,0.24272501,0.47907665,-0.14769524
91b06eb19fb3048df7efcadacfb4ccc9,CC(C)[C@H](NCP(=O)(O)O)C(=O)N[C@@H](Cc1ccc(C2CCCCC2)cc1)C(=O)O,0.07615696,0.25425115,-0.91189104,0.2266773,-0.15035811,0.5291413,0.58975637,-0.19784833
b2ad5dd0e085d45738d44fd96d04ad2c,O=C(O)C1CCCN2C(=O)CC(CS)C(=O)N12,-0.6037351,0.10045793,0.33952534,0.7373667,0.5443386,0.33711892,0.52859527,-0.12571535
1206bce6a825e6e4597dadacc2e147c3,O=C(O)C1CCCN1C(=O)C1CCCC1S,-0.60983217,-0.0039112074,-0.68639636,-0.35999393,0.44047228,0.35517457,0.59826696,-0.13153087
a663b95d380fe52d57305f0392818452,CC(CS)C(=O)N(CCC1CCCO1)CC(=O)O,-0.4605225,0.033289034,0.093381524,0.9740219,0.5685593,0.35124058,0.64809114,-0.108834416
67abc6e372519f1e319d30817942a030,C[C@H](CS)C(=O)N[C@@H](CSCc1ccc(C(C)(C)C)cc1)C(=O)O,-0.17391548,-0.030111868,-0.21273834,-0.95278996,0.4717082,0.2956059,0.52544063,-0.09564832
438fbb1dee7320fd0276b48b132b7c5c,O=C(O)CNC(=O)[C@@H](CS)Cc1ccccc1,-0.5435613,0.16258086,-0.7201083,0.5167005,0.40924072,-0.21106958,0.4456198,-0.08545038
257dfde9b838b631799a7cefb0544122,CC(=O)SCC(C)C(=O)N(CC(=O)O)c1ccc(C)cc1,-0.40669194,-0.12794344,0.09291589,0.97712207,0.6300056,-0.102582134,0.43296266,-0.04258805
6ea0de7738e43d5512ca829d0d53c046,CC(=O)SCC(C)C(=O)N1Cc2ccccc2CC1C(=O)O,-0.40743396,-0.14427647,-0.31225663,0.7223748,0.478681,0.06299511,0.5416642,-0.15455168
d73f158220a93cc48fef876e675bf5e6,CC(CS)C(=O)N(C)CC(=O)O,-0.7271253,0.11056938,0.09245098,0.97167456,0.6937389,0.07194626,0.51545715,-0.03910286
6ea8a7a0428771a983f296be43ad5445,C[C@H](c1ccccc1)[C@H](NCP(=O)(O)O)C(=O)N[C@@H](Cc1ccc(-c2ccccc2)cc1)C(=O)O,0.17516242,0.21009119,-0.6444732,0.43073952,-0.15933146,0.5334112,0.53127074,-0.25375885
598cc247176406b7748ab4f94d9a5fd5,CC(SC(CCc1ccccc1)C(=O)O)C(=O)N1C2CCCCC2C[C@H]1C(=O)O,-0.06438504,-0.15969422,0.34274435,0.7906498,0.425988,0.3987396,0.52359694,-0.15203863
16edd84c5e6a35b40a4dc9961ba8f9b4,CCOC(=O)[C@H](CCc1ccccc1)N[C@@H](C)C(=O)N1CCC[C@H]1C(=O)O,-0.17844974,-0.0012092247,0.34583735,0.80333173,0.20796163,0.28320765,0.61718684,-0.1961854
1e1c8881df71ba850fe4799c9d2b70e1,CC(=O)SCC(C)C(=O)N(CC(=O)O)C[C@H]1CC2CC(C1C)C2(C)C,-0.18614925,-0.27344066,0.09362435,0.97905684,0.63154167,0.5023836,0.48389283,-0.09190969
1a0f5501c429d44bb6eaf6e6b581ec13,C[C@H](CS)C(=O)N[C@@H](CSCc1ccc(I)cc1)C(=O)O,-0.21414444,0.010059898,-0.21273834,-0.95278996,0.46820045,0.14407125,0.6109227,-0.12641253
716e32a3adc07d494c8d5b49f29f39a6,CC(SC(CCc1ccccc1)C(=O)O)C(=O)N1CC2CCCCC2[C@H]1C(=O)O,-0.06448102,-0.15655617,0.3493129,0.7988087,0.46541283,0.3973682,0.49724913,-0.14492841
0403865b40c5098a036b7fa34940365a,C[C@H](CS)C(=O)N1C[C@@H](NC(=O)NC(CS)Cc2ccccc2)C[C@H]1C(=O)O,-0.041679148,0.28641507,0.36253297,0.79169333,0.2489802,0.26509583,0.6790579,-0.30534413
23a01c387f528331ef72cc9a2c4a5ba1,O=C(O)[C@H](Cc1ccc(-c2ccccc2)cc1)NC(=O)[C@H](Cc1ccc2c(c1)OCO2)NCP(=O)(O)O,0.23274918,0.29198843,-0.48381507,0.23772097,-0.14422736,0.31939343,0.4929338,-0.2226199
084e8c90d8077b9c25b00e2bb7fd3ec9,NC(=O)[C@@H]1CCCN1C(=O)CCC(=O)C(Cc1ccccc1)NC(=O)c1ccccc1,-0.093072966,-0.047876958,0.36255932,0.77624106,-0.014341592,0.3256515,0.54951555,-0.25527292
814b0d6ee1e9aa31297f3a59e8cd4515,O=C(O)[C@H](Cc1ccc2ccccc2c1)NC(=O)N(Cc1ccc2c(c1)Cc1ccccc1-2)C[C@H](O)C(=O)O,0.16652013,0.044947837,-0.73068833,0.4460709,-0.13702208,0.13807766,0.086299315,-0.15699397
bcef70dcdf67bc3ee1ffbd3fcd7d9343,CC(S)C(=O)N[C@@H](Cc1c[nH]c2ccccc12)C(=O)O,-0.45408934,0.23836257,0.018869758,0.9008099,-0.0014182916,-0.05248914,0.58494985,-0.25481462
8d02f20a0c19c817c207e173552cc302,C[C@H](N[C@@H](CCc1ccccc1)C(=O)O)C(=O)N1C[C@@H](NC(=O)C[C@H](N)Cc2cc(F)c(F)cc2F)C[C@H]1C(=O)O,0.35826457,0.3024569,0.3497386,0.7962549,-0.027277976,0.37800196,0.65236294,-0.2830382
a7b423420111eb6344a1922bd60362ea,O=C(O)C1CCCN1C(=O)C1CCC1S,-0.65317124,0.024047498,-0.6848599,-0.36045355,0.44255036,0.42289594,0.60311246,-0.120560445
010dfc636339a229eaecaecbbdda4b95,COc1ccccc1C[C@H](NCP(=O)(O)O)C(=O)N[C@@H](Cc1ccc(-c2ccccc2)cc1)C(=O)O,0.22165163,0.2592701,-0.27683622,0.78490734,-0.21059237,0.5411443,0.57836145,-0.21554938
c3788404027646eaf17c887fc8502b52,CC(CS)C(=O)N(CC(=O)O)C[C@H]1CC2CC(C1C)C2(C)C,-0.31203204,-0.15756029,0.09272182,0.98086536,0.6891044,0.49263927,0.5217397,0.034772262
5bb067cca9ec8b26e3f84e1b99e0239c,O=C(CC(S)C(F)(F)F)NC(Cc1ccc(O)cc1)C(=O)O,-0.3784067,0.25719035,-0.7422339,0.41900444,-0.79385793,0.24957833,0.50397295,-0.06850352
e9e9b5f9710626648d9e81465f8e8d5c,C[C@H](S)C(=O)NC1CCc2cccc3c2N(C1=O)[C@H](C(=O)O)C3,-0.38792711,0.12178015,0.71587956,-0.31827992,0.61250854,0.21713859,0.5098428,-0.24447025
1b8b35c34d18a3afb5426a1f69511d62,CC(CS)C(=O)N(CCc1ccco1)CC(=O)O,-0.49601042,0.056315888,0.09131217,0.96997035,0.6084607,-0.16379112,0.49411574,-0.16044901
18c115ad1869d1f919eb9b6016057e87,O=C(N[C@@H](Cc1ccccc1)P(=O)(O)C1CCC[C@H]1C(=O)N[C@@H](Cc1c[nH]c2ccccc12)C(=O)O)OCc1ccccc1,0.53674716,0.053932387,-0.7924427,0.4487307,-0.29520836,0.48935062,0.5374601,-0.037467416
52f2b847cfa5c4757423d90e37e2bd2a,O=C1N[C@H](C(=O)O)CCCCCCc2cccc(c2)C[C@@H]1CS,-0.34190074,-0.0108388765,-0.17852068,-0.9195734,0.7213709,0.24272501,0.47907665,-0.14769524
8578d786f8fee2629954f6649579c0b1,CC(C)[C@H](S)C(=O)N[C@@H](Cc1ccc(-c2ccccc2)cc1)C(=O)N[C@H](C(=O)O)C(C)C,0.06345923,0.05670977,-0.72934806,0.40957522,-0.09709128,0.36075228,0.36930677,-0.1705559
e8a153af89ead5e9214115de0ef7c6b2,CC[C@@H](C)[C@H](S)C(=O)N[C@@H](C)C(=O)O,-0.6017262,0.17196529,-0.60398793,0.5544771,0.6083732,0.081408724,0.5982253,-0.10370139
1a9ef2f8d966a5b6e0e920f19c8b2ab7,O=C(CCC(=O)C(Cc1ccccc1)NC(=O)c1ccccc1)NC(Cc1ccccc1)C(=O)OCc1ccccc1,0.3170882,-0.23529018,-0.48282284,0.2514007,0.093123086,0.07367284,0.47735873,-0.1026294
9231b637f4331ef4c14856828a47c654,O=C(N[C@@H](Cc1ccc(-c2ccccc2)cc1)C(=O)N1CCC[C@H]1C(=O)O)[C@@H](S)c1ccc2c(c1)OCO2,0.16267933,-0.061793942,0.33849597,0.7856512,-0.13754894,0.26800266,0.26387867,-0.1509768
e961edf710797331610a2cf1c6a36a69,C[C@H](C[C@@H](Cc1ccc(-c2ccccc2)cc1)C(=O)CCC(=O)O)C(=O)O,-0.20388597,-0.10346934,-0.36172074,0.52937996,0.13566017,0.044636834,-0.068131,0.04560452
00179ee9cab69a7c6c7486a53567f87c,C=C(C(C)CS)N(CC([O])=O)c1cccc(C)c1,-0.5394499,-0.17289603,0.5384939,-0.49458653,0.6761111,-0.22390132,0.2995428,-0.15497729
1aa96057f0f8a88f48d150799778a215,C=C(C(C)CS)N(CC([O])=O)c1ccc(CCCC)cc1,-0.37480876,-0.24623343,0.097251534,0.97789943,0.5412301,0.09654111,0.283938,-0.11597481
0ce85414cfb693b821f932559ee5574f,CC(C)(C)CN(C[C@H](O)C(=O)O)C(=O)N[C@@H](Cc1ccc2ccccc2c1)C(=O)O,-0.0775467,0.1944622,-0.699649,0.42630672,0.1386618,0.3203013,0.49108824,-0.18836719
d01f03e1229f4a0bdaa13100f5712e38,CN1CCN(c2cccc3nc(CN(C)[C@H]4CCCc5cccnc54)c(CO)n23)CC1,-0.108827576,-0.23493211,-0.24651599,-0.066061676,-0.14437664,0.14871821,0.117603645,-0.4090022
6ba22be2e5c7f6a2dca165e7aa2d6c9e,CC(C)c1ccc(C(C)SC[C@H](NC(=O)[C@H](C)CS)C(=O)O)cc1,-0.15275739,-0.04124308,-0.21408314,-0.95356506,0.5817837,0.05358507,0.51981854,-0.072976984
9ad4514a2607b38235c7ef746d0c9588,O=C(O)CC(=O)N[C@H](Cc1ccc(-c2ccccc2)cc1)CC(O)C(=O)O,-0.19207193,0.26877555,-0.58902764,0.3209877,0.011720515,0.34159353,-0.034474827,-0.036181275
4b665584522ee7b235912719e6624f8b,CCOC(=O)[C@@H](CCc1ccccc1)N[C@@H](C)C(=O)N1Cc2ccccc2C[C@H]1C(=O)O,-0.038403887,-0.08709356,0.3465029,0.8089912,-0.0028934407,0.28632474,0.60785407,-0.22377566
a2bfb586c0ed9b893f10111cd413301f,O=C(O)[C@H]1CCCN1C(=O)CCS,-0.7175719,0.084544964,0.34210432,0.73753667,0.5200635,0.21800601,0.6277631,-0.13274634
1238c8817da3a9ce5f56e697db047166,CC[C@H](C)[C@H](S)C(=O)N[C@@H](Cc1ccc(-c2ccccc2)cc1)C(=O)O,-0.20376472,-0.04820404,-0.44129956,0.7645781,0.06741529,0.22133861,0.22067109,-0.13146402
dede7d6ec0a5d4bb3ed903fe6390b22c,CC(C)[C@H](S)C(=O)N[C@@H](Cc1ccc(-c2ccccc2)cc1)C(=O)O,-0.25937253,-0.02136327,-0.7251634,0.40767336,0.066569455,0.2406966,0.25669685,-0.12754747
7085ee5797c8f8903f0efae0936761ec,NCCC[C@H](N[C@@H](CCc1ccccc1)C(=O)O)C(=O)N1CC2(C[C@H]1C(=O)O)SCCS2,0.20608656,0.16592999,0.3479519,0.79440975,0.023118626,0.41393992,0.6589289,-0.20767638
5b3e4bd2c56d3355ccc2a3ff98137fe3,CCOC(=O)[C@H](CCc1ccccc1)N[C@@H](CCCCN)C(=O)N1CC2(C[C@H]1C(=O)O)SCCS2,0.3416211,-0.005388255,0.34776843,0.79354477,0.047890313,0.3976175,0.6095084,-0.19239733
d83f914bd5541f681bc2b6b767a1a667,CCCCOC(=O)NC(Cc1ccccc1)C(=O)CCC(=O)N1CCCC1C(=O)O,-0.04542153,-0.030944888,0.3667487,0.7761376,0.026809854,0.38886666,0.57310826,-0.23162475
66beee91a3791b6ad59ba6818c515810,CCCc1ccc(CSC[C@H](NC(=O)[C@H](C)CS)C(=O)O)cc1,-0.18774952,0.0071042376,-0.21273834,-0.95278996,0.50303864,0.20276454,0.6030117,-0.11521427
73b6b150107e2cdcaa6e49c6bda07a7b,O=C(O)[C@H](Cc1ccc(-c2ccccc2)cc1)NC(=O)[C@@H](S)Cc1ccc2ccccc2c1,-0.031100051,-0.15632768,-0.7286049,0.41145074,-0.05581793,-0.05197345,0.14615473,-0.12955295
56061c3dafff6b005cac9f24e1ff524d,CC(CS)C(=O)NCC(=O)O,-0.7428754,0.26124883,-0.6435889,0.5402726,0.5574365,0.09168981,0.60421705,-0.049163386
7b73e3f9c3de8f5ec73f6211e088d06b,N[C@@H](Cc1ccccc1)C(=O)N[C@H](CCC(=O)N1[C@H](C(=O)O)C[C@@H]2CCCC[C@@H]21)C(=O)O,0.035101604,0.23834796,-0.6411568,0.5088644,0.052142315,0.4847928,0.6808154,-0.246445
f8236731658c0053c031d431ee3c7f59,CCOC(=O)C(CCc1ccccc1)OC(C)C(=O)N1CCCC1C(=O)O,-0.20350283,-0.120942436,0.34685493,0.8018068,0.37060687,0.29176253,0.55868316,-0.17830782
7e0a9223db6ed781a6f399a4a0a90cc1,CCOC(=O)C(CCc1ccccc1)[S+]([O-])C(C)C(=O)N1C2CCCCC2C[C@H]1C(=O)O,0.062188815,-0.26426035,0.34403455,0.7902404,0.3669238,0.47332317,0.56554794,-0.15266743
3160fad1151f0c777f8f653fb0d5c7a1,CC[C@H](C)[C@H](NC(=O)[C@H](CCC(N)=O)NC(=O)[C@@H]1CCCN1C(=O)[C@H](CCCNC(=N)N)NC(=O)[C@@H]1CCCN1C(=O)[C@H](Cc1c[nH]c2ccccc12)NC(=O)[C@@H]1CCC(=O)N1)C(=O)N1CCC[C@H]1C(=O)N1CCC[C@H]1C(=O)O,2.0105743,0.9932536,0.049191833,0.7967489,-0.27230018,0.56059813,0.6414408,-0.21147898
2713e294f37a439e6f6f1727543f0cd9,CC(=O)SCCC(=O)N(C1CC1)C(C)C(=O)O,-0.53071165,-0.05408002,0.088271976,0.97386575,0.48828894,0.33107102,0.44132218,-0.045070164
9d0d4733da3b8524947bd3b939654061,CCOCC(CCc1ccccc1)SOC(C)C(=O)N1C2CCCCC2C[C@H]1C(=O)O,0.040934157,-0.3199705,0.34403455,0.7902404,0.3458292,0.47507647,0.6142779,-0.13506106
7f4e433b38e38d84fa4637e640989fb5,CC(=O)SCC(C)C(=O)N(CC(=O)O)C1CCC1,-0.48031646,-0.084288664,0.092510104,0.9759538,0.49407983,0.23192973,0.5501135,-0.09548397
0a58b8da1d0211f292d464c290024e75,O=C(N[C@@H](Cc1ccc(-c2ccccc2)cc1)C(=O)N1CCC[C@H]1C(=O)O)[C@H](S)Cc1ccccc1,0.109485164,-0.1182497,0.3397901,0.7856333,-0.21424775,0.15522115,0.34865183,-0.23828374
1ba41b0842cfc25263a05c2a26b1f5a2,CC(=O)N[C@@H](CC(=O)O)C(=O)N[C@@H](Cc1ccccc1)P(=O)(O)C[C@@H](C)C(=O)N[C@@H](C)C(N)=O,0.28201193,0.56513876,-0.6595439,0.4428854,-0.14741856,0.5023568,0.47799635,-0.020682069
e158ebbe6df4e4813b46f36ebefd2269,O=C(NC(Cc1ccccc1)C(=O)CCC(=O)N1CCC[C@H]1C(=O)O)OCc1ccccc1,0.00033069958,-0.069061965,0.3667487,0.7761376,-0.010091939,0.33849397,0.6675312,-0.19979842
b60781e4b5315f5cdee020ff6a68bf37,CC(C)[C@H](NCP(=O)(O)O)C(=O)N[C@@H](Cc1c[nH]c2ccccc12)C(=O)O,-0.0740736,0.50125545,-0.010077655,0.89408183,-0.17750582,0.40264487,0.69941884,-0.24431336
aa25b35afda61e7f228dac7f7f0934ae,Cc1ccc(CSC[C@H](NC(=O)[C@H](C)CS)C(=O)O)cc1,-0.296967,0.053754706,-0.21273834,-0.95278996,0.4131073,0.15076531,0.6146868,-0.10437727
1e45d0bf490a5ee45c0663eaefbe6190,CC[C@@H](C)[C@H](S)C(=O)N[C@@H](Cc1ccc(Oc2ccccc2)cc1)C(=O)O,-0.15201612,-0.018012207,-0.44197804,0.7599088,0.004672032,0.23509784,0.51266277,-0.15235405
b22880285a7ef4d37b60a09f2f6ec818,C[C@H](CS)C(=O)N[C@@H](CSCc1ccc(Cl)cc1)C(=O)O,-0.28261203,0.04080275,-0.21259248,-0.954162,0.45430505,0.12592936,0.590167,-0.116084844
9b3811b1492031fae4c7068e7f382f72,CC[C@@H](C)[C@H](S)C(=O)NCC(=O)O,-0.64161813,0.20108657,-0.60398793,0.5544771,0.61747706,0.06365028,0.5723049,-0.054288574
244da9088829c509627ed11419bda6c0,C[C@H](N[C@@H](CCc1ccccc1)C(=O)O)C(=O)N1C[C@H](NC(=O)C(CS)Cc2ccccc2)C[C@H]1C(=O)O,0.3201142,0.25287917,0.36251783,0.79012287,0.05449758,0.39464128,0.70920897,-0.22779971
d6ab3605d856106c5635b3686a897b3f,O=C(O)[C@@H]1Cc2cccc3c2N1C(=O)C(NC(=O)C1(S)CCCC1)CC3,-0.26652208,0.03191862,0.9293653,0.068372965,0.58672714,0.41523018,0.49914753,-0.22208756
c761241a4a8d0dc9882919a69e80a307,CC(C)c1ccc(C(C)(C)SC[C@H](NC(=O)[C@H](C)CS)C(=O)O)cc1,-0.112641856,-0.0693775,-0.21309942,-0.9521489,0.53449667,0.18068549,0.56627214,-0.112136014
e210a11d3609ba95e138b31efd6b2a45,C[C@H](N[C@@H](CCc1ccccc1)C(=O)O)C(=O)N1C2CCCCC2C[C@H]1C(=O)O,-0.103893116,0.035658125,0.34750688,0.7970036,0.27832437,0.49841565,0.60442173,-0.19210124
330845b94aa987bf524ec6517edaf68f,C[C@H](CS)C(=O)N[C@@H](CSCc1ccc(OC(F)(F)F)cc1)C(=O)O,-0.18637195,0.052835945,-0.21533144,-0.9546192,-0.49164233,0.28004968,0.6039206,-0.08308167
f9c964816874788079f39b06d1eda733,CC(=O)SCC(C)C(=O)N(CC(=O)O)C1CCCCC1,-0.38985345,-0.14089446,0.09128201,0.9774084,0.48195943,0.252455,0.5444661,-0.09286095
4c6daa0d79d7f8c3e0037c4d6b40e284,C=CCN(CC(=O)O)C(=O)C(C)CS,-0.63765687,0.07890465,0.091974854,0.9708507,0.69212765,0.16738395,0.5547328,-0.007807172
133690bb06ede39b574c0fd0d225a10f,O=C1[C@@H]2C[C@@H](O)CN2C(=O)c2ccccc2N1Cc1cc(Br)cs1,-0.35409826,-0.23696823,-0.031195164,0.063260674,0.465387,-0.10795177,0.35464603,-0.2426187
aeae08de45887bbbbe05119fb13c9164,CCCC[C@H](N[C@@H](CCc1ccccc1)C(=O)O)C(=O)N1C[C@@H](NC(=O)C[C@H](N)Cc2cc(F)c(F)cc2F)C[C@H]1C(=O)O,0.5207534,0.22687416,0.3497386,0.7962549,-0.12482013,0.37622425,0.58323866,-0.29210413
fccc94ed51eaadbbe6af55d323a847ca,CC(=O)SCC(C)C(=O)N(CC(=O)O)C1CCS(=O)(=O)C1,-0.29362887,-0.030683372,0.089586854,0.97562647,-0.10326275,0.77621543,0.5505897,-0.06403
b7add2970687964ec815899cac184932,CC(CS)C(=O)N(CC(=O)O)C1CCS(=O)(=O)C1,-0.42035857,0.08516788,0.089586854,0.97562647,-0.07223792,0.7685843,0.6088612,-0.08389652
19ec64ba18569ce36a24a531e3662376,O=C(CC(S)C(F)(F)F)NC(Cc1ccccc1)C(=O)NC(Cc1ccc(O)cc1)C(=O)O,0.05524717,0.2826117,-0.7414164,0.42169082,-0.3781998,0.3181633,0.6798683,-0.2484319
efc7667d4f0ce341d13391176a72509a,C[C@H](CS)C(=O)N[C@@H](CSCc1ccc(Br)cc1)C(=O)O,-0.246515,0.020650838,-0.21273834,-0.95278996,0.46170977,0.15418631,0.60844934,-0.113658324
e35b64f02b770566c3c45063775d01b9,C[C@H](CS)C(=O)N[C@@H](CSCc1ccc(-c2ccccc2)cc1)C(=O)O,-0.14236628,-0.03880928,-0.21273834,-0.95278996,0.22878712,0.15420593,0.24962413,-0.10833374
aca32a90e40e68da5b1e80e045bf9ca5,C[C@H](CS)C(=O)N1[C@@H](SCc2ccc(C3CCCCC3)cc2)CC[C@H]1C(=O)O,-0.060256574,-0.2769352,-0.21230209,-0.9594377,0.30301455,0.257738,0.4862319,-0.13604651
4c2f4a7a5d6be58b1709993bca868577,O=C(NC1CCc2cccc3c2N(C1=O)[C@H](C(=O)O)C3)[C@H](S)Cc1ccccc1,-0.17999877,0.016301725,0.7135303,-0.31689757,0.20470335,0.28596857,0.6442406,-0.25768113
6ea793ac0b1dfb3906acc8515bf87552,O=C(O)CN1C(=O)[C@@H](NC(=O)[C@H](S)Cc2ccccc2)CCc2ccccc21,-0.19369689,0.039637227,0.7120646,-0.3345856,0.08567329,0.12439388,0.5780456,-0.2765279
3780b76bd5fbba26399915b277b1cf4f,COc1ccc(CSC[C@@H](NC(=O)[C@H](CS)Cc2ccccc2)C(=O)O)cc1,-0.041795943,-0.008446868,-0.20937401,-0.9559271,0.097544916,0.08441724,0.5985433,-0.14049748
f9c01b7d7adb7d33bb7e48ccd72ff0e2,O=C(N[C@H]1CCc2cccc3c2N(C1=O)[C@H](C(=O)O)C3)C(CS)Cc1ccc(-c2ccccc2)cc1,0.071827546,-0.1264653,0.7127701,-0.31597823,-0.035292234,0.25680795,0.4138436,-0.3008208
05eb812f62b6612380cc326018db3615,CC(=O)SCC(C)C(=O)N(CC(=O)O)c1ccccc1,-0.44736856,-0.10069353,0.09291589,0.97712207,0.54087955,-0.14426924,0.42037514,-0.07521636
f16e6bd4ac5a6839607fa81bd1c0ac0e,CC(CS)C(=O)N(CC(=O)O)c1ccccc1,-0.575866,0.016537849,0.09598255,0.9735354,0.6234329,-0.21699983,0.4230814,-0.13350731
af6bbc2594ffd07dda3f60c3406ce79d,CC(NC(=O)c1ccccc1)C(=O)CCC(=O)N1CCC[C@H]1C(=O)O,-0.30361986,0.033302967,0.36255932,0.77624106,0.30742317,0.28081763,0.5364469,-0.18981194
349eb7ba54fa8e4c9549fb9e7bee9d55,CSc1ccc(CSC[C@H](NC(=O)[C@H](C)CS)C(=O)O)cc1,-0.19244309,0.029705647,-0.21273834,-0.95278996,0.42794558,0.17239249,0.59640265,-0.1312157
2a32436d4ae722095e551e722dbd28f2,O=C(CC(S)C(F)(F)F)NC(Cc1ccc(F)cc1)C(=O)O,-0.4207838,0.0852618,-0.74002063,0.4179808,-0.7331155,0.2159288,0.5139528,-0.11893327
2da107d33a6315ee9fbcbda8c4933f05,CCC(C)C(NC(=O)C(Cc1ccccc1)C(C)S)C(=O)NC(Cc1ccc(O)cc1)C(=O)O,0.1903279,0.20948075,-0.6606616,0.4372089,-0.033532567,0.33050978,0.68996036,-0.24670973
fefcef1711ff7cb452f12cc9b45ed561,C[C@H](CS)C(=O)N[C@@H](CSCc1ccc(C#N)cc1)C(=O)O,-0.26295727,0.12438401,-0.21273834,-0.95278996,0.45754933,0.15578035,0.58477795,-0.1096029
83fd9cadffd3e8f09bb00fdc2e043d25,CC(C)c1ccc(CSC[C@H](NC(=O)[C@H](C)CS)C(=O)O)cc1,-0.19995956,-0.0026445494,-0.21259248,-0.954162,0.45876142,0.13746043,0.5856757,-0.13034609
707e7885a30c62cb8db8301dc6e8489c,CCOC(=O)C(CCc1ccccc1)NC(C)C(=O)N1Cc2cc(OC)c(OC)cc2CC1C(=O)OCc1ccccc1,0.38085413,-0.29561874,0.3469591,0.8102753,-0.04019979,0.22480635,0.47570792,-0.2731009
46069313d953920e0ca5fa43dcccb113,C[C@H](CS)C(=O)N[C@@H](CSCc1ccc(S(C)(=O)=O)cc1)C(=O)O,-0.10864492,0.1059657,-0.21273834,-0.95278996,0.009012646,0.7179414,0.37935978,-0.04439197
bcf21cf73136e3c2123819fc7ec3ecba,O=C(N[C@@H](Cc1ccc2ccccc2c1)C(=O)N1CCC[C@H]1C(=O)O)[C@H](S)Cc1ccccc1,0.031000478,-0.082582064,0.3397901,0.7856333,-0.15437753,0.26315194,0.5717208,-0.26866573
f56ccc81814893119a079411ea3f6ecc,O=C(O)CN1C(=O)[C@H](NC(=O)[C@@H](S)Cc2ccccc2)CCc2ccccc21,-0.19369689,0.039637227,0.7120646,-0.3345856,0.08567329,0.12439388,0.5780456,-0.2765279
77daeab2b54708bfdaaafb40d559c31c,CC[C@@H](C)[C@H](S)C(=O)N[C@@H](Cc1ccc2ccccc2c1)C(=O)O,-0.28300694,-0.012652974,-0.44197804,0.7599088,0.030481614,0.016258042,0.51676637,-0.16666934
688a36d850e9c3e88a3f18529019c8eb,O=C(O)CNC(=O)C(CS)Cc1ccccc1,-0.5435613,0.16258086,-0.7201083,0.5167005,0.40924072,-0.21106958,0.4456198,-0.08545038
06e6336db6144e442204df798f114cb4,CC(C)[C@H](S)C(=O)N[C@@H](Cc1ccc(-c2ccccc2)cc1)C(=O)N1CCC[C@H]1C(=O)O,0.0015003812,-0.06901557,0.33795762,0.78595626,-0.057052728,0.3384602,0.49392775,-0.24026656
693621b7564abd4a3932b198886da8c3,C[C@H](CS)C(=O)N[C@@H](CSCc1ccc([N+](=O)[O-])cc1)C(=O)O,-0.20634717,0.16936083,-0.21273834,-0.95278996,0.41710767,0.10531883,0.44073573,-0.0070615853
f6507d3fa806ba330aa855257f53ed5c,C[C@H](NC(CCN)C(=O)O)C(=O)N1CCC[C@H]1C(=O)O,-0.3847903,0.43969718,0.35092747,0.797871,0.33881146,0.20236644,0.66299325,-0.16997297
bfdb25ded558f35b8552e0a4bfaaf667,C[C@@H](C[C@@H](Cc1ccc(-c2ccccc2)cc1)C(=O)CCCCC(=O)O)C(=O)O,-0.094114125,-0.15456493,-0.36172074,0.52937996,0.115156904,0.179794,-0.073328264,-0.0050071976
83831d248d4d4299bf0e6d0554e3fb6b,C[C@H](C[C@@H](Cc1ccc(-c2ccccc2)cc1)NC(=O)CCCCC(=O)O)C(=O)O,-0.04542244,-0.016014483,-0.7596959,0.42188084,-0.008406442,0.39423633,0.027434405,-0.07110695
846e24757ae95a8230caeace80810816,CC(=O)NC(Cc1ccccc1)C(=O)CCC(=O)N1CCC[C@H]1C(=O)O,-0.25330555,0.021270368,0.3667487,0.7761376,0.15302673,0.33228093,0.6020158,-0.2058622
f2d60fe4e037f54323abfc38fd610c9c,C=C(C(C)CS)N(CC([O])=O)c1ccc2c(c1)CCC2,-0.47298124,-0.21726267,0.09081864,0.97660613,0.641038,0.059186634,0.2714406,-0.17720298
2c4748c9dcf961f80508ad3dea422e9a,NCCCC[C@H](OP(=O)(O)CCCCc1ccccc1)C(=O)N1C[C@H](c2ccccc2)C[C@H]1C(=O)O,0.2903034,-0.06674108,0.36735153,0.79406834,-0.29652274,0.53904325,0.6172232,-0.11030674
49b50a7fe2b69fcae6ec5d1af2e0c26f,CCC(SC[C@H](NC(=O)[C@H](C)CS)C(=O)O)c1ccc(C(C)C)cc1,-0.09692499,-0.06776577,-0.21092463,-0.9537599,0.5593447,0.06388272,0.47831455,-0.09491643
72ec0e6f12ddf70ce8849bc6c02b995a,C[C@H](CS)C(=O)N[C@@H](CSCc1ccc(C(F)(F)F)cc1)C(=O)O,-0.23774503,0.016713027,-0.21273834,-0.95278996,-0.5056278,0.2878804,0.540555,-0.08054034
415d2d3ec73d99cedb515669f7e2d2e3,CC(=O)SCC(C)C(=O)N(CC(=O)O)C1Cc2ccccc2C1,-0.34507337,-0.15792878,0.08912611,0.9660014,0.5266772,0.13988379,0.48209098,-0.1719836
22ee7c7f2b6ff740af27baa824f13abc,CCOc1ccc(CSC[C@H](NC(=O)[C@H](C)CS)C(=O)O)cc1,-0.19286445,0.07066663,-0.21533144,-0.9546192,0.40608707,0.18390182,0.57573104,-0.10408635
0c208369e8dc36458b71fd803599ea89,CN[C@H](C(=O)N[C@@H](Cc1ccccc1)C(=O)N[C@@H](Cc1ccc(O)cc1)P(=O)(O)O)C(C)C,0.1799901,0.41695926,-0.67082036,0.45030344,-0.28371117,0.5896458,0.73493177,-0.15911788
192863fa559345f68a2bdd3155e7e608,C[C@H](CS)C(=O)N[C@@H](CSCc1ccc(Oc2ccccc2)cc1)C(=O)O,-0.09033759,-0.008655827,-0.21000248,-0.9540634,0.07222204,0.13600655,0.52673936,-0.12141273
eef5b2e6a3d3205f99f7dbfa5f1aa93d,C[C@H](CS)C(=O)N1CSC[C@H]1C(=O)O,-0.6213309,0.0569509,0.365906,0.8074093,0.5291144,0.056250464,0.5214107,-0.043047983
d171ad8fe6a064926d333f1e96fdafe3,COc1cc(CN2C(=O)[C@@H]3C[C@@H](O)CN3C(=O)c3ccccc32)cc(OC)c1OC,-0.20142812,-0.14015862,-0.034449995,0.0735203,0.4331133,-0.22607414,0.36404145,-0.34344044
1d56cc0aac3ece0f0b31d0d03d99aa1f,O=C(N[C@@H](Cc1ccc(-c2ccccc2)cc1)C(=O)N1CCC[C@H]1C(=O)O)[C@H](S)c1ccc2c(c1)OCO2,0.16267933,-0.061793942,0.33849597,0.7856512,-0.13754894,0.26800266,0.26387867,-0.1509768
f8ec69c1fb5b02c814bf441ea740fac9,O=C(O)[C@H](Cc1ccc(-c2ccccc2)cc1)NC(=O)[C@H](Cc1cccs1)NCP(=O)(O)O,0.15331022,0.2533659,-0.48381507,0.23772097,-0.30669165,0.45153043,0.4568824,-0.19681881
fd5c30180c7a32fef2dcaa0d671da920,CC(NC(=O)OCc1ccccc1)C(=O)N[C@H](CCC(=O)N1CCC[C@H]1C(=O)O)C(=O)O,0.030175848,0.32860136,0.37421036,0.7926891,-0.013852739,0.37935707,0.66773766,-0.18161133
1e417752c459ee874973b07e4a8ebde3,O=C(CC(S)C(F)(F)F)NC(Cc1c[nH]c2ccccc12)C(=O)O,-0.33703288,0.17779134,0.028355002,0.9072809,-0.77246547,0.012429761,0.49549097,-0.24003468
2a6b45aa88d8d35bc7c604afbaaa283c,C[C@H](CS)C(=O)N1[C@@H](SCc2ccc(C(C)(C)C)cc2)CC[C@H]1C(=O)O,-0.1489308,-0.22301775,0.35447824,0.7861986,0.49654874,0.19359654,0.5050425,-0.09498899
cf4fc01a0f4068408dfa9bf79d408903,CC[C@@H](C)[C@H](S)C(=O)N[C@@H](Cc1ccc(O)cc1)C(=O)O,-0.3367772,0.23284517,-0.67536277,0.44865084,0.23826256,0.23478568,0.5793425,-0.18373212
85b9f0ffa95c0c80367d053cbecd897f,O=C(O)[C@H](Cc1ccc(-c2ccccc2)cc1)NC(=O)[C@H](Cc1ccc(-c2ccccc2)cc1)NCP(=O)(O)O,0.32997054,0.12426447,-0.28045917,0.78368783,-0.18166979,0.53538024,0.60258204,-0.21361016
875d2d279ccecf1b7f8c659117471c2d,O=C1[C@@H]2C[C@@H](O)CN2C(=O)c2ccccc2N1Cc1cccc(Br)c1,-0.38122165,-0.2407563,-0.032423556,0.06387448,0.47246706,-0.12680095,0.36410263,-0.33121789
eb4b28b7d8e34c6000cd2335e136f9d8,CCCC(SC[C@H](NC(=O)[C@H](C)CS)C(=O)O)c1ccc(C(C)C)cc1,-0.043323714,-0.09160812,-0.21092463,-0.9537599,0.5639277,0.12062655,0.49167117,-0.09156571
0a7c185e7ed5e1d7d0ece5a989b25435,O=C(CCS)N[C@@H](Cc1ccccc1)C(=O)O,-0.5458674,0.16182534,-0.7175436,0.45657825,0.4550338,-0.13887604,0.53974533,-0.09159514
14b0cad83ec404e407c2467e30639c27,CC(C)c1ccc(C(SC[C@H](NC(=O)[C@H](C)CS)C(=O)O)C(C)C)cc1,-0.05505586,-0.09474046,-0.21408314,-0.95356506,0.5536224,0.121309444,0.5359628,-0.10218053
b2f504364ea31339ab113a7a7d897dea,COP(=O)(O)C(CCc1ccccc1)N[C@@H](C)C(=O)N1CCC[C@H]1C(=O)O,-0.08215523,0.08547447,0.34700096,0.7982383,0.046454128,0.500797,0.5610998,-0.082783066
3934c0e17fc5691cc6350a1a8dd2e37d,CC(CS)C(=O)N(CC[C@@H]1CC2CC(C1C)C2(C)C)CC(=O)O,-0.25818506,-0.18324359,0.09272182,0.98086536,0.73788875,0.56764585,0.48193517,-0.09318757
092b61166a1f7dc45f3d6ad10da90e8d,CCOC(=O)C(CCc1ccccc1)NC(C)C(=O)N1Cc2ccccc2CC1C(=O)OCC,0.04280938,-0.23320572,0.3465029,0.8089912,0.049349338,0.283898,0.5619425,-0.28383708
16511789770ed1973e9cf0ab286666df,O=C(O)CCc1cc(O)c2n(c1=O)[C@H](C(=O)O)CC2,-0.52335846,0.29460764,-0.10205138,-0.94404644,0.5548717,0.07824762,0.2527781,0.06119589
5890a8a4d2387e48eed50ebf823bad23,CCOC(=O)C(CCc1ccccc1)SC(C)C(=O)N1Cc2ccccc2C[C@H]1C(=O)O,0.001128329,-0.282367,0.3465029,0.8089912,0.10399454,0.17758821,0.545892,-0.20324352
97578db288414fb0bc4521141b75b070,Cc1ccc(CSC[C@@H](NC(=O)[C@@H](CS)Cc2ccccc2)C(=O)O)cc1C,-0.050648917,-0.077310696,-0.20937401,-0.9559271,0.12220465,0.10644978,0.5526585,-0.14272471
45456e44821fd9457b045d31f9c31df9,O=C1N[C@@H](C(=O)O)Cc2ccccc2CCCCCC[C@@H]1CS,-0.3409957,-0.011775206,-0.17743963,-0.91910464,0.6712352,0.24886346,0.5316825,-0.19235756
ffa28b3623fcea4e3963fa7bbdbb1358,O=C(O)[C@H](Cc1ccc(-c2ccccc2)cc1)NC(=O)[C@H](Cc1ccc(Cl)cc1)NCP(=O)(O)O,0.18586199,0.20581587,-0.28045917,0.78368783,-0.1960555,0.49652126,0.5913277,-0.2269055
a09da5c844dc46bd7a467626e1e594a7,CC[C@@H](C)[C@H](S)C(=O)N[C@@H](Cc1ccc(-c2ccccc2)cc1)C(=O)O,-0.20376472,-0.04820404,-0.44129956,0.7645781,0.06741529,0.22133861,0.22067109,-0.13146402
3dafe7e8ee800799279cd61eea1df05a,Cc1ccccc1C[C@H](NCP(=O)(O)O)C(=O)N[C@@H](Cc1ccc(-c2ccccc2)cc1)C(=O)O,0.172763,0.21778832,-0.27678335,0.7906263,-0.21158217,0.5248933,0.5949822,-0.2015934
8f262c4311f33a3f8c15c4687b5e9bd1,O=C(N[C@@H](Cc1ccccc1)P(=O)(O)C[C@H](Cc1cc(-c2ccccc2)no1)C(=O)N[C@@H](Cc1c[nH]c2ccccc12)C(=O)O)OCc1ccccc1,0.86051303,0.02593929,-0.77852,0.34489107,-0.4212626,0.4764888,0.4855062,0.11960789
70e5acd8c6bd1ae27ec63aa283c1c758,C[C@H](CS)C(=O)N1Cc2[nH]c3ccccc3c2CC1C(=O)O,-0.42692518,0.054642547,0.043423533,0.78036475,0.63361293,-0.16612117,0.4415072,-0.36181876
afa5b093d62f1537a5e90056d0b16d05,C[C@H](N[C@@H](CCc1ccccc1)C(=O)O)C(=O)N1C[C@H](OC(=O)NC(CS)Cc2ccccc2)C[C@H]1C(=O)O,0.36365938,0.2738161,0.3476386,0.8027233,0.04857531,0.3798563,0.674421,-0.18685025
06b8c42d527043b957fe1d5deb0054e4,C[C@H](CS)C(=O)N[C@@H](CSCc1ccc(N(C)C)cc1)C(=O)O,-0.20399132,0.060230304,-0.20841259,-0.95634615,0.47998637,0.21210846,0.6010951,-0.114679545
ecf398a65f5620d150c7ac38c6914238,CCOC(=O)C(CCc1ccccc1)NC(C)C(=O)N1Cc2cc(OC)c(OC)cc2CC1C(=O)OCC,0.22380213,-0.2056022,0.3469591,0.8102753,0.05166242,0.26927412,0.5146543,-0.2690775
93a5bcc6c761ee1567da56367fdc3295,CCCCc1nc(Cl)c(C(=O)N[C@@H](Cc2cc3ccccc3[nH]2)C(=O)OC)n1C,-0.13645792,-0.08832619,-0.08074683,0.85953057,-0.01641653,-0.2518708,0.36126566,-0.11486441
fe429ef620234ca8390664c98b6ca7ee,CC(=O)SCC(C)C(=O)N(CC(=O)O)C1CC1,-0.5288905,-0.052643422,0.092510104,0.9759538,0.50289184,0.22317073,0.5640184,-0.075988695
16bbc946d54fc3089d8f0572a693eb8f,O=C(NC(Cc1ccccc1)C(=O)CCC(=O)N1CC(O)C[C@H]1C(=O)O)c1ccccc1,-0.037281666,0.11136674,0.36255932,0.77624106,0.047238212,0.34764367,0.56918854,-0.21158862
2b94016f64743dc24a363ce8be5df545,CCOC(=O)[C@H](Cc1c[nH]c2ccccc12)N[C@H]1CCc2ccccc2N(CC(=O)O)C1=O,-0.024427937,0.038481254,0.7167789,-0.32965827,-0.199565,0.1406374,0.24048771,-0.29381716
d97e7b45e4c3dabe498f14d59ea11b99,CCOC(=O)[C@@H](CC1=c2ccccc2=NC1)N[C@@H]1CCc2ccccc2N(CC(=O)O)C1=O,-0.039483447,-0.0065353913,0.7167789,-0.32965827,0.23619868,0.21281408,0.5394299,-0.17239833
43a62794e45fee3a523d9822ac9ef5ad,O=C(O)[C@@H]1Cc2c([nH]c3ccccc23)CN1C(=O)CCS,-0.47231323,0.08438728,0.04141009,0.78124404,0.6407824,-0.11548306,0.3468736,-0.3572068
e59464fb45ee45db018ee00dd26620c0,CC(=O)SCC(C)C(=O)N(CC(=O)O)c1ccccc1C,-0.4063932,-0.12831713,0.08940899,0.96653056,0.6130746,-0.11864097,0.44726232,-0.075115636
d93fba9e05094fff31dcd1896cec23f4,CC[C@@H](C)[C@H](S)C(=O)N[C@@H](Cc1ccc(OCc2ccccc2)cc1)C(=O)O,-0.10142863,-0.027075198,-0.44251102,0.7571491,0.018417316,0.24980426,0.44775528,-0.15157346
f00546be4d5dff36bbe9f868953e5b3b,CC[C@@H](C)[C@H](S)C(=O)N[C@@H](Cc1ccccc1)C(=O)O,-0.39966202,0.071548425,-0.44197804,0.7599088,0.2006322,0.15900542,0.5984095,-0.16609967
9dfa214d11f422049e1428bdd7dc1dc4,CC(SC(CCc1ccccc1)C(=O)O)C(=O)N1CCC[C@H]1C(=O)O,-0.22042651,-0.050330702,0.3493129,0.7988087,0.37513122,0.23309971,0.53684735,-0.16226783
682321c5bc535ac077ceee1ec4fbb585,O=C(N[C@@H](Cc1ccc(-c2ccccc2)cc1)C(=O)O)[C@H](S)Cc1ccccc1,-0.15179224,-0.07039302,-0.60971314,0.33917248,0.07880926,0.08833058,0.15601625,-0.1365595
7488f0fb7bdac690867146282c37943e,CC(=O)SCC(C)C(=O)N(CC(=O)O)c1ccc(F)cc1,-0.42671424,-0.111345366,0.09291589,0.97712207,0.56639093,-0.116750225,0.43141276,-0.061732072
e861e5e614e1050fadf27ce788964bbd,NCCC[C@H](NC(=O)[C@@H](N)Cc1ccsc1)C(=O)N1CCC[C@H]1C(=O)O,-0.11320856,0.34295943,0.33482432,0.7537644,-0.025350343,0.33286595,0.639337,-0.21523991
4bc055bd5e1f6d15227419de5d716f48,CCCC[C@H](N[C@@H](CCc1ccccc1)C(=O)O)C(=O)N[C@@H](Cc1c[nH]c2ccccc12)C(=O)O,0.18045266,0.22376014,0.054759383,0.89804924,-0.13758548,0.31696352,0.6461789,-0.3076015
ad6127a66b4b5ae9d73e9dab48316c26,O=C(O)C1Cc2sccc2CN1C(=O)CCS,-0.55549264,0.00811768,0.31023467,0.73932517,0.61773115,-0.009198861,0.5153389,-0.14568233
1956738c51b4a94332ff4c0ef7efafa6,O=C(O)[C@H](Cc1ccc(-c2ccccc2)cc1)NC(=O)[C@@H](S)C1CCC1,-0.23257923,-0.045225922,-0.7286233,0.41037714,-0.012729242,0.2604181,0.14843091,-0.1508867
be69ad9bb87c07b3adc2c6697a03447b,CCN1CCCC1CN(CC(=O)O)C(=O)C(C)CS,-0.4188064,0.0022639974,0.0949527,0.9709977,0.48871854,0.30429843,0.6137965,-0.19588953
fbbca4c55a4eac875283982baf27831c,CC(C)C[C@H](S)C(=O)N1CCC[C@H]1C(=O)N1CCC[C@H]1C(=O)N(C)[C@@H](C)C(=O)O,-0.07395208,-0.065387495,0.3823172,0.8145435,0.28231767,0.44988796,0.66543955,-0.17164782
dce675f4f21a73566255ecab1ea38b16,O=C(O)[C@@H]1C=CCN1C(=O)CCS,-0.73976314,0.104952626,0.33571756,0.73764455,0.5819881,0.18592826,0.51251125,-0.069213346
5eb80401e1b9e1c0f28ac9c5edfba42d,CCCCc1nc(Cl)c(C(=O)N[C@@H](Cc2ccccc2)C(=O)OC)n1C,-0.24053013,-0.17081758,-0.08074683,0.85953057,0.29161838,-0.14991608,0.2663889,-0.12830868
c8182bda02411e5dccc73c2478ef6068,CCCCCCCC(=O)N[C@@H](Cc1ccccc1)C(=O)CCC(=O)N1CCCC1C(=O)O,0.076326504,-0.13138762,0.36772335,0.7751852,0.00040427045,0.39748964,0.5151245,-0.21337703
df7a63b96deab72be988cb59ceb42db2,O=C(/C=C\S)C1CC[C@@H](C(=O)O)C1,-0.71608627,0.051623736,-0.21678597,-0.041944027,0.5930235,0.36983654,0.071329,0.4336846
45998474e24c213a581d41994a510484,C[C@H](OCc1ccccc1)[C@H](NCP(=O)(O)O)C(=O)N[C@@H](Cc1ccc(-c2ccccc2)cc1)C(=O)O,0.27650303,0.23556308,-0.6444732,0.43073952,-0.18420884,0.5965334,0.44854516,-0.2374664
9492455ca0e1469caacf4652cb4ae35a,CCCCc1nc(Cl)c(C(=O)N[C@@H](CCSC)C(=O)O)n1C,-0.2632367,-0.008188124,-0.08204794,0.859517,0.5163597,0.27156264,0.27763623,-0.022443771
713a17493d84f30d2170f67ad882ce58,O=C1[C@@H]2C[C@@H](O)CN2C(=O)c2ccccc2N1Cc1ccc(Br)cc1,-0.38048905,-0.24143817,-0.035690367,0.06586146,0.44881013,-0.11944131,0.3558624,-0.31694704
bd60e90ffb45269647da90ba54d165e3,C[C@H](NCP(=O)(O)O)C(=O)N[C@@H](Cc1ccc(-c2ccccc2)cc1)C(=O)O,-0.076945245,0.3507934,-0.6444732,0.43073952,-0.12576367,0.53719044,0.5254266,-0.19865501
b07759b3eef1e56895159baf2afde77d,C[C@H](O)[C@H](NCP(=O)(O)O)C(=O)N[C@@H](Cc1ccc(-c2ccccc2)cc1)C(=O)O,0.036583852,0.50740296,-0.6444732,0.43073952,-0.14002575,0.57711715,0.5527713,-0.2460492
57d5d2a2e6183834a0599ad2eea37b99,C[C@H](CS)C(=O)N1C[C@@H](NC(=O)C(CS)Cc2ccc(-c3ccccc3)cc2)C[C@H]1C(=O)O,0.1019897,0.046011765,0.36333072,0.7904031,0.030043432,0.27831104,0.5666341,-0.26925972
d0565de38a0464a5b1a388f07d0a71c2,C[C@H](C[C@H](Cc1ccc(-c2ccccc2)cc1)NC(=O)CCC(=O)O)C(=O)O,-0.15542392,0.035112772,-0.7547928,0.42186415,0.04563399,0.35117054,-0.013922355,-0.060333896
4db7fb6c156f05b857135b5eef5aa756,O=C(O)[C@H](Cc1ccc(-c2ccccc2)cc1)NC(=O)[C@@H](S)C1CCCC1,-0.18817869,-0.0736023,-0.7286233,0.41037714,-0.015495899,0.26673707,0.14937654,-0.14149931
8fbb67225ade9f6152f797805cfdfc92,C[C@H](N[C@H](C(=O)O)[C@@H]1CCCN1)C(=O)N1CCC[C@H]1C(=O)O,-0.33504432,0.36555597,0.35494554,0.79792404,0.389556,0.32706895,0.69483817,-0.17697655
1c0c906125eb5faa85e2ac4f0cef75ce,C[C@H](C[C@H](Cc1ccc(-c2ccccc2)cc1)C(=O)CCC(=O)O)C(=O)O,-0.20388597,-0.10346934,-0.36172074,0.52937996,0.13566017,0.044636834,-0.068131,0.04560452
af3fd0ebd523777bf72d5a05b953ee1e,CCCC[C@H](N)C(=O)N[C@@H](C)C(=O)N1CCC[C@@H]1C(=O)O,-0.36391976,0.21775614,0.35577393,0.7680563,0.2987787,0.16100982,0.6558471,-0.2075593
3c131e65994909db2b58916dc3301a40,O=C(CCS)OC(Cc1ccccc1)C(=O)O,-0.55611604,0.06256523,-0.42592221,0.4542315,0.55112004,-0.21644112,0.17967711,0.161623
a1e4bb1012fc985141377da7bf08dca5,O=C(O)[C@@H]1C=CCn2c(=O)n(CS)c(=O)n21,-0.6375219,0.24174334,-0.16620922,-0.13323027,0.4330365,0.15692358,0.38379315,0.22671115
aeb050ac04813ba8f80768a05abaad1d,CC(C)CC(S)C(Cc1ccccc1)C(=O)NC(Cc1ccc(O)cc1)C(=O)O,-0.038455654,0.08158735,-0.7223656,0.4982524,0.06571505,0.33714214,0.6313405,-0.18516833
9c00e873120cf8c995b21bbb54af2279,O=C1N[C@H](C(=O)O)Cc2ccccc2CCCCCC[C@@H]1CS,-0.3409957,-0.011775206,-0.17743963,-0.91910464,0.6712352,0.24886346,0.5316825,-0.19235756
3195f630e499d3930839ee970b482c45,C[C@H](NC(=O)[C@H](Cc1c[nH]c2ccccc12)NC(=O)[C@H](CCCCN)NC(=O)[C@@H]1CCC(=O)N1)C(=O)N1CCC[C@H]1C(=O)O,0.55508864,0.61842084,0.049191833,0.7967489,-0.16434024,0.4616854,0.690047,-0.24714506
4fe9ce35fe0fe647357c1c6fe5ddc882,CCCC[C@H](NCP(=O)(O)O)C(=O)N[C@@H](Cc1ccc(-c2ccccc2)cc1)C(=O)O,0.0864573,0.27454346,-0.7323655,0.40775537,-0.17235331,0.5534225,0.56980455,-0.23372601
52ca4ca310dc36346ed08aa0ee82f72a,O=C(N[C@@H](Cc1ccccc1)C(=O)CCC(=O)N1CCC[C@H]1C(=O)O)c1ccccc1,-0.09650102,-0.070725106,0.36255932,0.77624106,0.007635817,0.32525775,0.5673685,-0.20908116
d01c77d5a3c18499ed28c4f1c9d14f4e,CC[C@@H](C)[C@H](S)C(=O)N[C@@H](Cc1cccc(OCc2ccccc2)c1)C(=O)O,-0.10171218,-0.026806127,-0.44197804,0.7599088,0.07155863,0.20314258,0.4634344,-0.15047608
3d2bd2b6253f00ced31524fb41252f15,CC(=O)SCC(C)C(=O)N(CC(=O)O)c1cccc(C)c1,-0.4070713,-0.12758632,0.09090185,0.9673197,0.5917606,-0.14013745,0.4068207,-0.092569575
5fa23fe5637b17c2f3adba2346b917ed,CC(=O)SCC(C)C(=O)N(CCc1cccs1)CC(=O)O,-0.31886026,-0.12563373,0.86563444,0.45593548,0.47692558,-0.09085762,0.44571757,-0.14260586
d59eec4b50b2048df85e6e625ae4ddda,O=C(CS)N[C@@H](Cc1c[nH]c2ccccc12)C(=O)O,-0.49813452,0.26932913,0.028355002,0.9072809,-0.013910205,-0.5461577,0.46199405,-0.21080372
e43b879d0676c204980f79bc34c38fc2,CC[C@@H](C)[C@H](S)C(=O)N[C@@H](Cc1ccccc1OCc1ccccc1)C(=O)O,-0.10148239,-0.027093645,-0.44244945,0.76125777,-0.049601436,0.22915283,0.50782305,-0.1502137
f65d3ea69e7e13066a629d2169eb3019,CC(=O)SCC(C)C(=O)Nc1ccccc1,-0.60863745,-0.14082794,-0.09315413,0.7460599,0.5473106,-0.24197252,0.20917146,-0.03707929
9487412e9b43c28f4b3b4e78db1e1e55,C[C@H](NP(=O)(O)O)C(=O)N1CCC[C@H]1C(=O)O,-0.51302516,0.3906007,0.35273635,0.7981292,0.17283581,0.74007297,0.62991303,-0.05037078
430f2f1bbbbd1237852d5212ab24a263,CCC(C)C(CC(S)Cc1ccccc1)C(=O)NC(Cc1ccc(O)cc1)C(=O)O,0.018061025,0.05417821,-0.6606616,0.4372089,0.06023589,0.36439157,0.61584675,-0.21387392
cc7af9d6c2f3d0ce0f5340abb19556be,O=C(CC(S)C(F)(F)F)NC(Cc1ccccc1)C(=O)O,-0.44196707,0.09598606,-0.73083985,0.4137205,-0.7498195,0.20872553,0.5108944,-0.119060814
a3d4f87e70b8b6c5eb362330cd94aece,C[C@H](CS)C(=O)N1CCS[C@H]1C(=O)O,-0.6192234,0.055077467,0.35955882,0.79801023,0.5498904,0.11977717,0.5972111,-0.066375
8f7289a706b753d3bef7b8a9f3a6e20e,O=C(O)[C@H](Cc1ccc(-c2ccccc2)cc1)NC(=O)[C@@H](S)CC1CCCCC1,-0.09101094,-0.12552267,-0.7286233,0.41037714,-0.025558194,0.2913247,0.21515122,-0.13767777
bdc060fc983aec7532867568bcd74c89,C[C@H](NC(=O)CCS)C(=O)O,-0.74660903,0.26172042,-0.6091352,0.5211035,0.6766529,0.060737003,0.49543703,-0.06365952
978477ce5ce540399a1db709718f67dd,O=C(O)CN1CCCC(NC(CCc2ccccc2)C(=O)O)C1=O,-0.30170235,0.1747937,0.7189301,-0.31861448,0.19347934,0.323444,0.5690599,-0.20001806
1273dcb5557d470b73061fe21d14723e,CSCCCN(CC(=O)O)C(=O)C(C)CSC(C)=O,-0.32701898,-0.09459731,0.8645121,0.45430243,0.58882093,0.15218613,0.54333264,-0.07656272
1102394338d37a87925d760baed1cebf,NCCCC[C@H](N[C@@H](CCc1ccccc1)C(=O)O)C(=O)N[C@@H](Cc1c[nH]c2ccccc12)C(=O)O,0.26163602,0.41581348,0.02536285,0.8978026,-0.16445138,0.36622852,0.6430884,-0.31607148
3f7c06a1af6210ad4ab413200e821560,CC[C@@H](C)[C@H](S)C(=O)N[C@@H](Cc1ccc(OCc2ccc(F)cc2F)cc1)C(=O)O,-0.059800837,-0.04845402,-0.4429716,0.7559813,0.08909947,0.23436789,0.500602,-0.14344035
ad8a06b49c6f1ead8ca5b3db6e88091b,O=C(NC(Cc1ccccc1)C(=O)CNCC(=O)N1CCC[C@@H]1C(=O)O)c1ccccc1,-0.024327876,0.10370486,0.36255932,0.77624106,0.047459375,0.3173348,0.5653592,-0.18212579
c50324fd42691b215d1644a05e05f096,CC(C)C[C@H](NCP(=O)(O)O)C(=O)N[C@@H](Cc1ccc(-c2ccccc2)cc1)C(=O)O,0.0725088,0.27477014,-0.7323655,0.40775537,-0.2324773,0.5339783,0.52783185,-0.22545125
0ce804108d9919ea920c47f70637d35b,O=C(Nc1ccc(S(=O)(=O)N[C@H](Cc2c[nH]c3ccccc23)C(=O)O)cc1)c1ccc(Br)cc1,0.10235123,0.057034943,-0.69549215,0.44567013,-0.47025844,0.46673253,0.4742723,-0.069676206
5af3ab172c970990911446db6984da1e,CC(C)(C)[C@H](NCP(=O)(O)O)C(=O)N[C@@H](Cc1ccc(-c2ccccc2)cc1)C(=O)O,0.048623215,0.26561865,-0.6444732,0.43073952,-0.163589,0.57707447,0.524407,-0.2106059
e0ea3b910b7affe616704f346b7af487,CC[C@@H](C)[C@H](S)C(=O)N[C@@H](Cc1cccc(-c2ccccc2)c1)C(=O)O,-0.20407477,-0.047910627,-0.44197804,0.7599088,0.16357465,0.17041709,0.23298539,-0.16374527
98feb0fbe1329f891f2302c62e2c2e5c,O=C(O)[C@H](Cc1ccc(-c2ccccc2)cc1)NC(=O)[C@H](Cc1ccc(O)cc1)NCP(=O)(O)O,0.19435026,0.4071528,-0.28045917,0.78368783,-0.22964694,0.546854,0.50672615,-0.24882217
c3b713ec2f2f7ff0964441698292860b,CC(C)(S)C(=O)NC1CCc2cccc3c2N(C1=O)[C@H](C(=O)O)C3,-0.34506875,0.090003856,0.9268234,0.06795573,0.6299872,0.296614,0.4792625,-0.2964329
7fe1bc76ae8ff595da52e41912a5ac60,Cc1ccc(-c2ccc(S(=O)(=O)N[C@H](Cc3c[nH]c4ccccc34)C(=O)O)s2)cc1,-0.04961014,-0.07249984,-0.696175,0.4521345,-0.4917967,0.48884463,0.4939171,-0.09102498
58aecb423586ff71ad9324fc32a6155c,CSc1ccc(-n2nnc(-c3ccc(S(=O)(=O)N[C@@H](C(=O)O)C(C)C)cc3)n2)cc1,-0.0027693976,0.013885026,-0.704733,0.4507861,-0.39827847,0.599592,0.53607285,0.040629867
7011b813e0ff5a923b05f477dd221c9c,CSc1ccc(-c2ccc(S(=O)(=O)N[C@@H](C(=O)O)C(C)C)cc2)cc1,-0.20257364,-0.12123096,-0.6104369,0.7297045,-0.27703458,0.7345577,0.6698327,0.016150529
e5cc2fb45da0789e6826ace36f0306bb,CCOC(=O)[C@H](CCc1ccccc1)N[C@@H](C)C(=O)N1Cc2ccccc2[C@@H]1C(=O)O,-0.08043128,-0.072170556,0.3496493,0.81668663,0.065224245,0.2237135,0.543165,-0.24077295
dc923916e74b7a70cd1e827402118862,O=C(O)[C@H](Cc1ccc(-c2ccccc2)cc1)NC(=O)[C@H](Cc1ccccc1O)NCP(=O)(O)O,0.19450186,0.40694186,-0.28045917,0.78368783,-0.039557952,0.44918784,0.5611169,-0.24019606
2a8ee5f9b173f64afc07161f35fc9cce,O=C(O)[C@H](Cc1ccc(-c2ccccc2)cc1)NC(=O)[C@@H](NCP(=O)(O)O)C1CCCCC1,0.13623013,0.21702452,-0.9143771,0.22662604,-0.20861232,0.45978963,0.46279323,-0.21078193
0bffd2822c60456be17ec27ded5afbd8,O=C(O)[C@@H]1Cc2cccc3c2N1C(=O)C(NC(=O)C1(S)Cc2ccccc2C1)CC3,-0.17007007,-0.014480601,0.9290645,0.07015407,0.6229663,0.29931986,0.46248645,-0.16569877
d5b060b864168dbda0863ba138014615,O=C(O)[C@H](Cc1ccc(-c2ccccc2)cc1)NC(=O)C1(NCP(=O)(O)O)CCCC1,0.03489859,0.26645085,-0.6338713,0.4349004,-0.11875188,0.43366843,0.47419363,-0.18562707
12639e86c082d589a5510d91aa54b6a2,Cc1ccc(C#Cc2ccc(S(=O)(=O)N[C@H](Cc3c[nH]c4ccccc34)C(=O)O)s2)cc1,-0.009084718,-0.085070506,-0.696175,0.4521345,-0.51694214,0.47996536,0.5729834,-0.03263006
e62c147389151b75df67fc233bb478ba,COC(=O)[C@H](CC(C)C)N[C@H]1CCc2ccccc2N(CC(=O)O)C1=O,-0.24096812,0.008631592,0.7179456,-0.32992572,0.29513156,0.33470118,0.49719378,-0.24601649
4e5b1ed3631ca3db9334e22a7684e4b0,CC(C)[C@H](NCP(=O)(O)O)C(=O)N[C@@H](Cc1ccc(-c2ccccc2)cc1)C(=O)N[C@@H](Cc1ccc(O)cc1)C(=O)O,0.51663244,0.48540458,-0.6444732,0.43073952,-0.28654695,0.5707183,0.52584803,-0.28664708
f2cfb56b812bd8bb49b58bb7645f7f34,O=C(O)[C@@H](Cc1c[nH]c2ccccc12)NS(=O)(=O)c1ccc(-c2nnn(-c3ccccc3)n2)cc1,0.07640387,0.09153954,-0.70128566,0.4466319,-0.4680135,0.4368655,0.41505364,-0.02539132
c042e02702e4252689550a76783077b0,CC(C)[C@H](NCP(=O)(O)O)C(=O)N[C@@H](Cc1ccc(-c2ccccc2)cc1)C(=O)N1C[C@H](O)C[C@H]1C(=O)O,0.3388238,0.43399224,0.3460244,0.7640598,-0.23088695,0.5007602,0.6384788,-0.25982076
832899ed2e2148f04888d7ae7d64e4c7,O=C(O)[C@H](Cc1ccc(-c2ccccc2)cc1)NC(=O)[C@H](Cc1c[nH]cn1)NCP(=O)(O)O,0.12541579,0.47550657,-0.48381507,0.23772097,-0.28030053,0.5440361,0.58516264,-0.25672257
f7750406bd41f0d9bde79f31be25d811,N[C@@H](Cc1ccc(O)cc1)P(=O)(O)O,-0.62405074,0.35942504,-0.07515842,0.9475728,0.0975747,0.9006891,0.20320469,0.1105131
00459c0271d38efa935c059abd6b739f,O=C(O)CN1CCCC(CS)C1=O,-0.71559495,0.085723735,0.7260895,-0.34064192,0.5372223,0.2429261,0.5196727,-0.10446608
ed3d19d82897c3a28a9cfb0e0041797a,O=C(CC(S)C(F)(F)C(F)(F)F)NC(Cc1ccccc1)C(=O)O,-0.35103104,0.050417338,-0.73083985,0.4137205,-0.7120309,0.26371038,0.49493855,-0.08775075
69d0e29ea5393002791dc0317c93b901,CC(CS)C(=O)N[C@@H](Cc1c[nH]c2ccccc12)C(=O)O,-0.39849663,0.21383141,-0.018420517,0.9039005,0.07050216,-0.06266436,0.61037636,-0.24064432
1db34117cca4794181c7287033ddcc8f,CC[C@@H](C)[C@H](S)C(=O)N[C@@H](Cc1cccc(Oc2ccccc2)c1)C(=O)O,-0.15229967,-0.017743152,-0.44197804,0.7599088,0.0721105,0.20676473,0.5058771,-0.15433964
b8cd5ab36213d2d5e89de1aa964a1629,CCOC(=O)[C@@H](CCc1ccccc1)N[C@@H](C)C(=O)N1Cc2cc(OC)c(OC)cc2C[C@H]1C(=O)O,0.1426381,-0.059589934,0.3469591,0.8102753,0.026340434,0.25761548,0.5521692,-0.25715473
2ac156bb1582b2979de54e3686273f15,CCCCc1nc(Cl)c(C(=O)N[C@H](C(=O)O)[C@@H](C)CC)n1C,-0.3231383,-0.024145182,-0.07812959,0.8595885,0.50763196,0.0064024767,0.2846271,-0.096759014
2d134a643315e342c38b63f336a4ec4f,O=C(NC(Cc1ccccc1)/C(CCC(=O)N1CCC[C@H]1C(=O)O)=N/O)c1ccccc1,-0.022308873,0.06491672,0.36224782,0.77757907,0.033570215,0.33046216,0.5644989,-0.15436324
f7a02a01abd686d07f0c19ecb5821241,O=C(NC(Cc1ccccc1)=C(CCC(=O)N1CCC[C@H]1C(=O)O)NO)c1ccccc1,-0.008950012,0.17772858,0.34916282,0.73897016,0.22117187,0.22468314,0.39418614,-0.16614729
45d8c32b6ce95980a75bddcd41aa114b,CC(C)C(NC(=O)C(Cc1ccccc1)C(C)S)C(=O)NC(Cc1ccc(O)cc1)C(=O)O,0.13356929,0.23715286,-0.6606616,0.4372089,-0.10460887,0.36553693,0.7228038,-0.24362494
b0db1ad14cd6640a9cda24f7f441c527,C[C@H](N[C@@H](C(=O)O)[C@H](Cc1ccccc1)NC(=O)c1ccccc1)C(=O)N1CCC[C@H]1C(=O)O,0.06816982,0.20891817,0.3612194,0.77628267,0.14096996,0.2783445,0.6746723,-0.20299032
c693202a354181a23f0d88c0eff5e47d,C[C@H](NC(=O)[C@@H](N)Cc1ccccc1)C(=O)N1CCC[C@H]1C(=O)O,-0.32239118,0.19195749,0.36040628,0.7783909,0.17440014,0.30377066,0.6465401,-0.24149969
1010b5b5061302f3de8b320f18bcaa5b,C[C@H](N)C(=O)N1C(=O)N(Cc2ccccc2)C[C@H]1C(=O)O,-0.4918845,0.11552458,0.3384633,0.79413164,0.46639666,0.20225722,0.53346515,-0.20271096
66ad67bece64b2a96801edbada22a599,CC(C)[C@H](NC(=O)CCS)C(=O)O,-0.6506503,0.2097509,-0.6091352,0.5211035,0.63361007,0.06481186,0.5444362,-0.09131909
cdb58afc352a892587e1be9c2dac36f1,Cc1ccccc1C(=O)NC(Cc1ccccc1)C(=O)CCC(=O)N1CCC[C@H]1C(=O)OCc1ccccc1,0.18336408,-0.33458737,0.36571229,0.77411246,-0.09564041,0.22500587,0.5309666,-0.20915967
5c486be0e409275c2afff8131dff8aaf,O=C(NC(Cc1ccccc1)C(=O)CCC(=O)N1CCCC1C(=O)NO)c1ccccc1,-0.029008167,0.08283102,0.36255932,0.77624106,-0.02115473,0.3409992,0.54981196,-0.25572574
8e15eae603c82059273b836ee6ba277b,O=C(O)C(Cc1ccc(O)cc1)NC(=O)C(Cc1ccccc1)C(S)CCc1ccccc1,0.07519828,0.02629361,-0.7223656,0.4982524,0.0236672,0.22042407,0.63922447,-0.20831026
b84c77b58956b1b568b0fc91bf9d0cbd,CC(C)[C@H](N)C(=O)N[C@@H](Cc1c[nH]c2ccccc12)C(=O)O,-0.3818184,0.2692889,0.046582818,0.8967359,-0.014441361,0.030597934,0.58995444,-0.26811025
c3d58eadbb4768a261b3a61a6a8a58bd,CC(C)c1ccc(C(SC[C@H](NC(=O)[C@H](C)CS)C(=O)O)c2ccccc2)cc1,-0.002696218,-0.123214014,-0.21408314,-0.95356506,0.3851454,-0.005628494,0.5175749,-0.10273458
c107330688bd58f918e060068ae5c95c,CC[C@@H](C)[C@H](S)C(=O)N[C@@H](Cc1ccc(OCc2ccc(F)c(F)c2)cc1)C(=O)O,-0.05991714,-0.048316162,-0.4429716,0.7559813,0.09891984,0.23840669,0.4115214,-0.12779124
833e596428ad598b21d160cbbf0762fe,CC[C@@H](C)[C@H](S)C(=O)N[C@@H](Cc1cccc2ccccc12)C(=O)O,-0.282777,-0.0129492385,-0.44129956,0.7645781,0.026800543,-0.02324037,0.604519,-0.16244575
bc74a4e82ddea1fa693ac24cb288f382,O=C(O)C1c2ccccc2CCN1C(=O)CCS,-0.5792723,-0.0018611207,0.31373632,0.73738635,0.54736793,-0.022855448,0.4836773,-0.33277884
789a78880b2bbe4d93bb5b20ee5252a5,O=C(O)[C@@H]1CCCN1C(=O)CCS,-0.7175719,0.084544964,0.34210432,0.73753667,0.5200635,0.21800601,0.6277631,-0.13274634
f96b8461a348576cfd1b86f6a068b8ab,CC(=O)SCC(C)C(=O)N(CCC1CCCO1)CC(=O)O,-0.3329339,-0.08271651,0.093381524,0.9740219,0.5348822,0.32507578,0.59013575,-0.082183205
613703bdcd01d7f67ccc9e36d6213262,CC(S)C(=O)NCC(=O)O,-0.8009109,0.2864118,-0.6435889,0.5402726,0.6461414,0.075419664,0.58444285,-0.05344604
fa99621423407c2f5dafccab5c0b7381,O=C(O)[C@H](Cc1ccc2ccccc2c1)NC(=O)N(CCN1C(=O)c2cccc3cccc(c23)C1=O)C[C@H](O)C(=O)O,0.28394598,0.16059853,-0.699649,0.42630672,0.11415858,0.09080733,-0.4382667,0.0067786383
512572d91c73bad1b53f760c270e260b,CC[C@H](C)[C@H](N)C(=O)N[C@@H](Cc1c[nH]c2ccccc12)C(=O)O,-0.32578033,0.24158235,0.05343795,0.8975072,0.0035270366,0.02370432,0.5884962,-0.26915115
f4319c0da302f910699622a5999991df,CCOC(=O)C(CCc1ccccc1)SC(C)C(=O)N1CC2CCCCC2[C@H]1C(=O)O,0.015948785,-0.30231205,0.34274435,0.7906498,0.41307855,0.45659724,0.47824565,-0.14304432
af9fb22c5c808e46247a013339b99e68,CCOC(=O)C(CCc1ccccc1)SC(C)C(=O)N1C2CCCCC2C[C@H]1C(=O)O,0.016044749,-0.3054501,0.34274435,0.7906498,0.3549317,0.45811403,0.5374028,-0.15690112
63b1235c2c410fbca9243732d008ae41,C[C@H](NC(=O)[C@@H](N)CCCCN)C(=O)N[C@@H](CCCCN)C(=O)N[C@@H](Cc1c[nH]c2ccccc12)C(=O)O,0.46490192,0.812715,0.02536285,0.8978026,-0.18312447,0.31491587,0.5963561,-0.3083411
a29c3972011b49cc325ddd692243fde1,O=C(N[C@H]1CCS[C@H]2CCC[C@@H](C(=O)O)N2C1=O)[C@H](Cc1ccccc1)SS[C@@H](Cc1ccccc1)C(=O)N[C@H]1CCS[C@H]2CCC[C@@H](C(=O)O)N2C1=O,1.086665,-0.13408189,0.71464443,-0.34393257,0.20660728,0.3572269,0.43923917,0.106034964
7ad636a511917e45884bc21750e54200,CCCCCCCCC(N[C@@H](C)C(=O)N1C(=O)N(Cc2ccccc2)C[C@@]1(C)C(=O)O)C(=O)OCC,0.24324907,-0.13171563,0.34291184,0.79445624,0.27380878,0.40940517,0.35724118,-0.14803731
eb500356e24db12c768416b4151d88d6,CCCCCCCC[C@H](N[C@@H](C)C(=O)N1C(=O)N(Cc2ccccc2)C[C@H]1C(=O)O)C(=O)OCC,0.20627527,-0.10089609,0.34291184,0.79445624,0.18635257,0.3799138,0.48404253,-0.17508054
8ee1f4368a3f80ba73f868b84b57d5df,CCC(C)C1CC(Cc2ccccc2)SC1=O,-0.5791214,-0.40669042,0.40707123,-0.49194235,0.5979708,0.17708845,0.0603644,0.1758239
fcc76239c3da733416d64c354cde79c3,CC(C)C[C@H](N)C(=O)N[C@@H](C)C(=O)N1CCC[C@@H]1C(=O)O,-0.37805036,0.21804921,0.36630893,0.78666925,0.37985903,0.21620955,0.6833565,-0.18024696
8a5a3095b8066076feeda55e650fc671,O=C(O)CCC(=O)CCS,-0.77849865,0.12381514,-0.16427398,0.41079307,0.6420224,-0.035888962,0.21140775,0.25005212
5f6221b4f11325c77fa7e20db4790137,C[C@H](NCC(=O)O)C(=O)N1CCC[C@H]1C(=O)O,-0.56096494,0.30174065,0.3570944,0.79761195,0.4076623,0.23997061,0.6706922,-0.17587434
86330ad4f47e8210136c97c262e0a3a2,CCCCCCCC[C@H](N[C@H](C)C(=O)N1C(=O)N(C)C[C@H]1C(=O)O)C(=O)O,-0.08228822,0.1563714,0.34491694,0.7957194,0.094241396,0.41748002,0.56446266,-0.0363194
dfcd7cfe896c9ac084c5dbeba7bae881,C[C@@H](NCC(=O)O)C(=O)N1CCC[C@H]1C(=O)O,-0.56096494,0.30174065,0.3570944,0.79761195,0.4076623,0.23997061,0.6706922,-0.17587434
fd2d6f15f111fc53cc5b72b051314973,C[C@@H](N[C@@H](CCc1ccccc1)C(=O)O)C(=O)N1C(=O)N(Cc2ccccc2)C[C@H]1C(=O)O,0.00412683,0.093291275,0.3409835,0.79749227,0.16591164,0.30583233,0.5885156,-0.1935311
43465ff0518ba5a33befc85a21cfbf6a,O=C(NC(Cc1ccc(O)cc1)C(=O)O)C(Cc1ccccc1)CC(S)Cc1ccccc1,0.07238047,0.029179756,-0.7201873,0.49787223,-0.016074747,0.24451362,0.61181617,-0.21342996
862caa49a3e22458d9d188e7abf33ed5,Cc1ccc([C@H]2CC[C@@H](C(=O)O)N2C(=O)CN[C@@H](CCc2ccccc2)C(=O)O)cc1,-0.0626525,0.024815787,0.3451203,0.7998607,-0.0147132045,0.26968843,0.5042082,-0.23436503
3cbacd440cfa61c845e5b231ac46f4dd,NCCCCC(NC(=O)OCc1ccccc1)C(=O)N[C@H](CCC(=O)N1c2ccccc2C[C@H]1C(=O)O)C(=O)O,0.37261832,0.3763415,0.35341716,0.7616198,-0.15339598,0.33585906,0.6219409,-0.2043153
3778674d33752172bb5c439b796ff18a,O=C(O)C1C=CCn2c(=O)n(CS)c(=O)n21,-0.6375219,0.24174334,-0.16620922,-0.13323027,0.4330365,0.15692358,0.38379315,0.22671115
fd79120a5470d03cbd1ca024dc1aa951,O=C(N[C@H](CCC(=O)N1CCC[C@H]1C(=O)O)C(=O)O)C1CCCN1C(=O)OCc1ccccc1,0.06321804,0.15178679,0.37421036,0.7926891,0.019570004,0.37226963,0.7089149,-0.16657437
28685dcf2e5042c4c06c6f1e38373bac,Cc1ccc(N(CC(=O)O)C(=O)C(C)N)cc1,-0.6164902,0.09794209,0.106141925,0.97122717,0.652678,-0.16077608,0.37688732,-0.13363618
7ad20b84c1146cc84d0a55f29ec5c29c,C[C@H](NC(=O)CCS)C(=O)N1CCC[C@H]1C(=O)O,-0.49163505,0.21553285,0.37074888,0.79020894,0.44948465,0.20786163,0.6887421,-0.1663106
72e990b84e03c4e86d8a2660f1e87ae7,CC[C@@H](C)[C@H](S)C(=O)N[C@@H](Cc1ccc(OCc2ccc(C(F)(F)F)cc2)cc1)C(=O)O,-0.00022696146,-0.09130561,-0.44251102,0.7571491,-0.6282181,0.29057398,0.33483887,-0.14471626
5caa0119dc48b6b60f29411d511c430a,CCCC[C@H](N[C@H]1CCc2ccccc2N(CC(=O)O)C1=O)C(=O)OCC,-0.17516337,-0.014713998,0.7167789,-0.32965827,0.23475009,0.28605613,0.5482214,-0.24386676
505255385fe57f89a0d1042ee932c433,CC(C)(C)C[C@H](S)C(=O)N[C@@H](Cc1ccc(-c2ccccc2)cc1)C(=O)O,-0.18095303,-0.075042926,-0.73228896,0.40715897,0.07639647,0.1865884,0.2778428,-0.16790846
4607f25389ea5de326be058bab78738d,C[C@H](NC(=O)[C@H](Cc1ccccc1)NC(=O)c1ccccc1)C(=O)N1CCC[C@H]1C(=O)O,-0.061428104,0.06710831,0.36067152,0.7770839,-0.012101958,0.33892792,0.68124217,-0.25649223
cc6d7f0abddf5a5ce718c9b39f1d4854,CC(C)CC(S)CC(=O)NC(Cc1ccccc1)C(=O)NC(Cc1ccc(O)cc1)C(=O)O,0.14560826,0.23968671,-0.7414164,0.42169082,-0.0539816,0.43929613,0.66602427,-0.1990202
33965a0ae3483f1ea820c25d0cbbfd88,CCC(C)C(CC(S)Cc1ccccc1)C(=O)N1CCCC1C(=O)O,-0.2194647,-0.180172,0.32645822,0.781726,0.39206824,0.29987863,0.38647482,-0.25252968
b8ba774c57c6b1cca73c9228047b4aed,O=C(O)CNC(=O)CCS,-0.78538585,0.29124644,-0.0904845,0.21014404,0.65088373,-0.07714885,0.5238613,-0.07366442
d777698473fc3264b7dbd492bb33e6cf,CCOC(=O)C(CCc1ccccc1)SC(C)C(=O)N1CCCC1C(=O)O,-0.1387245,-0.19650973,0.3493129,0.7988087,0.32603338,0.2597014,0.5615434,-0.15640692
496ceb95eeb0f1e8cd2bb2f8fa0716c6,CCC(C)C(CC(S)CCc1ccccc1)C(=O)NC(Cc1ccc(O)cc1)C(=O)O,0.074494466,0.027287949,-0.7223656,0.4982524,0.0053373175,0.42920324,0.58856493,-0.20723839
357cc8a8af22fde2cef6f7b5441dc7fa,C[C@H](CS)C(=O)N[C@@H](CSC(C)(C)c1ccc(C2CCCCC2)cc1)C(=O)O,0.003415389,-0.15083663,-0.20968932,-0.95908546,0.3092409,0.32119983,0.51922333,-0.08943165
8b8c5e2731884cd78cca4fa76d157cff,Cc1c(C#Cc2ccc(CN3CCC(CO)CC3)cc2)cc(C(F)F)c2cn(C(C(=O)Nc3nccs3)c3ncn4c3CCC43CC3)nc12,0.5582512,-0.35904038,-0.021205544,0.5182353,-0.7562519,0.14550754,-0.15365887,-0.24188295
29edd349932ab026f0cf86b2e40622b9,CN(CC(=O)O)C(=O)CCS,-0.770181,0.13997062,-0.238927,0.49819767,0.6650087,-0.02426095,0.46413437,-0.022129258
869219a4ac98f9dea2631b6b0af1f778,CC(C)CC(NC(=O)c1ccccc1)[Si](O)(O)CC(C)C(=O)N1CCC[C@H]1C(=O)O,0.079976246,0.14620812,0.3612194,0.77628267,0.27345592,0.2887301,0.60018843,-0.1550377
80bdaa1964d5aed5b807da170228f16e,CC(=O)C[C@@]1(O)C(=O)C2=C3O[C@H](C)C(C)(C)[C@]3(O)C(=O)c3c(C)cc(O)c(c32)C1=O,-0.13413604,0.18188877,-0.5321026,0.28680813,0.7758512,-0.12566346,-0.18107624,0.4205377
bd9805eccbce5edbcc097083c4096940,Cc1ccc(CSC[C@@H](NC(=O)[C@H](CS)Cc2ccc3ccccc3c2)C(=O)O)cc1,0.024774237,-0.13373263,-0.21575713,-0.95265985,0.014232828,-0.01166811,0.4948261,-0.15391454
25f1b20620197e39abe933ee73760089,CC1(CS)C(=O)N2CCCC(C(=O)O)N2C1=O,-0.6031261,0.09493249,0.33877063,0.7391598,0.65263,0.36892995,0.5402539,-0.04341495
c5225f527bd307b01773ca2de301eea1,C[C@@H](CC(=O)[C@@H](Cc1ccccc1)NC(=O)c1ccccc1)C(=O)N1CCC[C@H]1C(=O)O,-0.05550282,-0.09658291,0.36067152,0.7770839,0.0654028,0.3282817,0.5760637,-0.23130627
f37b3dc61568961b554fe4f87c05638b,CCC(C)C(S)CC(C(=O)NC(Cc1ccc(O)cc1)C(=O)O)C(C)CC,-0.030715527,0.0746439,-0.6754464,0.45910907,0.15737894,0.4402202,0.6432874,-0.22144155
435c0a97385d42e4d0e4da0ccbeb1338,CC(C)(S)C(=O)N[C@@H](Cc1ccc(-c2ccccc2)cc1)C(=O)O,-0.32064793,0.0046735452,-0.63600326,0.4364438,0.19106872,0.050394446,0.16432478,-0.096373
accabc7f74c38f67c6ca3aef458dc0bf,CCC(C)C(S)CC(Cc1ccccc1)C(=O)NC(Cc1ccc(O)cc1)C(N)=O,0.025224162,0.07343956,-0.6754464,0.45910907,0.0281656,0.3523553,0.6359675,-0.25970158
684639407778eca16945ab8e22a308d6,O=C(O)CCNC(=O)C(Cc1ccccc1)CC(S)Cc1ccccc1,-0.1844658,-0.023126002,-0.1200043,-0.9298897,0.22077137,-0.028436096,0.4163579,-0.081794955
6d040e963179659d7fd371476d464c4e,CC(NC(=O)C(Cc1ccccc1)CC(S)c1ccccc1)C(=O)O,-0.24957192,-0.016535234,-0.74162185,0.4884441,0.17486471,0.092182755,0.5403751,-0.1872954
3b9855b5a878963345a22a31991c3bff,O=C(O)C1CCCN1C(=O)C(Cc1ccccc1)CC(S)Cc1ccccc1,-0.16521956,-0.20435783,0.3271122,0.7826859,0.24198487,0.25564414,0.5638155,-0.18842173
483ce28cce3484ac87363def1ae71d65,C[C@H](CSC(=O)C(C)(C)C)C(=O)N(CC(=O)O)C1CCCC1,-0.30901495,-0.19947393,0.09601116,0.9768686,0.55183774,0.22085796,0.5687856,-0.09910749
025203260effa17c402e66910f476b2e,CCCCC(SC[C@H](NC(=O)[C@H](C)CS)C(=O)O)c1ccc(C(C)C)cc1,0.012487454,-0.11744061,-0.21301031,-0.95622283,0.43628895,0.25281468,0.48982897,-0.09544144
d04a33ce03e2520e454276d071479465,O=C(O)CN1CCC(CS)C1=O,-0.7602643,0.11405387,0.7260895,-0.34064192,0.55904394,0.2801222,0.49343842,-0.091451705
1259a47056c2e5a6c7a3383ab6bb24bf,CC(CSC(=O)C(C)(C)C)C(=O)N(CC(=O)O)C1CCCC1,-0.30901495,-0.19947393,0.09601116,0.9768686,0.55183774,0.22085796,0.5687856,-0.09910749
28f89811977d062b3e293528695ffd90,CC[C@H](C)[C@H](N)C(=O)N[C@@H](Cc1ccc(O)cc1)C(=O)O,-0.3657373,0.32073453,-0.67536277,0.44865084,0.27028582,0.265988,0.6462947,-0.20069212
62e6ffb04416e5b2e738c1b752760768,CC(NC(=O)C(Cc1ccccc1)CC(S)Cc1ccccc1)C(=O)O,-0.19840932,-0.02719267,-0.74162185,0.4884441,0.18353657,0.11354486,0.5453458,-0.16663145
5cfda0eeda06976314c57a780c9c7196,CC(NC(=O)C(Cc1ccccc1)C(S)CCc1ccccc1)C(=O)O,-0.19559151,-0.030078825,-0.7401091,0.49968076,0.2769485,0.075817026,0.57529074,-0.16230933
cbe4f4803b4d57d78e898063a147a9e8,CC(C)CC(S)[C@H](Cc1ccccc1)C(=O)N[C@@H](C)C(=O)O,-0.30756536,0.023980308,-0.73866,0.49757993,0.3294194,0.12674315,0.561466,-0.13706265
a22a7a1ab10e5f9a086bc40f90f4f38f,Oc1cc(O)c2c(c1)OC(c1ccc(O)c(O)c1)C(O)C2c1cc(O)cc2c1C(c1cc(O)cc3c1C(c1cc(O)cc4c1CC(c1ccc(O)c(O)c1)C(O)O4)C(c1ccc(O)c(O)c1)C(O)O3)C(c1ccc(O)c(O)c1)C(O)O2,1.9540104,1.6156666,-0.5635464,-0.5925557,0.47335348,-0.26505527,-0.28241614,0.35175204
761801ee45f82fdb13c219df11265d00,CCC(C)C(CC(S)Cc1ccccc1)C(=O)O,-0.47772712,-0.13340308,0.32436788,0.7799525,0.60283214,-0.1546739,0.1314989,0.13432297
bbe16b99adbd9c342b80d87ce028d4b9,C[C@H](CS)C(=O)N[C@@H](CSCc1ccc(C2CCCCC2)cc1)C(=O)O,-0.08426756,-0.084260195,-0.21176136,-0.95724165,0.16788496,0.3206885,0.5218419,-0.111260176
e20c8fdb255b4cec557211a04c2a16d9,O=C1N[C@H](C(=O)O)CCCCCc2ccccc2C[C@H]1CS,-0.38631296,0.016841967,-0.17656213,-0.9201686,0.66904896,0.24398303,0.560115,-0.19263011
e6ecdc8b2dcc30024e35e7b9bfdc6130,CCC(C)C(S)CC(C(=O)NC(Cc1ccc(O)cc1)C(N)=O)C(C)CC,-0.027261825,0.09746849,-0.6754464,0.45910907,0.09526171,0.3947795,0.65649873,-0.28092247
5bd57dd8c518df8400be5f3f9eae1ed6,CC[C@@H](C)[C@H](S)C(=O)N[C@@H](Cc1ccc(OCc2ccc(F)cc2)cc1)C(=O)O,-0.080674216,-0.037739377,-0.44251102,0.7571491,0.13500208,0.24441433,0.416849,-0.13154967
1b965128fe4380fe9033f35aa34897be,NCCC[C@H](NC(=O)[C@@H](N)Cc1c[nH]c2ccc(O)cc12)C(=O)N1CCC[C@H]1C(=O)O,0.03501193,0.576686,0.04645419,0.79419136,-0.18594965,0.34334666,0.6123451,-0.28057754
f10991538d4b89a5ce7037e792180fa5,C[C@H](NC(=O)[C@@H](N)Cc1ccccc1)C(=O)N1CCC[C@@H]1C(=O)O,-0.32239118,0.19195749,0.36040628,0.7783909,0.17440014,0.30377066,0.6465401,-0.24149969
61755f9668bed13bf085972d2a995ce6,CCC(C)C(S)CC(Cc1ccccc1)C(=O)N[C@@H](Cc1ccc(O)cc1)C(=O)O,0.02177049,0.050614957,-0.7201873,0.49787223,0.029037885,0.3549922,0.6272891,-0.21484558
6e96fcd5df26fe68b53e25b63858a494,CC(C)C(C(=O)NC(Cc1ccc(O)cc1)C(=O)O)C(S)CCc1ccccc1,-0.037121434,0.080097534,-0.7223656,0.4982524,0.008534552,0.2528446,0.63627607,-0.25485885
1ace58fb4fd30ff99c98b39970574f02,C=CCN(CC(=O)O)C(=O)C(C)CSC(C)=O,-0.50945085,-0.03776558,0.09626019,0.9756218,0.63932234,0.15882583,0.488133,0.037985783
d0104a517ef705deaff3780fe54fe37f,O=C(CCS)N[C@@H](Cc1c[nH]c2ccccc12)C(=O)O,-0.44397503,0.24398015,0.028355002,0.9072809,0.0052270885,-0.48147392,0.5336929,-0.21292216
0afb3e7d0378d82111f9f71ffd78e43d,CCN(CC)c1ccc(CSC[C@H](NC(=O)[C@H](C)CS)C(=O)O)cc1,-0.09445834,0.009831329,-0.21273834,-0.95278996,0.42571318,0.21458751,0.5375323,-0.13082562
a33f0a2ff5b9315d1cfdba74af310806,CCOC(=O)C(CCc1ccccc1)SC(C)C(=O)N1CSC[C@@H]1C(=O)O,-0.086956635,-0.19475456,0.34139013,0.7904141,0.2800066,0.2266468,0.46741995,-0.04112236
f20b54a3701e900ddff197b62d3b4c0b,C[C@H](CCC(=O)O)C(=O)N1CCC[C@H]1C(=O)O,-0.57851535,0.10481443,0.34823263,0.75231254,0.47192013,0.25009307,0.6381285,-0.14997089
ba594fd6886a3fe9dba37ce17993f1b6,C[C@@H](CCC(=O)O)C(=O)N1CCCC1C(=O)O,-0.57851535,0.10481443,0.34823263,0.75231254,0.47192013,0.25009307,0.6381285,-0.14997089
2aefb1cd100cc93000c1e509ed67b178,CC[C@@H](C)[C@H](S)C(=O)N[C@@H](Cc1ccccc1Oc1ccccc1)C(=O)O,-0.15202762,-0.018069517,-0.44244945,0.76125777,0.21764325,0.102527134,0.5161205,-0.131253
a58a60533d99d5623eda0adac89798b7,CC(C)C[C@H](NC(=O)[C@H](Cc1c[nH]c2ccccc12)NC(=O)[C@@H](N)CCCCN)C(=O)N1CCC[C@H]1C(=O)O,0.40072083,0.4444491,0.047926664,0.7937279,-0.19827242,0.41316414,0.6468313,-0.30929315
bc74221eeebb63b53232edfa69e969d9,CC(C)C[C@@H](S)[C@H](Cc1ccccc1)C(=O)N[C@@H](C)C(=O)O,-0.30756536,0.023980308,-0.73866,0.49757993,0.3294194,0.12674315,0.561466,-0.13706265
5fc62e944d8f841a0995634aafbfaa6f,CC[C@H](C)[C@H](N)C(=O)N1CCC[C@H]1C(=O)N1CCC[C@H]1C(=O)O,-0.34105134,0.037578348,0.37749195,0.81537366,0.3676363,0.46429455,0.640304,-0.1713917
ae16a1581492fad15258d744cb8c7412,CCCCCCCC[C@H](N[C@@H](C)C(=O)N1C(=O)N(C)C[C@H]1C(=O)O)C(=O)OCC,0.0003284048,0.010409196,0.3445294,0.7978926,0.14689764,0.4122227,0.536229,-0.020691019
e631f29f7ee88b373104200587beba4d,CC(C)C[C@H](N)C(=O)N[C@@H](C)C(=O)N1CCC[C@H]1C(=O)N[C@@H](Cc1ccc(O)cc1)C(=O)N[C@@H](Cc1c[nH]c2ccccc12)C(=O)O,0.6550831,0.5147278,0.38469434,0.83168983,-0.2065518,0.46960744,0.667991,-0.280306
0699ed46f245eaafe10e9a9b0f172e47,CC(C)C[C@H](NC(=O)[C@H](Cc1c[nH]c2ccccc12)NC(=O)[C@H](CCCCN)NC(=O)[C@H](Cc1ccccc1)NC(=O)[C@@H]1CCCN1C(=O)[C@H](CC(N)=O)NC(=O)[C@@H](NC(=O)[C@@H](NC(=O)[C@@H](N)C(C)C)[C@@H](C)O)C(C)C)C(=O)N1CCC[C@H]1C(=O)O,2.453835,1.2038418,0.38509595,0.82597935,-0.33135688,0.52159905,0.79891574,-0.33537096
baf8ba50793de43554f6c2a2bb3a2cc0,C[C@H](NCCCc1ccccc1)C(=O)N1CCC[C@H]1C(=O)O,-0.3939455,-0.03252216,0.37321436,0.7897109,0.33069047,0.25748727,0.60760236,-0.23735593
e04161b80deff3ae72c55f3d540ca3d1,C.CC(=O)SCCC(=O)N(CC(=O)O)C(C)C,-0.4891503,-0.06081554,0.095069766,0.97655976,0.59562314,0.15845646,0.37387002,-0.084872976
d4fee19399a0236a0cc76eafcdd6b9fc,CCCc1nc2c(C)cc(-c3nc4ccccc4n3C)cc2n1Cc1ccc(-c2ccccc2C(=O)O)cc1,0.10318847,-0.45272875,-0.025081635,0.026645541,-0.44769883,-0.50312847,-0.17691779,-0.07265134
a6f96f2a6d2b96adbddf20905b757b48,O=C1N[C@@H](C(=O)O)Cc2ccccc2CCCCC[C@@H]1CS,-0.38608658,0.016633887,-0.17743963,-0.91910464,0.6712352,0.24886346,0.5316825,-0.19235756
bfce08cc960e4bdaf6caedbaf601f561,CCOC(=O)[C@H](CCc1ccccc1)N[C@@H](C)C(=O)N1Cc2ccccc2C[C@@H]1C(=O)O,-0.038403887,-0.08709356,0.3465029,0.8089912,-0.0028934407,0.28632474,0.60785407,-0.22377566
635cabca30b5e6c2bdc10f193426af76,CCCCC(NC(=O)C(Cc1ccccc1)C(C)S)C(=O)NC(Cc1ccc(O)cc1)C(=O)O,0.20200552,0.21239884,-0.5980738,0.47577167,-0.0594804,0.3575755,0.681633,-0.21381366
a4689239e3462715029233c73a95bfe6,CCCCCCCCCC(=O)N[C@@H](Cc1ccccc1)C(=O)CCC(=O)N1CCCC1C(=O)O,0.18726797,-0.18244208,0.36772335,0.7751852,0.00040427045,0.39748964,0.5151245,-0.21337703
950d9a6412af24ae90153d761fda6ad5,C[C@H](NC(=O)[C@@H](N)CCCCN)C(=O)N[C@@H](CCCCN)C(=O)N1CCC[C@H]1C(=O)O,0.19116424,0.6566188,0.34019518,0.7557119,0.07028057,0.14924411,0.6524547,-0.18767607
97acc6f88efc224e09fbb6d19bedd5ed,CCOC(=O)C(CCc1ccccc1)N[C@@H](C)C(=O)N1C(=O)N(Cc2ccccc2)C[C@@]1(C)C(=O)O,0.124201044,-0.08412816,0.34368122,0.7989886,0.282059,0.33536464,0.40988147,-0.17905001
9850fca6c8bc1c49aff3839ee09c9a9f,CCOC(=O)[C@H](CCc1ccccc1)N[C@@H](C)C(=O)N1C(=O)N(Cc2ccccc2)C[C@H]1C(=O)O,0.08511196,-0.052889343,0.3409835,0.79749227,0.22499987,0.27471408,0.5473355,-0.19492427
f8318ec7b755818865e2c63bdf830884,CC(S)C(=O)N[C@@H](CS)C(=O)O,-0.6540913,0.36523,-0.6519761,0.51507556,0.55078626,0.07748543,0.67164713,-0.09456493
eb7f462b1c39b06f0d3cb6b6d2848469,O=C1N[C@H](C(=O)O)CCCCCc2ccccc2C[C@@H]1CS,-0.38631296,0.016841967,-0.17656213,-0.9201686,0.66904896,0.24398303,0.560115,-0.19263011
cc94d6dee8d296c8a0718624f0304aa6,CC(C)[C@H](N)C(=O)N1CCC[C@H]1C(=O)N1CCC[C@H]1C(=O)O,-0.39656228,0.06483867,0.3795619,0.8156792,0.4015577,0.4418029,0.64803886,-0.15321621
77ea33574ff6cef2e5fef6489b3ee2b5,CCC(C)C(S)CC(Cc1ccccc1)C(=O)N[C@H](Cc1ccc(O)cc1)C(=O)O,0.02177049,0.050614957,-0.7201873,0.49787223,0.029037885,0.3549922,0.6272891,-0.21484558
c51817f3168d0ed2abe3c8abea0a9b30,Oc1cc(O)c2c(c1)OC(c1ccc(O)c(O)c1)C(O)C2c1cc(O)cc2c1C(c1cc(O)cc3c1C(c1cc(O)cc4c1C(c1cc(O)cc5c1C(c1cc(O)cc6c1CC(c1ccc(O)c(O)c1)C(O)O6)C(c1ccc(O)c(O)c1)C(O)O5)C(c1ccc(O)c(O)c1)C(O)O4)C(c1ccc(O)c(O)c1)C(O)O3)C(c1ccc(O)c(O)c1)C(O)O2,3.5595315,2.3874576,-0.5635464,-0.5925557,0.47335348,-0.26505527,-0.28241614,0.35175204
f20a1633596d88b6f65fbb237945f05a,O=C(O)[C@@H]1CCCN1C(=O)CP(=O)(O)O,-0.61240125,0.2829454,0.3375864,0.7406851,0.17630742,0.82826364,0.5765615,-0.043386206
bbca15b6c2d869c9ec4c0ad89c6dac7d,CC(C)(C)OC(=O)[C@@H]1CCCN1C(=O)CCC(=O)C(Cc1ccc(OCc2ccccc2)cc1)NC(=O)c1ccccc1,0.35272878,-0.3766998,0.36571229,0.77411246,-0.16232008,0.3496183,0.51137656,-0.27247566
16e14204b3dd40d76cf533b6d86a5ca0,Oc1ccc([C@@H]2Oc3ccc(/C=C/c4cc(O)cc(O)c4)cc3[C@H]2c2cc(O)cc(O)c2)cc1,-0.017489212,0.19008054,0.26756978,-0.32699472,0.26183766,-0.29759452,-0.26303306,0.36521453
723ee2df6bcbf5143f643053d71a8bd1,CC(=O)N[C@@H](CC(=O)O)C(=O)NC[C@H](CC1(C(=O)N[C@@H](Cc2ccc(O)cc2)C(=O)O)CCCC1)C(=O)O,0.36701232,0.70161945,-0.6641792,0.44417036,0.05174909,0.4232773,0.6511288,-0.20169759
2aa2745a8c7b030641d4c5fe3400c3b5,O=C(N[C@@H](Cc1ccccc1)C(=O)NCC(=O)N1CCC[C@H]1C(=O)O)c1ccccc1,-0.10230075,0.096001245,0.36067152,0.7770839,-0.0039042258,0.3333097,0.6541847,-0.2606584
70047ee004156fb8354badf31709b724,CCOC(=O)[C@H](CCc1ccccc1)N[C@@H](C)C(=O)N1C(=O)N(C)C[C@H]1C(=O)O,-0.123221695,0.05983374,0.34368122,0.7989886,0.15988123,0.31265533,0.5829386,-0.17660089
57d00d10fe5edd453cb21d07e7ffdee4,ONC=Nc1ccc(N2CCOCC2)c(Cl)c1,-0.5994283,0.032437954,0.73545766,-0.025512516,0.31990644,0.16351727,-0.01050699,-0.040205225
e96ea6968f635ad43399de93a8a2195b,O=C(O)[C@H](Cc1ccc(-c2ccccc2)cc1)NC(=O)[C@@H](S)c1ccccc1,-0.20254631,-0.059578147,-0.7251634,0.40767336,0.018339608,0.10602039,0.23649757,-0.16190374
8c42f12ff7b582a618dd72afdd230c27,CC(=O)NC(Cc1cnc[nH]1)C(=O)N1CCC=C1[P+](O)(O)CC(Cc1cc(-c2ccccc2)no1)C(=O)O,0.33578604,0.35107055,0.026333809,0.7742543,0.01871805,0.21227355,0.28610483,-0.1484004
6e7295a5260aec2a60a751ca2a43d524,C[C@H](CS)C(=O)N[C@@H](CSC(c1ccccc1)c1ccc(C2CCCCC2)cc1)C(=O)O,0.11403768,-0.20498556,-0.21093416,-0.95974267,0.12168231,0.29715818,0.4640423,-0.11409612
bcbd9398c1fd03f688376dfb93022ec6,CCOC(=O)C(CCc1ccccc1)N(C)C(C)C(=O)N1Cc2ccccc2CC1C(=O)O,-0.017941685,-0.24072374,0.3453852,0.80906427,0.06217558,0.21718164,0.60658234,-0.27719882
c99783b7c496f8b14b6f9cd3a2967720,CC(C)CC(S)CC(=O)NC(Cc1ccccc1)C(=O)O,-0.35021833,0.052353222,-0.7200552,0.40417838,0.42499718,0.0031601707,0.5210313,-0.08484658
badf4929140a8a17e7844829ec67ccf7,CC(=O)NC(CC(C)C)C(=O)N1CCC=C1[P+](O)(O)CC(Cc1cc(-c2ccccc2)no1)C(=O)O,0.28094435,0.15105854,0.027456522,0.7716644,0.10270481,0.20530617,0.36821374,-0.13079979
fe535aa24accaa70f1d3663695f3299a,O=C1N[C@H](C(=O)O)CCCCCCc2ccccc2C[C@@H]1CS,-0.34122205,-0.011567126,-0.17656213,-0.9201686,0.66904896,0.24398303,0.560115,-0.19263011
6bdde2e261e88edb9785e15a80190fa3,C[C@H](N)C(=O)N[C@@H](Cc1c[nH]c2ccccc12)C(=O)O,-0.47906014,0.32247362,0.047397852,0.89428544,-0.015527395,-0.041616023,0.584772,-0.2650398
ac44ea1f4d99394561446331fc8d5565,CCOc1nc(CC)c(CNC(=O)[C@@H](S)CC(C)C)n1Cc1ccc(-c2ccccc2C(=O)O)cc1F,0.22730999,-0.10644209,-0.041818798,0.04972768,-0.23562951,0.138606,-0.2243744,-0.11299493
5a9118921bd5871650a5d28ee79892a0,O=C1N[C@H](C(=O)O)CCCCc2ccccc2C[C@H]1CS,-0.43126363,0.04528201,-0.74588025,-0.34339428,0.66024154,0.18745826,0.5626277,-0.1929844
f4b335727b729242ddf9b3a41c35f5ed,NCCC[C@H](NC(=O)CCc1nc2ccccc2[nH]1)C(=O)N1CCC[C@H]1C(=O)O,-0.088803634,0.29090506,0.05046642,0.7932117,-0.26552188,0.3606997,0.48291248,-0.16817577
3c6b04b2c8d6bf2f38e0ad20976ef35c,CC(=O)NC(CC(C)C)C(=O)N1CCC=C1[P+](O)(O)CC(Cc1ccccc1)C(=O)O,0.0986159,0.13714908,0.026587605,0.7702738,0.17291851,0.2835652,0.47696012,-0.22209816
e17839762fb56bc637597f62e2311683,C[C@H](N)C(=O)N1C(=O)N(C)C[C@H]1C(=O)O,-0.6975252,0.22552691,0.33922124,0.7936256,0.56232285,0.23100004,0.55256623,-0.040712163
67c12be0ca2d0744d8bb4eb642932630,CC(=O)NC(Cc1cnc[nH]1)C(=O)N1CCC=C1[P+](O)(O)CC(Cc1ccccc1)C(=O)O,0.15222253,0.33759764,-0.7001088,0.48545682,0.1485032,0.22174855,0.41428337,-0.18412413
1d7a2ece7cf4fdff9162122101fc0b7d,CN[C@@H](Cc1c[nH]c2ccccc12)C(=O)N[C@@H](CCCN)C(=O)N1CCC[C@H]1C(=O)O,0.017684711,0.37105063,0.047926664,0.7937279,-0.21507894,0.3555246,0.667352,-0.27494752
c15c36b56e5e61fdcc6de9e6cef61ca3,O=C1N[C@H](C(=O)O)CCCCCCc2ccccc2C[C@H]1CS,-0.34122205,-0.011567126,-0.17656213,-0.9201686,0.66904896,0.24398303,0.560115,-0.19263011
7c30e7015eb7728b22d1d9b5b3499d73,O=C(O)C(CCc1ccccc1)N[C@@H](Cc1ccccc1)C(=O)NC[C@H](O)C(=O)O,-0.012654694,0.40358427,-0.48566002,0.23934507,0.19200417,0.057536658,0.5170742,-0.16613978
639b5886ceac69312bb4737f4ad3c13a,O=C1N[C@H](C(=O)O)CCCCc2ccccc2C[C@@H]1CS,-0.43126363,0.04528201,-0.74588025,-0.34339428,0.66024154,0.18745826,0.5626277,-0.1929844
d6cdf6e53078af98cb37974832f49160,CC(C)C[C@H](N[C@@H](Cc1cncn1Cc1cc(Cl)cc(Cl)c1)C(=O)O)C(=O)O,-0.08623734,0.057787467,-0.72647244,0.55617416,0.18721117,-0.075389445,0.33887693,-0.13275787
2c5e260a298b394116d45bf056266b77,CC(C)C[C@H](S)[C@H](Cc1ccccc1)C(=O)N[C@@H](C)C(=O)O,-0.30756536,0.023980308,-0.73866,0.49757993,0.3294194,0.12674315,0.561466,-0.13706265
73e77f743f207e48249c12180c596e9d,COC(=O)[C@@H]1CCCN1C(=O)[C@@H](Cc1ccccc1)N(C)C(=O)[C@H](C)NC(=O)[C@@H](NC(=O)C[C@H](O)[C@H](CC(C)C)NC(=O)[C@H](CC(N)=O)NC(=O)[C@H](CC(C)C)NC(=O)[C@H](OC(=O)[C@@H](OC(=O)[C@H](C(C)C)N(C)C)C(C)C)C(C)C)[C@@H](C)O,2.3711917,0.62648416,-0.6819117,0.462381,-0.3414697,0.5165686,0.7495457,-0.4337421
d24fdd0fa11debde191acecc8c2f13bc,O=C1N[C@@H](C(=O)O)Cc2ccccc2CCCCCCC[C@@H]1CS,-0.29577282,-0.040160146,-0.17743963,-0.91910464,0.6712352,0.24886346,0.5316825,-0.19235756
3c05f7a1590591592e2b8c77fa7ad43e,CC(C)c1ccc(CSC(C)(C)[C@H](NC(=O)[C@H](C)CS)C(=O)O)cc1,-0.112145886,-0.0707167,-0.21309942,-0.9521489,0.4505266,0.24504186,0.51073295,-0.18960214
6d0354887b82a85dbfc80e0b52fc180e,C[C@H](CC(=O)O)C(=O)N1CCC[C@H]1C(=O)O,-0.6336109,0.13097514,0.35955882,0.79801023,0.45866382,0.2549025,0.60240686,-0.12796146
79b946bcc00b919d175966580de4dabc,C[C@@H](CS)C(=O)N1CCC[C@@H]1C(=O)O,-0.67289263,0.055104766,0.35955882,0.79801023,0.5029185,0.14393619,0.63950133,-0.13779011
f3bc6e9497d79982f9ef5b38a894c234,N[C@@H](CC(=O)N1CCn2c(nnc2C(F)(F)F)C1)Cc1cc(F)c(F)cc1F,-0.3262492,-0.13343191,-0.8767712,-0.16189855,-0.7075571,0.23167858,0.4659565,0.08350186
155117149aac330df4f405bd870191d4,CC(S)C(Cc1ccccc1)C(=O)NCC(=O)O,-0.50008404,0.13122468,-0.72734785,0.50340176,0.43810686,-0.19858387,0.3962349,-0.07329853
ea32389ad48623c5f653aef8228b354a,CC(=O)C[C@]1(O)C(=O)C2=C3O[C@H](C)C(C)(C)[C@]3(O)C(=O)c3c(C)cc(O)c(c32)C1=O,-0.13413604,0.18188877,-0.5321026,0.28680813,0.7758512,-0.12566346,-0.18107624,0.4205377
691b75d5ed1841e38c532e60ceb6693b,CC(C)CC(S)C(Cc1ccccc1)C(=O)NC(C)C(=O)O,-0.30756536,0.023980308,-0.73866,0.49757993,0.3294194,0.12674315,0.561466,-0.13706265
fc53a194392aae21680161f1165bfe26,CC(C)C[C@H](S)C(=O)N1CCC[C@H]1C(=O)N1CCC[C@H]1C(=O)N1CCC[C@@H]1C(=O)O,-0.058608133,-0.08976001,0.3816843,0.81470704,0.33695447,0.45099106,0.6250609,-0.12451825
77d03619ecb1e69da0bfa75750b480b9,Oc1ccc([C@H]2Oc3ccc(/C=C/c4cc(O)cc(O)c4)cc3[C@@H]2c2cc(O)cc(O)c2)cc1,-0.017489212,0.19008054,0.26756978,-0.32699472,0.26183766,-0.29759452,-0.26303306,0.36521453
926c3dbfafb441ce1eafd2a3e8a40215,CCCCC(CC(=O)NO)S(=O)(=O)c1ccc2ccccc2c1,-0.2830179,-0.07960735,-0.66605663,0.343387,-0.29755908,0.66168004,0.55267173,0.021366527
cd496813e7abf268d7dde08427dd6cd8,C[C@H](NC(=O)[C@@H](N)CCCCN)C(=O)N[C@@H](CCCCN)C(=O)N[C@@H](Cc1ccccc1)C(=O)O,0.36828578,0.7298516,-0.66984075,0.456941,-0.05109925,0.3495893,0.6606125,-0.2257394
9f0c3e6d39dcf75c2bcff07c518f09bf,O=C(O)[C@H](Cc1ccc(-c2ccccc2)cc1)NC(=O)[C@@H](S)C1CCCCC1,-0.14364609,-0.10195647,-0.7286233,0.41037714,-0.015495899,0.28047732,0.14174363,-0.14114502
1e44e78c5ceffc109c30c58489dd2bb0,O=C1O[C@H]2[C@@H]3OC(=O)c4cc(O)c(O)c(O)c4-c4c(cc(O)c(O)c4O)C(=O)OC[C@H]2O[C@@H](OC(=O)c2cc(O)c(O)c(O)c2)[C@@H]3OC(=O)c2cc(O)c(O)c3c2[C@@H]2C1=CC(=O)[C@](O)(O3)C2(O)O,1.4376146,1.9565746,0.021463275,-0.53125745,0.49743348,-0.025344014,-0.24126306,0.5053491
c0f8b5e7bf0d86f561d8e3454b1fa12c,CC(C)(C)OC(=O)N[C@@H](Cc1ccccc1)C(=O)CCC(=O)N[C@@H](Cc1c[nH]c2ccccc12)C(=O)O,0.1897233,0.11463284,0.040056348,0.90786767,-0.07229206,0.23563679,0.5533656,-0.24573635
c0970b00002e09f5e1c68909797a6e24,O=c1cc(N2CCOCC2)oc2ccccc12,-0.7069378,-0.1991214,0.7009946,-0.23820508,-0.10268925,-0.45819008,-0.5586547,0.27075052
8099cebbb538178a62a8c624c3f5ac55,O=C(O)CN(CCN(CC(=O)O)CC(=O)O)CC(=O)O,-0.3478277,0.56458163,-0.44675052,0.27208662,0.44417974,0.19449048,0.5156805,-0.098389685
d8e5c83c7f99f781192674e0417695c4,CC(CS)C(=O)N1Cc2ccccc2C1C(=O)O,-0.5761419,-0.012316103,0.34899175,0.8162228,0.5097263,-0.005272717,0.4854521,-0.25747973
f286cbf7619d5123e877b93c99617cdc,Cc1ccc(S(=O)(=O)N(C)NC(=O)C2C[C@@H](S)CN2S(=O)(=O)c2ccc3ccccc3c2)cc1,0.13020708,-0.18344605,0.15654087,0.44397926,-0.3608301,0.5976994,0.807503,0.04251428
1168c16a52561a75d1064544f4535aa0,CC(CSC(=O)CC(C)(C)C)C(=O)N(CC(=O)O)C1CCCC1,-0.2588462,-0.22019628,0.09601116,0.9768686,0.49356458,0.21932091,0.54969245,-0.09410312
2435b6ae514c9a58ba1f815c85dd5bc2,O=C(O)CN1CCC(NC(CCc2ccccc2)C(=O)O)C1=O,-0.34635383,0.2030793,0.72040045,-0.32274342,0.18444388,0.3431597,0.5689164,-0.19973567
5728dacf49b341c4b87d51b33a5cd652,NC(N)=NCCC[C@H](N)C(=O)N[C@@H](Cc1c[nH]c2ccccc12)C(=O)O,-0.16020764,0.6217927,0.024768114,0.89503264,-0.1453952,0.22042426,0.591501,-0.2821523
a6160840a92f4e6455e00e48ceee8af9,C[C@H](NC(=O)[C@@H](N)CCCN=C(N)N)C(=O)N1CCC[C@@H]1C(=O)O,-0.2081574,0.5946095,0.36256266,0.7843075,0.16219187,0.24209855,0.6683769,-0.24174505
4e90d1dfac0b3f8f7ddd0b7d48500cef,CC(C)C[C@H](S)[C@@H](Cc1ccccc1)C(=O)N[C@@H](C)C(=O)O,-0.30756536,0.023980308,-0.73866,0.49757993,0.3294194,0.12674315,0.561466,-0.13706265
01c9481193ae2f022dd1b2f6f9be5a5f,Oc1ccc(/C=C/c2cc(O)c(I)c(O)c2I)cc1,-0.3992812,-0.029404167,0.26254737,-0.11424947,0.5536007,-0.5427193,-0.25712717,0.27657536
efe4dc5a287a46ebc49a7052bb471b07,Oc1ccc(C2Oc3ccc(/C=C/c4cc(O)cc(O)c4)cc3C2c2cc(O)cc(O)c2)cc1,-0.017489212,0.19008054,0.26756978,-0.32699472,0.26183766,-0.29759452,-0.26303306,0.36521453
d36d31c0af8350d1f05e898f11b85692,O=Cc1ccc2c(c1)[C@H](c1cc(O)c(I)c(O)c1)[C@@H](c1ccc(O)cc1)O2,-0.2126968,-0.014267336,-0.5685911,-0.57204485,0.36341038,-0.38781598,-0.20106481,0.30964044
74ea42f20ff004df29d7221206601577,Oc1ccc(/C=C/c2cc(O)cc(O)c2-c2c(O)cc(O)cc2/C=C/c2ccc(O)cc2)cc1,0.02061428,0.3219645,0.19882119,-0.16330117,0.50265235,-0.51752186,-0.29594302,0.25397605
b282e38edfea1c07dcbc73a00f556074,N[C@@H](CCN[C@@H](CCN1CC[C@H]1C(=O)O)C(=O)O)C(=O)O,-0.28452748,0.61225,-0.45562744,0.47217536,0.38084108,0.22520831,0.5971996,-0.22202344
bb83e5a5d5d2a76c56ba6c97eae1c16b,CC(=O)SCC1CCCN(C(C(=O)O)c2ccccc2)C1=O,-0.39388785,-0.14965926,0.73166907,-0.34769112,0.42222756,0.3041337,0.48436457,-0.12402124
8676c26cb7febd9422557f2ba33673e8,O=C(CS)N[C@@H](CS)C(=O)O,-0.6961047,0.39610347,-0.8069676,0.37515187,0.57191515,-0.08490979,0.5324643,-0.05256942
b51ba16fc4c34cb849a69655df4ee99e,CC[C@@H](C)[C@H](S)C(=O)N[C@@H](Cc1ccccc1-c1ccccc1)C(=O)O,-0.20381905,-0.0482306,-0.44129956,0.7645781,0.22512907,0.11869548,0.34786293,-0.14465126
0de38d418f0a745a378b0643ddf1973f,N[C@@H](Cc1ccccc1)C(=O)NCC(=O)N1CCC[C@H]1C(=O)O,-0.36333993,0.22092538,0.3397174,0.7822795,0.26362023,0.28671086,0.61046165,-0.23339202
c284b0dd095328a7dbab3f1efca670fc,Oc1ccc(/C=C/c2cc(O)c(I)c(O)c2)cc1,-0.52534384,0.044732902,0.26254737,-0.11424947,0.5426776,-0.48931178,-0.25092098,0.23011552
b11f56f6b53ebe5baab8602a77cf08dc,CC(C)[C@H](N)C(=O)N[C@@H](Cc1ccc(O)cc1)C(=O)O,-0.42259154,0.34857592,-0.65662956,0.42740154,0.22716871,0.25794643,0.64966583,-0.2028282
7ab2344eb81dcf6ed5b3333f5de8e955,O=C(O)CCC(=O)N1CCC[C@H]1C(=O)O,-0.67493147,0.15704344,0.34153616,0.7218081,0.45893854,0.2826812,0.58846104,-0.12262998
9e2221aedfb0f331f6691c984a29c140,O=C(NC(Cc1ccccc1)C(=O)CCC(=O)N1CCCC1c1nn[nH]n1)c1ccccc1,-0.01676114,-0.018004145,0.36419022,0.7793975,-0.13087913,0.24404658,0.46850097,-0.13306186
a0439a8cc8eae2b726984115604fb63d,Cc1ccc(S(=O)(=O)N(CC(=O)C(Cc2ccccc2)NC(=O)c2ccccc2)CC(=O)N2CCC[C@@H]2C(=O)O)cc1,0.37225866,-0.14956877,-0.45122927,0.2760955,-0.15757506,0.5029717,0.7358377,-0.029000394
98b47ff543c5b34155dc3043802ac681,CC(=O)SCCC(=O)N1Cc2ccccc2C1C(=O)O,-0.49338323,-0.1005229,0.32314885,0.7462199,0.52091813,-0.038383264,0.40472013,-0.19626585
688cbafe49216501122da22837b43baa,O=c1c2cc(O)c(O)cc2oc2c(O)c(O)ccc12,-0.5694975,0.382234,-0.39823824,0.076459646,0.07899187,-0.732203,-0.3850694,0.23902252
a15d3fe405c6f1796272fa2f2370d070,Oc1ccc(/C=C/c2cc(O)cc(O)c2I)cc1,-0.5245326,0.04397494,0.19882119,-0.16330117,0.5542325,-0.53417623,-0.25509042,0.27866575
43a4ed709c20a74a92dd99f68bc833e0,CC(=O)SCC(C)C(=O)N1Cc2ccccc2C1C(=O)O,-0.4493033,-0.12918156,-0.31022203,0.7237512,0.44207212,0.008425505,0.44483837,-0.18115778
fd3ad122c2537f702022ec2e725d02d0,NC(Cc1ccccc1)C(=O)CCC(=O)N1CCC[C@H]1C(=O)O,-0.35740083,0.054069657,0.3397174,0.7822795,0.38106182,0.26915336,0.56350225,-0.16281518
c325fc9b8230f29f3b49b7962eecd3be,CC[C@@H](C)[C@H](S)C(=O)N[C@@H](Cc1ccc(OCc2cc(C(F)(F)F)cc(C(F)(F)F)c2)cc1)C(=O)O,0.10161047,-0.15492311,-0.44251102,0.7571491,-0.6427084,0.29800677,0.3237661,-0.21626566
057b38d1abea09ca084b8762adcd20c2,C[C@H](NC(CCc1ccccc1)C(N)=O)C(=O)N1CCC[C@H]1C(=O)O,-0.25667697,0.16787381,0.34700096,0.7982383,0.20574632,0.26397774,0.6267113,-0.2263371
e17e76cad8c4e00b0bff3fd9e8305f45,NCCCC[C@H](N[C@H](CCc1ccccc1)C(=O)O)C(=O)N[C@@H](Cc1c[nH]c2ccccc12)C(=O)O,0.26163602,0.41581348,0.02536285,0.8978026,-0.16445138,0.36622852,0.6430884,-0.31607148
bd76025cb21276d7256ee6f7f2b3ceab,O=C(/C=C/c1ccc(O)c2c1[C@H](C(=O)O[C@H](Cc1ccc(O)c(O)c1)C(=O)O)[C@@H](c1ccc(O)c(O)c1)O2)O[C@H](Cc1ccc(O)c(O)c1)C(=O)O,0.8295273,0.94829214,0.29765522,-0.38202047,0.3352203,-0.09450141,-0.20482403,0.39051786
a1ee92a42918783ec18440741a8fd3e1,CCCC(C(=O)O)N1CCCC(CSC(C)=O)C1=O,-0.4380576,-0.11017469,0.73166907,-0.34769112,0.524254,0.3473555,0.5027058,-0.09397993
d520dc2bc47091f962419d379ca0ebdd,NCC(=O)N[C@@H](Cc1c[nH]c2ccccc12)C(=O)O,-0.5203836,0.35151884,0.041851997,0.8994006,-0.038692743,-0.38427448,0.47264764,-0.23967975
33a41ce6c9d2bd811ae2596a682d2404,CN(C(=O)CCS)[C@@H](Cc1ccccc1)C(=O)O,-0.5276219,0.009375145,-0.50810146,0.41928208,0.55105007,-0.16723049,0.4298945,-0.12871653
7c76261fc544b20001ab191bcf776ef8,CCCCCCC[C@H](N)[C@H](O)C(=O)N(C)[C@@H](CC[S+](C)[O-])C(=O)N[C@@H](Cc1ccc(O)cc1)C(=O)O,0.42643982,0.36367294,-0.6794228,0.49498427,-0.1488548,0.46173164,0.70157236,-0.21088183
c0eacb06673547062c2e09dd58abf984,CCCc1cnc(N2C[C@H](S)CC2CNCc2cc(F)ccc2F)nc1,-0.23477212,-0.14335963,-0.44949013,0.25481713,0.19504523,0.21149124,0.22630231,-0.39395583
2c628257aecc43412a725503b63a81ea,CC(C)C[C@H](CC(=O)O)C(=O)N[C@@H](CO)C(=O)O,-0.43997237,0.4164751,-0.625688,0.5547751,0.43284556,0.24728681,0.62314,-0.096532516
564b0535abf10e3eeb9ef2e3e710f0bd,CC(C)C[C@@H](CC(=O)O)C(=O)N[C@@H](CO)C(=O)O,-0.43997237,0.4164751,-0.625688,0.5547751,0.43284556,0.24728681,0.62314,-0.096532516
1c4d3d75b704b083b30e10eceb1e97fc,CC(C)C[C@H](CC(=O)N[C@@H](CO)C(=O)O)C(=O)O,-0.4398315,0.4163539,-0.625688,0.5547751,0.5345641,0.14360999,0.53599834,-0.05354443
37277acbcda53ca85ad9ffed4fcfb06e,CC(C)C[C@@H](CC(=O)N[C@@H](CO)C(=O)O)C(=O)O,-0.4398315,0.4163539,-0.625688,0.5547751,0.5345641,0.14360999,0.53599834,-0.05354443
1816f1488eefbcd634053978d1ae5be8,Oc1ccc(/C=C/c2cc(O)cc3c2[C@@H](c2cc(O)cc(O)c2)[C@H](c2ccc(O)cc2)O3)cc1,-0.017164545,0.18970098,0.2691828,-0.330997,0.28165042,-0.28224397,-0.24993023,0.2911377
4c52b9fd66d39c99baf8bafbf8724b97,O=C(O)CCNC(=O)C(CS)Cc1ccccc1,-0.48810536,0.1369427,-0.7201083,0.5167005,0.39440805,-0.12021177,0.41475198,-0.07617846
537e4c9ce486d226cfb8fefe9a442488,CC(=O)SCC1CCN(CC(=O)O)C1=O,-0.6331251,-0.0020298318,0.73011327,-0.3431961,0.52160037,0.2622302,0.48027313,-0.0377596
2a0ddaa111d357916316ac12185f07d1,CCO[C@@H](c1cc(O)cc(O)c1)C(c1ccc(O)cc1)c1c(O)cc(O)cc1/C=C/c1ccc(O)cc1,0.1861553,0.31417507,0.19882119,-0.16330117,0.4777126,-0.27922437,-0.31258407,0.29640546
d6ada5663678e91b8cea68bc9f158ced,CC(C)(C)OC(=O)N[C@@H](Cc1ccccc1)C(=O)CCC(=O)N1CCC[C@H]1C(=O)O,-0.08800723,-0.039983336,0.3667487,0.7761376,0.10049261,0.38027295,0.60200614,-0.21601051
ce02f0c5808c4ccc3a84a1830d799a07,CCCC[C@H](CC(=O)NO)S(=O)(=O)c1ccccc1,-0.4001424,0.0043837475,-0.35980535,0.813254,-0.13612318,0.78896713,0.50787866,0.02919471
4aba2cc42a6deaedcbf8a942716a2311,CC(=O)SCC1CCCN(C(C)C(=O)O)C1=O,-0.54613465,-0.060667474,0.73166907,-0.34769112,0.52197987,0.33219323,0.46784,0.036695793
24165c7fa25c83253ea4ad694d3445d2,NCC(=O)N[C@@H](CCC(=O)O)C(=O)N1CCC[C@H]1C(=O)N[C@@H](Cc1ccccc1)C(=O)O,0.06473844,0.5069633,0.37962973,0.8318162,0.021372335,0.43020555,0.64569783,-0.22356758
f1894a82e5499ee8f526dc7031e1b0fe,CCO[C@@H](c1cc(O)cc(O)c1)[C@@](O)(c1ccc(O)cc1)c1c(O)cc(O)cc1/C=C/c1ccc(O)cc1,0.24314089,0.49221435,0.19882119,-0.16330117,0.4455599,-0.08994202,-0.2518724,0.16847694
5f72493a4ba4ae8585897845541bbcaf,COC(=O)c1ccccc1NC(=O)CN(C)C(=O)C1C[C@@H](S)CN1S(=O)(=O)c1ccc2ccccc2c1,0.18405946,-0.138834,-0.83982736,0.008628607,-0.2588659,0.57272506,0.61968666,0.06400348
ae99a2d65ec356597d9f8086dd2fab75,CC(C)(S)C(=O)N[C@@H](Cc1c[nH]c2ccccc12)C(=O)O,-0.41223636,0.20649676,0.0408535,0.90909374,0.0332352,-0.31484258,0.50079805,-0.23669602
cb9417ac21e7bb2e6131b85661424e1a,Oc1ccc(/C=C/c2cc(O)c(I)c(O)c2-c2c(/C=C/c3ccc(O)cc3)cc(O)c(I)c2O)cc1,0.2717868,0.17432462,0.26254737,-0.11424947,0.4812641,-0.5318387,-0.29258913,0.23637149
18d7b063fe7645287b628afd072eaf0f,CC(C)(C)OC(=O)[C@@H]1CCCN1C(=O)CCS,-0.5680294,-0.12171146,0.3357041,0.7364329,0.6615569,0.20400791,0.62791383,-0.09896738
a5b4af58e49a8cda4dafc8e34cb58a15,CC(C)CC(N[C@@H](Cc1cncn1Cc1cc(Cl)cc(Cl)c1)C(=O)O)C(=O)O,-0.08623734,0.057787467,-0.72647244,0.55617416,0.18721117,-0.075389445,0.33887693,-0.13275787
8a327e79133beae302c7eb6a641a9945,CC(C)C[C@@H](N[C@@H](Cc1cncn1Cc1cc(Cl)cc(Cl)c1)C(=O)O)C(=O)O,-0.08623734,0.057787467,-0.72647244,0.55617416,0.18721117,-0.075389445,0.33887693,-0.13275787
162ab1450dbb5e65450b423343acdc47,O=Cc1ccc2c(c1)[C@@H](c1cc(O)cc(O)c1)[C@H](c1ccc(O)cc1)O2,-0.3384912,0.060119335,0.2669314,-0.33116084,0.38463035,-0.32627892,-0.16881317,0.27905956
7fcdb87ebbd92e0379f51820775686ef,CC(C)(C)OC(=O)N[C@@H](Cc1ccccc1)C(=O)CCC(=O)N[C@@H](Cc1ccccc1)C(=O)O,0.085773215,0.03306884,-0.34381342,0.19512236,0.38551578,0.25430888,0.5448229,-0.09953555
6a954769f22121f23c574dbe6b6c0f4b,C[C@H](N)C(=O)N1CCC[C@H]1C(=O)O,-0.75348574,0.16342856,0.38014293,0.8143467,0.5084978,0.21814685,0.64608413,-0.12638076
e8d8b17d63de59d2545357d4efb90383,O=C(O)[C@@H]1CCCN1C(=O)CCP(=O)(O)O,-0.5553448,0.2547849,0.34638214,0.7311622,0.17867227,0.85272294,0.5926105,-0.06870078
5ecb03f56fb109d0256d1317650c791e,CC(CS)C(=O)N1CCc2ccccc2C1,-0.6685183,-0.20523956,-0.31225663,0.7223748,0.5394134,-0.021601819,0.43865237,-0.20370515
6841f8bdc4517120d77999b6aeec26fe,O=c1c2ccc(O)c(O)c2oc2cc(O)cc(O)c12,-0.5698516,0.38256177,-0.39706957,0.07363224,0.05108699,-0.7275642,-0.43577802,0.2591732
4a110f2713b5437a9e01760898170a87,CC(=O)SCC(C)C(=O)N1CCc2ccccc2C1,-0.54142857,-0.32197934,-0.31225663,0.7223748,0.47191408,-0.007781679,0.38882768,-0.12512855
dd13975ad8cfc8a8c2aa2b4add780369,CC(C)C[C@H](S)C(=O)N1CCC[C@H]1C(=O)N1CCC[C@H]1C(=O)N1CC[C@H](C(=O)O)C1,-0.058638502,-0.08662897,0.3795483,0.8126191,0.29529116,0.4714482,0.6365979,-0.15237394
4314895331b82a2c3177785005ad6598,O=C(CCn1c(-c2ccc(O)cc2)n[nH]c1=S)Nc1cccc(C(F)(F)F)c1,-0.24086314,0.026906747,0.0031522512,0.32368994,-0.8027936,0.10283129,0.36784202,0.3420687
f9bd30235a887e854c08acf53e6c0f3c,CC(C)C[C@H](C(=O)O)N1CCO[C@@H](c2ccccc2)[C@H](NC(=O)[C@H](S)Cc2ccccc2)C1=O,0.08679555,-0.03886028,0.71056294,-0.34143806,-0.18662168,0.23968278,0.59206593,-0.17535076
fb13fe1bc1c52f5b136bbaf87b7a962b,O=CC(Cc1ccccc1)NC(CCc1ccccc1)C(=O)O,-0.36307538,-0.046569657,-0.47741467,0.24499929,0.41986054,-0.15663183,0.24116087,0.033680547
14ffc7a80f4c96403cdf47a7ebdca1ed,CC(C)C[C@@H](C(=O)O)N1CCO[C@@H](c2ccccc2)[C@H](NC(=O)[C@@H](S)Cc2ccccc2)C1=O,0.08679555,-0.03886028,0.71056294,-0.34143806,-0.18662168,0.23968278,0.59206593,-0.17535076
a3786bb009f398eee66d4b3b92a63b83,O=C(CCC(=O)N1CCCC1C(=O)O)NO,-0.6071096,0.31042776,0.34153616,0.7218081,0.43203712,0.27200785,0.58341175,-0.13264757
09302b9042b3fc495fba24bdc3a3dd5e,C[C@@H](N)C(=O)N[C@@H](Cc1ccccc1)C(=O)O,-0.5835812,0.24067973,-0.6762925,0.45414793,0.2272433,0.108729795,0.61974597,-0.18386348
5bac794fb40e8873a4cfbb589fd94cfd,CC(C)[C@H](N)C(=O)N[C@@H](Cc1ccccc1)C(=O)O,-0.48581675,0.18732567,-0.6564763,0.43038476,0.21287191,0.17006172,0.63559884,-0.18686086
ae5a70d278dde4ab06844399b6f848e8,O=C(O)C1c2ccccc2CN1C(=O)CCS,-0.6216099,0.01759081,0.31373632,0.73738635,0.57737815,-0.050460383,0.46681195,-0.2671663
9bb9434740f57ee12d15c05d3fd71215,CC(CS)C(=O)N1CCc2ccccc2C1C(=O)O,-0.53402096,-0.031625915,0.34899175,0.8162228,0.50484407,-0.010123181,0.49260294,-0.32160005
5b6601d9a2e0cc60bab7a4bf556c1552,Oc1ccc(/C=C/c2cc(O)cc(O)c2Cl)cc1,-0.59482884,0.07728527,0.19882119,-0.16330117,0.5654434,-0.554653,-0.275286,0.2593896
18be1c95ffe7abc05dd70c3532acec5c,N#CCC(=O)N[C@@H](Cc1ccccc1)C(=O)N[C@@H](Cc1ccccc1)C(=O)O,-0.18290403,0.14901151,-0.47139037,0.24923694,0.09346546,0.15798716,0.61199015,-0.16783363
9d8127e792aba9559fc8611bc5e0b2de,Cc1ccc(S(=O)(=O)N[C@@H](Cc2ccccc2)C(=O)NCC(=O)N2CCC[C@H]2C(=O)O)cc1,0.0552272,0.08061191,0.3406154,0.78050137,-0.16648908,0.5373515,0.711889,-0.042407054
c1911d9ccb62272c9d7c5f64c7be6acd,O=C(CCS)N[C@@H](CS)C(=O)O,-0.639409,0.37022248,-0.59409124,0.461303,0.5866765,-0.01882697,0.5564378,-0.05636026
4160efbe6e5598e717d4ccf2a9fa90df,C[C@@H]1C[C@@H](O)[C@@H]([C@H](C)[C@H]2CCC3=C(C[C@H]4C3=CC(=O)[C@H]3C[C@@H](O)CC[C@@]34C)[C@H]2C)N(C)C1,-0.00421937,-0.34887773,0.00288558,-0.48016298,0.64963907,0.5441399,-0.0029938465,0.5148436
ae7193e92e836e43f6965072dbe8f58d,CC(C)C[C@H](S)C(=O)N1C[C@@H](F)C[C@H]1C(=O)N1CCC[C@H]1C(=O)N1CC[C@@H](C(=O)O)C1,-0.03983261,-0.091019556,0.37914526,0.8110683,0.24763419,0.49391598,0.6353013,-0.1708404
98e8a0cceb6bf925b4808de7ebb981c1,O=C(O)CCCC(=O)N1CCC[C@H]1C(=O)O,-0.62037575,0.13157217,0.3375864,0.7406851,0.44407263,0.30706263,0.5815078,-0.11592449
a963c26d3ad16a449b0143adfc78a861,C[C@@H]1O[C@@H](OC[C@H]2O[C@@H](Oc3c(-c4ccc(O)c(O)c4)oc4cc(O)cc(O)c4c3=O)[C@H](O)[C@@H](O)[C@@H]2O)[C@H](O)[C@H](O)[C@H]1O,0.55178034,1.291092,-0.4440366,0.06844187,0.34547406,0.06980992,-0.3694176,0.27175564
e14b7afb2144cb93aa35a6edb384d1b0,CC(C)C[C@H](NC(=O)CNC(=O)[C@H](CCC(=O)O)NC(=O)[C@@H]1CCCN1C(=O)[C@@H](N)C(C)C)C(=O)N[C@@H](CC(N)=O)C(=O)N[C@@H](CO)C(=O)N[C@@H](Cc1c[nH]c2ccccc12)C(=O)N1CCC[C@H]1C(=O)N[C@@H](Cc1ccccc1)C(=O)O,2.2353656,1.3510473,0.38140833,0.82648134,-0.32096514,0.696022,0.7254532,-0.3623706
af4d8f73ad51358c766bb600c2a8b6ab,O=C(O)C[C@H](NC(=O)CS)C(=O)O,-0.6568518,0.47058186,-0.8069676,0.37515187,0.6298348,-0.03901604,0.53093344,-0.066727705
953de77d3aaff13ac880fea400e4565a,N[C@@H](Cc1ccccc1)C(=O)N1CCC[C@H]1C(=O)N1CCC[C@@H]1C(=O)O,-0.28697553,0.014496748,0.32959473,0.7872145,0.32525784,0.40282574,0.59097695,-0.21017076
f25d9737af0979f0d76b8cd74168902e,CCCCC(CC(=O)NO)S(=O)(=O)c1ccccc1,-0.4001424,0.0043837475,-0.35980535,0.813254,-0.13612318,0.78896713,0.50787866,0.02919471
aefa5db4a294c21565e1f79af6c05ab9,O=C(/C=C/c1ccc(O)c(O)c1)O[C@@H]1[C@H](O)C[C@@](O)(C(=O)O)C[C@H]1OC(=O)/C=C/c1ccc(O)c(O)c1,0.24079193,0.7845593,0.23062384,-0.36241442,0.3929626,0.093159646,-0.18751228,0.37174445
f5eb9deb5c3d76bcc23024fe199136a5,O=C(CCC(=O)[C@H](Cc1ccccc1)NC(=O)c1ccccc1)N[C@@H](Cc1ccccc1)C(=O)O,0.07787077,0.0016086296,-0.56423265,0.31723225,0.27753517,-0.06428045,0.47947544,-0.08502202
efe68086368bb21c3c40e7de5acc0a1e,O=C(O)[C@@H]1CCCN1,-0.94980514,0.13868694,-0.67887974,-0.36034244,0.5591582,0.28762138,0.4485758,-0.06393079
7e217a1e0109ccb1c21fa8b91559769f,C[C@H](N)C(=O)N[C@@H](Cc1ccc(O)cc1)C(=O)O,-0.5203413,0.4019281,-0.6732115,0.4513644,0.2659333,0.19684961,0.633989,-0.19877432
8429ad73aaaecc61770bdbd3471535f9,CCOC(=O)[C@H](CCc1ccccc1)N[C@@H](C)C(=O)N1Cc2cc(OC)c(OC)cc2C[C@@H]1C(=O)O,0.1426381,-0.059589934,0.3469591,0.8102753,0.026340434,0.25761548,0.5521692,-0.25715473
2147e057055f5e33117fbad33167ef4a,O=C(CN1Cc2c(Cl)cccc2NC1=O)NO,-0.6294904,0.18664975,-0.4573766,-0.48777008,0.48270226,-0.04814146,0.32954413,-0.209809
9cc8137247890d0ac4ce12a7937446eb,Oc1cc(O)c2c(c1)OC(c1ccc(O)c(O)c1)C(O)C2c1cc(O)cc2c1CC(c1ccc(O)c(O)c1)C(O)O2,0.3484848,0.84387606,-0.5635464,-0.5925557,0.5017926,-0.27979368,-0.25056398,0.33516786
c3fd5aaebd1dbfb152771e45ef402d76,CC1=C(C)S(=O)(=O)N(c2c(F)c(F)nc(F)c2F)C1=O,-0.5856141,-0.21275848,0.03448701,-0.25358117,-0.40729904,0.7630348,0.365058,0.1822267
fd9a5c8a6582a02c6ebacc02fcc36cb0,O=C1C2=C(CCCC2)S(=O)(=O)N1c1cccc(Cl)n1,-0.5485368,-0.25906277,0.735214,-0.40546852,-0.028993571,0.88960236,0.24640298,0.2642085
32e1ed105e819fbd97e7873d80dca462,O=C1C2=C(CCCC2)S(=O)(=O)N1c1ccncc1.[O-][Cl+3]([O-])([O-])O,-0.34115198,0.17107858,0.014025807,-0.15336734,-0.15508576,0.87103695,0.24830101,0.34367782
049638a113dbfeda5fd22d6772732305,CC(=O)SCC1CCCN(CC(=O)O)C1=O,-0.58822685,-0.03035501,0.73011327,-0.3431961,0.5031643,0.22980385,0.50000405,-0.050979074
f1f43b2849c4ac2e634e3391427bf629,O=C(O)CCCN=C[PH](O)(O)CCc1ccccc1,-0.35775697,0.13472982,0.0619632,-0.29162794,0.5121517,-0.15482724,0.056514293,0.1382875
d79e7688be27102189663ab8952aa537,CC(C)[C@@H](O)C[C@H](O)[C@H](CC1CCCCC1)NC(=O)[C@H](Cc1c[nH]cn1)NC(=O)c1cc2ccccc2[nH]1,0.33114696,0.29470938,-0.5042757,0.47761643,-0.20182616,0.3735162,0.6445022,-0.3238376
5477cfc12e60f6883c90fef461a3fec0,CC(=O)SCC(C)C(=O)N1CCc2ccccc2C1C(=O)O,-0.40697142,-0.1484217,-0.31022203,0.7237512,0.4656514,0.012133561,0.45894858,-0.25062388
af3a4f27e6434e6f9f9910c5de98692a,CCCCC(CC(=O)NO)[S+]([O-])c1ccccc1,-0.445336,-0.022948917,-0.6686568,0.34042668,0.36044767,0.7370091,0.24630252,0.0015464285
a6e878cf2c05661699aedaf1e7e89798,O=C1C2=C(CCCC2)S(=O)(=O)N1c1cccc(Br)n1,-0.5142364,-0.27816835,0.735214,-0.40546852,-0.021947669,0.8782738,0.17609398,0.289924
fddf4656fbf85ac601014888262e40cc,CC1=C(c2ccccc2)C(=O)N(c2c(F)c(F)nc(F)c2F)S1(=O)=O,-0.4328564,-0.29736876,0.21202302,-0.20052469,-0.43139377,0.64902383,0.079045385,0.27026027
7a2eff0b5fca4f0ef290172137a0a532,CCCC[C@H](CN(O)C=O)C(=O)N[C@H](C(=O)N(C)C)C(C)(C)C,-0.26710027,0.009166499,-0.5127667,0.439088,0.56499755,0.10469699,0.65307003,-0.24647197
8da0f3cbd1e9a590a943766d37f68985,C[C@H](NC(=O)[C@H](Cc1ccccc1)NC(=O)OCc1ccccc1)C(=O)CF,-0.20070781,-0.049769167,-0.7682494,0.41862345,0.05676059,0.25121528,0.6411963,-0.20414737
020bfcb8e1bc67819b418057cc0fcc12,CC(=O)S[C@@H]1C[C@@H](COCc2cc(F)c(F)cc2F)N(C(=O)Oc2cccc3c2OCCO3)C1,-0.029561775,-0.37814072,0.7850981,0.3506081,0.025296576,0.29823133,0.44945908,0.02104691
bee502954e04cfb0947c78ab426dca80,O=C(S[C@@H]1C[C@@H](COCc2cc(F)c(F)cc2F)N(C(=O)Oc2cccc3c2OCCO3)C1)c1ccccc1,0.12807743,-0.47072688,0.33198476,0.17059052,-0.09162328,0.2820401,0.45421523,0.029290864
e40488a11776e4d6bb568bc7176d6225,O=C(CF)CNC(=O)[C@H](Cc1ccccc1)NC(=O)c1cccc2ccccc12,-0.22157215,-0.106744684,-0.7154544,0.48033845,-0.07454864,0.08668249,0.46892717,-0.27429324
406e2dd264a52a044c7be4a59175e5d3,O=C1c2ccccc2S(=O)(=O)N1c1c(F)c(F)nc(F)c1F,-0.5557416,-0.23186865,0.16780162,0.6399642,-0.52214044,0.8381021,0.46515197,0.0779862
90922575f951b7dd9a31adf4c1bb5a7e,O=C(CF)CNC(=O)[C@H](Cc1ccccc1)NC(=O)c1ccccc1,-0.3400567,-0.0212388,-0.7154544,0.48033845,0.1926364,0.04390613,0.5928285,-0.24033569
0fb3a7a563c1521f7c6bd8daa03d41c7,CNC(=O)[C@H](Cc1c[nH]cn1)NC(=O)CN(CCCc1ccccc1)CC(=O)O,-0.062394682,0.30724287,0.0118870735,0.754326,-0.069594815,0.37495926,0.62659395,-0.3038104
cd27803e7afc9a6b550eee23b90c64e2,NC(=O)[C@H](CCC(=O)O)NC(=O)[C@H](CCC(=O)O)NC(=O)[C@H](Cc1cc(-c2ccc(-c3cccc(Cl)c3)cc2)no1)CP(=O)(O)c1ccc(Br)cc1,0.97920567,0.2979542,-0.65825707,0.42607546,-0.29168838,0.4329339,0.40172002,-0.062422357
4d8007d770ba35ebf20c5fb6b5acc051,CC(C)OC(=O)N1C[C@H](S)CC1CNCc1cc(F)ccc1F,-0.36145246,-0.11541818,-0.43024725,0.62686086,0.40945154,0.34854463,0.447296,-0.29433525
d3b2790276e8efa720ba43c997ee3e63,O=C(CN1Cc2c(Cl)cccc2NS1(=O)=O)NO,-0.52523565,0.20775513,-0.40509582,-0.42871523,-0.10720073,0.8728139,0.4728365,-0.0036311173
6b277fc09c7f4914dab7ec7ab67e3569,CCCCC(CC(=O)NO)S(=O)(=O)C1CCCCC1,-0.32870948,-0.050136294,-0.3546145,-0.8203536,0.0025923902,0.74047446,0.46426976,-0.06343547
a5e136b1fb64dedeaf15e0d54a1475a3,O=C1C2=C(CCCC2)S(=O)(=O)N1c1ncc(F)cc1F,-0.55895984,-0.24126686,0.35444903,0.20058417,-0.036114197,0.7723757,0.24719876,0.18034305
0ef3a71b391088c7b2517cfc1ccdd199,O=C(O)CCCNCP(=O)(O)CCc1ccccc1,-0.3615985,0.1036013,-0.03791672,-0.34839886,0.103577845,0.7125188,0.36020708,-0.062178012
e1b8146cfa016e1add569d9af5ef0519,CCCC[C@@H](CC(=O)NO)S(=O)(=O)c1ccccc1,-0.4001424,0.0043837475,-0.35980535,0.813254,-0.13612318,0.78896713,0.50787866,0.02919471
73b292ffbe23dadf45556c8753d80e36,CCCCC[C@H](CC(=O)NO)C(=O)N[C@H](C(=O)N1CCC[C@H]1CO)C(C)C,-0.042048965,0.23958646,-0.63448,0.58375454,0.07450282,0.38396955,0.6787077,-0.20099305
8fd9e5f0ab1aee698670590af6f2e2cc,O=C1C2=C(CCCC2)S(=O)(=O)N1c1c(F)c(F)nc(F)c1F,-0.51479536,-0.26329312,0.013673067,-0.25557554,-0.42505077,0.826712,0.20082347,0.30280197
28b4b41fb55d8c118092fe0afb19fd18,O=C(NC(Cc1ccccc1)C(=O)CCC(=O)N1CCCC1P(=O)(O)O)c1ccccc1,0.028839303,0.013735269,0.36299467,0.77778804,-0.10165585,0.42283854,0.50257486,0.107437864
5953b8401c328a738b78537751d64e7c,O=C1C2=C(CCCC2)S(=O)(=O)N1c1c(F)c(F)c(F)c(F)c1F,-0.5026991,-0.33629477,0.013673067,-0.25557554,-0.6190204,0.7648326,0.2734757,0.3748114
7364770858476b3ea2cf2f1a61a79ec9,OCC1OC(Oc2cc3c(O)cc(O)cc3[o+]c2-c2ccc(O)c(O)c2)C(OC2OCC(O)C(O)C2O)C(O)C1O,0.45618987,1.2315811,0.5481217,-0.27429706,0.21794392,-0.049050868,-0.37035453,0.40601745
4f8cd19b7f9c1ec14298d25cd89d3223,OC[C@H]1O[C@@H](Oc2cc3c(O)cc(O)cc3[o+]c2-c2ccc(O)c(O)c2)[C@H](O[C@@H]2OC[C@@H](O)[C@H](O)[C@H]2O)[C@@H](O)[C@@H]1O,0.45618987,1.2315811,0.5481217,-0.27429706,0.21794392,-0.049050868,-0.37035453,0.40601745
42a0150bafa467daf8585d6de75d717c,OCC1OC(Oc2cc3c(O)cc(O)cc3[o+]c2-c2ccc(O)c(O)c2)C(O)C(O)C1O,0.042009216,0.90749407,0.5598165,-0.27644026,0.31095573,-0.01582676,-0.4291179,0.39339417
c2f319e7036343522589e9bcdc02a91d,OCC1OC(Oc2cc3c(O)cc(O)cc3[o+]c2-c2cc(O)c(O)c(O)c2)C(OC2OCC(O)C(O)C2O)C(O)C1O,0.5203298,1.3928094,0.55203927,-0.27420348,0.22503416,-0.042047046,-0.3489889,0.4164952
71bd3315b94e56a49a49742320c746c6,OC[C@H]1O[C@@H](Oc2cc3c(O)cc(O)cc3[o+]c2-c2cc(O)c(O)c(O)c2)[C@H](O[C@@H]2OC[C@@H](O)[C@H](O)[C@H]2O)[C@@H](O)[C@@H]1O,0.5203298,1.3928094,0.55203927,-0.27420348,0.22503416,-0.042047046,-0.3489889,0.4164952
896e65ea317b878f97f2d050757e2aee,CC1OC(Oc2c(-c3ccc(O)c(O)c3)oc3cc(O)cc(O)c3c2=O)C(OC2OC(COC(=O)/C=C/c3ccc(O)c(O)c3)C(O)C(O)C2O)C(O)C1O,1.0169091,1.3623233,-0.3591106,0.14992309,0.24665138,0.14620583,-0.44888946,0.31324926
a2211e6e6ccb4652e671fd386fcadc73,C[C@@H]1O[C@@H](Oc2c(-c3ccc(O)c(O)c3)oc3cc(O)cc(O)c3c2=O)[C@H](O[C@@H]2O[C@H](COC(=O)/C=C/c3ccc(O)c(O)c3)[C@@H](O)[C@H](O)[C@H]2O)[C@H](O)[C@H]1O,1.0169091,1.3623233,-0.3591106,0.14992309,0.24665138,0.14620583,-0.44888946,0.31324926
3a2af8dbf7ea195692f645431d86dbee,O=C(OC[C@H]1O[C@@H](Oc2c(-c3ccc(O)c(O)c3)oc3cc(O)cc(O)c3c2=O)[C@H](O)[C@@H](O)[C@H]1O)c1cc(O)c(O)c(O)c1,0.5473403,1.2616733,-0.36834776,0.1474868,0.26293322,0.041633453,-0.48799866,0.33099774
98fcbe88fc3832be0db2efdb7f0bb7b5,O=C(O[C@@H]1O[C@@H](Oc2c(-c3ccc(O)c(O)c3)oc3cc(O)cc(O)c3c2=O)[C@@H](O)[C@H](O)[C@@H]1O)c1cc(O)c(O)c(O)c1,0.49591398,1.2781907,-0.47490227,0.07219136,0.2481523,-0.02116769,-0.49348953,0.30064666
8284c836c678ab2c78ff97150bb12afc,C[C@H]1CC[C@@H]2N(C1)C[C@H]1[C@@H]3C[C@H]4[C@@H](CC(=O)[C@H]5C[C@@H](O)CC[C@@]54C)[C@@H]3CC[C@@H]1[C@]2(C)O,-0.037911344,-0.35471404,0.09931135,-0.37649196,0.6712634,0.59398925,0.0599481,0.6012413
427f0b1b4ff8fc94ec6c84d8977a4c6f,O=C(O)[C@H]1O[C@@H](Oc2c(-c3ccc(O)c(O)c3)oc3cc(O)cc(O)c3c2=O)[C@H](O)[C@@H](O)[C@@H]1O,0.116255715,1.0183933,-0.36434788,0.14670396,0.3117429,0.023083672,-0.44957983,0.3286003
3885faa5726c2061feea44293874b9ed,COc1ccc(-c2cc(=O)c3c(O)cc(O[C@@H]4O[C@H](CO)[C@@H](O)[C@H](O)[C@H]4O)cc3o2)cc1,-0.006541135,0.52633023,-0.35416156,0.1422435,0.35177603,-0.0016665584,-0.49170884,0.3005196
ed7f3644927c24af5971db9f8bbbc825,O=c1c(-c2ccc(O)cc2)coc2cc(O)cc(O)c12,-0.5580192,0.18532483,-0.41845238,0.11298406,0.09130245,-0.759137,-0.49187014,0.20696002
cf7184d7617f2f89b0f20c34ec7bf42c,O=c1c(O[C@@H]2O[C@H](CO)[C@H](O)[C@H](O)[C@H]2O)c(-c2ccc(O)cc2)oc2cc(O)cc(O)c12,0.03121729,0.83547884,-0.3642273,0.14410198,0.33767468,0.020523012,-0.47341946,0.3116422
4ce433084b63c1f7ec9889e96e7d0caa,O=c1cc(-c2ccc(O)cc2)oc2cc(O)cc(O)c12,-0.5589367,0.18618341,-0.48047507,0.0845387,0.051235426,-0.7785318,-0.515755,0.18713455
dcc525abfcc1ce0b14f3e94178bbc211,O=c1cc(-c2ccc(O)c(O)c2)oc2cc(O[C@@H]3O[C@H](CO)[C@@H](O)[C@H](O)[C@H]3O)cc(O)c12,0.03156052,0.8351908,-0.3621096,0.14263022,0.3309932,0.003521798,-0.46653515,0.3121338
a28ab27577fb3a3c481f730a386df138,O=c1cc(-c2ccc(O)c(O)c2)oc2cc(O[C@@H]3O[C@H](CO[C@@H]4O[C@H](CO)[C@@H](O)[C@H](O)[C@H]4O)[C@@H](O)[C@H](O)[C@H]3O)cc(O)c12,0.55930007,1.315313,-0.3621096,0.14263022,0.3074463,0.016979085,-0.39955723,0.30661026
17bac554d50607dc7662afd23dcd0ca4,O=c1cc(-c2ccc(O)c(O)c2)oc2cc(O)cc(O)c12,-0.49448106,0.34724954,-0.4769947,0.08851659,0.043294955,-0.77428436,-0.47607443,0.2050507
9aee6abee3c87a51a7fd68ebd82fa6d7,O=c1c(O[C@@H]2OC[C@@H](O)[C@H](O)[C@H]2O)c(-c2ccc(O)c(O)c2)oc2cc(O)cc(O)c12,-0.017824905,0.8407153,-0.43848425,0.07502496,0.28822878,0.007534854,-0.46401948,0.31159902
cfc05c346aa66bd0caabe5aaa14970d5,O=c1c(OC2O[C@H](CO)[C@@H](O)[C@@H]2O)c(-c2ccc(O)c(O)c2)oc2cc(O)cc(O)c12,-0.007813262,0.8432762,-0.36179543,0.14914525,0.315887,-0.015128647,-0.44308934,0.31243104
65d14b250e4456af8a6d383437576874,O=c1c(O[C@H]2OC[C@@H](O)[C@@H](O)[C@@H]2O)c(-c2ccc(O)c(O)c2)oc2cc(O)cc(O)c12,-0.017824905,0.8407153,-0.43848425,0.07502496,0.28822878,0.007534854,-0.46401948,0.31159902
9b9672898a2a3dc94173d5acd01bf191,C[C@H]1CC[C@@H]2N(C1)C[C@H]1[C@@H]3C[C@H]4[C@@H](C[C@H](O)[C@H]5C[C@@H](O)CC[C@@]54C)[C@@H]3CC[C@@H]1[C@]2(C)O,-0.0061900634,-0.24245514,0.09795487,-0.3764493,0.67867434,0.56393075,0.06488157,0.5554373
ebad45f6174931385d41225a71aff145,O=c1c(OC2O[C@H](CO)[C@@H](O)[C@@H]2O)c(-c2ccc(O)cc2)oc2cc(O)cc(O)c12,-0.07219732,0.68220174,-0.36179543,0.14914525,0.3167447,-0.024147449,-0.47887173,0.30303243
4e02cd27d75d8165e6cab10ddab7ae5e,CC1OC(Oc2c(-c3ccc(O)c(O)c3)oc3cc(O)cc(O)c3c2=O)C(OC2OC(COC(=O)C=Cc3ccc(O)cc3)C(O)C(O)C2O)C(O)C1O,0.9527244,1.2012057,-0.3591106,0.14992309,0.27231196,0.12288125,-0.4015387,0.30040836
259e8d6bb824c95c0de599608fe0d56b,C[C@@H]1O[C@@H](Oc2c(-c3ccc(O)c(O)c3)oc3cc(O)cc(O)c3c2=O)[C@H](O[C@@H]2O[C@H](COC(=O)/C=C/c3ccc(O)cc3)[C@@H](O)[C@H](O)[C@H]2O)[C@H](O)[C@H]1O,0.9527244,1.2012057,-0.3591106,0.14992309,0.27231196,0.12288125,-0.4015387,0.30040836
3f3c9f9477dbb5d1d1006fe87845acc1,O=C(O)[C@H](O)Cc1ccc(O)c(O)c1,-0.6920883,0.42734888,-0.076817036,0.96770084,0.6236603,-0.27146602,-0.21330069,0.3511678
81b39cc46a53c28a9f73f6f56c6f56eb,O=c1c(O[C@@H]2OC[C@@H](O)[C@H](O)[C@H]2O)c(-c2ccc(O)cc2)oc2cc(O)cc(O)c12,-0.082208976,0.6796409,-0.43848425,0.07502496,0.27710164,0.0030517674,-0.5137796,0.31590712
3afa9efad2a122be9f216addb73dbf8b,O=c1c(OC2OC[C@@H](O)[C@@H](O)[C@@H]2O)c(-c2ccc(O)cc2)oc2cc(O)cc(O)c12,-0.082208976,0.6796409,-0.43848425,0.07502496,0.27710164,0.0030517674,-0.5137796,0.31590712
4ea5f9b6dee7cce1ab2663bfadf7dab2,O=c1c(O[C@@H]2O[C@H](CO)[C@@H](O)[C@H](O)[C@H]2O)c(-c2ccc(O)cc2)oc2cc(O)cc(O)c12,0.03121729,0.83547884,-0.3642273,0.14410198,0.33767468,0.020523012,-0.47341946,0.3116422
a17799c07e28f244c7d8ea6c6947afb3,COc1cc(-c2oc3cc(O)cc(O)c3c(=O)c2O[C@@H]2O[C@H](CO)[C@@H](O)[C@H](O)[C@H]2O)ccc1O,0.12144478,0.8490021,-0.36447924,0.1422553,0.3254339,0.02359894,-0.4743425,0.3073064
c839d99a0408154673aea52757b7bb7f,O=C(O[C@H]1[C@H](Oc2c(-c3ccc(O)cc3)oc3cc(O)cc(O)c3c2=O)O[C@H](CO)[C@@H](O)[C@@H]1O)c1cc(O)c(O)c(O)c1,0.48291022,1.1006052,-0.36231053,0.14881408,0.26356366,0.002141019,-0.4725845,0.34134752
8b72cba7b70db5eb27ab438f5a34ec0e,CC1=C2C[C@H]3[C@@H](CC(=O)[C@H]4C[C@@H](O)CC[C@@]43C)[C@@H]2CC[C@]12O[C@@H]1C[C@H](C)CN[C@H]1[C@H]2C,-0.05888403,-0.35272574,0.12813616,-0.3221962,0.67467666,0.5840202,0.0067577185,0.61072594
424aec29da8b31744c7d8e5d4e660739,N[C@@H](Cc1ccc(O)c(O)c1)C(=O)O,-0.68410265,0.43419275,-0.73145175,0.53739333,0.7235277,-0.27433676,-0.16864832,0.2901087
52fc0e0333faa8a072cb65c866dc60e4,O=c1c(O[C@@H]2O[C@H](CO)[C@@H](O)[C@H](O)[C@H]2O)c(-c2ccc(O)c(O)c2)oc2cc(O)cc(O)c12,0.09557243,0.9965565,-0.3642273,0.14410198,0.336817,0.029541815,-0.44308934,0.31701532
1f6598ef88fb6e2bf994e5c5f19fee00,O=C(/C=C/c1ccc(O)c(O)c1)c1ccc(O)cc1O,-0.5036986,0.3183642,0.83007073,0.5173677,0.5928819,-0.5163272,-0.31369853,0.35324934
e04288993370fa236e8cbfd05fc7cae9,C[C@H]1[C@H](C)CC[C@]2(C(=O)O)CC[C@]3(C)C(=CC[C@@H]4[C@@]5(C)CC[C@H](O)C(C)(C)[C@@H]5CC[C@]43C)[C@H]12,0.05907486,-0.53740764,-0.061626673,-0.5940932,0.73358756,0.5833245,0.0070227,0.66614354
3e7aa5b3924088a6f9ebc9aa1464efcc,CCOC(=O)C(CCc1ccccc1)S(=O)(=O)C(C)C(=O)N1CCC[C@H]1C(=O)O,-0.043215636,-0.12965618,0.3464315,0.80315983,-0.04377374,0.64278597,0.5015007,-0.035539195
ef28f9fa0ee99a60fdd7f9022cc314f1,O=C(O)C1CSSC1,-0.84794384,-0.06731754,-0.17306495,-0.16918635,0.5971978,0.13765623,0.17876324,0.29635006
487da7e352fe4b99d63076e802523cd5,N[C@@H](CC(=O)O)C(=O)O,-0.86705506,0.3941655,-0.5389856,0.41862,0.6931454,-0.004767792,0.47759217,0.07446442
15858dbd9c280c18eb865a6441459904,CC(SC(CCc1ccccc1)C(=O)O)C(=O)NC1(C(=O)O)CCCC1,-0.14349398,0.042612005,0.35098124,0.799322,0.3322943,0.3738433,0.45847592,-0.10999196
c724a065de803dd6fd6a204aae998ae0,CC(=O)SCC1CCCN(CC(N)=O)C1=O,-0.58499956,-0.007301773,0.7290759,-0.34168923,0.49920627,0.26067945,0.50973266,-0.07783986
7233b0ae94c4c0db750203e5abb3f9e8,CC(C(=O)N1CCC[C@H]1C(=O)O)S(=O)(=O)C(CCc1ccccc1)C(=O)O,-0.123781025,0.016367886,0.3464315,0.80315983,-0.03432904,0.65558535,0.48818156,-0.051344298
b336144671e2886ae7643ffd571a2d86,N=C(N)NCCC[C@H](N)C(=O)O,-0.669921,0.6089172,-0.534985,0.44952583,0.52659875,0.046526343,0.59834874,-0.10978441
53355bc73c49b5282a9314e56acc252f,N=C(N)NCCC[C@@H](N)C(=O)O,-0.669921,0.6089172,-0.534985,0.44952583,0.52659875,0.046526343,0.59834874,-0.10978441
00f804c156b93ec6f19b7a9f978af051,CC(SC(CCc1ccccc1)C(=O)O)C(=O)NC1(C(=O)O)CCC(c2ccccc2)CC1,0.09812276,-0.10000778,0.3503579,0.80014765,0.22039287,0.42148224,0.43800005,-0.13000494
1a0132b34bf8cbbdb1ef336885c9405e,O=C(NC(Cc1ccccc1)C(=O)CCC(=O)N1CCCC1)c1ccccc1,-0.23037727,-0.24808589,-0.59073675,0.36076057,0.0841101,0.28852823,0.41585365,-0.20562492
d42d3e4b224cdb043cd8a9faeadfea83,NC1CCN(CC(=O)O)C1=O,-0.83908963,0.22106008,0.7275487,-0.34575433,0.51098835,0.2810649,0.5366815,-0.10957576
