compound_id,smiles,compound_name,standard_type,standard_value,standard_unit,source
50426204,C[C@H](CS)C(=O)N1[C@H](CC[C@H]1C(O)=O)SCCCc1ccccc1,,IC50,0.029,nM,BindingDB
51493987,NCCCC[C@H](N[C@@H](CCc1ccccc1)C(O)=O)C(=O)N1CCC[C@H]1C(O)=O,,IC50,0.1,nM,BindingDB
50813332,NCCCC[C@H](N[C@@H](CCc1ccccc1)C(O)=O)C(=O)N1CCC[C@H]1C(O)=O,,IC50,0.1,nM,BindingDB
51200731,NCCCC[C@H](N[C@@H](CCc1ccccc1)C(O)=O)C(=O)N1CCC[C@H]1C(O)=O,,IC50,0.1,nM,BindingDB
51227765,c1ccc(cc1)C[C@@H](C(=O)N[C@H]2CCS[C@H]3CCC[C@H](N3C2=O)C(=O)O)S,,IC50,0.1,nM,BindingDB
50833689,OC(=O)[C@H]1CCCC2N1C(=O)[C@H](Cc1ccccc21)NC(=O)[C@H](S)Cc1ccccc1,,IC50,0.11,nM,BindingDB
50991974,NCCCC[C@H](OP(O)(=O)CCCCc1ccccc1)C(=O)N(CC(O)=O)c1ccc2OCOc2c1,,IC50,0.114815,nM,BindingDB
50885102,C[C@H](CS)C(=O)N1CCC[C@H]1C(O)=O,,IC50,0.12,nM,BindingDB
50991910,NCCCC[C@H](OP(O)(=O)CCCCc1ccccc1)C(=O)N1C[C@H](C[C@H]1C(O)=O)c1ccccc1,,IC50,0.131826,nM,BindingDB
50426205,C[C@H](CS)C(=O)N1[C@H](CC[C@H]1C(O)=O)SCCc1ccccc1,,IC50,0.18,nM,BindingDB
50991946,C[C@H](NC(CCC(=O)Nc1ccc(I)cc1)C(O)=O)C(=O)N1CCC[C@H]1C(O)=O,,IC50,0.229087,nM,BindingDB
50991885,OC(=O)[C@@H](CCC(=O)N1[C@@H](Cc2ccccc12)C(O)=O)NC(=O)C(Cc1ccccc1)NC(=O)OCc1ccccc1,,IC50,0.251189,nM,BindingDB
50991933,COc1ccc(cc1OC)N(CC(O)=O)C(=O)[C@H](CCCCN)OP(O)(=O)CCCCc1ccccc1,,IC50,0.288403,nM,BindingDB
50991911,NCCCC[C@H](OP(O)(=O)CCCCc1ccccc1)C(=O)N(CC(O)=O)C1CCCCC1,,IC50,0.295121,nM,BindingDB
50991892,NCCCC[C@H](OP(O)(=O)CCCCc1ccccc1)C(=O)N1[C@@H](Cc2ccccc12)C(O)=O,,IC50,0.295121,nM,BindingDB
50799232,C[C@H](CSC(=O)c1ccccc1)C(=O)N1C[C@H](C[C@H]1C(O)=O)Sc1ccccc1,,IC50,0.4,nM,BindingDB
50991982,NCCCC[C@H](OP(O)(=O)CCCCc1ccccc1)C(=O)N1C[C@H](C[C@H]1C(O)=O)C1CCCCC1,,IC50,0.489779,nM,BindingDB
50753106,NCCCC[C@H](N[C@@H](CCc1ccccc1)C(O)=O)C(=O)N1CC2(C[C@H]1C(O)=O)SCCS2,,IC50,0.5,nM,BindingDB
50991944,NCCCC[C@H](OP(O)(=O)CCCCc1ccccc1)C(=O)N1C[C@H](C[C@H]1C(O)=O)Sc1ccccc1,,IC50,0.524807,nM,BindingDB
50991869,CS[C@@H]1C[C@H](N(C1)C(=O)[C@H](CCCCN)OP(O)(=O)CCCCc1ccccc1)C(O)=O,,IC50,0.524807,nM,BindingDB
50809167,OC(=O)C(CCc1ccccc1)N[C@H]1CCC[C@H]2SC[C@H](N2C1=O)C(O)=O,,IC50,0.6,nM,BindingDB
50991902,OC(=O)C(CCc1ccccc1)N[C@H]1CCC[C@H]2SC[C@H](N2C1=O)C(O)=O,,IC50,0.60256,nM,BindingDB
50991998,NCCCC[C@H](OP(O)(=O)CCCCc1ccccc1)C(=O)N1CC2(C[C@H]1C(O)=O)SCCS2,,IC50,0.630957,nM,BindingDB
51275907,Oc1ccccc1C(=O)NNC(=S)Nc1ccc(Cl)c(Cl)c1,,IC50,0.7,nM,BindingDB
50991937,NCCCC[C@H](OP(O)(=O)CCCCc1ccccc1)C(=O)N1C[C@@H](C[C@H]1C(O)=O)Sc1ccccc1,,IC50,0.776247,nM,BindingDB
50995196,C[C@H](NC(CCC(=O)Nc1ccc(I)cc1)C(O)=O)C(=O)N1CCC[C@H]1C(O)=O,,IC50,0.794,nM,BindingDB
50753112,C[C@H](N[C@@H](CCc1ccccc1)C(O)=O)C(=O)N1CC2(C[C@H]1C(O)=O)SCCS2,,IC50,0.8,nM,BindingDB
50991970,NCCCC[C@H](OP(O)(=O)CCCCc1ccccc1)C(=O)N1C[C@H](O)C[C@H]1C(O)=O,,IC50,0.870964,nM,BindingDB
50991889,NCCCC[C@H](OP(O)(=O)CCCCc1ccccc1)C(=O)N1C[C@@H](Cc2ccccc2)C[C@H]1C(O)=O,,IC50,0.891251,nM,BindingDB
50426198,C[C@H](CS)C(=O)N1[C@H](CC[C@H]1C(O)=O)SCc1cccc(C)c1 |r|,,IC50,0.9,nM,BindingDB
50799242,CCOC(=O)[C@H](CCc1ccccc1)N[C@@H](C)C(=O)N1[C@H]2CCCC[C@@H]2C[C@H]1C(O)=O,,IC50,0.93,nM,BindingDB
50983647,C[C@@H]1Oc2ccccc2N(CC(O)=O)C(=O)[C@H]1NC(=O)[C@@H](S)Cc1ccccc1,,IC50,36,nM,BindingDB
50983667,OC(=O)CCN1c2ccccc2CC[C@H](NC(=O)[C@@H](CS)Cc2ccccc2)C1=O,,IC50,36,nM,BindingDB
50991990,NCCCC[C@H](OP(O)(=O)CCCCc1ccccc1)C(=O)N1CCC[C@H]1C(O)=O,,IC50,36,nM,BindingDB
50983653,OC(=O)CCN1c2ccccc2CC[C@H](NC(=O)[C@@H](S)Cc2ccccc2)C1=O,,IC50,36,nM,BindingDB
50859987,O[C@@H](CN(Cc1ccc2-c3ccccc3C(=O)c2c1)C(=O)N[C@@H](Cc1ccc2ccccc2c1)C(O)=O)C(O)=O,,IC50,39,nM,BindingDB
50995213,CC(OP(O)(=O)C(CCc1ccccc1)NC(=O)c1ccccc1)C(=O)N1CCCC1C(O)=O,,IC50,39.81,nM,BindingDB
50859976,O[C@@H](CN(Cc1ccc2C(=O)c3ccccc3C(=O)c2c1)C(=O)N[C@@H](Cc1ccc2ccccc2c1)C(O)=O)C(O)=O,,IC50,40,nM,BindingDB
51551190,CC[C@H](C)[C@@H]1NC(=O)[C@H](CCCNC(=N)N)NC(=O)[C@@H]2CCCN2C(=O)[C@H](CC(C)C)NC(=O)[C@H](CC(C)C)NC(=O)[C@H](CO)NC(=O)[C@H](CO)NC(=O)[C@@H]2CSCCC(=O)N3CN(CN(C3)C(=O)CCSC[C@@H](C(=O)N[C@@H](C)C(=O)O)NC(=O)[C@H](Cc3c[nH]cn3)NC1=O)C(=O)CCSC[C@H](NC(=O)[C@H](C)N)C(=O)N[C@@H](C(C)C)C(=O)N[C@@H](CCCNC(=N)N)C(=O)N[C@@H](CO)C(=O)N[C@@H](Cc1c[nH]cn1)C(=O)N2,,IC50,>40,nM,BindingDB
51551194,CC(C)C[C@@H]1NC(=O)[C@H](Cc2ccc(O)cc2)NC(=O)[C@H](CCC(N)=O)NC(=O)[C@H](CCC(N)=O)NC(=O)[C@@H]2CCCN2C(=O)[C@H](CC(=O)O)NC(=O)[C@H](CCCNC(=N)N)NC(=O)[C@@H]2CSCCC(=O)N3CN(CN(C3)C(=O)CCSC[C@@H](C(=O)N[C@@H](C)C(N)=O)NC(=O)[C@H](Cc3ccccc3)NC1=O)C(=O)CCSC[C@H](NC(=O)[C@H](C)N)C(=O)N[C@@H](Cc1c[nH]cn1)C(=O)N[C@@H](CCCCN)C(=O)N[C@@H](Cc1ccccc1)C(=O)N1CCC[C@H]1C(=O)N2,,IC50,>40,nM,BindingDB
51551192,CC(C)C[C@@H]1NC(=O)[C@H](CO)NC(=O)[C@H](Cc2c[nH]cn2)NC(=O)[C@@H]2CSCCC(=O)N3CN(CN(C3)C(=O)CCSC[C@@H](C(=O)N[C@@H](C)C(N)=O)NC(=O)[C@H]([C@@H](C)O)NC(=O)[C@H](C)NC(=O)[C@H](CCCNC(=N)N)NC(=O)[C@@H]3CCCN3C(=O)[C@H](CC(C)C)NC1=O)C(=O)CCSC[C@H](NC(=O)[C@H](C)N)C(=O)N[C@@H]([C@@H](C)O)C(=O)N[C@@H](CCCNC(=N)N)C(=O)N1CCC[C@H]1C(=O)N[C@@H](Cc1c[nH]c3ccccc13)C(=O)N2,,IC50,>40,nM,BindingDB
51551193,CC[C@H](C)[C@@H]1NC(=O)[C@H](CCCNC(N)=N)NC(=O)[C@@H]2CCCN2C(=O)[C@@H]2CSCCC(=O)N3CN(CN(C3)C(=O)CCSC[C@H](NC(=O)[C@H](C)N)C(=O)N[C@@H](CC(C)C)C(=O)N[C@@H](CCCNC(N)=N)C(=O)N[C@@H](CO)C(=O)N[C@@H](Cc3ccc(O)cc3)C(=O)N[C@@H](CC(N)=O)C(=O)N[C@@H](CC(C)C)C(=O)N2)C(=O)CCSC[C@H](NC(=O)[C@H](CC(N)=O)NC1=O)C(=O)N[C@@H](C)C(N)=O |r|,,IC50,>40,nM,BindingDB
51551198,CC[C@H](C)[C@@H]1NC(=O)[C@H](CCCNC(=N)N)NC(=O)[C@@H]2CCCN2C(=O)[C@H](CC(C)C)NC(=O)[C@H](CC(C)C)NC(=O)[C@H](CO)NC(=O)[C@H](CO)NNC(=O)[C@@H]2CSCCC(=O)N3CN(CN(C3)C(=O)CCSC[C@H](N)C(=O)N[C@@H](C(C)C)C(=O)N[C@@H](CCCNC(=N)N)C(=O)N[C@@H](CO)C(=O)N[C@@H](Cc3c[nH]cn3)C(=O)N2)C(=O)CCSC[C@@H](C(N)=O)NC(=O)[C@H](Cc2c[nH]cn2)NC1=O,,IC50,>40,nM,BindingDB
51551199,CC[C@H](C)[C@@H]1NC(=O)[C@H](CCCNC(=N)N)NC(=O)[C@@H]2CCCN2C(=O)[C@H](CC(C)C)NC(=O)[C@H](CC(C)C)NC(=O)[C@H](CO)NC(=O)[C@H](CO)NNC(=O)[C@@H]2CSCCC(=O)N3CN(CN(C3)C(=O)CCSC[C@H](NC(C)=O)C(=O)N[C@@H](C(C)C)C(=O)N[C@@H](CCCNC(=N)N)C(=O)N[C@@H](CO)C(=O)N[C@@H](Cc3c[nH]cn3)C(=O)N2)C(=O)CCSC[C@@H](C(N)=O)NC(=O)[C@H](Cc2c[nH]cn2)NC1=O,,IC50,>40,nM,BindingDB
50745419,CCOC(=O)[C@H](CCCCN)N[C@H]1CCc2ccccc2N(CC(O)=O)C1=O,,IC50,40,nM,BindingDB
51551196,[H][C@@]12CCCN1C(=O)[C@H](CC(C)C)NC(=O)[C@H](CCC(O)=O)NC(=O)[C@H](CCC(O)=O)NC(=O)[C@H](CCCNC(N)=N)NC(=O)CNC(=O)[C@H](CSCCC(=O)N1CN3CN(C1)C(=O)CCSC[C@H](NC2=O)C(=O)N[C@@H](CCCNC(N)=N)C(=O)N[C@@H]([C@@H](C)CC)C(=O)N[C@@H](CCCCN)C(=O)N[C@@H](CC(C)C)C(=O)N[C@@H](CSCCC3=O)C(=O)N[C@@H](C)C(N)=O)NC(=O)[C@H](C)N |r|,,IC50,>40,nM,BindingDB
51551197,CC[C@H](C)[C@@H]1NC(=O)[C@H](CCCNC(=N)N)NC(=O)[C@@H]2CCCN2C(=O)[C@H](CC(C)C)NC(=O)[C@H](CC(C)C)NC(=O)[C@H](CO)NC(=O)[C@H](CO)NC(=O)[C@@H]2CSCCC(=O)N3CN(CN(C3)C(=O)CCSC[C@@H](C(=O)N[C@@H](C)C(=O)O)NC(=O)[C@H](Cc3c[nH]cn3)NC1=O)C(=O)CCSC[C@H](NC(=O)[C@H](C)NC(C)=O)C(=O)N[C@@H](C(C)C)C(=O)N[C@@H](CCCNC(=N)N)C(=O)N[C@@H](CO)C(=O)N[C@@H](Cc1c[nH]cn1)C(=O)N2,,IC50,>40,nM,BindingDB
51200732,[H][C@]12C[C@H](N(C(=O)[C@H](C)NC(CCc3ccccc3)P(O)(O)=O)[C@@]1([H])CCCC2)C(O)=O |r|,,IC50,40,nM,BindingDB
50991952,C[C@H](NC(CCc1ccccc1)C(O)=O)C(=O)N(CC(O)=O)C1Cc2ccccc2C1,,IC50,40,nM,BindingDB
50568431,OC(=O)[C@@H]1Cc2cccc3CC[C@H](NC(=O)[C@@H](S)Cc4ccccc4)C(=O)N1c23,,IC50,40,nM,BindingDB
51551202,CC[C@H](C)[C@@H]1NC(=O)[C@H](CCCNC(=N)N)NC(=O)[C@@H]2CCCN2C(=O)[C@H](CC(C)C)NC(=O)[C@H](CC(C)C)NC(=O)[C@H](CO)NC(=O)[C@H](CO)NNC(=O)[C@@H]2CSCCC(=O)N3CN(CN(C3)C(=O)CCSC[C@@H](C(=O)N[C@@H](C)C(N)=O)NC(=O)[C@H](Cc3c[nH]cn3)NC1=O)C(=O)CCSC[C@H](NC(=O)[C@H](C)N)C(=O)N[C@@H]([C@@H](C)O)C(=O)N[C@@H](CCCNC(=N)N)C(=O)N[C@@H](CO)C(=O)N[C@@H](Cc1c[nH]cn1)C(=O)N2,,IC50,>40,nM,BindingDB
51551203,CC[C@H](C)[C@@H]1NC(=O)[C@H](CCCNC(=N)N)NC(=O)[C@@H]2CCCN2C(=O)[C@H](CC(C)C)NC(=O)[C@H](CC(C)C)NC(=O)[C@H](CO)NC(=O)[C@H](CO)NNC(=O)[C@@H]2CSCCC(=O)N3CN(CN(C3)C(=O)CCSC[C@@H](C(=O)N[C@@H](C)C(N)=O)NC(=O)[C@H](Cc3c[nH]cn3)NC1=O)C(=O)CCSC[C@H](NC(=O)[C@H](C)N)C(=O)N[C@@H](C(C)C)C(=O)N[C@@H](CCNC(=N)N)C(=O)N[C@@H](CO)C(=O)N[C@@H](Cc1c[nH]cn1)C(=O)N2,,IC50,>40,nM,BindingDB
51551200,C=C1N[C@@H](CC(C)C)C(=O)N2CCC[C@H]2C(=O)N[C@@H](CCCNC(=N)N)C(=O)N[C@@H]([C@@H](C)CC)C(=O)N[C@@H](Cc2c[nH]cn2)C(=O)N[C@H](C(=O)N[C@@H](C)C(N)=O)CSCCC(=O)N2CN3CN(C2)C(=O)CCSC[C@H](NC(=O)[C@H](Cc2c[nH]cn2)NC(=O)[C@@H](CO)NC(=O)[C@H](CCCNC(=N)N)NC(=O)[C@H](C(C)(C)C)NC(=O)[C@@H](NC(=O)[C@H](C)N)CSCCC3=O)C(=O)N[C@@H](CO)C(=O)N[C@@H](CO)C(=O)N[C@H]1CC(C)C,,IC50,>40,nM,BindingDB
51551201,CC[C@H](C)[C@@H]1NC(=O)[C@H](CCCNC(=N)N)NC(=O)[C@@H]2CCCN2C(=O)[C@H](CC(C)C)NC(=O)[C@H](CC(C)C)NC(=O)[C@H](CO)NC(=O)[C@H](CO)NNC(=O)[C@@H]2CSCCC(=O)N3CN(CN(C3)C(=O)CCSC[C@@H](C(=O)N[C@@H](C)C(N)=O)NC(=O)[C@H](Cc3c[nH]cn3)NC1=O)C(=O)CCSC[C@H](NC(=O)[C@H](C)N)C(=O)N[C@@H]([C@H](C)O)C(=O)N[C@@H](CCCNC(=N)N)C(=O)N[C@@H](CO)C(=O)N[C@@H](Cc1c[nH]cn1)C(=O)N2,,IC50,>40,nM,BindingDB
51551206,CC[C@H](C)[C@@H]1NC(=O)[C@H](CCCNC(=N)N)NC(=O)[C@@H]2CCCN2C(=O)[C@H](CC(C)C)NC(=O)[C@H](CC(C)C)NC(=O)[C@H](CO)NC(=O)[C@H](CO)NNC(=O)[C@@H]2CSCCC(=O)N3CN(CN(C3)C(=O)CCSC[C@@H](C(=O)N[C@@H](C)C(N)=O)NC(=O)[C@H](Cc3c[nH]cn3)NC1=O)C(=O)CCSC[C@H](NC(=O)[C@H](C)N)C(=O)N[C@@H](C(C)C)C(=O)N[C@@H](CCCNC(=N)N)C(=O)N[C@@H](CO)C(=O)N[C@@H](Cc1ccc(F)cc1)C(=O)N2,,IC50,>40,nM,BindingDB
51551207,CC[C@H](C)[C@@H]1NC(=O)[C@H](CCCNC(=N)N)NC(=O)[C@@H]2CCCN2C(=O)[C@H](CC(C)C)NC(=O)[C@H](CC(C)C)NC(=O)[C@H](CO)NC(=O)[C@H](CO)NNC(=O)[C@@H]2CSCCC(=O)N3CN(CN(C3)C(=O)CCSC[C@@H](C(=O)N[C@@H](C)C(N)=O)NC(=O)[C@H](Cc3c[nH]cn3)NC1=O)C(=O)CCSC[C@H](NC(=O)[C@H](C)N)C(=O)N[C@@H](C(C)C)C(=O)N[C@@H](CCCNC(=N)N)C(=O)N[C@@H](CO)C(=O)N[C@@H](Cc1ccc(Cl)cc1)C(=O)N2,,IC50,>40,nM,BindingDB
51551204,CC[C@H](C)[C@@H]1NC(=O)[C@H](CCCNC(=N)N)NC(=O)[C@@H]2CCCN2C(=O)[C@H](CC(C)C)NC(=O)[C@H](CC(C)C)NC(=O)[C@H](CO)NC(=O)[C@H](CO)NNC(=O)[C@@H]2CSCCC(=O)N3CN(CN(C3)C(=O)CCSC[C@@H](C(=O)N[C@@H](C)C(N)=O)NC(=O)[C@H](Cc3c[nH]cn3)NC1=O)C(=O)CCSC[C@H](NC(=O)[C@H](C)N)C(=O)N[C@@H](C(C)C)C(=O)N[C@@H](CCCNC(=N)N)C(=O)N[C@@H](CO)C(=O)N[C@@H](Cc1ccccc1)C(=O)N2,,IC50,>40,nM,BindingDB
51551205,CC[C@H](C)[C@@H]1NC(=O)[C@H](CCCNC(=N)N)NC(=O)[C@@H]2CCCN2C(=O)[C@H](CC(C)C)NC(=O)[C@H](CC(C)C)NC(=O)[C@H](CO)NC(=O)[C@H](CO)NNC(=O)[C@@H]2CSCCC(=O)N3CN(CN(C3)C(=O)CCSC[C@@H](C(=O)N[C@@H](C)C(N)=O)NC(=O)[C@H](Cc3c[nH]cn3)NC1=O)C(=O)CCSC[C@H](NC(=O)[C@H](C)N)C(=O)N[C@@H](C(C)C)C(=O)N[C@@H](CCCNC(=N)N)C(=O)N[C@@H](CO)C(=O)N[C@@H](Cc1ccc(C)cc1)C(=O)N2,,IC50,>40,nM,BindingDB
51551210,CC[C@H](C)[C@@H]1NC(=O)[C@H](CCCNC(=N)N)NC(=O)[C@]2(C)CCCN2C(=O)[C@H](CC(C)C)NC(=O)[C@H](CC(C)C)NC(=O)[C@@H](CC(=O)O)NC(=O)[C@H](CO)NNC(=O)[C@@H]2CSCCC(=O)N3CN(CN(C3)C(=O)CCSC[C@@H](C(=O)N[C@@H](C)C(N)=O)NC(=O)[C@H](Cc3c[nH]cn3)NC1=O)C(=O)CCSC[C@H](NC(=O)[C@H](C)N)C(=O)N[C@@H](C(C)C)C(=O)N[C@@H](CCCNC(=N)N)C(=O)N[C@@H](CO)C(=O)N[C@@H](Cc1c[nH]cn1)C(=O)N2,,IC50,>40,nM,BindingDB
51551211,CC[C@H](C)[C@@H]1NC(=O)[C@H](CCCNC(=N)N)NC(=O)[C@@H]2CCCN2C(=O)[C@H](CC(C)C)NC(=O)[C@H](CC(C)(C)C)NC(=O)[C@H](CO)NC(=O)[C@H](CO)NNC(=O)[C@@H]2CSCCC(=O)N3CN(CN(C3)C(=O)CCSC[C@@H](C(=O)N[C@@H](C)C(N)=O)NC(=O)[C@H](Cc3c[nH]cn3)NC1=O)C(=O)CCSC[C@H](NC(=O)[C@H](C)N)C(=O)N[C@@H](C(C)C)C(=O)N[C@@H](CCCNC(=N)N)C(=O)N[C@@H](CO)C(=O)N[C@@H](Cc1c[nH]cn1)C(=O)N2,,IC50,>40,nM,BindingDB
51551208,CC[C@H](C)[C@@H]1NC(=O)[C@H](CCCNC(=N)N)NC(=O)[C@@H]2CCCN2C(=O)[C@H](CC(C)C)NC(=O)[C@H](CC(C)C)NC(=O)[C@H](CO)NC(=O)[C@H](CO)NNC(=O)[C@@H]2CSCCC(=O)N3CN(CN(C3)C(=O)CCSC[C@@H](C(=O)N[C@@H](C)C(N)=O)NC(=O)[C@H](Cc3c[nH]cn3)NC1=O)C(=O)CCSC[C@H](NC(=O)[C@H](C)N)C(=O)N[C@@H](C(C)C)C(=O)N[C@@H](CCCNC(=N)N)C(=O)N[C@@H](CO)C(=O)N[C@@H](Cc1ccc(CN)cc1)C(=O)N2,,IC50,>40,nM,BindingDB
51551209,CC[C@H](C)[C@@H]1NC(=O)[C@H](CCCNC(=N)N)NC(=O)[C@@H]2CCCN2C(=O)[C@H](CC(C)C)NC(=O)[C@H](CC(C)C)NC(=O)[C@H]([C@@H](C)O)NC(=O)[C@H](CO)NNC(=O)[C@@H]2CSCCC(=O)N3CN(CN(C3)C(=O)CCSC[C@@H](C(=O)N[C@@H](C)C(N)=O)NC(=O)[C@H](Cc3c[nH]cn3)NC1=O)C(=O)CCSC[C@H](NC(=O)[C@H](C)N)C(=O)N[C@@H](C(C)C)C(=O)N[C@@H](CCCNC(=N)N)C(=O)N[C@@H](CO)C(=O)N[C@@H](Cc1c[nH]cn1)C(=O)N2,,IC50,>40,nM,BindingDB
51551214,CC[C@H](C)[C@@H]1NC(=O)[C@H](CCCCNC(=N)N)NC(=O)[C@@H]2CCCN2C(=O)[C@H](CC(C)C)NC(=O)[C@H](CC(C)C)NC(=O)[C@H](CO)NC(=O)[C@H](CO)NNC(=O)[C@@H]2CSCCC(=O)N3CN(CN(C3)C(=O)CCSC[C@@H](C(=O)N[C@@H](C)C(N)=O)NC(=O)[C@H](Cc3c[nH]cn3)NC1=O)C(=O)CCSC[C@H](NC(=O)[C@H](C)N)C(=O)N[C@@H](C(C)C)C(=O)N[C@@H](C)C(=O)N[C@@H](CO)C(=O)N[C@@H](Cc1c[nH]cn1)C(=O)N2,,IC50,>40,nM,BindingDB
51551212,CC[C@H](C)[C@@H]1NC(=O)[C@H](CCCNC(=N)N)NC(=O)[C@@H]2C[C@@H](O)CN2C(=O)[C@H](CC(C)C)NC(=O)[C@H](CC(C)C)NC(=O)[C@H](CO)NC(=O)[C@H](CO)NNC(=O)[C@@H]2CSCCC(=O)N3CN(CN(C3)C(=O)CCSC[C@@H](C(=O)N[C@@H](C)C(N)=O)NC(=O)[C@H](Cc3c[nH]cn3)NC1=O)C(=O)CCSC[C@H](NC(=O)[C@H](C)N)C(=O)N[C@@H](C(C)C)C(=O)N[C@@H](CCCNC(=N)N)C(=O)N[C@@H](CO)C(=O)N[C@@H](Cc1c[nH]cn1)C(=O)N2,,IC50,>40,nM,BindingDB
51551213,CC[C@H](C)[C@@H]1NC(=O)[C@H](CCCNC(=N)N)NC(=O)[C@@H]2C[C@H](O)CN2C(=O)[C@H](CC(C)C)NC(=O)[C@H](CC(C)C)NC(=O)[C@H](CO)NC(=O)[C@H](CO)NNC(=O)[C@@H]2CSCCC(=O)N3CN(CN(C3)C(=O)CCSC[C@@H](C(=O)N[C@@H](C)C(N)=O)NC(=O)[C@H](Cc3c[nH]cn3)NC1=O)C(=O)CCSC[C@H](NC(=O)[C@H](C)N)C(=O)N[C@@H](C(C)C)C(=O)N[C@@H](CCCNC(=N)N)C(=O)N[C@@H](CO)C(=O)N[C@@H](Cc1c[nH]cn1)C(=O)N2,,IC50,>40,nM,BindingDB
50568432,CC[C@@H](C)[C@H](S)C(=O)NC1CCc2cccc3C[C@H](N(c23)C1=O)C(O)=O,,IC50,41,nM,BindingDB
50991991,C[C@H](NP(O)(=O)OCc1ccccc1)C(=O)N1CCC[C@H]1C(O)=O,,IC50,41,nM,BindingDB
50724339,C[C@H](N[C@@H](CCc1ccccc1)C(O)=O)C(=O)N1C[C@H](C[C@H]1C(O)=O)NC(=O)C(CS)Cc1ccccc1,,IC50,42,nM,BindingDB
50599117,OC(=O)[C@@H]1CCCN1C(=O)CCCC(=O)C(Cc1ccccc1)NC(=O)c1ccccc1,,IC50,42,nM,BindingDB
50028868,OC(=O)[C@H]1CCCN1C(=O)CCCC(=O)C(Cc1ccccc1)NC(=O)c1ccccc1,,IC50,42,nM,BindingDB
51655712,CC(CS)C(=O)N1C[Si](C)(C)C[C@H]1C(=O)O,,IC50,43,nM,BindingDB
51126789,C[C@H](CS)C(=O)N1C[Si](C)(C)C[C@H]1C(O)=O |r|,,IC50,43,nM,BindingDB
50724334,C[C@H](N[C@@H](CCc1ccccc1)C(O)=O)C(=O)N1C[C@H](C[C@H]1C(O)=O)NC(=O)NC(CS)Cc1ccccc1,,IC50,43,nM,BindingDB
50030011,CCOC(=O)[C@H](CCc1ccccc1)N[C@@H](C)C(=O)N1Cc2ccccc2[C@H]1C(O)=O |r|,,IC50,44,nM,BindingDB
51527205,C[C@H](N[C@@H](CCc1ccccc1)C(O)=O)C(=O)N1Cc2ccccc2[C@H]1C(O)=O |r|,,IC50,44,nM,BindingDB
50561739,C[C@H](N[C@@H](Cc1ccccc1)C(=O)N[C@@H](Cc1ccc(cc1)-c1ccccc1)C(O)=O)P(O)(O)=O,,IC50,44,nM,BindingDB
50745429,CC(C)C[C@H](N[C@H]1CCc2ccccc2N(CC(O)=O)C1=O)C(O)=O,,IC50,45,nM,BindingDB
50599132,Cc1ccccc1C(=O)NC(Cc1ccccc1)C(=O)CCC(=O)N1CCC[C@H]1C(O)=O,,IC50,46,nM,BindingDB
50991872,OC(=O)[C@@H]1CCCN1C(=O)[C@@H]1CC[C@H]1S,,IC50,49,nM,BindingDB
50561741,CC[C@@H](C)[C@H](NCP(O)(O)=O)C(=O)N[C@@H](Cc1ccc(cc1)-c1ccccc1)C(O)=O,,IC50,50,nM,BindingDB
50991973,C[C@@H](NC(=O)C(S)Cc1ccccc1)C(=O)N1CCC[C@H]1C(O)=O,,IC50,50,nM,BindingDB
50761154,CCC[C@H](N[C@@H](CCc1ccccc1)C(O)=O)C(=O)N1C[C@H](C[C@H]1C(O)=O)NC(=O)C[C@H](N)Cc1cc(F)c(F)cc1F |r|,,IC50,51,nM,BindingDB
50991984,C[C@H](NC(CCc1ccccc1)P(O)(O)=O)C(=O)N1CCC[C@H]1C(O)=O,,IC50,51,nM,BindingDB
50991963,CC(C1CCCCC(CS)C1=O)C(O)=O,,IC50,52,nM,BindingDB
50090253,CN[C@@H](C(C)C)C(=O)N[C@@H](Cc1ccc(O)cc1)C(=O)N[C@@H](Cc1ccc(O)cc1)P(O)(O)=O |r|,,IC50,52,nM,BindingDB
50859983,CC(C)CN(C[C@H](O)C(O)=O)C(=O)N[C@@H](Cc1ccc2ccccc2c1)C(O)=O,,IC50,52,nM,BindingDB
50561731,OC(=O)[C@H](Cc1ccc(cc1)-c1ccccc1)NC(=O)[C@H](Cc1ccc2ccccc2c1)NCP(O)(O)=O,,IC50,53,nM,BindingDB
50090257,CN[C@@H](C(C)C)C(=O)N[C@@H](Cc1ccc(O)cc1)C(=O)N[C@@H](Cc1ccc(O)cc1)P(O)(O)=O |r|,,IC50,54,nM,BindingDB
50030008,CCOC(=O)[C@H](CCc1ccccc1)N[C@@H](C)C(=O)N1Cc2cc(OC)c(OC)cc2C[C@H]1C(O)=O,,IC50,56,nM,BindingDB
50991943,OC(=O)C(CCc1ccccc1)N[C@H]1CCN2CCC[C@H](N2C1=O)C(O)=O,,IC50,56,nM,BindingDB
50476459,OC(=O)[C@@H]1CCCN1C(=O)[C@H](Cc1ccc(cc1)-c1ccccc1)NC(=O)[C@@H](S)Cc1ccccc1,,IC50,57,nM,BindingDB
50983714,OC(=O)CN1NCCC[C@H](NC(=O)[C@@H](S)Cc2ccccc2)C1=O,,IC50,60,nM,BindingDB
50859989,CC(C)CN(C[C@H](O)C(O)=O)C(=O)N[C@@H](Cc1ccc(O)cc1)C(O)=O,,IC50,60,nM,BindingDB
50568433,OC(=O)[C@@H]1Cc2cccc3CC[C@@H](NC(=O)[C@@H](S)Cc4ccccc4)C(=O)N1c23,,IC50,62,nM,BindingDB
50476440,CC(C)[C@H](S)C(=O)N[C@@H](Cc1ccc(cc1)-c1ccccc1)C(=O)N[C@@H](Cc1ccc(O)cc1)C(O)=O,,IC50,62,nM,BindingDB
50991896,NC(CS)C(=O)N1CCC[C@H]1C(O)=O,,IC50,63,nM,BindingDB
50983675,CC(S)(Cc1ccccc1)C(=O)N[C@H]1CCc2ccccc2N(CC(O)=O)C1=O,,IC50,63,nM,BindingDB
50995219,OC(=O)[C@@H]1CCCN1C(=O)[C@H]1CCC[C@H]1SC(=O)c1ccccc1,,IC50,63.1,nM,BindingDB
50060382,CC(S)C(=O)N[C@@H](Cc1c[nH]c2ccccc12)C(=O)O,,IC50,64.6,nM,BindingDB
50991900,OC(=O)[C@@H]1CCCN1C(=O)C1CCCC1S,,IC50,65,nM,BindingDB
50561732,CC[C@H](C)C(NCC(O)=O)C(=O)N[C@@H](Cc1ccc(cc1)-c1ccccc1)C(O)=O,,IC50,65,nM,BindingDB
50060384,CC(S)C(=O)N[C@@H](Cc1c[nH]c2ccccc12)C(=O)O,,IC50,65,nM,BindingDB
50474999,OC(=O)[C@@H]1CCCN1C(=O)CNCC(=O)[C@H](Cc1ccccc1)NC(=O)c1ccccc1,,IC50,70,nM,BindingDB
50991867,OC(=O)[C@@H]1CCCN2N1C(=O)[C@H](CS)CC2=O,,IC50,71,nM,BindingDB
50991960,OC(=O)[C@@H]1CCCN1C(=O)CP(O)(=O)C(CCc1ccccc1)NC(=O)c1ccccc1,,IC50,72,nM,BindingDB
50977414,C[C@@H](C[Si](O)(O)[C@@H](Cc1ccccc1)NC(=O)c1ccccc1)C(=O)N1CCC[C@H]1C(O)=O,,IC50,72,nM,BindingDB
50090270,CC[C@H](C)[C@H](NC(C)=O)C(=O)N[C@@H](CC(C)C)C(=O)N[C@@H](Cc1ccc(O)cc1)P(O)(O)=O |r|,,IC50,76,nM,BindingDB
50479602,OC(=O)[C@@H]1Cc2cccc3CC[C@H](NC(=O)C(CS)Cc4ccc(cc4)-c4ccccc4)C(=O)N1c23,,IC50,77,nM,BindingDB
50479599,OC(=O)[C@@H]1Cc2cccc3CC[C@H](NC(=O)C(CS)Cc4ccc(cc4)-c4ccccc4)C(=O)N1c23,,IC50,77,nM,BindingDB
50995200,C[C@H](CS)C(=O)N1CCC[C@H]1C(O)=O,,IC50,79.43,nM,BindingDB
50476455,OC(=O)[C@H](Cc1ccc(cc1)-c1ccccc1)NC(=O)[C@@H](S)Cc1ccccc1,,IC50,80,nM,BindingDB
51644115,NCCCC[C@H](N[C@@H](CCc1ccccc1)C(=O)O)C(=O)N[C@@H](Cc1c[nH]c2ccccc12)C(=O)O,,IC50,80,nM,BindingDB
50599124,COC(=O)[C@@H]1CCCN1C(=O)CCC(=O)C(Cc1ccccc1)NC(=O)c1ccccc1,,IC50,82,nM,BindingDB
50746454,CC(OC(CCc1ccccc1)C(O)=O)C(=O)N1Cc2ccccc2CC1C(O)=O,,IC50,86,nM,BindingDB
50599119,O=C(CCC(=O)N1CCC[C@H]1C(=O)OCc1ccccc1)C(Cc1ccc(OCc2ccccc2)cc1)NC(=O)c1ccccc1,,IC50,86,nM,BindingDB
50724332,C[C@H](CS)C(=O)N1C[C@H](C[C@H]1C(O)=O)NC(=O)C(CS)Cc1ccccc1,,IC50,87,nM,BindingDB
50090276,CC[C@H](C)[C@H](NC(C)=O)C(=O)N[C@@H](Cc1ccccc1)C(=O)N[C@@H](Cc1ccc(O)cc1)P(O)(O)=O |r|,,IC50,88,nM,BindingDB
50005871,OC(=O)[C@@H]1Cc2cccc3CCC(NC(=O)[C@@H](S)Cc4ccc(cc4)-c4ccccc4)C(=O)N1c23,,IC50,89,nM,BindingDB
1237907,C[C@@H](C[C@@H](Cc1ccc(cc1)-c1ccccc1)C(=O)CCCC(O)=O)C(O)=O |r|,,IC50,90,nM,BindingDB
1316478,C[C@@H](C[C@@H](Cc1ccc(cc1)-c1ccccc1)NC(=O)CCCC(O)=O)C(O)=O |r|,,IC50,90,nM,BindingDB
50809163,CC(N[C@H](C)C(=O)N1CCC[C@H]1C(O)=O)C(O)=O,,IC50,90,nM,BindingDB
50060198,CC(N[C@H](C)C(=O)N1CCC[C@H]1C(O)=O)C(O)=O,,IC50,90,nM,BindingDB
50561835,CC(C)Oc1ccc(C[C@H](NC(=O)[C@@H](NCP(O)(O)=O)C(C)C)C(O)=O)cc1,,IC50,92,nM,BindingDB
50030081,OC(=O)CN1CCCCC[C@@H](N[C@H](CCc2ccccc2)C(O)=O)C1=O |r|,,IC50,92,nM,BindingDB
1237902,C[C@H](C[C@@H](Cc1ccc(cc1)-c1ccccc1)C(=O)CC(O)=O)C(O)=O |r|,,IC50,92,nM,BindingDB
1316473,C[C@H](C[C@@H](Cc1ccc(cc1)-c1ccccc1)NC(=O)CC(O)=O)C(O)=O,,IC50,92,nM,BindingDB
50561842,CC(C)[C@H](NCP(O)(O)=O)C(=O)N[C@@H](CCc1ccccc1)C(O)=O,,IC50,100,nM,BindingDB
50991887,C[C@@]1(CCS)C(=O)N2CC=C[C@H](N2C1=O)C(O)=O |c:9|,,IC50,100,nM,BindingDB
50029886,CCOC(=O)[C@H](CCc1ccccc1)N[C@@H](C)C(=O)N1C2CCCCC2C[C@H]1C(O)=O |r|,,IC50,100,nM,BindingDB
50479588,OC(=O)[C@@H]1Cc2cccc3CCC(NC(=O)[C@@H](S)C4CCCCC4)C(=O)N1c23,,IC50,<100,nM,BindingDB
50441785,C[C@H](CS)C(=O)N[C@@H](CSCc1ccc(F)cc1)C(O)=O |r|,,IC50,100,nM,BindingDB
50991878,NC(Cc1ccccc1)C(=O)N[C@H](CCC(=O)N1[C@H]2CCCC[C@H]2C[C@H]1C(O)=O)C(O)=O,,IC50,100,nM,BindingDB
50441743,COc1ccc(CSC[C@H](NC(=O)[C@H](C)CS)C(O)=O)cc1 |r|,,IC50,100,nM,BindingDB
50476461,CC(C)[C@H](S)C(=O)N[C@@H](Cc1ccc(cc1)-c1ccccc1)C(=O)N[C@@H](CO)C(O)=O,,IC50,100,nM,BindingDB
50859978,CC(C)CN(C[C@H](O)C(=O)O)C(=O)N[C@@H](Cc1c[nH]c2ccccc12)C(=O)O,,IC50,103,nM,BindingDB
50090219,CC[C@H](C)[C@H](NC(C)=O)C(=O)N[C@@H](Cc1ccc(O)cc1)C(=O)N[C@@H](Cc1ccc(O)cc1)P(O)(O)=O |r|,,IC50,110,nM,BindingDB
50746460,CC(OC(CCc1ccccc1)C(O)=O)C(=O)N1CCCC1C(O)=O,,IC50,110,nM,BindingDB
50859991,CC(C)CN(C[C@H](O)C(O)=O)C(=O)N[C@@H](Cc1cccc2ccccc12)C(O)=O,,IC50,110,nM,BindingDB
50986263,CC(=O)CN1C(=O)\C(=N/C(=S)NCc2cc3ccccc3cc2O)c2ccccc12,,IC50,112,nM,BindingDB
50561817,OC(=O)[C@H](Cc1ccc(cc1)-c1ccccc1)NC(=O)[C@H](Cc1ccccc1)NCP(O)(O)=O,,IC50,117,nM,BindingDB
50093710,OC(=O)[C@@H]1CCCCCCc2cccc(C[C@@H](CS)C(=O)N1)c2,,IC50,118,nM,BindingDB
51644441,C[C@H](CS)C(=O)N1CCC[C@H]1C(O)=O,,IC50,120,nM,BindingDB
50561838,CC(C)[C@H](NCP(O)(O)=O)C(=O)N[C@@H](Cc1ccc(cc1)C1CCCCC1)C(O)=O,,IC50,122,nM,BindingDB
50995201,OC(=O)[C@@H]1CCCN1C(=O)[C@@H]1CCC[C@@H]1S,,IC50,125.89,nM,BindingDB
50995207,OC(=O)[C@@H]1CCCN2N1C(=O)[C@H](CS)CC2=O,,IC50,125.89,nM,BindingDB
50746639,CC(CSC(C)=O)C(=O)N1Cc2ccccc2CC1C(O)=O,,IC50,130,nM,BindingDB
50441740,C[C@H](CS)C(=O)N[C@@H](CSCc1ccc(cc1)C(C)(C)C)C(O)=O |r|,,IC50,130,nM,BindingDB
50561730,C[C@@H]([C@H](NCP(O)(O)=O)C(=O)N[C@@H](Cc1ccc(cc1)-c1ccccc1)C(O)=O)c1ccccc1,,IC50,138,nM,BindingDB
50746452,CC(SC(CCc1ccccc1)C(O)=O)C(=O)N1C2CCCCC2C[C@H]1C(O)=O |r|,,IC50,140,nM,BindingDB
50799363,OC(=O)CNC(=O)[C@@H](CS)Cc1ccccc1,,IC50,140,nM,BindingDB
50757250,CCOC(=O)[C@H](CCc1ccccc1)N[C@@H](C)C(=O)N1CCC[C@H]1C(O)=O |r|,,IC50,140,nM,BindingDB
50441734,C[C@H](CS)C(=O)N[C@@H](CSCc1ccc(I)cc1)C(O)=O |r|,,IC50,140,nM,BindingDB
50746465,CCOC(=O)[C@H](CCc1ccccc1)N[C@@H](C)C(=O)N1CCC[C@H]1C(O)=O |r|,,IC50,140,nM,BindingDB
50746620,CCOC(=O)[C@H](CCc1ccccc1)N[C@@H](C)C(=O)N1CCC[C@H]1C(O)=O |r|,,IC50,140,nM,BindingDB
50074880,c1ccc(cc1)C[C@H](CS)C(=O)NCC(=O)O,,IC50,140,nM,BindingDB
50724333,C[C@H](CS)C(=O)N1C[C@H](C[C@H]1C(O)=O)NC(=O)NC(CS)Cc1ccccc1,,IC50,147,nM,BindingDB
50561736,OC(=O)[C@H](Cc1ccc(cc1)-c1ccccc1)NC(=O)[C@H](Cc1ccc2OCOc2c1)NCP(O)(O)=O,,IC50,147,nM,BindingDB
50599125,NC(=O)[C@@H]1CCCN1C(=O)CCC(=O)C(Cc1ccccc1)NC(=O)c1ccccc1,,IC50,150,nM,BindingDB
51644114,NCCCC[C@H](NC(=O)[C@@H](S)Cc1ccccc1)C(=O)N[C@@H](Cc1c[nH]c2ccccc12)C(=O)O,,IC50,150,nM,BindingDB
50859986,O[C@@H](CN(Cc1ccc-2c(Cc3ccccc-23)c1)C(=O)N[C@@H](Cc1ccc2ccccc2c1)C(O)=O)C(O)=O,,IC50,150,nM,BindingDB
50761206,C[C@H](N[C@@H](CCc1ccccc1)C(O)=O)C(=O)N1C[C@H](C[C@H]1C(O)=O)NC(=O)C[C@H](N)Cc1cc(F)c(F)cc1F |r|,,IC50,158,nM,BindingDB
50995223,OC(=O)[C@@H]1CCCN1C(=O)[C@@H]1CC[C@H]1S,,IC50,158.49,nM,BindingDB
50885086,OC(=O)C(Cc1ccc(O)cc1)NC(=O)CC(S)C(F)(F)F,,IC50,160,nM,BindingDB
50561722,COc1ccccc1C[C@H](NCP(O)(O)=O)C(=O)N[C@@H](Cc1ccc(cc1)-c1ccccc1)C(O)=O,,IC50,160,nM,BindingDB
50479593,C[C@H](S)C(=O)NC1CCc2cccc3C[C@H](N(c23)C1=O)C(O)=O,,IC50,165,nM,BindingDB
50093720,OC(=O)[C@@H]1CCCCCCc2cccc(C[C@H](CS)C(=O)N1)c2,,IC50,175,nM,BindingDB
50476442,CC(C)[C@H](S)C(=O)N[C@@H](Cc1ccc(cc1)-c1ccccc1)C(=O)N[C@@H](C(C)C)C(O)=O,,IC50,175,nM,BindingDB
50599118,O=C(CCC(=O)C(Cc1ccccc1)NC(=O)c1ccccc1)NC(Cc1ccccc1)C(=O)OCc1ccccc1,,IC50,180,nM,BindingDB
50002924,CC(S)(Cc1ccccc1)C(=O)N[C@H]1CCc2ccccc2N(CC(O)=O)C1=O,,IC50,183,nM,BindingDB
50476445,OC(=O)[C@@H]1CCCN1C(=O)[C@H](Cc1ccc(cc1)-c1ccccc1)NC(=O)[C@@H](S)c1ccc2OCOc2c1,,IC50,183,nM,BindingDB
1237904,C[C@H](C[C@@H](Cc1ccc(cc1)-c1ccccc1)C(=O)CCC(O)=O)C(O)=O |r|,,IC50,190,nM,BindingDB
1316475,C[C@H](C[C@@H](Cc1ccc(cc1)-c1ccccc1)NC(=O)CCC(O)=O)C(O)=O,,IC50,190,nM,BindingDB
50859988,CC(C)(C)CN(C[C@H](O)C(O)=O)C(=O)N[C@@H](Cc1ccc2ccccc2c1)C(O)=O,,IC50,191,nM,BindingDB
50597275,CN(Cc1nc2cccc(N3CCN(C)CC3)n2c1CO)[C@H]1CCCc2cccnc12 |r|,,IC50,193,nM,BindingDB
50060387,OC(=O)[C@@H]1CCCN1C(=O)CCS |r|,,IC50,199,nM,BindingDB
50753108,CCOC(=O)[C@H](CCc1ccccc1)N[C@@H](CCCCN)C(=O)N1CC2(C[C@H]1C(O)=O)SCCS2,,IC50,200,nM,BindingDB
50030009,CCOC(=O)[C@@H](CCc1ccccc1)N[C@@H](C)C(=O)N1Cc2ccccc2C[C@H]1C(O)=O |r|,,IC50,200,nM,BindingDB
50060383,OC(=O)[C@@H]1CCCN1C(=O)CCS |r|,,IC50,200,nM,BindingDB
50441753,CC(C)c1ccc(cc1)C(C)SC[C@H](NC(=O)[C@H](C)CS)C(O)=O |r|,,IC50,200,nM,BindingDB
51508742,C[C@H](CS)C(=O)N1CCC[C@H]1C(O)=O,,IC50,208,nM,BindingDB
50441738,CCCc1ccc(CSC[C@H](NC(=O)[C@H](C)CS)C(O)=O)cc1 |r|,,IC50,210,nM,BindingDB
50991936,N[C@@H](Cc1ccccc1)C(=O)N[C@H](CCC(=O)N1[C@H]2CCCC[C@H]2C[C@H]1C(O)=O)C(O)=O,,IC50,219,nM,BindingDB
50090234,CN[C@@H](C(C)C)C(=O)N[C@@H](Cc1ccccc1)C(=O)N[C@@H](Cc1ccc(O)cc1)P(O)(O)=O |r|,,IC50,220,nM,BindingDB
50746463,CCOC(=O)C(CCc1ccccc1)OC(C)C(=O)N1CCCC1C(O)=O,,IC50,220,nM,BindingDB
50746458,CCOC(=O)C(CCc1ccccc1)S(=O)C(C)C(=O)N1C2CCCCC2C[C@H]1C(O)=O |r|,,IC50,220,nM,BindingDB
50476444,OC(=O)[C@@H]1CCCN1C(=O)[C@H](Cc1ccc(cc1)-c1ccccc1)NC(=O)[C@H](S)Cc1ccccc1,,IC50,229,nM,BindingDB
50441735,C[C@H](CS)C(=O)N[C@@H](CSCc1ccc(C)cc1)C(O)=O |r|,,IC50,240,nM,BindingDB
50561844,CC(C)[C@H](NCP(=O)(O)O)C(=O)N[C@@H](Cc1c[nH]c2ccccc12)C(=O)O,,IC50,240,nM,BindingDB
50599123,OC(=O)[C@@H]1CCCN1C(=O)CCC(=O)C(Cc1ccccc1)NC(=O)OCc1ccccc1,,IC50,240,nM,BindingDB
50441732,C[C@H](CS)C(=O)N[C@@H](CSCc1ccc(Cl)cc1)C(O)=O |r|,,IC50,250,nM,BindingDB
50724327,C[C@H](N[C@@H](CCc1ccccc1)C(O)=O)C(=O)N1C[C@@H](C[C@H]1C(O)=O)NC(=O)C(CS)Cc1ccccc1,,IC50,253,nM,BindingDB
50479595,OC(=O)[C@@H]1Cc2cccc3CCC(NC(=O)C4(S)CCCC4)C(=O)N1c23,,IC50,253,nM,BindingDB
50441744,C[C@H](CS)C(=O)N[C@@H](CSCc1ccc(OC(F)(F)F)cc1)C(O)=O |r|,,IC50,260,nM,BindingDB
50029888,C[C@H](N[C@@H](CCc1ccccc1)C(O)=O)C(=O)N1C2CCCCC2C[C@H]1C(O)=O |r|,,IC50,260,nM,BindingDB
50441759,CC(C)c1ccc(cc1)C(C)(C)SC[C@H](NC(=O)[C@H](C)CS)C(O)=O |r|,,IC50,260,nM,BindingDB
50761207,CCCC[C@H](N[C@@H](CCc1ccccc1)C(O)=O)C(=O)N1C[C@H](C[C@H]1C(O)=O)NC(=O)C[C@H](N)Cc1cc(F)c(F)cc1F |r|,,IC50,279,nM,BindingDB
50885098,OC(=O)C(Cc1ccc(O)cc1)NC(=O)C(Cc1ccccc1)NC(=O)CC(S)C(F)(F)F,,IC50,280,nM,BindingDB
50426194,C[C@H](CS)C(=O)N1[C@H](CC[C@H]1C(O)=O)SCc1ccc(cc1)C1CCCCC1 |r|,,IC50,280,nM,BindingDB
50441733,C[C@H](CS)C(=O)N[C@@H](CSCc1ccc(Br)cc1)C(O)=O |r|,,IC50,280,nM,BindingDB
50441741,C[C@H](CS)C(=O)N[C@@H](CSCc1ccc(cc1)-c1ccccc1)C(O)=O |r|,,IC50,280,nM,BindingDB
50746457,C[C@@H](C(=O)N1Cc2ccccc2C[C@H]1C(=O)O)N[C@@H](CCc3ccccc3)C(=O)O,,IC50,280,nM,BindingDB
50479597,OC(=O)[C@@H]1Cc2cccc3CCC(NC(=O)[C@H](S)Cc4ccccc4)C(=O)N1c23,,IC50,283,nM,BindingDB
50983677,OC(=O)CN1c2ccccc2CC[C@H](NC(=O)[C@H](S)Cc2ccccc2)C1=O,,IC50,284,nM,BindingDB
50061995,COc1ccc(CSC[C@@H](NC(=O)[C@H](CS)Cc2ccccc2)C(O)=O)cc1,,IC50,290,nM,BindingDB
50813319,CC(CSC(C)=O)C(=O)Nc1ccccc1,,IC50,300,nM,BindingDB
50599127,CC(NC(=O)c1ccccc1)C(=O)CCC(=O)N1CCC[C@H]1C(O)=O,,IC50,300,nM,BindingDB
50441748,C[C@H](CS)C(=O)N[C@@H](CSCc1ccc(cc1)C#N)C(O)=O |r|,,IC50,300,nM,BindingDB
50441751,C[C@H](CS)C(=O)N[C@@H](CSCc1ccc(cc1)S(C)(=O)=O)C(O)=O |r|,,IC50,300,nM,BindingDB
50074906,CCC(C)C(NC(=O)C(Cc1ccccc1)C(C)S)C(=O)NC(Cc1ccc(O)cc1)C(O)=O,,IC50,300,nM,BindingDB
50441750,CSc1ccc(CSC[C@H](NC(=O)[C@H](C)CS)C(O)=O)cc1 |r|,,IC50,300,nM,BindingDB
50746638,CCOC(=O)C(CCc1ccccc1)NC(C)C(=O)N1Cc2cc(OC)c(OC)cc2CC1C(=O)OCc1ccccc1,,IC50,300,nM,BindingDB
50885089,OC(=O)C(Cc1ccc(F)cc1)NC(=O)CC(S)C(F)(F)F,,IC50,300,nM,BindingDB
50441739,CC(C)c1ccc(CSC[C@H](NC(=O)[C@H](C)CS)C(O)=O)cc1 |r|,,IC50,300,nM,BindingDB
50476451,OC(=O)[C@@H]1CCCN1C(=O)[C@H](Cc1ccc2ccccc2c1)NC(=O)[C@H](S)Cc1ccccc1,,IC50,304,nM,BindingDB
50983687,OC(=O)CN1c2ccccc2CC[C@@H](NC(=O)[C@@H](S)Cc2ccccc2)C1=O,,IC50,306,nM,BindingDB
50995215,c1ccc(cc1)C[C@H](CS)C(=O)NCC(=O)O,,IC50,316.23,nM,BindingDB
50476456,CC(C)[C@H](S)C(=O)N[C@@H](Cc1ccc(cc1)-c1ccccc1)C(=O)N1CCC[C@H]1C(O)=O,,IC50,319,nM,BindingDB
50441749,C[C@H](CS)C(=O)N[C@@H](CSCc1ccc(cc1)[N+]([O-])=O)C(O)=O |r|,,IC50,320,nM,BindingDB
50991884,C[C@H](NC(CCN)C(O)=O)C(=O)N1CCC[C@H]1C(O)=O,,IC50,324,nM,BindingDB
1237908,C[C@@H](C[C@@H](Cc1ccc(cc1)-c1ccccc1)C(=O)CCCCC(O)=O)C(O)=O |r|,,IC50,324,nM,BindingDB
1316479,C[C@H](C[C@@H](Cc1ccc(cc1)-c1ccccc1)NC(=O)CCCCC(O)=O)C(O)=O,,IC50,324,nM,BindingDB
50599112,CC(=O)NC(Cc1ccccc1)C(=O)CCC(=O)N1CCC[C@H]1C(O)=O,,IC50,330,nM,BindingDB
50991977,NCCCC[C@H](OP(O)(=O)CCCCc1ccccc1)C(=O)N1C[C@@H](C[C@H]1C(O)=O)c1ccccc1,,IC50,339,nM,BindingDB
50441745,CCOc1ccc(CSC[C@H](NC(=O)[C@H](C)CS)C(O)=O)cc1 |r|,,IC50,340,nM,BindingDB
50441736,C[C@H](CS)C(=O)N[C@@H](CSCc1ccc(cc1)C(F)(F)F)C(O)=O |r|,,IC50,340,nM,BindingDB
50441754,CCC(SC[C@H](NC(=O)[C@H](C)CS)C(O)=O)c1ccc(cc1)C(C)C |r|,,IC50,340,nM,BindingDB
50441746,C[C@H](CS)C(=O)N[C@@H](CSCc1ccc(Oc2ccccc2)cc1)C(O)=O |r|,,IC50,370,nM,BindingDB
50476437,OC(=O)[C@@H]1CCCN1C(=O)[C@H](Cc1ccc(cc1)-c1ccccc1)NC(=O)[C@H](S)c1ccc2OCOc2c1,,IC50,378,nM,BindingDB
50561740,OC(=O)[C@H](Cc1ccc(cc1)-c1ccccc1)NC(=O)[C@H](Cc1cccs1)NCP(O)(O)=O,,IC50,385,nM,BindingDB
50991958,CC(NC(=O)OCc1ccccc1)C(=O)N[C@H](CCC(=O)N1CCC[C@H]1C(O)=O)C(O)=O,,IC50,389,nM,BindingDB
50885092,O=C(CC(S)C(F)(F)F)NC(Cc1c[nH]c2ccccc12)C(=O)O,,IC50,400,nM,BindingDB
50426195,C[C@H](CS)C(=O)N1[C@H](CC[C@H]1C(O)=O)SCc1ccc(cc1)C(C)(C)C |r|,,IC50,410,nM,BindingDB
50561733,OC(=O)[C@H](Cc1ccc(cc1)-c1ccccc1)NC(=O)[C@H](Cc1ccc(cc1)-c1ccccc1)NCP(O)(O)=O,,IC50,414,nM,BindingDB
51493988,C[C@H](CS)C(=O)N1CCC[C@H]1C(O)=O,,IC50,420,nM,BindingDB
50441755,CCCC(SC[C@H](NC(=O)[C@H](C)CS)C(O)=O)c1ccc(cc1)C(C)C |r|,,IC50,420,nM,BindingDB
50991912,OC(=O)[C@H](Cc1ccccc1)NC(=O)CCS,,IC50,427,nM,BindingDB
50030080,OC(=O)CN1CCCC(NC(CCc2ccccc2)C(O)=O)C1=O,,IC50,430,nM,BindingDB
50441756,CC(C)C(SC[C@H](NC(=O)[C@H](C)CS)C(O)=O)c1ccc(cc1)C(C)C |r|,,IC50,430,nM,BindingDB
50991996,COP(O)(=O)C(CCc1ccccc1)N[C@@H](C)C(=O)N1CCC[C@H]1C(O)=O,,IC50,437,nM,BindingDB
50746641,CCOC(=O)C(CCc1ccccc1)NC(C)C(=O)N1Cc2ccccc2CC1C(=O)OCC,,IC50,440,nM,BindingDB
50991971,OC(=O)CCc1cc(O)c2CC[C@@H](C(O)=O)n2c1=O,,IC50,457,nM,BindingDB
50062025,Cc1ccc(CSC[C@@H](NC(=O)[C@@H](CS)Cc2ccccc2)C(O)=O)cc1C,,IC50,460,nM,BindingDB
50746456,CCOC(=O)C(CCc1ccccc1)SC(C)C(=O)N1Cc2ccccc2C[C@H]1C(O)=O |r|,,IC50,460,nM,BindingDB
50093719,OC(=O)[C@H]1Cc2ccccc2CCCCCC[C@H](CS)C(=O)N1,,IC50,470,nM,BindingDB
50561837,OC(=O)[C@H](Cc1ccc(cc1)-c1ccccc1)NC(=O)[C@H](Cc1ccc(Cl)cc1)NCP(O)(O)=O,,IC50,473,nM,BindingDB
50561841,Cc1ccccc1C[C@H](NCP(O)(O)=O)C(=O)N[C@@H](Cc1ccc(cc1)-c1ccccc1)C(O)=O,,IC50,498,nM,BindingDB
50093706,C[C@H](CS)C(=O)N1Cc2[nH]c3ccccc3c2CC1C(=O)O,,IC50,500,nM,BindingDB
50724344,C[C@H](N[C@@H](CCc1ccccc1)C(O)=O)C(=O)N1C[C@@H](C[C@H]1C(O)=O)OC(=O)NC(CS)Cc1ccccc1,,IC50,506,nM,BindingDB
50746632,CCOC(=O)C(CCc1ccccc1)NC(C)C(=O)N1Cc2cc(OC)c(OC)cc2CC1C(=O)OCC,,IC50,520,nM,BindingDB
50441806,C[C@H](CS)C(=O)N[C@@H](CSCc1ccc(cc1)N(C)C)C(O)=O |r|,,IC50,520,nM,BindingDB
50599121,OC1C[C@H](N(C1)C(=O)CCC(=O)C(Cc1ccccc1)NC(=O)c1ccccc1)C(O)=O,,IC50,540,nM,BindingDB
51527204,O=C(O)[C@@H]1Cc2c([nH]c3ccccc23)CN1C(=O)CCS,,IC50,540,nM,BindingDB
50745416,CCOC(=O)[C@H](Cc1c[nH]c2ccccc12)N[C@H]1CCc2ccccc2N(CC(=O)O)C1=O,,IC50,540,nM,BindingDB
50746464,CC(SC(CCc1ccccc1)C(O)=O)C(=O)N1CCC[C@H]1C(O)=O |r|,,IC50,580,nM,BindingDB
50090261,CN[C@@H](C(C)C)C(=O)N[C@@H](Cc1ccccc1)C(=O)N[C@@H](Cc1ccc(O)cc1)P(O)(O)=O |r|,,IC50,590,nM,BindingDB
50337722,NCCC[C@H](NC(=O)[C@@H](N)Cc1ccsc1)C(=O)N1CCC[C@H]1C(O)=O,,IC50,600,nM,BindingDB
51527203,OC(=O)C1Cc2sccc2CN1C(=O)CCS,,IC50,620,nM,BindingDB
350122,CC(C)C[C@H](S)C(=O)N1CCC[C@H]1C(=O)N1CCC[C@H]1C(=O)N(C)[C@@H](C)C(O)=O |r|,,IC50,640,nM,BindingDB
50991978,OC(=O)[C@@H]1C=CCN1C(=O)CCS |c:4|,,IC50,646,nM,BindingDB
50561721,C[C@H](OCc1ccccc1)[C@H](NCP(O)(O)=O)C(=O)N[C@@H](Cc1ccc(cc1)-c1ccccc1)C(O)=O,,IC50,656,nM,BindingDB
50561845,C[C@H](NCP(O)(O)=O)C(=O)N[C@@H](Cc1ccc(cc1)-c1ccccc1)C(O)=O,,IC50,660,nM,BindingDB
50561735,C[C@H](O)[C@H](NCP(O)(O)=O)C(=O)N[C@@H](Cc1ccc(cc1)-c1ccccc1)C(O)=O,,IC50,665,nM,BindingDB
50476447,OC(=O)[C@H](Cc1ccc(cc1)-c1ccccc1)NC(=O)[C@H](S)Cc1ccccc1,,IC50,688,nM,BindingDB
50724330,C[C@H](CS)C(=O)N1C[C@H](C[C@H]1C(O)=O)NC(=O)C(CS)Cc1ccc(cc1)-c1ccccc1,,IC50,696,nM,BindingDB
50059531,CCCC[C@H](N)C(=O)N[C@@H](C)C(=O)N1CCC[C@@H]1C(O)=O,,IC50,700,nM,BindingDB
1237905,C[C@H](C[C@H](Cc1ccc(cc1)-c1ccccc1)C(=O)CCC(O)=O)C(O)=O |r|,,IC50,700,nM,BindingDB
1316476,C[C@H](C[C@H](Cc1ccc(cc1)-c1ccccc1)NC(=O)CCC(O)=O)C(O)=O,,IC50,700,nM,BindingDB
50747098,OC(=O)CN1CCCCC(NC(CCc2ccccc2)C(O)=O)C1=O,,IC50,700,nM,BindingDB
50991881,OC(=O)[C@@H]1C=CCn2n1c(=O)n(CS)c2=O |c:4|,,IC50,708,nM,BindingDB
50991877,OC(=O)[C@H](Cc1ccccc1)OC(=O)CCS,,IC50,708,nM,BindingDB
50074879,CC(C)CC(S)C(Cc1ccccc1)C(=O)NC(Cc1ccc(O)cc1)C(O)=O,,IC50,710,nM,BindingDB
50093743,OC(=O)[C@@H]1Cc2ccccc2CCCCCC[C@H](CS)C(=O)N1,,IC50,725,nM,BindingDB
50561831,CCCC[C@H](NCP(O)(O)=O)C(=O)N[C@@H](Cc1ccc(cc1)-c1ccccc1)C(O)=O,,IC50,731,nM,BindingDB
50991997,O=C(CS)N[C@@H](Cc1c[nH]c2ccccc12)C(=O)O,,IC50,759,nM,BindingDB
50991966,C[C@H](NP(O)(O)=O)C(=O)N1CCC[C@H]1C(O)=O,,IC50,776,nM,BindingDB
50768424,CCC(C)C(CC(S)Cc1ccccc1)C(=O)NC(Cc1ccc(O)cc1)C(O)=O,,IC50,800,nM,BindingDB
50885083,OC(=O)C(Cc1ccccc1)NC(=O)CC(S)C(F)(F)F,,IC50,830,nM,BindingDB
50991995,C[C@H](NC(=O)CCS)C(O)=O,,IC50,851,nM,BindingDB
50799320,OC(=O)CNC(=O)[C@@H](CS)Cc1ccccc1,,IC50,860,nM,BindingDB
50041098,OC(=O)[C@H]1CCCN1C(=O)CNCC(=O)C(Cc1ccccc1)NC(=O)c1ccccc1,,IC50,960,nM,BindingDB
50561729,O=C(O)[C@H](Cc1ccc(-c2ccccc2)cc1)NC(=O)[C@H](Cc1cnc[nH]1)NCP(=O)(O)O,,IC50,>1000,nM,BindingDB
50561728,CC(C)[C@H](NCP(O)(O)=O)C(=O)N[C@@H](Cc1ccc(cc1)-c1ccccc1)C(=O)N[C@@H](Cc1ccc(O)cc1)C(O)=O,,IC50,>1000,nM,BindingDB
50107544,CSc1ccc(cc1)-n1nnc(n1)-c1ccc(cc1)S(=O)(=O)N[C@H](C(C)C)C(O)=O,,IC50,>1000,nM,BindingDB
50561734,CC(C)[C@H](NCP(O)(O)=O)C(=O)N[C@@H](Cc1ccc(cc1)-c1ccccc1)C(=O)N1C[C@H](O)C[C@H]1C(O)=O,,IC50,>1000,nM,BindingDB
50030013,CCOC(=O)[C@H](CCc1ccccc1)N[C@@H](C)C(=O)N1Cc2ccccc2[C@@H]1C(O)=O |r|,,IC50,>1000,nM,BindingDB
50561738,CC(C)C[C@H](NCP(O)(O)=O)C(=O)N[C@@H](Cc1ccc(cc1)-c1ccccc1)C(O)=O,,IC50,>1000,nM,BindingDB
50561737,OC(=O)[C@H](Cc1ccc(cc1)-c1ccccc1)NC(=O)[C@H](Cc1ccc(O)cc1)NCP(O)(O)=O,,IC50,>1000,nM,BindingDB
50561832,CC(C)(C)[C@H](NCP(O)(O)=O)C(=O)N[C@@H](Cc1ccc(cc1)-c1ccccc1)C(O)=O,,IC50,>1000,nM,BindingDB
50005872,CC(C)(S)C(=O)NC1CCc2cccc3C[C@H](N(c23)C1=O)C(O)=O,,IC50,>1000,nM,BindingDB
50561742,OC(=O)[C@H](Cc1ccc(cc1)-c1ccccc1)NC(=O)[C@H](Cc1ccccc1O)NCP(O)(O)=O,,IC50,>1000,nM,BindingDB
50107570,O=C(Nc1ccc(S(=O)(=O)N[C@H](Cc2c[nH]c3ccccc23)C(=O)O)cc1)c1ccc(Br)cc1,,IC50,>1000,nM,BindingDB
50598805,OC(=O)CN1CCCC(CS)C1=O,,IC50,1000,nM,BindingDB
50107629,Cc1ccc(C#Cc2ccc(S(=O)(=O)N[C@H](Cc3c[nH]c4ccccc34)C(=O)O)s2)cc1,,IC50,>1000,nM,BindingDB
50107566,O=C(O)[C@@H](Cc1c[nH]c2ccccc12)NS(=O)(=O)c1ccc(-c2nnn(-c3ccccc3)n2)cc1,,IC50,>1000,nM,BindingDB
50107535,CSc1ccc(cc1)-c1ccc(cc1)S(=O)(=O)N[C@H](C(C)C)C(O)=O,,IC50,>1000,nM,BindingDB
50090216,N[C@@H](Cc1ccc(O)cc1)P(O)(O)=O |r|,,IC50,>1000,nM,BindingDB
50745426,COC(=O)[C@H](CC(C)C)N[C@H]1CCc2ccccc2N(CC(O)=O)C1=O,,IC50,1000,nM,BindingDB
50561723,OC(=O)[C@H](Cc1ccc(cc1)-c1ccccc1)NC(=O)C1(CCCC1)NCP(O)(O)=O,,IC50,>1000,nM,BindingDB
50107557,Cc1ccc(-c2ccc(S(=O)(=O)N[C@H](Cc3c[nH]c4ccccc34)C(=O)O)s2)cc1,,IC50,>1000,nM,BindingDB
50479609,OC(=O)[C@@H]1Cc2cccc3CCC(NC(=O)C4(S)Cc5ccccc5C4)C(=O)N1c23,,IC50,>1000,nM,BindingDB
50561724,OC(=O)[C@H](Cc1ccc(cc1)-c1ccccc1)NC(=O)[C@@H](NCP(O)(O)=O)C1CCCCC1,,IC50,>1000,nM,BindingDB
50885095,OC(=O)C(Cc1ccccc1)NC(=O)CC(S)C(F)(F)C(F)(F)F,,IC50,1010,nM,BindingDB
50030014,CCOC(=O)[C@@H](CCc1ccccc1)N[C@@H](C)C(=O)N1Cc2cc(OC)c(OC)cc2C[C@H]1C(O)=O |r|,,IC50,1100,nM,BindingDB
50635478,CCOC(=O)[C@H](CCc1ccccc1)N[C@@H](C)C(=O)N1CCC[C@H]1C(O)=O |r|,,IC50,1200,nM,BindingDB
50599126,ONC(CCC(=O)N1CCC[C@H]1C(O)=O)=C(Cc1ccccc1)NC(=O)c1ccccc1 |w:15.24|,,IC50,1200,nM,BindingDB
50809138,CCOC(=O)[C@H](CCc1ccccc1)N[C@@H](C)C(=O)N1CCC[C@H]1C(O)=O |r|,,IC50,1200,nM,BindingDB
50753110,CCOC(=O)[C@H](CCc1ccccc1)N[C@@H](C)C(=O)N1CCC[C@H]1C(O)=O |r|,,IC50,1273,nM,BindingDB
50747090,OC(=O)CN1CCCCCCC(NC(CCc2ccccc2)C(O)=O)C1=O,,IC50,1300,nM,BindingDB
50746450,C[C@H](CS)C(=O)N1CCC[C@H]1C(O)=O,,IC50,1300,nM,BindingDB
50074884,CC(C)C(NC(=O)C(Cc1ccccc1)C(C)S)C(=O)NC(Cc1ccc(O)cc1)C(O)=O,,IC50,1300,nM,BindingDB
50093721,OC(=O)[C@@H]1CCCCCc2cccc(C[C@@H](CS)C(=O)N1)c2,,IC50,1400,nM,BindingDB
50752403,C[C@H](N)C(=O)N1[C@@H](CN(Cc2ccccc2)C1=O)C(O)=O,,IC50,1500,nM,BindingDB
50993146,CC(C)[C@H](N)C(=O)N[C@@H](Cc1c[nH]c2ccccc12)C(=O)O,,IC50,1584.89,nM,BindingDB
50991968,CC(C)[C@H](NC(=O)CCS)C(O)=O,,IC50,1585,nM,BindingDB
50623446,CC(C)[C@H](N)C(=O)N[C@@H](Cc1c[nH]c2ccccc12)C(=O)O,,IC50,1600,nM,BindingDB
50074897,OC(=O)C(Cc1ccc(O)cc1)NC(=O)C(Cc1ccccc1)C(S)CCc1ccccc1,,IC50,1600,nM,BindingDB
50599130,Cc1ccccc1C(=O)NC(Cc1ccccc1)C(=O)CCC(=O)N1CCC[C@H]1C(=O)OCc1ccccc1,,IC50,1600,nM,BindingDB
50030078,OC(=O)CN1CCCC(NC(CCc2ccccc2)C(O)=O)C1=O,,IC50,1700,nM,BindingDB
50059532,CC(C)[C@H](N)C(=O)N[C@@H](Cc1c[nH]c2ccccc12)C(=O)O,,IC50,1700,nM,BindingDB
50441758,CC(C)c1ccc(cc1)C(SC[C@H](NC(=O)[C@H](C)CS)C(O)=O)c1ccccc1 |r|,,IC50,1700,nM,BindingDB
50747097,OC(=O)CN1CCCCCC(NC(CCc2ccccc2)C(O)=O)C1=O,,IC50,1700,nM,BindingDB
51527200,OC(=O)C1N(CCc2ccccc12)C(=O)CCS,,IC50,1800,nM,BindingDB
51141984,[H][C@]12CCC[C@H](N1C(=O)[C@H](CCS2)NC(=O)[C@H](Cc1ccccc1)SS[C@@H](Cc1ccccc1)C(=O)N[C@H]1CCS[C@@]2([H])CCC[C@H](N2C1=O)C(O)=O)C(O)=O |r|,,IC50,1800,nM,BindingDB
50859985,O[C@@H](CN(CCN1C(=O)c2cccc3cccc(C1=O)c23)C(=O)N[C@@H](Cc1ccc2ccccc2c1)C(O)=O)C(O)=O,,IC50,1980,nM,BindingDB
50993167,CC[C@H](C)[C@H](N)C(=O)N[C@@H](Cc1c[nH]c2ccccc12)C(=O)O,,IC50,1995.26,nM,BindingDB
50813334,CC(CSC(C)=O)C(=O)Nc1ccccc1,,IC50,2000,nM,BindingDB
50746467,CCOC(=O)C(CCc1ccccc1)SC(C)C(=O)N1C2CCCCC2C[C@H]1C(O)=O |r|,,IC50,2000,nM,BindingDB
50093730,OC(=O)[C@@H]1CCCCCc2ccccc2C[C@@H](CS)C(=O)N1,,IC50,2000,nM,BindingDB
51656020,C[C@H](NC(=O)[C@@H](N)CCCCN)C(=O)N[C@@H](CCCCN)C(=O)N[C@@H](Cc1c[nH]c2ccccc12)C(=O)O,,IC50,2020,nM,BindingDB
51141983,[H][C@]12CCC[C@H](N1C(=O)[C@H](CCS2)NC(=O)[C@H](Cc1ccccc1)SS[C@@H](Cc1ccccc1)C(=O)N[C@H]1CCS[C@@]2([H])CCC[C@H](N2C1=O)C(O)=O)C(O)=O |r|,,IC50,2100,nM,BindingDB
51141977,[H][C@]12CCC[C@H](N1C(=O)[C@H](CCS2)NC(=O)[C@H](Cc1ccccc1)SS[C@@H](Cc1ccccc1)C(=O)N[C@H]1CCS[C@@]2([H])CCC[C@H](N2C1=O)C(O)=O)C(O)=O |r|,,IC50,2200,nM,BindingDB
50752396,CCCCCCCC[C@H](N[C@@H](C)C(=O)N1[C@@H](CN(Cc2ccccc2)C1=O)C(O)=O)C(=O)OCC,,IC50,2200,nM,BindingDB
50059535,CC(C)C[C@H](N)C(=O)N[C@@H](C)C(=O)N1CCC[C@@H]1C(O)=O,,IC50,2300,nM,BindingDB
50768441,CCC(C)C1CC(Cc2ccccc2)SC1=O,,IC50,2300,nM,BindingDB
50991930,C[C@H](NCC(O)=O)C(=O)N1CCC[C@H]1C(O)=O,,IC50,2399,nM,BindingDB
50991918,OC(=O)CCC(=O)CCS,,IC50,2399,nM,BindingDB
50809159,C[C@@H](NCC(O)=O)C(=O)N1CCC[C@H]1C(O)=O,,IC50,2400,nM,BindingDB
50764706,C[C@@H](NCC(O)=O)C(=O)N1CCC[C@H]1C(O)=O,,IC50,2400,nM,BindingDB
50768430,OC(=O)C(Cc1ccc(O)cc1)NC(=O)C(CC(S)Cc1ccccc1)Cc1ccccc1,,IC50,2400,nM,BindingDB
50752397,C[C@@H](N[C@@H](CCc1ccccc1)C(O)=O)C(=O)N1[C@@H](CN(Cc2ccccc2)C1=O)C(O)=O,,IC50,2400,nM,BindingDB
50752393,CCCCCCCC[C@H](N[C@H](C)C(=O)N1[C@@H](CN(C)C1=O)C(O)=O)C(O)=O,,IC50,2400,nM,BindingDB
50995208,OC(=O)[C@@H]1C=CCn2n1c(=O)n(CS)c2=O |c:4|,,IC50,2511.89,nM,BindingDB
50991890,OC(=O)[C@@H](CCC(=O)N1CCC[C@H]1C(O)=O)NC(=O)C1CCCN1C(=O)OCc1ccccc1,,IC50,2512,nM,BindingDB
50991953,NCCCCC(NC(=O)OCc1ccccc1)C(=O)N[C@H](CCC(=O)N1[C@@H](Cc2ccccc12)C(O)=O)C(O)=O,,IC50,2512,nM,BindingDB
50991994,CC(N)C(=O)N(CC(O)=O)c1ccc(C)cc1,,IC50,2570,nM,BindingDB
50991955,C[C@H](NC(=O)CCS)C(=O)N1CCC[C@H]1C(O)=O,,IC50,2570,nM,BindingDB
50745427,CCCC[C@H](N[C@H]1CCc2ccccc2N(CC(O)=O)C1=O)C(=O)OCC,,IC50,2600,nM,BindingDB
50885081,CC(C)CC(S)CC(=O)NC(Cc1ccccc1)C(=O)NC(Cc1ccc(O)cc1)C(O)=O,,IC50,2800,nM,BindingDB
51141979,[H][C@]12CCC[C@H](N1C(=O)[C@H](CCS2)NC(=O)[C@H](Cc1ccccc1)SS[C@@H](Cc1ccccc1)C(=O)N[C@H]1CCS[C@@]2([H])CCC[C@H](N2C1=O)C(O)=O)C(O)=O |r|,,IC50,2800,nM,BindingDB
50074882,CC(C)CC(S)CC(=O)NC(Cc1ccccc1)C(=O)NC(Cc1ccc(O)cc1)C(O)=O,,IC50,2800,nM,BindingDB
50768425,CCC(C)C(CC(S)Cc1ccccc1)C(=O)N1CCCC1C(O)=O,,IC50,2800,nM,BindingDB
50991894,OC(=O)CNC(=O)CCS,,IC50,2818,nM,BindingDB
50768433,CCC(C)C(CC(S)CCc1ccccc1)C(=O)NC(Cc1ccc(O)cc1)C(O)=O,,IC50,2900,nM,BindingDB
50746461,CCOC(=O)C(CCc1ccccc1)SC(C)C(=O)N1CCCC1C(O)=O,,IC50,2900,nM,BindingDB
50441761,C[C@H](CS)C(=O)N[C@@H](CSC(C)(C)c1ccc(cc1)C1CCCCC1)C(O)=O |r|,,IC50,3000,nM,BindingDB
51470383,Cc1c(cc(C(F)F)c2cn(nc12)C(C(=O)Nc1nccs1)c1ncn2c1CCC21CC1)C#Cc1ccc(CN2CCC(CO)CC2)cc1,,IC50,>3000,nM,BindingDB
50991969,CN(CC(O)=O)C(=O)CCS,,IC50,3020,nM,BindingDB
51655707,CC(C)CC(NC(=O)c1ccccc1)[Si](O)(O)CC(C)C(=O)N1CCC[C@H]1C(O)=O,,IC50,3040,nM,BindingDB
50062008,Cc1ccc(CSC[C@@H](NC(=O)[C@H](CS)Cc2ccc3ccccc3c2)C(O)=O)cc1,,IC50,3100,nM,BindingDB
50746462,C[C@H](N[C@@H](CCc1ccccc1)C(O)=O)C(=O)N1CCC[C@H]1C(O)=O |r|,,IC50,3100,nM,BindingDB
51644109,NCCCC[C@H](N[C@@H](CCc1ccccc1)C(=O)O)C(=O)N[C@@H](Cc1c[nH]c2ccccc12)C(=O)O,,IC50,3100,nM,BindingDB
51462812,CC(=O)C[C@@]1(O)C(=O)C2=C3O[C@H](C)C(C)(C)[C@]3(O)C(=O)c3c(C)cc(O)c(c32)C1=O,,IC50,3100,nM,BindingDB
50995204,CC1(CS)C(=O)N2CCCC(N2C1=O)C(O)=O,,IC50,3162.28,nM,BindingDB
50977413,C[C@@H](CC(=O)[C@@H](Cc1ccccc1)NC(=O)c1ccccc1)C(=O)N1CCC[C@H]1C(O)=O,,IC50,3200,nM,BindingDB
50768432,CCC(C)C(S)CC(C(C)CC)C(=O)NC(Cc1ccc(O)cc1)C(O)=O,,IC50,3400,nM,BindingDB
50768420,CC(NC(=O)C(CC(S)c1ccccc1)Cc1ccccc1)C(O)=O,,IC50,3500,nM,BindingDB
50768416,OC(=O)CCNC(=O)C(CC(S)Cc1ccccc1)Cc1ccccc1,,IC50,3500,nM,BindingDB
50768440,CCC(C)C(S)CC(Cc1ccccc1)C(=O)NC(Cc1ccc(O)cc1)C(N)=O,,IC50,3500,nM,BindingDB
50768405,OC(=O)C1CCCN1C(=O)C(CC(S)Cc1ccccc1)Cc1ccccc1,,IC50,3600,nM,BindingDB
50441757,CCCCC(SC[C@H](NC(=O)[C@H](C)CS)C(O)=O)c1ccc(cc1)C(C)C |r|,,IC50,3600,nM,BindingDB
50598803,OC(=O)CN1CCC(CS)C1=O,,IC50,3700,nM,BindingDB
50059536,CC[C@H](C)[C@H](N)C(=O)N[C@@H](Cc1ccc(O)cc1)C(O)=O,,IC50,3700,nM,BindingDB
50993188,CC[C@H](C)[C@H](N)C(=O)N[C@@H](Cc1ccc(O)cc1)C(O)=O,,IC50,3715.35,nM,BindingDB
50768410,CC(NC(=O)C(CC(S)Cc1ccccc1)Cc1ccccc1)C(O)=O,,IC50,3800,nM,BindingDB
50074893,CC(C)CC(S)[C@H](Cc1ccccc1)C(=O)N[C@@H](C)C(O)=O,,IC50,4000,nM,BindingDB
50768404,CC(NC(=O)C(Cc1ccccc1)C(S)CCc1ccccc1)C(O)=O,,IC50,4000,nM,BindingDB
50768421,CCC(C)C(CC(S)Cc1ccccc1)C(O)=O,,IC50,4000,nM,BindingDB
50768403,CCC(C)C(S)CC(C(C)CC)C(=O)NC(Cc1ccc(O)cc1)C(N)=O,,IC50,4000,nM,BindingDB
50337724,NCCC[C@H](NC(=O)[C@@H](N)Cc1c[nH]c2ccc(O)cc12)C(=O)N1CCC[C@H]1C(=O)O,,IC50,4000,nM,BindingDB
50441742,C[C@H](CS)C(=O)N[C@@H](CSCc1ccc(cc1)C1CCCCC1)C(O)=O |r|,,IC50,4000,nM,BindingDB
50074883,CC(NC(=O)C(Cc1ccccc1)C(S)CCc1ccccc1)C(O)=O,,IC50,4000,nM,BindingDB
51644116,Cc1ccc(cc1)[C@H]2CC[C@H](N2C(=O)CN[C@@H](CCc3ccccc3)C(=O)O)C(=O)O,,IC50,4100,nM,BindingDB
50059533,C[C@H](NC(=O)[C@@H](N)Cc1ccccc1)C(=O)N1CCC[C@@H]1C(O)=O,,IC50,4200,nM,BindingDB
50768414,CCC(C)C(S)CC(Cc1ccccc1)C(=O)N[C@@H](Cc1ccc(O)cc1)C(O)=O,,IC50,4400,nM,BindingDB
50074889,CC(C)C(C(S)CCc1ccccc1)C(=O)NC(Cc1ccc(O)cc1)C(O)=O,,IC50,4500,nM,BindingDB
50060385,O=C(CCS)N[C@@H](Cc1c[nH]c2ccccc12)C(=O)O,,IC50,4571,nM,BindingDB
50441747,CCN(CC)c1ccc(CSC[C@H](NC(=O)[C@H](C)CS)C(O)=O)cc1 |r|,,IC50,4600,nM,BindingDB
50746468,CCOC(=O)C(CCc1ccccc1)SC(C)C(=O)N1CSC[C@@H]1C(O)=O |r|,,IC50,4800,nM,BindingDB
50991916,C[C@H](CCC(O)=O)C(=O)N1CCC[C@H]1C(O)=O,,IC50,4898,nM,BindingDB
50809152,C[C@H](CCC(O)=O)C(=O)N1CCC[C@H]1C(O)=O,,IC50,4900,nM,BindingDB
50764702,C[C@@H](CCC(O)=O)C(=O)N1CCCC1C(O)=O,,IC50,4900,nM,BindingDB
51656033,CC(C)C[C@H](NC(=O)[C@H](Cc1c[nH]c2ccccc12)NC(=O)[C@@H](N)CCCCN)C(=O)N1CCC[C@H]1C(=O)O,,IC50,5000,nM,BindingDB
50074905,CC(C)C[C@@H](S)[C@H](Cc1ccccc1)C(=O)N[C@@H](C)C(O)=O,,IC50,5000,nM,BindingDB
51656035,CC[C@H](C)[C@H](N)C(=O)N1CCC[C@H]1C(=O)N1CCC[C@H]1C(O)=O,,IC50,5000,nM,BindingDB
50752386,CCCCCCCC[C@H](N[C@@H](C)C(=O)N1[C@@H](CN(C)C1=O)C(O)=O)C(=O)OCC,,IC50,5100,nM,BindingDB
51656032,CC(C)C[C@H](N)C(=O)N[C@@H](C)C(=O)N1CCC[C@H]1C(=O)N[C@@H](Cc1ccc(O)cc1)C(=O)N[C@@H](Cc1c[nH]c2ccccc12)C(=O)O,,IC50,5420,nM,BindingDB
51656036,CC(C)C[C@H](NC(=O)[C@H](Cc1c[nH]c2ccccc12)NC(=O)[C@H](CCCCN)NC(=O)[C@H](Cc1ccccc1)NC(=O)[C@@H]1CCCN1C(=O)[C@H](CC(N)=O)NC(=O)[C@@H](NC(=O)[C@@H](NC(=O)[C@@H](N)C(C)C)[C@@H](C)O)C(C)C)C(=O)N1CCC[C@H]1C(=O)O,,IC50,5500,nM,BindingDB
50991992,C[C@H](NCCCc1ccccc1)C(=O)N1CCC[C@H]1C(O)=O,,IC50,5754,nM,BindingDB
50093737,OC(=O)[C@H]1Cc2ccccc2CCCCC[C@H](CS)C(=O)N1,,IC50,6000,nM,BindingDB
51644110,Cc1ccc(cc1)[C@H]2CC[C@H](N2C(=O)CN[C@@H](CCc3ccccc3)C(=O)O)C(=O)O,,IC50,6000,nM,BindingDB
50030010,CCOC(=O)[C@H](CCc1ccccc1)N[C@@H](C)C(=O)N1Cc2ccccc2C[C@@H]1C(O)=O |r|,,IC50,6100,nM,BindingDB
50074898,CCCCC(NC(=O)C(Cc1ccccc1)C(C)S)C(=O)NC(Cc1ccc(O)cc1)C(O)=O,,IC50,6100,nM,BindingDB
51656017,C[C@H](NC(=O)[C@@H](N)CCCCN)C(=O)N[C@@H](CCCCN)C(=O)N1CCC[C@H]1C(=O)O,,IC50,7230,nM,BindingDB
50752392,CCOC(=O)[C@H](CCc1ccccc1)N[C@@H](C)C(=O)N1[C@@H](CN(Cc2ccccc2)C1=O)C(O)=O,,IC50,7900,nM,BindingDB
50768436,CCC(C)C(S)CC(Cc1ccccc1)C(=O)N[C@H](Cc1ccc(O)cc1)C(O)=O,,IC50,8000,nM,BindingDB
50977372,OC(=O)[C@@H]1CCCCCc2ccccc2C[C@@H](CS)C(=O)N1,,IC50,8000,nM,BindingDB
51656034,CC(C)[C@H](N)C(=O)N1CCC[C@H]1C(=O)N1CCC[C@H]1C(O)=O,,IC50,8000,nM,BindingDB
50093728,OC(=O)[C@@H]1CCCCCc2ccccc2C[C@H](CS)C(=O)N1,,IC50,8000,nM,BindingDB
50991871,OC(=O)[C@@H]1CCCN1C(=O)CP(O)(O)=O,,IC50,8318,nM,BindingDB
50599122,CC(C)(C)OC(=O)[C@@H]1CCCN1C(=O)CCC(=O)C(Cc1ccc(OCc2ccccc2)cc1)NC(=O)c1ccccc1,,IC50,8600,nM,BindingDB
51644460,Oc1ccc([C@@H]2Oc3ccc(/C=C/c4cc(O)cc(O)c4)cc3[C@H]2c2cc(O)cc(O)c2)cc1,,IC50,8700,nM,BindingDB
51644447,Oc1ccc(C2Oc3ccc(/C=C/c4cc(O)cc(O)c4)cc3C2c2cc(O)cc(O)c2)cc1,,IC50,9200,nM,BindingDB
50475002,OC(=O)[C@@H]1CCCN1C(=O)CNC(=O)[C@H](Cc1ccccc1)NC(=O)c1ccccc1,,IC50,9400,nM,BindingDB
50752401,CCOC(=O)[C@H](CCc1ccccc1)N[C@@H](C)C(=O)N1[C@@H](CN(C)C1=O)C(O)=O,,IC50,9900,nM,BindingDB
50752385,C[C@H](N)C(=O)N1[C@@H](CN(C)C1=O)C(O)=O,,IC50,10000,nM,BindingDB
50059498,CC(C)C[C@H](S)[C@H](Cc1ccccc1)C(=O)N[C@@H](C)C(O)=O,,IC50,10000,nM,BindingDB
50441752,CC(C)c1ccc(CSC(C)(C)[C@H](NC(=O)[C@H](C)CS)C(O)=O)cc1 |r|,,IC50,>10000,nM,BindingDB
51505712,CC(C)C[C@H](N[C@@H](Cc1cncn1Cc1cc(Cl)cc(Cl)c1)C(O)=O)C(O)=O |r|,,IC50,10000,nM,BindingDB
50441760,C[C@H](CS)C(=O)N[C@@H](CSC(c1ccccc1)c1ccc(cc1)C1CCCCC1)C(O)=O |r|,,IC50,>10000,nM,BindingDB
51227708,CCOc1nc(CC)c(CNC(=O)[C@@H](S)CC(C)C)n1Cc1ccc(cc1F)-c1ccccc1C(O)=O |r|,,IC50,<10000,nM,BindingDB
50337721,CN[C@@H](Cc1c[nH]c2ccccc12)C(=O)N[C@@H](CCCN)C(=O)N1CCC[C@H]1C(=O)O,,IC50,10000,nM,BindingDB
50337723,NCCC[C@H](NC(=O)CCc1nc2ccccc2[nH]1)C(=O)N1CCC[C@H]1C(=O)O,,IC50,10000,nM,BindingDB
50093745,OC(=O)[C@@H]1CCCCCCc2ccccc2C[C@@H](CS)C(=O)N1,,IC50,>10000,nM,BindingDB
50093739,OC(=O)[C@@H]1CCCCc2ccccc2C[C@H](CS)C(=O)N1,,IC50,>10000,nM,BindingDB
50093732,OC(=O)[C@H]1Cc2ccccc2CCCCCCC[C@H](CS)C(=O)N1,,IC50,>10000,nM,BindingDB
50905172,COC(=O)[C@@H]1CCCN1C(=O)[C@@H](Cc1ccccc1)N(C)C(=O)[C@H](C)NC(=O)[C@@H](NC(=O)C[C@H](O)[C@H](CC(C)C)NC(=O)[C@H](CC(N)=O)NC(=O)[C@H](CC(C)C)NC(=O)[C@H](OC(=O)[C@@H](OC(=O)[C@H](C(C)C)N(C)C)C(C)C)C(C)C)[C@@H](C)O |r|,,IC50,10000,nM,BindingDB
50799341,O[C@@H](CNC(=O)[C@H](Cc1ccccc1)NC(CCc1ccccc1)C(O)=O)C(O)=O,,IC50,>10000,nM,BindingDB
50093709,OC(=O)[C@@H]1CCCCc2ccccc2C[C@@H](CS)C(=O)N1,,IC50,>10000,nM,BindingDB
50093704,OC(=O)[C@@H]1CCCCCCc2ccccc2C[C@H](CS)C(=O)N1,,IC50,>10000,nM,BindingDB
50885104,CC(C)CC(S)CC(=O)NC(Cc1ccccc1)C(O)=O,,IC50,>10000,nM,BindingDB
50993266,C[C@H](N)C(=O)N[C@@H](Cc1c[nH]c2ccccc12)C(=O)O,,IC50,10000,nM,BindingDB
50074887,CC(C)CC(S)CC(=O)NC(Cc1ccccc1)C(O)=O,,IC50,10000,nM,BindingDB
50746619,CCOC(=O)C(CCc1ccccc1)N(C)C(C)C(=O)N1Cc2ccccc2CC1C(O)=O,,IC50,>10000,nM,BindingDB
51295264,OC(=O)CNC(=O)[C@@H](CS)Cc1ccccc1,,IC50,10200,nM,BindingDB
50991883,C[C@H](CC(O)=O)C(=O)N1CCC[C@H]1C(O)=O,,IC50,10233,nM,BindingDB
50991962,C[C@@H](CS)C(=O)N1CCC[C@@H]1C(O)=O,,IC50,10965,nM,BindingDB
50074904,CC(S)C(Cc1ccccc1)C(=O)NCC(O)=O,,IC50,11000,nM,BindingDB
50761151,N[C@@H](CC(=O)N1CCn2c(C1)nnc2C(F)(F)F)Cc1cc(F)c(F)cc1F |r|,,IC50,11000,nM,BindingDB
51462813,CC(=O)C[C@]1(O)C(=O)C2=C3O[C@H](C)C(C)(C)[C@]3(O)C(=O)c3c(C)cc(O)c(c32)C1=O,,IC50,11280,nM,BindingDB
51655708,C[C@H](CC(=O)[C@H](Cc1ccccc1)NC(=O)c1ccccc1)C(=O)N1CCC[C@H]1C(O)=O,,IC50,1,nM,BindingDB
50977415,C[C@H](CC(=O)[C@H](Cc1ccccc1)NC(=O)c1ccccc1)C(=O)N1CCC[C@H]1C(O)=O,,IC50,1,nM,BindingDB
50813333,CC1CCCC(N1C(=O)CCS)C(O)=O,,IC50,1,nM,BindingDB
50991888,OC(=O)CCn1c(=O)n2CC=C[C@@H](C(O)=O)n2c1=O |c:10|,,IC50,1,nM,BindingDB
51644117,c1ccc(cc1)C[C@@H](C(=O)N[C@H]2CCS[C@H]3CCC[C@H](N3C2=O)C(=O)O)S,,IC50,1,nM,BindingDB
51644119,Cc1ccc(cc1)[C@H]2CC[C@H](N2C(=O)CNC(=O)[C@H](Cc3ccccc3)S)C(=O)O,,IC50,1,nM,BindingDB
50074886,CC(C)CC(S)C(Cc1ccccc1)C(=O)NC(C)C(O)=O,,IC50,12000,nM,BindingDB
350121,CC(C)C[C@H](S)C(=O)N1CCC[C@H]1C(=O)N1CCC[C@H]1C(=O)N1CCC[C@@H]1C(O)=O |r|,,IC50,12000,nM,BindingDB
51644461,Oc1ccc(cc1)[C@H]1Oc2ccc(\C=C\c3cc(O)cc(O)c3)cc2[C@@H]1c1cc(O)cc(O)c1 |r|,,IC50,12100,nM,BindingDB
50795118,CCCCC(CC(=O)NO)S(=O)(=O)c1ccc2ccccc2c1,,IC50,12400,nM,BindingDB
51656021,C[C@H](NC(=O)[C@@H](N)CCCCN)C(=O)N[C@@H](CCCCN)C(=O)N[C@@H](Cc1ccccc1)C(=O)O,,IC50,12480,nM,BindingDB
50830129,O=c1cc(oc2ccccc12)N1CCOCC1,,IC50,13400,nM,BindingDB
51527202,CC(CS)C(=O)N1Cc2ccccc2C1C(O)=O,,IC50,14000,nM,BindingDB
51011059,C(CN(CC(=O)O)CC(=O)O)N(CC(=O)O)CC(=O)O,,IC50,14000,nM,BindingDB
50746633,CC(CS)C(=O)N1Cc2ccccc2C1C(O)=O,,IC50,14000,nM,BindingDB
50346716,OC(=O)CCC(=O)N1CCC[C@H]1C(O)=O,,IC50,14500,nM,BindingDB
50830141,CN(NC(=O)C1C[C@@H](S)CN1S(=O)(=O)c1ccc2ccccc2c1)S(=O)(=O)c1ccc(C)cc1,,IC50,14600,nM,BindingDB
51644452,Oc1ccc(/C=C/c2cc(O)cc(O)c2I)cc1,,IC50,15100,nM,BindingDB
50993199,N=C(N)NCCC[C@H](N)C(=O)N[C@@H](Cc1c[nH]c2ccccc12)C(=O)O,,IC50,15848.93,nM,BindingDB
50059537,C[C@H](NC(=O)[C@@H](N)CCCNC(N)=N)C(=O)N1CCC[C@@H]1C(O)=O,,IC50,16000,nM,BindingDB
50059500,CC(C)C[C@H](S)[C@@H](Cc1ccccc1)C(=O)N[C@@H](C)C(O)=O,,IC50,16100,nM,BindingDB
51644454,Oc1ccc(/C=C/c2cc(O)c(I)c(O)c2I)cc1,,IC50,16200,nM,BindingDB
51644464,Oc1ccc(C2Oc3ccc(/C=C/c4cc(O)cc(O)c4)cc3C2c2cc(O)cc(O)c2)cc1,,IC50,17100,nM,BindingDB
51644448,O=Cc1ccc2c(c1)[C@H](c1cc(O)c(I)c(O)c1)[C@@H](c1ccc(O)cc1)O2,,IC50,17100,nM,BindingDB
51644442,Oc1ccc(/C=C/c2cc(O)cc(O)c2-c2c(O)cc(O)cc2/C=C/c2ccc(O)cc2)cc1,,IC50,17500,nM,BindingDB
50346715,N[C@@H](CCN[C@@H](CCN1CC[C@H]1C(O)=O)C(O)=O)C(O)=O |r|,,IC50,18700,nM,BindingDB
50598801,CC(=O)SCC1CCCN(C(C(O)=O)c2ccccc2)C1=O,,IC50,19000,nM,BindingDB
50030076,OC(=O)CN1CCC(NC(CCc2ccccc2)C(O)=O)C1=O,,IC50,19000,nM,BindingDB
50612220,OC(=O)CN1CCC(NC(CCc2ccccc2)C(O)=O)C1=O,,IC50,19000,nM,BindingDB
50991870,OC(=O)[C@H](CS)NC(=O)CS,,IC50,19055,nM,BindingDB
51644446,Oc1ccc(/C=C/c2cc(O)c(I)c(O)c2)cc1,,IC50,20400,nM,BindingDB
50993172,CC(C)[C@H](N)C(=O)N[C@@H](Cc1ccc(O)cc1)C(O)=O,,IC50,21877.62,nM,BindingDB
50746631,CC(=O)SCCC(=O)N1Cc2ccccc2C1C(O)=O,,IC50,22000,nM,BindingDB
50041096,Cc1ccc(cc1)S(=O)(=O)N(CC(=O)C(Cc1ccccc1)NC(=O)c1ccccc1)CC(=O)N1CCC[C@@H]1C(O)=O,,IC50,22000,nM,BindingDB
50746621,CC(CSC(C)=O)C(=O)N1Cc2ccccc2C1C(O)=O,,IC50,24000,nM,BindingDB
50599131,NC(Cc1ccccc1)C(=O)CCC(=O)N1CCC[C@H]1C(O)=O,,IC50,25000,nM,BindingDB
50991935,C[C@H](NC(CCc1ccccc1)C(N)=O)C(=O)N1CCC[C@H]1C(O)=O,,IC50,25704,nM,BindingDB
50598806,CCCC(N1CCCC(CSC(C)=O)C1=O)C(O)=O,,IC50,30000,nM,BindingDB
50993187,NCC(=O)N[C@@H](Cc1c[nH]c2ccccc12)C(=O)O,,IC50,30200,nM,BindingDB
50991993,CN([C@@H](Cc1ccccc1)C(O)=O)C(=O)CCS,,IC50,30903,nM,BindingDB
51011061,CCCCCCC[C@H](N)[C@H](O)C(=O)N(C)[C@@H](CC[S+](C)[O-])C(=O)N[C@@H](Cc1ccc(O)cc1)C(O)=O |r|,,IC50,31000,nM,BindingDB
50830145,CCCc1cnc(nc1)N1C[C@H](S)CC1CNCc1cc(F)ccc1F,,IC50,31500,nM,BindingDB
51644443,Oc1ccc(\C=C\c2cc(O)cc3O[C@H]([C@@H](c23)c2cc(O)cc(O)c2)c2ccc(O)cc2)cc1 |r|,,IC50,31800,nM,BindingDB
50833644,OC(=O)CCNC(=O)C(CS)Cc1ccccc1,,IC50,32000,nM,BindingDB
50598808,CC(=O)SCC1CCN(CC(O)=O)C1=O,,IC50,33000,nM,BindingDB
50991921,OC(=O)CCC(=O)N1CCC[C@H]1C(O)=O,,IC50,33113,nM,BindingDB
51644451,CCO[C@@H](c1cc(O)cc(O)c1)C(c1ccc(O)cc1)c1c(O)cc(O)cc1/C=C/c1ccc(O)cc1,,IC50,33300,nM,BindingDB
50795096,CCCC[C@H](CC(=O)NO)S(=O)(=O)c1ccccc1 |r|,,IC50,34000,nM,BindingDB
50598802,CC(N1CCCC(CSC(C)=O)C1=O)C(O)=O,,IC50,35000,nM,BindingDB
51644465,Oc1ccc(/C=C/c2cc(O)cc(O)c2I)cc1,,IC50,35100,nM,BindingDB
50504365,Oc1ccc2c(oc3cc(O)c(O)cc3c2=O)c1O,,IC50,35400,nM,BindingDB
51656016,NCC(=O)N[C@@H](CCC(=O)O)C(=O)N1CCC[C@H]1C(=O)N[C@@H](Cc1ccccc1)C(=O)O,,IC50,36120,nM,BindingDB
51644450,CCO[C@@H](c1cc(O)cc(O)c1)[C@@](O)(c1ccc(O)cc1)c1c(O)cc(O)cc1/C=C/c1ccc(O)cc1,,IC50,36500,nM,BindingDB
50830147,COC(=O)c1ccccc1NC(=O)CN(C)C(=O)C1C[C@@H](S)CN1S(=O)(=O)c1ccc2ccccc2c1,,IC50,36600,nM,BindingDB
50991975,CC(C)(S)C(=O)N[C@@H](Cc1c[nH]c2ccccc12)C(=O)O,,IC50,38019,nM,BindingDB
51644457,Oc1ccc(/C=C/c2cc(O)c(I)c(O)c2-c2c(/C=C/c3ccc(O)cc3)cc(O)c(I)c2O)cc1,,IC50,38800,nM,BindingDB
50991908,CC(C)(C)OC(=O)[C@@H]1CCCN1C(=O)CCS,,IC50,38905,nM,BindingDB
51505713,CC(C)C[C@@H](N[C@@H](Cc1cncn1Cc1cc(Cl)cc(Cl)c1)C(O)=O)C(O)=O,,IC50,39811,nM,BindingDB
51505714,CC(C)CC(N[C@@H](Cc1cncn1Cc1cc(Cl)cc(Cl)c1)C(O)=O)C(O)=O,,IC50,39811,nM,BindingDB
51644445,O=Cc1ccc2c(c1)[C@@H](c1cc(O)cc(O)c1)[C@H](c1ccc(O)cc1)O2,,IC50,41600,nM,BindingDB
50747101,C[C@H](N)C(=O)N1CCC[C@H]1C(O)=O,,IC50,42000,nM,BindingDB
50991980,OC(=O)[C@@H]1CCCN1C(=O)CCP(O)(O)=O,,IC50,47863,nM,BindingDB
50746643,CC(CS)C(=O)N1CCc2ccccc2C1,,IC50,48000,nM,BindingDB
350120,CC(C)C[C@H](S)C(=O)N1CCC[C@H]1C(=O)N1CCC[C@H]1C(=O)N1CC[C@@H](C1)C(O)=O |r|,,IC50,49000,nM,BindingDB
50746616,CC(CSC(C)=O)C(=O)N1CCc2ccccc2C1,,IC50,49000,nM,BindingDB
51198188,O=C(CCn1c(-c2ccc(O)cc2)n[nH]c1=S)Nc1cccc(C(F)(F)F)c1,,IC50,>50000,nM,BindingDB
50764704,ONC(=O)CCC(=O)N1CCCC1C(O)=O,,IC50,50000,nM,BindingDB
50993186,CC(C)[C@H](N)C(=O)N[C@@H](Cc1ccccc1)C(O)=O,,IC50,52480.75,nM,BindingDB
51644462,Oc1ccc(C2Oc3ccc(/C=C/c4cc(O)cc(O)c4)cc3C2c2cc(O)cc(O)c2)cc1,,IC50,56400,nM,BindingDB
51527201,CC(CS)C(=O)N1CCc2ccccc2C1C(O)=O,,IC50,58000,nM,BindingDB
50746637,CC(CS)C(=O)N1CCc2ccccc2C1C(O)=O,,IC50,58000,nM,BindingDB
50746635,OC(=O)C1N(Cc2ccccc12)C(=O)CCS,,IC50,58000,nM,BindingDB
51644456,Oc1ccc(/C=C/c2cc(O)cc(O)c2Cl)cc1,,IC50,61600,nM,BindingDB
50991951,OC(=O)[C@H](CS)NC(=O)CCS,,IC50,67608,nM,BindingDB
350119,CC(C)C[C@H](S)C(=O)N1C[C@@H](F)C[C@H]1C(=O)N1CCC[C@H]1C(=O)N1CC[C@H](C1)C(O)=O |r|,,IC50,68000,nM,BindingDB
50504369,Oc1cc(O)c2c(c1)oc1c(O)c(O)ccc1c2=O,,IC50,69200,nM,BindingDB
50809149,OC(=O)CCCC(=O)N1CCC[C@H]1C(O)=O,,IC50,70000,nM,BindingDB
51656018,CC(C)C[C@H](NC(=O)CNC(=O)[C@H](CCC(=O)O)NC(=O)[C@@H]1CCCN1C(=O)[C@@H](N)C(C)C)C(=O)N[C@@H](CC(N)=O)C(=O)N[C@@H](CO)C(=O)N[C@@H](Cc1c[nH]c2ccccc12)C(=O)N1CCC[C@H]1C(=O)N[C@@H](Cc1ccccc1)C(=O)O,,IC50,73300,nM,BindingDB
50991898,OC(=O)C[C@H](NC(=O)CS)C(O)=O,,IC50,77625,nM,BindingDB
50059534,N[C@@H](Cc1ccccc1)C(=O)N1CCC[C@H]1C(=O)N1CCC[C@@H]1C(O)=O,,IC50,78000,nM,BindingDB
50795147,CCCCC(CC(=O)NO)S(=O)(=O)c1ccccc1,,IC50,81000,nM,BindingDB
50993271,C[C@H](N)C(=O)N[C@@H](Cc1ccc(O)cc1)C(O)=O,,IC50,87096.36,nM,BindingDB
50610706,CCOC(=O)[C@H](CCc1ccccc1)N[C@@H](C)C(=O)N1Cc2cc(OC)c(OC)cc2C[C@@H]1C(O)=O |r|,,IC50,90000,nM,BindingDB
50180563,ONC(=O)CN1Cc2c(Cl)cccc2NC1=O,,IC50,90000,nM,BindingDB
50482564,CC(C)[C@@H](O)C[C@H](O)[C@H](CC1CCCCC1)NC(=O)[C@H](Cc1cnc[nH]1)NC(=O)c1cc2ccccc2[nH]1,,IC50,>100000,nM,BindingDB
50830144,CC(=O)S[C@@H]1C[C@@H](COCc2cc(F)c(F)cc2F)N(C1)C(=O)Oc1cccc2OCCOc12,,IC50,>100000,nM,BindingDB
50795149,CCCCC(CC(=O)NO)S(=O)(=O)C1CCCCC1,,IC50,>100000,nM,BindingDB
50746636,CC(CSC(C)=O)C(=O)N1CCc2ccccc2C1C(O)=O,,IC50,>100000,nM,BindingDB
50427981,Fc1nc(F)c(F)c(N2C(=O)c3ccccc3S2(=O)=O)c1F,,IC50,>100000,nM,BindingDB
50813322,OC(=O)CCCN=CP(O)(O)CCc1ccccc1 |w:6.5|,,IC50,100000,nM,BindingDB
50427983,Fc1c(F)c(F)c(N2C(=O)C3=C(CCCC3)S2(=O)=O)c(F)c1F |t:10|,,IC50,>100000,nM,BindingDB
50189106,CCCC[C@H](CN(O)C=O)C(=O)N[C@H](C(=O)N(C)C)C(C)(C)C,,IC50,>100000,nM,BindingDB
50427982,O=C1N(c2cc[nH+]cc2)S(=O)(=O)C2=C1CCCC2 |c:13|,,IC50,>100000,nM,BindingDB
51327040,FCC(=O)CNC(=O)[C@H](Cc1ccccc1)NC(=O)c1ccccc1 |r|,,IC50,>100000,nM,BindingDB
50427985,CC1=C(C)S(=O)(=O)N(C1=O)c1c(F)c(F)nc(F)c1F |c:1|,,IC50,>100000,nM,BindingDB
50427984,CC1=C(C(=O)N(c2c(F)c(F)nc(F)c2F)S1(=O)=O)c1ccccc1 |t:1|,,IC50,>100000,nM,BindingDB
50427987,Fc1cnc(N2C(=O)C3=C(CCCC3)S2(=O)=O)c(F)c1 |t:8|,,IC50,>100000,nM,BindingDB
50598807,CC(=O)SCC1CCCN(CC(O)=O)C1=O,,IC50,100000,nM,BindingDB
50795092,CCCCC(CC(=O)NO)S(=O)c1ccccc1,,IC50,>100000,nM,BindingDB
50427986,Fc1nc(F)c(F)c(N2C(=O)C3=C(CCCC3)S2(=O)=O)c1F |t:11|,,IC50,>100000,nM,BindingDB
50427988,Brc1cccc(n1)N1C(=O)C2=C(CCCC2)S1(=O)=O |t:11|,,IC50,>100000,nM,BindingDB
50082845,CNC(=O)[C@H](Cc1c[nH]cn1)NC(=O)CN(CCCc1ccccc1)CC(=O)O,,IC50,>100000,nM,BindingDB
51295271,C[C@H](C[C@@H](Cc1ccc(cc1)-c1ccccc1)NC(=O)CCC(O)=O)C(O)=O,,IC50,>100000,nM,BindingDB
51327073,FCC(=O)CNC(=O)[C@H](Cc1ccccc1)NC(=O)c1cccc2ccccc12 |r|,,IC50,>100000,nM,BindingDB
50180553,ONC(=O)CN1Cc2c(Cl)cccc2NS1(=O)=O,,IC50,>100000,nM,BindingDB
50427956,Clc1cccc(n1)N1C(=O)C2=C(CCCC2)S1(=O)=O |t:11|,,IC50,>100000,nM,BindingDB
50830140,CC(C)OC(=O)N1C[C@H](S)CC1CNCc1cc(F)ccc1F,,IC50,>100000,nM,BindingDB
50830139,Fc1cc(F)c(COC[C@@H]2C[C@H](CN2C(=O)Oc2cccc3OCCOc23)SC(=O)c2ccccc2)cc1F,,IC50,>100000,nM,BindingDB
50189121,CCCCC[C@H](CC(=O)NO)C(=O)N[C@@H](C(C)C)C(=O)N1CCC[C@H]1CO,,IC50,>100000,nM,BindingDB
51326960,C[C@H](NC(=O)[C@H](Cc1ccccc1)NC(=O)OCc1ccccc1)C(=O)CF |r|,,IC50,>100000,nM,BindingDB
51644463,Oc1ccc(/C=C/c2cc(O)cc(O)c2I)cc1,,IC50,104800,nM,BindingDB
51644444,Cc1nc2c(/C=C/c3ccc(O)cc3)cc(O)cc2o1,,IC50,106400,nM,BindingDB
50752391,C[C@H](N)C(=O)N1CCC[C@H]1C(O)=O,,IC50,110000,nM,BindingDB
50346714,NC(=N)NCCC[C@H](NC(=O)C1CSSC1)C(O)=O |r|,,IC50,113000,nM,BindingDB
50993210,CC[C@H](C)[C@H](N)C(=O)N1CCC[C@@H]1C(O)=O,,IC50,128824.96,nM,BindingDB
50991891,CC[C@H](C)[C@H](N)C(=O)N1CCC[C@H]1C(O)=O |r|,,IC50,128825,nM,BindingDB
50993156,N[C@@H](CCCNC(N)=N)C(=O)N1CCC[C@@H]1C(O)=O,,IC50,181970.09,nM,BindingDB
51644440,c1cc(ccc1\C=C\c2cc(cc(c2)O)O)O,,IC50,185800,nM,BindingDB
50991906,C[C@@H](N)C(=O)N[C@@H](Cc1ccccc1)C(O)=O,,IC50,190000,nM,BindingDB
50671580,C[C@@H](N)C(=O)N[C@@H](Cc1ccccc1)C(O)=O,,IC50,190546,nM,BindingDB
50993267,C[C@H](N)C(=O)N[C@@H](Cc1ccccc1)C(O)=O,,IC50,190546.07,nM,BindingDB
51644459,O=[N+]([O-])c1cc(/C=C/c2cc(O)cc(O)c2)ccc1O,,IC50,192400,nM,BindingDB
50813324,CC(CSC(C)=O)C(=O)NCc1ccccc1,,IC50,200000,nM,BindingDB
50993201,NCC(=O)N[C@@H](Cc1ccc(O)cc1)C(O)=O,,IC50,208929.61,nM,BindingDB
50993232,C[C@H](N)C(=O)N1CCC[C@@H]1C(O)=O,,IC50,229086.77,nM,BindingDB
50993173,N[C@@H](CCCNC(N)=N)C(=O)N[C@@H](Cc1ccccc1)C(O)=O,,IC50,229086.77,nM,BindingDB
50991923,C[C@H](N)C(=O)N1CCC[C@H]1C(O)=O,,IC50,229087,nM,BindingDB
50991941,O=C(CCS)N[C@@H](Cc1cnc[nH]1)C(=O)O,,IC50,229087,nM,BindingDB
50504368,Oc1ccc2c(oc3c(O)c(O)ccc3c2=O)c1O,,IC50,238500,nM,BindingDB
50991920,OC(=O)[C@@H]1CCCN1CCCS,,IC50,239883,nM,BindingDB
50535463,OC(CCc1ccc(cc1)-c1ccccc1)CC(O)=O,,IC50,>250000,nM,BindingDB
50156530,OC(CCc1ccc(cc1)-c1ccccc1)CC(O)=O,,IC50,>250000,nM,BindingDB
50991874,O=C(CS)N[C@@H](Cc1cnc[nH]1)C(=O)O,,IC50,257040,nM,BindingDB
51141982,c1ccc(cc1)C[C@@H](C(=O)N[C@H]2CCS[C@H]3CCC[C@H](N3C2=O)C(=O)O)S,,IC50,1,nM,BindingDB
50799217,CCC(=O)OC(OP(=O)(CCCc1ccccc1)CC(=O)N1C[C@@H](C[C@H]1C(O)=O)C1CCCCC1)C(C)C,,IC50,1,nM,BindingDB
50991976,NCCCC[C@H](OP(O)(=O)CCCCc1ccccc1)C(=O)N(CC(O)=O)c1ccccc1,,IC50,1.1,nM,BindingDB
50991886,C[C@H](NC(CCc1cccc2ccccc12)C(O)=O)C(=O)N1CCC[C@H]1C(O)=O,,IC50,1.1,nM,BindingDB
50991880,NCCCC[C@H](N[C@@H](CCc1ccccc1)C(O)=O)C(=O)N1CCC[C@H]1C(O)=O |r|,,IC50,1.2,nM,BindingDB
51527195,C[C@H](N[C@@H](CCc1ccccc1)C(O)=O)C(=O)N1CCC[C@H]1C(O)=O |r|,,IC50,1.2,nM,BindingDB
50991876,C[C@H](NC(CCc1ccccc1)C(O)=O)C(=O)N1CCC[C@H]1C(O)=O,,IC50,1.2,nM,BindingDB
51527196,NCCCC[C@H](N[C@@H](CCc1ccccc1)C(O)=O)C(=O)N1CCC[C@H]1C(O)=O |r|,,IC50,1.2,nM,BindingDB
50635477,C[C@H](N[C@@H](CCc1ccccc1)C(O)=O)C(=O)N1CCC[C@H]1C(O)=O |r|,,IC50,1.2,nM,BindingDB
50561719,CCOC(=O)[C@H](CCc1ccccc1)N[C@@H](C)C(=O)N1CCC[C@H]1C(O)=O |r|,,IC50,1.2,nM,BindingDB
50809139,C[C@H](N[C@@H](CCc1ccccc1)C(O)=O)C(=O)N1CCC[C@H]1C(O)=O |r|,,IC50,1.2,nM,BindingDB
50747102,C[C@H](N[C@@H](CCc1ccccc1)C(O)=O)C(=O)N1CCC[C@H]1C(O)=O |r|,,IC50,1.2,nM,BindingDB
50764699,NCCCC[C@H](N[C@@H](CCc1ccccc1)C(O)=O)C(=O)N1CCC[C@H]1C(O)=O |r|,,IC50,1.2,nM,BindingDB
50809146,NCCCC[C@H](N[C@@H](CCc1ccccc1)C(O)=O)C(=O)N1CCC[C@H]1C(O)=O |r|,,IC50,1.2,nM,BindingDB
50764696,C[C@H](N[C@@H](CCc1ccccc1)C(O)=O)C(=O)N1CCC[C@H]1C(O)=O |r|,,IC50,1.2,nM,BindingDB
50028590,COc1ccc(CC(NC(=O)c2ccccc2)C(=O)CCC(=O)N2CCC[C@H]2C(O)=O)cc1OC,,IC50,1.4,nM,BindingDB
50599115,OC(=O)[C@@H]1CCCN1C(=O)CCC(=O)C(Cc1ccccc1)NC(=O)c1ccco1,,IC50,1.4,nM,BindingDB
50752404,CCCCCCCC[C@H](N[C@@H](C)C(=O)N1[C@@H](CN(Cc2ccccc2)C1=O)C(O)=O)C(O)=O,,IC50,1.5,nM,BindingDB
51200730,[H][C@]12C[C@H](N(C(=O)[C@H](C)N[C@@H](CCC)C(=O)OCC)[C@@]1([H])CCCC2)C(O)=O,,IC50,1.5,nM,BindingDB
50752384,CCCCCCCC[C@H](N[C@@H](C)C(=O)N1[C@@H](CN(C)C1=O)C(O)=O)C(O)=O,,IC50,1.6,nM,BindingDB
50346717,C[C@H](CS)C(=O)N1CCC[C@H]1C(O)=O,,IC50,1.6,nM,BindingDB
50799268,CCOC(=O)[C@H](CCc1ccccc1)N[C@H]1CCc2ccccc2N(CC(O)=O)C1=O,,IC50,1.7,nM,BindingDB
50752387,C[C@H](N[C@@H](CCc1ccccc1)C(O)=O)C(=O)N1[C@@H](CN(Cc2ccccc2)C1=O)C(O)=O,,IC50,1.7,nM,BindingDB
50991901,OC(=O)CN1c2ccccc2CC[C@H](NC(CCc2ccccc2)C(O)=O)C1=O,,IC50,1.7,nM,BindingDB
50752383,C[C@H](N[C@@H](CCc1ccccc1)C(O)=O)C(=O)N1[C@@H](CN(C)C1=O)C(O)=O,,IC50,1.7,nM,BindingDB
51527211,OC(=O)CN1c2ccccc2CC[C@H](N[C@@H](CCc2ccccc2)C(O)=O)C1=O,,IC50,1.7,nM,BindingDB
50991986,CS[C@H]1C[C@H](N(C1)C(=O)[C@H](CCCCN)OP(O)(=O)CCCCc1ccccc1)C(O)=O,,IC50,1.9,nM,BindingDB
51141980,c1ccc(cc1)C[C@@H](C(=O)N[C@H]2CCS[C@H]3CCC[C@H](N3C2=O)C(=O)O)S,,IC50,2,nM,BindingDB
50030079,OC(=O)CN1CCCCC[C@H](N[C@@H](CCc2ccccc2)C(O)=O)C1=O |r|,,IC50,2,nM,BindingDB
50995199,OC(=O)C(CCc1ccccc1)N[C@H]1CCC[C@H]2SC[C@H](N2C1=O)C(O)=O,,IC50,2,nM,BindingDB
51644111,c1ccc(cc1)C[C@@H](C(=O)N[C@H]2CCS[C@H]3CCC[C@H](N3C2=O)C(=O)O)S,,IC50,2,nM,BindingDB
50752402,CCCCCCCC[C@H](N[C@@H](CC)C(=O)N1[C@@H](CN(Cc2ccccc2)C1=O)C(O)=O)C(O)=O,,IC50,2.1,nM,BindingDB
50752395,CC(C)C[C@H](N[C@@H](C)C(=O)N1[C@@H](CN(Cc2ccccc2)C1=O)C(O)=O)C(O)=O,,IC50,2.1,nM,BindingDB
50991919,NCCC[C@H](NC(CCc1ccccc1)C(O)=O)C(=O)N1CCC[C@H]1C(O)=O,,IC50,2.2,nM,BindingDB
50991879,C[C@H](NC(CCc1ccccc1)C(O)=O)C(=O)N1CC2CCCCC2[C@H]1C(O)=O,,IC50,2.2,nM,BindingDB
50426197,C[C@H](CS)C(=O)N1[C@H](CC[C@H]1C(O)=O)SCc1ccccc1C |r|,,IC50,2.3,nM,BindingDB
50752382,CC[C@H](N[C@@H](CCc1ccccc1)C(O)=O)C(=O)N1[C@@H](CN(Cc2ccccc2)C1=O)C(O)=O,,IC50,2.3,nM,BindingDB
50752398,CCCCCCCC[C@H](N[C@@H](CC)C(=O)N1[C@@H](CN(C)C1=O)C(O)=O)C(O)=O,,IC50,2.4,nM,BindingDB
50746634,C[C@H](N[C@@H](CCc1ccccc1)C(O)=O)C(=O)N1CCC[C@H]1C(O)=O |r|,,IC50,2.4,nM,BindingDB
50426206,C[C@H](CS)C(=O)N1[C@H](CC[C@H]1C(O)=O)SCc1ccccc1 |r|,,IC50,2.4,nM,BindingDB
50541754,CS(=O)(=O)N[C@@H](CCCCN)C(=O)N[C@@H](Cc1ccccc1)P(=O)(O)CC1(C(=O)N[C@@H](Cc2c[nH]c3ccccc23)C(=O)O)CCCC1,,IC50,2.5,nM,BindingDB
50761148,C[C@H](N[C@@H](CCc1ccccc1)C(O)=O)C(=O)N1CCC[C@H]1C(O)=O |r|,,IC50,2.5,nM,BindingDB
50753109,C[C@H](N[C@@H](CCc1ccccc1)C(O)=O)C(=O)N1CCC[C@H]1C(O)=O |r|,,IC50,2.6,nM,BindingDB
50991983,CSC1(C[C@H](N(C1)C(=O)[C@H](CCCCN)OP(O)(=O)CCCCc1ccccc1)C(O)=O)SC,,IC50,2.6,nM,BindingDB
50991904,CC(C)CCC(N[C@@H](C)C(=O)N1CCC[C@H]1C(O)=O)C(O)=O,,IC50,2.6,nM,BindingDB
50799340,CCOC(=O)[C@H](CCc1ccccc1)N[C@@H](C)C(=O)N1Cc2cc(OC)c(OC)cc2C[C@H]1C(O)=O,,IC50,2.6,nM,BindingDB
51527197,C[C@H](CS)C(=O)N1[C@@H](Cc2ccccc12)C(O)=O,,IC50,2.6,nM,BindingDB
50986265,OC(=O)CN1C(=O)\C(=N/C(=S)NCc2cc3ccccc3cc2O)c2ccccc12,,IC50,2.8,nM,BindingDB
51527206,C[C@@H](C(=O)N1Cc2ccccc2C[C@H]1C(=O)O)N[C@@H](CCc3ccccc3)C(=O)O,,IC50,2.8,nM,BindingDB
50991967,C[C@H](NC(CCc1ccc(O)cc1)C(O)=O)C(=O)N1CCC[C@H]1C(O)=O,,IC50,2.8,nM,BindingDB
50746624,C[C@@H](C(=O)N1Cc2ccccc2C[C@H]1C(=O)O)N[C@@H](CCc3ccccc3)C(=O)O,,IC50,2.8,nM,BindingDB
50752390,C[C@H](N[C@@H](CCc1ccccc1)C(O)=O)C(=O)N1CCC[C@H]1C(O)=O |r|,,IC50,2.9,nM,BindingDB
50745430,OC(=O)CN1c2ccccc2CC[C@H](N[C@@H](CSCc2ccccc2)C(O)=O)C1=O,,IC50,2.9,nM,BindingDB
50991934,C[C@H](NC(CCCNC(=O)OCc1ccccc1)C(O)=O)C(=O)N1CCC[C@H]1C(O)=O,,IC50,2.9,nM,BindingDB
50757251,C[C@@H](C(=O)N1Cc2ccccc2C[C@H]1C(=O)O)N[C@@H](CCc3ccccc3)C(=O)O,,IC50,2.9,nM,BindingDB
50991873,C[C@H](NC(C1CCCN1C(=O)c1ccccc1)C(O)=O)C(=O)N1CCC[C@H]1C(O)=O,,IC50,2.9,nM,BindingDB
50991882,C[C@H](CC(=O)[C@@H](Cc1ccccc1)NC(=O)c1ccccc1)C(=O)N1CCC[C@H]1C(O)=O,,IC50,3,nM,BindingDB
51527207,COc1cc2C[C@H](N(Cc2cc1OC)C(=O)[C@H](C)N[C@@H](CCc1ccccc1)C(O)=O)C(O)=O,,IC50,3,nM,BindingDB
50746623,COc1cc2CC(N(Cc2cc1OC)C(=O)C(C)NC(CCc1ccccc1)C(O)=O)C(O)=O,,IC50,3,nM,BindingDB
50991988,C[C@@H]1CCCC(NC(CCc2ccccc2)C(O)=O)C(=O)N1CC(O)=O,,IC50,3,nM,BindingDB
50746630,CC(NC(CCc1ccccc1)C(O)=O)C(=O)N1Cc2ccccc2C1C(O)=O,,IC50,3.1,nM,BindingDB
50757249,C[C@H](N[C@@H](CCc1ccccc1)C(O)=O)C(=O)N1CCC[C@H]1C(O)=O |r|,,IC50,3.1,nM,BindingDB
50995195,OC(=O)Cn1c(=O)n2CC=CC(C(O)=O)n2c1=O |c:9|,,IC50,3.16,nM,BindingDB
50995220,C[C@H](NC(CCc1cccc2ccccc12)C(O)=O)C(=O)N1CCC[C@H]1C(O)=O,,IC50,3.16,nM,BindingDB
50041097,OC(=O)[C@@H]1CCCN1C(=O)CCC(=O)[C@H](Cc1ccccc1)NC(=O)c1ccccc1,,IC50,3.2,nM,BindingDB
50599111,OC(=O)[C@@H]1CCCN1C(=O)CCC(=O)[C@H](Cc1ccccc1)NC(=O)c1ccccc1,,IC50,3.2,nM,BindingDB
50426203,C[C@H](CS)C(=O)N1[C@H](CC[C@H]1C(O)=O)SCc1cccc2ccccc12 |r|,,IC50,3.2,nM,BindingDB
50991942,NCCCC[C@H](OP(O)(=O)CCCCc1ccccc1)C(=O)N1C[C@@H](C[C@H]1C(O)=O)C1CCCCC1,,IC50,3.2,nM,BindingDB
50426193,CC(C)c1ccc(CS[C@@H]2CC[C@H](N2C(=O)[C@H](C)CS)C(O)=O)cc1 |r|,,IC50,3.3,nM,BindingDB
50752388,CC(C)CC[C@H](N[C@@H](C)C(=O)N1[C@@H](CN(Cc2ccccc2)C1=O)C(O)=O)C(O)=O,,IC50,3.3,nM,BindingDB
50991961,NCCCCC(NC(=O)OCc1ccccc1)C(=O)N[C@H](CCC(=O)N1[C@H]2CCCC[C@H]2C[C@H]1C(O)=O)C(O)=O,,IC50,3.5,nM,BindingDB
50752399,C[C@H](N[C@@H](CCc1ccccc1)C(O)=O)C(=O)N1[C@@H](CNC1=O)C(O)=O,,IC50,3.5,nM,BindingDB
51527210,[H][C@]12C[C@H](N(C(=O)[C@H](C)N[C@@H](CCC)C(=O)OCC)[C@@]1([H])CCCC2)C(O)=O,,IC50,3.6,nM,BindingDB
50991928,c1ccc(c(c1)[C@@H]2N([C@@H](CS2)C(=O)O)C(=O)CCS)O,,IC50,3.7,nM,BindingDB
50977416,C[C@H](C[Si](O)(O)[C@H](Cc1ccccc1)NC(=O)c1ccccc1)C(=O)N1CCC[C@H]1C(O)=O,,IC50,3.8,nM,BindingDB
51038878,C[C@H](C[Si](O)(O)[C@H](Cc1ccccc1)NC(=O)c1ccccc1)C(=O)N1CCC[C@H]1C(O)=O,,IC50,3.8,nM,BindingDB
50970798,C[C@H](C[Si](O)(O)[C@H](Cc1ccccc1)NC(=O)c1ccccc1)C(=O)N1CCC[C@H]1C(O)=O,,IC50,3.8,nM,BindingDB
51655709,C[C@H](C[Si](O)(O)[C@H](Cc1ccccc1)NC(=O)c1ccccc1)C(=O)N1CCC[C@H]1C(O)=O,,IC50,3.8,nM,BindingDB
50995194,NCCCC[C@H](N[C@@H](CCc1ccccc1)C(O)=O)C(=O)N1CCC[C@H]1C(O)=O |r|,,IC50,3.98,nM,BindingDB
50995197,C[C@H](N[C@@H](CCc1ccccc1)C(O)=O)C(=O)N1CCC[C@H]1C(O)=O |r|,,IC50,3.98,nM,BindingDB
50745431,CC(C)(C)OC(=O)NCCCC[C@H](N[C@H]1CCc2ccccc2N(CC(O)=O)C1=O)C(O)=O,,IC50,4,nM,BindingDB
50977371,OC(=O)[C@@H]1CCCCCc2cccc(C[C@@H](CS)C(=O)N1)c2,,IC50,4,nM,BindingDB
50799348,CCOC(=O)[C@H](CCc1ccccc1)N[C@@H](C)C(=O)N1[C@H]2CCC[C@H]2C[C@H]1C(O)=O |r|,,IC50,4,nM,BindingDB
50991965,OC(=O)[C@@H]1CC2(CN1C(=O)CP(O)(=O)CCCCc1ccccc1)SCCS2,,IC50,4,nM,BindingDB
50983651,C[C@H](NC(=O)[C@@H](CS)Cc1ccccc1)C(=O)N1CCC[C@H]1C(O)=O,,IC50,4,nM,BindingDB
50745418,OC(=O)CN1c2ccccc2CC[C@H](N[C@@H](CSc2ccccc2)C(O)=O)C1=O,,IC50,4,nM,BindingDB
50093744,OC(=O)[C@@H]1CCCCCc2cccc(C[C@H](CS)C(=O)N1)c2,,IC50,4,nM,BindingDB
50986253,Oc1cc2ccccc2cc1CNC(=S)\N=C1/C(=O)N(CCBr)c2ccccc12,,IC50,4.1,nM,BindingDB
50426196,CSc1ccc(CS[C@H]2CC[C@H](N2C(=O)[C@H](C)CS)C(O)=O)cc1 |r|,,IC50,4.1,nM,BindingDB
50426202,C[C@H](CS)C(=O)N1[C@H](CC[C@H]1C(O)=O)SCc1ccc2ccccc2c1 |r|,,IC50,4.2,nM,BindingDB
51527209,CCOC(=O)[C@H](CCc1ccccc1)N[C@@H](C)C(=O)N1[C@H]2CCC[C@H]2C[C@H]1C(O)=O |r|,,IC50,4.2,nM,BindingDB
50041099,OC(=O)[C@H]1CCCN1C(=O)COCC(=O)C(Cc1ccccc1)NC(=O)c1ccccc1,,IC50,4.4,nM,BindingDB
50983645,OC(=O)CN1c2ccccc2OC[C@H](NC(=O)[C@@H](CS)Cc2ccccc2)C1=O,,IC50,4.4,nM,BindingDB
50799309,CCOC(=O)[C@H](CCc1ccccc1)N[C@@H](C)C(=O)N1CCC[C@H]1C(O)=O |r|,,IC50,4.5,nM,BindingDB
50745421,CCOC(=O)[C@H](CCc1ccccc1)N[C@@H](C)C(=O)N1CCC[C@H]1C(O)=O |r|,,IC50,4.5,nM,BindingDB
50799254,NCCCC[C@H](N[C@@H](CCc1ccccc1)C(O)=O)C(=O)N1CCC[C@H]1C(O)=O |r|,,IC50,4.7,nM,BindingDB
50599113,OC(=O)[C@@H]1CCCN1C(=O)CCC(=O)C(Cc1ccc(O)cc1)NC(=O)c1ccccc1,,IC50,4.7,nM,BindingDB
50983660,OC(=O)CN1c2ccccc2CC[C@H](NC(=O)[C@@H](CS)Cc2ccccc2)C1=O,,IC50,4.8,nM,BindingDB
50991922,C[C@H](CC(CCc1ccccc1)C(O)=O)C(=O)N1[C@@H](Cc2ccccc12)C(O)=O,,IC50,4.8,nM,BindingDB
50612221,OC(=O)CN1CCCCCC(NC(CCc2ccccc2)C(O)=O)C1=O,,IC50,4.8,nM,BindingDB
51006105,C[C@H](CS)C(=O)N1CCC[C@H]1C(O)=O,,IC50,5,nM,BindingDB
50833696,OC(=O)[C@@H]1CCCC2SCCC[C@H](NC(=O)[C@@H](S)Cc3ccccc3)N12,,IC50,5,nM,BindingDB
50745436,CCCC[C@H](N[C@H]1CCc2ccccc2N(CC(O)=O)C1=O)C(O)=O,,IC50,5,nM,BindingDB
50799260,OC(=O)[C@@H]1CCC[C@@H]2CCCC(NC(=O)[C@@H](S)Cc3ccccc3)C(=O)N12,,IC50,5,nM,BindingDB
1237903,C[C@@H](C[C@H](Cc1ccc(cc1)-c1ccccc1)C(=O)CCC(O)=O)C(O)=O |r|,,IC50,5,nM,BindingDB
1316474,C[C@@H](C[C@H](Cc1ccc(cc1)-c1ccccc1)NC(=O)CCC(O)=O)C(O)=O,,IC50,5,nM,BindingDB
50995211,CC(NP(O)(O)=O)C(=O)C1CCCC1C(O)=O,,IC50,5.01,nM,BindingDB
50995209,CC(C)C[C@H](NP(=O)(O)O[C@H]1O[C@@H](C)[C@H](O)[C@@H](O)[C@H]1O)C(=O)N[C@@H](Cc1c[nH]c2ccccc12)C(=O)O,,IC50,5.01,nM,BindingDB
50991940,C[C@H](NC(CCC(=O)Nc1ccccc1)C(O)=O)C(=O)N1CCC[C@H]1C(O)=O,,IC50,5.2,nM,BindingDB
50983689,CCCC[C@H](S)C(=O)N[C@H]1CCc2ccccc2N(CC(O)=O)C1=O,,IC50,5.4,nM,BindingDB
50599129,OC(=O)[C@@H]1CCCN1C(=O)CCC(=O)C(Cc1cccnc1)NC(=O)c1ccccc1,,IC50,5.7,nM,BindingDB
51527208,C[C@H](N[C@@H](CCc1ccccc1)C(O)=O)C(=O)N1CCc2ccccc2[C@H]1C(O)=O |r|,,IC50,5.8,nM,BindingDB
50746618,CC(NC(CCc1ccccc1)C(O)=O)C(=O)N1CCc2ccccc2C1C(O)=O,,IC50,5.8,nM,BindingDB
50991949,C[C@@H](CS)C(=O)N1[C@@H](Cc2ccccc12)C(O)=O |r|,,IC50,6,nM,BindingDB
50983703,CCCN1CCC[C@H](NC(=O)[C@@H](S)Cc2ccccc2)C(=O)N1CC(O)=O,,IC50,6,nM,BindingDB
50745432,CCC[C@H](N[C@H]1CCc2ccccc2N(CC(O)=O)C1=O)C(O)=O,,IC50,6,nM,BindingDB
51126732,C[C@H](CS)C(=O)N1CCC[C@H]1C(O)=O,,IC50,6.3,nM,BindingDB
50983674,CC(C)C[C@H](S)C(=O)N[C@H]1CCc2ccccc2N(CC(O)=O)C1=O,,IC50,6.3,nM,BindingDB
51508760,C[C@H](CS)C(=O)N1CCC[C@H]1C(O)=O,,IC50,6.3,nM,BindingDB
51655711,C[C@H](CS)C(=O)N1CCC[C@H]1C(O)=O,,IC50,6.3,nM,BindingDB
50991875,CCN(C[C@H](CCc1ccccc1)C(O)=O)C(=O)N1Cc2ccccc2C[C@H]1C(O)=O,,IC50,6.5,nM,BindingDB
50745420,CSCC[C@H](N[C@H]1CCc2ccccc2N(CC(O)=O)C1=O)C(O)=O,,IC50,6.5,nM,BindingDB
50752389,CCCCN1C[C@H](N(C(=O)[C@H](C)N[C@@H](CCc2ccccc2)C(O)=O)C1=O)C(O)=O,,IC50,6.7,nM,BindingDB
50745423,NCCCC[C@H](N[C@H]1CCc2ccccc2N(CC(O)=O)C1=O)C(O)=O,,IC50,7,nM,BindingDB
50983698,OC(=O)[C@@H]1CCCN2N1C(=O)[C@H](CCC2=O)NC(=O)[C@@H](S)Cc1ccccc1,,IC50,7,nM,BindingDB
50090272,CC[C@H](C)[C@H](NC(C)=O)C(=O)N[C@@H](Cc1ccccc1)C(=O)N[C@@H](Cc1ccc(O)cc1)P(O)(O)=O |r|,,IC50,7,nM,BindingDB
51644120,NCCCC[C@H](NC(=O)[C@@H](S)Cc1ccccc1)C(=O)N[C@@H](Cc1c[nH]c2ccccc12)C(=O)O,,IC50,7,nM,BindingDB
50745417,OC(=O)CN1c2ccccc2CC[C@H](N[C@@H](CSCCc2ccccc2)C(O)=O)C1=O,,IC50,7,nM,BindingDB
50991938,C[C@H](NP(O)(=O)CCc1ccccc1)C(=O)N1CCC[C@H]1C(O)=O,,IC50,7.1,nM,BindingDB
50986259,COc1ccc(CN2C(=O)\C(=N/C(=S)NCc3cc4ccccc4cc3O)c3ccccc23)cc1,,IC50,7.6,nM,BindingDB
51527216,C[C@H](NC(=O)[C@@H](CS)Cc1ccccc1)C(=O)N1[C@@H](Cc2ccccc12)C(O)=O,,IC50,7.8,nM,BindingDB
50986261,NCCCC[C@H](N[C@@H](CCc1ccccc1)C(O)=O)C(=O)N1CCC[C@H]1C(O)=O |r|,,IC50,7.9,nM,BindingDB
50995206,CC(C)CCC(N[C@@H](C)C(=O)N1CCC[C@H]1C(O)=O)C(O)=O,,IC50,7.94,nM,BindingDB
50983715,OC(=O)[C@@H]1CCCN2CCC[C@H](NC(=O)[C@@H](S)Cc3ccccc3)C(=O)N12,,IC50,8,nM,BindingDB
50612219,OC(=O)CN1CCCCCCC(NC(CCc2ccccc2)C(O)=O)C1=O,,IC50,8.1,nM,BindingDB
50029887,CCOC(=O)[C@H](CCc1ccccc1)N[C@@H](C)C(=O)N1Cc2ccccc2C[C@H]1C(O)=O |r|,,IC50,8.3,nM,BindingDB
50030012,CCOC(=O)[C@H](CCc1ccccc1)N[C@@H](C)C(=O)N1Cc2ccccc2C[C@H]1C(O)=O |r|,,IC50,8.3,nM,BindingDB
50757247,CCOC(=O)[C@H](CCc1ccccc1)N[C@@H](C)C(=O)N1Cc2ccccc2C[C@H]1C(O)=O |r|,,IC50,8.3,nM,BindingDB
50799336,CCOC(=O)[C@H](CCc1ccccc1)N[C@@H](C)C(=O)N1Cc2ccccc2C[C@H]1C(O)=O |r|,,IC50,8.3,nM,BindingDB
50426201,CC(C)c1ccc(CS[C@H]2CC[C@H](N2C(=O)[C@H](C)CS)C(O)=O)cc1 |r|,,IC50,8.4,nM,BindingDB
50745433,OC(=O)CN1c2ccccc2CC[C@H](N[C@@H](Cc2ccccc2)C(O)=O)C1=O,,IC50,8.5,nM,BindingDB
50761152,CC[C@H](N[C@@H](CCc1ccccc1)C(O)=O)C(=O)N1C[C@H](C[C@H]1C(O)=O)NC(=O)C[C@H](N)Cc1cc(F)c(F)cc1F |r|,,IC50,8.6,nM,BindingDB
50986260,Oc1cc2ccccc2cc1CNC(=S)\N=C1/C(=O)N(C(=O)c2ccccc2)c2ccccc12,,IC50,8.8,nM,BindingDB
50991964,C[C@H](CS)C(=O)N1[C@@H](CCC1=O)C(O)=O,,IC50,8.9,nM,BindingDB
51644118,c1cc(cc(c1)O)[C@H]2CC[C@H](N2C(=O)CNC(=O)[C@H](Cc3ccc(cc3)O)S)C(=O)O,,IC50,9,nM,BindingDB
50599116,C[C@H](CS)C(=O)N1CCC[C@H]1C(O)=O,,IC50,9,nM,BindingDB
50986257,COc1ccc(cc1)N1C(=O)\C(=N\C(=S)NCc2cc3ccccc3cc2O)c2ccccc12,,IC50,9.8,nM,BindingDB
50995210,CC(NC(=O)C1CCCCC1S)C(=O)N1CCCC1C(O)=O,,IC50,10,nM,BindingDB
50983704,CCCN1N(CC(O)=O)C(=O)[C@H](CCC1=O)NC(=O)[C@@H](S)Cc1ccccc1,,IC50,10,nM,BindingDB
50995198,C[C@@H]1CCCC(NC(CCc2ccccc2)C(O)=O)C(=O)N1CC(O)=O,,IC50,10,nM,BindingDB
50599133,OC(=O)[C@@H]1CCCN1C(=O)CCC(=O)C(Cc1ccc(OCc2ccccc2)cc1)NC(=O)c1ccccc1,,IC50,10,nM,BindingDB
50561727,C[C@H](CS)C(=O)N1CCC[C@H]1C(O)=O,,IC50,10,nM,BindingDB
50745435,OC(=O)CN1c2ccccc2CC[C@H](N[C@@H](COCc2ccccc2)C(O)=O)C1=O,,IC50,10,nM,BindingDB
50991893,OC(=O)[C@@H]1CCCN1C(=O)CP(O)(=O)CC(Cc1ccccc1)NC(=O)c1ccccc1,,IC50,10,nM,BindingDB
50995205,OC(=O)C1CCCN1C(=O)CCC(=O)C(Cc1ccccc1)NC(=O)c1ccccc1,,IC50,10,nM,BindingDB
50995221,OC(=O)CN1c2ccccc2CC[C@H](NC(CCc2ccccc2)C(O)=O)C1=O,,IC50,10,nM,BindingDB
50090220,CC[C@H](C)[C@H](NC(C)=O)C(=O)N[C@@H](Cc1ccc(O)cc1)C(=O)N[C@@H](Cc1ccc(O)cc1)P(O)(O)=O |r|,,IC50,11,nM,BindingDB
50752400,C[C@H](N[C@@H](Cc1ccccc1)C(O)=O)C(=O)N1[C@@H](CN(Cc2ccccc2)C1=O)C(O)=O,,IC50,11,nM,BindingDB
50986256,CC(=O)N1C(=O)\C(=N/C(=S)NCc2cc3ccccc3cc2O)c2ccccc12,,IC50,11,nM,BindingDB
50082851,C[C@H](CS)C(=O)N1CCC[C@H]1C(O)=O,,IC50,11,nM,BindingDB
50991914,NCCCCC(NC(=O)OCc1ccccc1)C(=O)N[C@H](CCC(=O)N1CCC[C@H]1C(O)=O)C(O)=O,,IC50,12,nM,BindingDB
50991915,NCCCCC(N)C(=O)N[C@H](CCC(=O)N1[C@H]2CCCC[C@H]2C[C@H]1C(O)=O)C(O)=O,,IC50,12,nM,BindingDB
50986255,CCCN1C(=O)\C(=N/C(=S)NCc2cc3ccccc3cc2O)c2ccccc12,,IC50,12,nM,BindingDB
51527194,C[C@H](CS)C(=O)N1CCC[C@H]1C(O)=O,,IC50,12,nM,BindingDB
50991907,OC(=O)[C@@H]1CCCN1C(=O)CCC(=O)[C@H](Cc1ccccc1)NC(=O)c1ccccc1,,IC50,12,nM,BindingDB
50958022,OC(=O)[C@@H]1CCCN1C(=O)CP(O)(=O)C[C@H](CCc1ccccc1)NC(=O)c1ccccc1 |r|,,IC50,12,nM,BindingDB
50983705,OC(=O)[C@@H]1CCN2CCC[C@H](NC(=O)[C@@H](S)Cc3ccccc3)C(=O)N12,,IC50,12,nM,BindingDB
50598804,C[C@H](CS)C(=O)N1CCC[C@H]1C(O)=O,,IC50,12,nM,BindingDB
50090222,CC[C@H](C)[C@H](NC(C)=O)C(=O)N[C@@H](CC(C)C)C(=O)N[C@@H](Cc1ccc(O)cc1)P(O)(O)=O |r|,,IC50,12,nM,BindingDB
50983676,OC(=O)CN1c2ccccc2CC[C@H](NC(=O)[C@@H](S)Cc2ccccc2)C1=O,,IC50,12,nM,BindingDB
50041100,OC(=O)[C@H]1CCCN1C(=O)CSCC(=O)C(Cc1ccccc1)NC(=O)c1ccccc1,,IC50,12,nM,BindingDB
50983697,OC(=O)CN1c2ccccc2CC[C@H](NC(=O)[C@@H](S)Cc2ccccc2)C1=O,,IC50,12,nM,BindingDB
50799322,CC1(C)CCCC(NC(=O)[C@@H](S)Cc2ccccc2)C(=O)N1CC(O)=O,,IC50,12,nM,BindingDB
50983639,OC(=O)CN1c2ccccc2CC[C@H](NC(=O)[C@@H](S)Cc2ccccc2)C1=O,,IC50,12,nM,BindingDB
51527213,OC(=O)CN1c2ccccc2CC[C@H](NC(=O)[C@@H](S)Cc2ccccc2)C1=O,,IC50,12,nM,BindingDB
50995216,CC(CS)C(=O)N1C(Cc2ccccc12)C(O)=O,,IC50,12.59,nM,BindingDB
50995222,OC(=O)[C@@H]1CC2(CN1C(=O)CP(O)(=O)CCCCc1ccccc1)SCCS2,,IC50,12.59,nM,BindingDB
50983661,C[C@H]1Oc2ccccc2N(CC(O)=O)C(=O)[C@H]1NC(=O)[C@@H](S)Cc1ccccc1,,IC50,13,nM,BindingDB
50753104,C[C@H](CS)C(=O)N1CCC[C@H]1C(O)=O,,IC50,13,nM,BindingDB
50746640,C[C@H](CS)C(=O)N1CCC[C@H]1C(O)=O,,IC50,13,nM,BindingDB
50745425,O=C(O)CN1C(=O)[C@@H](N[C@@H](Cc2c[nH]c3ccccc23)C(=O)O)CCc2ccccc21,,IC50,13,nM,BindingDB
50745422,OC(=O)CN1c2ccccc2CC[C@H](N[C@@H](CCCCNC(=O)OCc2ccccc2)C(O)=O)C1=O,,IC50,13,nM,BindingDB
50983666,OC(=O)CN1c2ccccc2SC[C@H](NC(=O)[C@@H](S)Cc2ccccc2)C1=O,,IC50,13,nM,BindingDB
50983641,OC(=O)CCN1c2ccccc2SC[C@H](NC(=O)[C@@H](S)Cc2ccccc2)C1=O,,IC50,14,nM,BindingDB
50746466,CCOC(=O)C(CCc1ccccc1)OC(C)C(=O)N1Cc2ccccc2CC1C(O)=O,,IC50,14,nM,BindingDB
50476458,OC(=O)[C@@H]1CCCN1C(=O)[C@H](Cc1cccc2ccccc12)NC(=O)[C@@H](S)Cc1ccccc1,,IC50,14,nM,BindingDB
50983669,C[C@H](NC(=O)[C@@H](S)Cc1ccccc1)C(=O)N(CC(O)=O)c1ccccc1,,IC50,14,nM,BindingDB
51527215,C[C@H](NC(=O)[C@@H](CS)Cc1ccccc1)C(=O)N1Cc2ccccc2C[C@H]1C(O)=O,,IC50,14,nM,BindingDB
51655706,CC(C)CC(NC(=O)c1ccccc1)[Si](C)(O)CC(C)C(=O)N1CCC[C@H]1C(=O)O,,IC50,14,nM,BindingDB
50745428,C[C@H](CS)C(=O)N1CCC[C@H]1C(O)=O,,IC50,15,nM,BindingDB
50986252,Oc1cc2ccccc2cc1CNC(=S)\N=C1/C(=O)N(c2ccccc12)c1ccccc1Cl,,IC50,15,nM,BindingDB
50426199,CC(C)c1ccc(CCCS[C@H]2CC[C@H](N2C(=O)[C@H](C)CS)C(O)=O)cc1 |r|,,IC50,15,nM,BindingDB
50745424,CCOC(=O)[C@H](CCCCNC(=O)OCc1ccccc1)N[C@H]1CCc2ccccc2N(CC(O)=O)C1=O,,IC50,15,nM,BindingDB
50991954,OC(=O)[C@@H](CCC(=O)N1[C@H]2CCCC[C@H]2C[C@H]1C(O)=O)NC(=O)C1CCCN1C(=O)OCc1ccccc1,,IC50,15,nM,BindingDB
50599128,O=C(CCC(=O)N1CCC[C@H]1C(=O)OCc1ccccc1)C(Cc1cccnc1)NC(=O)c1ccccc1,,IC50,15,nM,BindingDB
50991866,NCCCC[C@H](OP(O)(=O)CCCCc1ccccc1)C(=O)N1C[C@@H](O)C[C@H]1C(O)=O,,IC50,16,nM,BindingDB
50983699,CN1N(CC(O)=O)C(=O)[C@H](CCC1=O)NC(=O)[C@@H](S)Cc1ccccc1,,IC50,16,nM,BindingDB
50983700,CN1CCC[C@H](NC(=O)[C@@H](S)Cc2ccccc2)C(=O)N1CC(O)=O,,IC50,16,nM,BindingDB
50983640,OC(=O)CN1c2ccccc2SC[C@H](NC(=O)[C@@H](CS)Cc2ccccc2)C1=O,,IC50,17,nM,BindingDB
50476448,OC(=O)[C@@H]1CCCN1C(=O)[C@H](Cc1ccc2ccccc2c1)NC(=O)[C@@H](S)Cc1ccccc1,,IC50,18,nM,BindingDB
50724342,C[C@H](CS)C(=O)N1C[C@@H](C[C@H]1C(O)=O)NC(=O)C(CS)Cc1ccccc1,,IC50,18,nM,BindingDB
50983648,C[C@H]1Oc2ccccc2N(CCC(O)=O)C(=O)[C@H]1NC(=O)[C@@H](S)Cc1ccccc1,,IC50,18,nM,BindingDB
51527199,C[C@H](CS)C(=O)N1Cc2ccccc2C[C@H]1C(O)=O,,IC50,18,nM,BindingDB
50746617,CC(CS)C(=O)N1Cc2ccccc2CC1C(O)=O,,IC50,18,nM,BindingDB
51644113,Cc1ccc(cc1)[C@H]2CC[C@H](N2C(=O)CNC(=O)[C@H](Cc3ccccc3)S)C(=O)O,,IC50,19,nM,BindingDB
50030077,OC(=O)CN1CCCCC(NC(CCc2ccccc2)C(O)=O)C1=O,,IC50,19,nM,BindingDB
50986254,Oc1cc2ccccc2cc1CNC(=S)\N=C1/C(=O)N(c2ccccc12)c1ccccc1,,IC50,19,nM,BindingDB
50799358,CCCCc1nc(Cl)c(CO)n1Cc1ccc(-c2ccccc2-c2nnn[nH]2)cc1,,IC50,19,nM,BindingDB
50426200,CC(C)c1ccc(CCS[C@H]2CC[C@H](N2C(=O)[C@H](C)CS)C(O)=O)cc1 |r|,,IC50,19,nM,BindingDB
50995214,c1ccc(c(c1)[C@@H]2N([C@@H](CS2)C(=O)O)C(=O)CCS)O,,IC50,19.95,nM,BindingDB
50813317,CC1CCCC(N1C(=O)CCS)C(O)=O,,IC50,20,nM,BindingDB
50983706,OC(=O)[C@@H]1CCN2N1C(=O)[C@H](CCC2=O)NC(=O)[C@@H](S)Cc1ccccc1,,IC50,20,nM,BindingDB
51644112,c1cc(cc(c1)O)[C@H]2CC[C@H](N2C(=O)CNC(=O)[C@H](Cc3ccc(cc3)O)S)C(=O)O,,IC50,20,nM,BindingDB
50991927,C[C@H](CS)C(=O)N1Cc2ccccc2C[C@H]1C(O)=O,,IC50,20,nM,BindingDB
50599114,OC(=O)[C@@H]1CCCN1C(=O)CCC(=O)C(Cc1ccccc1)NC(=O)C1CCCO1,,IC50,20,nM,BindingDB
50441737,CCc1ccc(CSC[C@H](NC(=O)[C@H](C)CS)C(O)=O)cc1 |r|,,IC50,21,nM,BindingDB
50983693,OC(=O)CN1CCCC[C@H](NC(=O)[C@@H](S)Cc2ccccc2)C1=O,,IC50,22,nM,BindingDB
51551191,CSCC[C@@H]1NC(=O)[C@H](CC(C)C)NC(=O)[C@H]([C@@H](C)O)NC(=O)[C@H](Cc2c[nH]cn2)NC(=O)[C@@H]2CSCCC(=O)N3CN(CN(C3)C(=O)CCSC[C@@H](C(=O)N[C@@H](C)C(N)=O)NC(=O)[C@H](CC(C)C)NC(=O)[C@H](Cc3c[nH]cn3)NC(=O)[C@H](CCCNC(=N)N)NC(=O)[C@@H]3CCCN3C1=O)C(=O)CCSC[C@H](NC(=O)[C@H](C)N)C(=O)NCC(=O)N[C@@H](CCCNC(=N)N)C(=O)N[C@@H](CCC(N)=O)C(=O)N[C@@H](Cc1ccccc1)C(=O)N2,,IC50,22,nM,BindingDB
50983681,OC(=O)CN1c2ccccc2CC[C@H](NC(=O)[C@@H](S)CC2CCCCC2)C1=O,,IC50,22,nM,BindingDB
50561726,CC[C@H](C)C(N[C@@H](C)C(O)=O)C(=O)N[C@@H](Cc1ccc(cc1)-c1ccccc1)C(O)=O,,IC50,22,nM,BindingDB
50986262,CN1C(=O)\C(=N/C(=S)NCc2cc3ccccc3cc2O)c2ccccc12,,IC50,22,nM,BindingDB
50671595,C[C@H](CS)C(=O)N1CCC[C@H]1C(O)=O,,IC50,22.9,nM,BindingDB
50991899,C[C@H](CS)C(=O)N1CCC[C@H]1C(O)=O,,IC50,23,nM,BindingDB
50859977,CC(C)CN(C[C@H](O)C(O)=O)C(=O)N[C@@H](Cc1ccc(O)c(O)c1)C(O)=O,,IC50,23,nM,BindingDB
50799332,C[C@H](CS)C(=O)N1CCC[C@H]1C(O)=O,,IC50,23,nM,BindingDB
50426178,C[C@H](CS)C(=O)N1CCC[C@H]1C(O)=O,,IC50,23,nM,BindingDB
50809154,[Co+2],,IC50,23,nM,BindingDB
50561720,C[C@H](CS)C(=O)N1CCC[C@H]1C(O)=O,,IC50,23,nM,BindingDB
50833594,C[C@H](CS)C(=O)N1CCC[C@H]1C(O)=O,,IC50,23,nM,BindingDB
50561725,CC(C)[C@H](N[C@@H](C)C(O)=O)C(=O)N[C@@H](Cc1ccc(cc1)-c1ccccc1)C(O)=O,,IC50,23,nM,BindingDB
50983673,C[C@H](S)C(=O)N[C@H]1CCc2ccccc2N(CC(O)=O)C1=O,,IC50,24,nM,BindingDB
50746453,CCOC(=O)C(CCc1ccccc1)OC(C)C(=O)N1C2CCCCC2CC1C(O)=O,,IC50,24,nM,BindingDB
50986258,Cc1ccc(cc1)C(=O)N1C(=O)\C(=N/C(=S)NCc2cc3ccccc3cc2O)c2ccccc12,,IC50,24,nM,BindingDB
50983690,OC(=O)CN1c2ccccc2CCCC(NC(=O)[C@@H](S)Cc2ccccc2)C1=O,,IC50,25,nM,BindingDB
50635479,C[C@H](CS)C(=O)N1CCC[C@H]1C(O)=O,,IC50,25,nM,BindingDB
50561834,CC(C)[C@H](NCP(O)(O)=O)C(=O)N[C@@H](Cc1ccc(cc1)-c1ccccc1)C(O)=O,,IC50,25,nM,BindingDB
51527198,C[C@H](CS)C(=O)N1[C@@H](CCc2ccccc12)C(O)=O |r|,,IC50,25,nM,BindingDB
51011060,C[C@H](CS)C(=O)N1CCC[C@H]1C(O)=O,,IC50,25,nM,BindingDB
50995203,CC(NP(O)(=O)CCc1ccccc1)C(=O)N1CCCC1C(O)=O,,IC50,25.12,nM,BindingDB
1237906,C[C@@H](C[C@@H](Cc1ccc(cc1)-c1ccccc1)C(=O)CCC(O)=O)C(O)=O |r|,,IC50,27,nM,BindingDB
50476436,OC(=O)[C@@H]1CCCN1C(=O)[C@H](Cc1cccc2ccccc12)NC(=O)[C@H](S)Cc1ccccc1,,IC50,27,nM,BindingDB
1316477,C[C@@H](C[C@@H](Cc1ccc(cc1)-c1ccccc1)NC(=O)CCC(O)=O)C(O)=O,,IC50,27,nM,BindingDB
50983642,OC(=O)CN1c2ccccc2OC[C@H](NC(=O)[C@@H](S)Cc2ccccc2)C1=O,,IC50,28,nM,BindingDB
50599120,OC(=O)[C@@H](Cc1ccccc1)NC(=O)CCC(=O)C(Cc1ccccc1)NC(=O)c1ccccc1,,IC50,28,nM,BindingDB
51508743,c1ccc(c(c1)[C@@H]2N([C@@H](CS2)C(=O)O)C(=O)CCS)O,,IC50,28.2,nM,BindingDB
50859984,CC(C)CN(CP(O)(O)=O)C(=O)N[C@@H](Cc1ccc2ccccc2c1)C(O)=O,,IC50,29,nM,BindingDB
51200729,[H][C@]12C[C@H](N(C(=O)[C@H](C)NC(CCC)P(O)(O)=O)[C@@]1([H])CCCC2)C(O)=O |r|,,IC50,30,nM,BindingDB
50723443,C[C@H](CS)C(=O)N1CCC[C@H]1C(O)=O,,IC50,30,nM,BindingDB
50833633,C[C@H](NC(=O)[C@@H](S)Cc1ccccc1)C(=O)N1CCC[C@H]1C(O)=O,,IC50,30,nM,BindingDB
50983662,C[C@H](NC(=O)[C@@H](S)Cc1ccccc1)C(=O)N1CCC[C@H]1C(O)=O,,IC50,30,nM,BindingDB
50479608,CC(C)[C@H](S)C(=O)NC1CCc2cccc3C[C@H](N(c23)C1=O)C(O)=O,,IC50,30,nM,BindingDB
51527214,C[C@H](NC(=O)[C@@H](S)Cc1ccccc1)C(=O)N1CCC[C@H]1C(O)=O,,IC50,30,nM,BindingDB
50983643,OC(=O)CCN1c2ccccc2OC[C@H](NC(=O)[C@@H](S)Cc2ccccc2)C1=O,,IC50,31,nM,BindingDB
50995212,OC(=O)CCc1cc(O)c2CC[C@@H](C(O)=O)n2c1=O,,IC50,31.62,nM,BindingDB
50995202,CC(CS)C(=O)N1C(CCC1=O)C(O)=O,,IC50,31.62,nM,BindingDB
50983691,OC(=O)CN1Cc2ccccc2C[C@H](NC(=O)[C@@H](S)Cc2ccccc2)C1=O,,IC50,33,nM,BindingDB
51551195,C[C@H](N)C(=O)N[C@H]1CSCCC(=O)N2CN3CN(C2)C(=O)CCSC[C@H](NC(=O)[C@H](CCCNC(=N)N)NC(=O)[C@@H]2CCCN2C(=O)[C@H](Cc2ccccc2)NC(=O)[C@H](CC(=O)O)NC(=O)[C@H](CCCNC(=N)N)NC(=O)[C@H](Cc2c[nH]cn2)NC1=O)C(=O)N[C@@H]([C@@H](C)O)C(=O)N[C@@H](Cc1c[nH]c2ccccc12)C(=O)N[C@@H](CCC(=O)O)C(=O)N[C@@H]([C@@H](C)O)C(=O)N[C@@H](CCC(N)=O)C(=O)N[C@@H](Cc1c[nH]c2ccccc12)C(=O)N[C@H](C(=O)N[C@@H](C)C(N)=O)CSCCC3=O,,IC50,33,nM,BindingDB
51527212,OC(=O)CN1Cc2ccccc2C[C@H](NC(=O)[C@@H](S)Cc2ccccc2)C1=O,,IC50,33,nM,BindingDB
50441807,C[C@H](CS)C(=O)N[C@@H](CSCc1ccccc1)C(O)=O |r|,,IC50,34,nM,BindingDB
50671584,CC(CS)C(=O)N[C@@H](Cc1c[nH]c2ccccc12)C(=O)O,,IC50,34.7,nM,BindingDB
50060381,CC(CS)C(=O)N[C@@H](Cc1c[nH]c2ccccc12)C(=O)O,,IC50,35,nM,BindingDB
50859990,CC(C)CN(C[C@H](O)C(O)=O)C(=O)N[C@@H](Cc1ccc(cc1)-c1ccccc1)C(O)=O,,IC50,35,nM,BindingDB
CHEMBL418571,CCCCCCCCCC(=O)N[C@@H](Cc1ccccc1)C(=O)CCC(=O)N1CCCC1C(=O)O,,IC50,6500,nM,Chembl
CHEMBL24614,CCCCCC(=O)N[C@@H](Cc1ccccc1)C(=O)CCC(=O)N1CCCC1C(=O)O,,IC50,47,nM,Chembl
CHEMBL309941,C[C@H](CC(=O)[C@@H](Cc1ccccc1)NC(=O)c1ccccc1)C(=O)N1CCC[C@H]1C(=O)O,,IC50,8.2,nM,Chembl
CHEMBL93662,C[C@@H](CC(=O)[C@H](Cc1ccccc1)NC(=O)c1ccccc1)C(=O)N1CCC[C@H]1C(=O)O,,IC50,46,nM,Chembl
CHEMBL24750,CCCCOC(=O)NC(Cc1ccccc1)C(=O)CC(C)C(=O)N1CCCC1C(=O)O,,IC50,29,nM,Chembl
CHEMBL95564,C[C@H](CC(=O)[C@H](Cc1ccccc1)NC(=O)c1ccccc1)C(=O)N1CCC[C@H]1C(=O)O,,IC50,1,nM,Chembl
CHEMBL328537,C[C@@H](CC(=O)[C@@H](Cc1ccccc1)NC(=O)c1ccccc1)C(=O)N1CCC[C@H]1C(=O)O,,IC50,3200,nM,Chembl
CHEMBL24504,CCCCCCCC(=O)N[C@@H](Cc1ccccc1)C(=O)CCC(=O)N1CCCC1C(=O)O,,IC50,650,nM,Chembl
CHEMBL1560,C[C@H](CS)C(=O)N1CCC[C@H]1C(=O)O,,IC50,9,nM,Chembl
CHEMBL435360,O=C(N[C@@H](Cc1ccccc1)C(=O)CCC(=O)N1CCC[C@H]1C(=O)O)c1ccccc1,,IC50,3.2,nM,Chembl
CHEMBL26289,CCCCOC(=O)NC(Cc1ccccc1)C(=O)CCC(=O)N1CCCC1C(=O)O,,IC50,210,nM,Chembl
CHEMBL177842,O=C(NC(Cc1ccccc1)C(=O)CSCC(=O)N1CCC[C@@H]1C(=O)O)c1ccccc1,,IC50,12,nM,Chembl
CHEMBL360536,O=C(NC(Cc1ccccc1)C(=O)CNCC(=O)N1CCC[C@@H]1C(=O)O)c1ccccc1,,IC50,960,nM,Chembl
CHEMBL366372,Cc1ccc(S(=O)(=O)N(CC(=O)C(Cc2ccccc2)NC(=O)c2ccccc2)CC(=O)N2CCC[C@@H]2C(=O)O)cc1,,IC50,22000,nM,Chembl
CHEMBL366420,O=C(NC(Cc1ccccc1)C(=O)COCC(=O)N1CCC[C@@H]1C(=O)O)c1ccccc1,,IC50,4.4,nM,Chembl
CHEMBL435360,O=C(N[C@@H](Cc1ccccc1)C(=O)CCC(=O)N1CCC[C@H]1C(=O)O)c1ccccc1,,IC50,3.2,nM,Chembl
CHEMBL367334,O=C(NC(Cc1ccccc1)C(=O)CCCC(=O)N1CCC[C@@H]1C(=O)O)c1ccccc1,,IC50,42,nM,Chembl
CHEMBL316595,O=C(O)[C@@H]1Cc2cccc3c2N1C(=O)C(NC(=O)C1(S)Cc2ccccc2C1)CC3,,IC50,1000,nM,Chembl
CHEMBL100044,C[C@H](S)C(=O)NC1CCc2cccc3c2N(C1=O)[C@H](C(=O)O)C3,,IC50,165,nM,Chembl
CHEMBL2112402,O=C(N[C@H]1CCc2cccc3c2N(C1=O)[C@H](C(=O)O)C3)C(CS)Cc1ccc(-c2ccccc2)cc1,,IC50,77,nM,Chembl
CHEMBL319744,O=C(NC1CCc2cccc3c2N(C1=O)[C@H](C(=O)O)C3)[C@@H](S)Cc1ccc(-c2ccccc2)cc1,,IC50,89,nM,Chembl
CHEMBL98876,CC(C)[C@H](S)C(=O)NC1CCc2cccc3c2N(C1=O)[C@H](C(=O)O)C3,,IC50,30,nM,Chembl
CHEMBL93816,CC(C)(S)C(=O)NC1CCc2cccc3c2N(C1=O)[C@H](C(=O)O)C3,,IC50,1000,nM,Chembl
CHEMBL2112403,O=C(N[C@H]1CCc2cccc3c2N(C1=O)[C@H](C(=O)O)C3)[C@@H](S)Cc1ccccc1,,IC50,40,nM,Chembl
CHEMBL99861,O=C(O)[C@@H]1Cc2cccc3c2N1C(=O)C(NC(=O)C1(S)CCCC1)CC3,,IC50,253,nM,Chembl
CHEMBL318192,O=C(NC1CCc2cccc3c2N(C1=O)[C@H](C(=O)O)C3)[C@H](S)Cc1ccccc1,,IC50,283,nM,Chembl
CHEMBL319836,CC[C@@H](C)[C@H](S)C(=O)NC1CCc2cccc3c2N(C1=O)[C@H](C(=O)O)C3,,IC50,41,nM,Chembl
CHEMBL329474,O=C(NC1CCc2cccc3c2N(C1=O)[C@H](C(=O)O)C3)[C@@H](S)C1CCCCC1,,IC50,100,nM,Chembl
CHEMBL2111596,O=C(N[C@@H]1CCc2cccc3c2N(C1=O)[C@H](C(=O)O)C3)[C@@H](S)Cc1ccccc1,,IC50,62,nM,Chembl
CHEMBL2112402,O=C(N[C@H]1CCc2cccc3c2N(C1=O)[C@H](C(=O)O)C3)C(CS)Cc1ccc(-c2ccccc2)cc1,,IC50,1120,nM,Chembl
CHEMBL32032,O=C(N[C@@H](Cc1ccccc1)C(=O)NCC(=O)N1CCC[C@H]1C(=O)O)c1ccccc1,,IC50,9400,nM,Chembl
CHEMBL97191,O=C(N[C@@H](Cc1ccccc1)C(=O)CNCC(=O)N1CCC[C@H]1C(=O)O)c1ccccc1,,IC50,70,nM,Chembl
CHEMBL166083,O=C(N[C@@H](Cc1ccc2ccccc2c1)C(=O)N1CCC[C@H]1C(=O)O)[C@H](S)Cc1ccccc1,,IC50,304,nM,Chembl
CHEMBL163621,CC(C)[C@H](S)C(=O)N[C@@H](Cc1ccc(-c2ccccc2)cc1)C(=O)N1CCC[C@H]1C(=O)O,,IC50,319,nM,Chembl
CHEMBL165888,O=C(N[C@@H](Cc1ccc(-c2ccccc2)cc1)C(=O)N1CCC[C@H]1C(=O)O)[C@@H](S)Cc1ccccc1,,IC50,57,nM,Chembl
CHEMBL351878,O=C(N[C@@H](Cc1ccc(-c2ccccc2)cc1)C(=O)N1CCC[C@H]1C(=O)O)[C@H](S)Cc1ccccc1,,IC50,229,nM,Chembl
CHEMBL350414,O=C(O)[C@H](Cc1ccc(-c2ccccc2)cc1)NC(=O)[C@@H](S)Cc1ccccc1,,IC50,80,nM,Chembl
CHEMBL161879,CC(C)[C@H](S)C(=O)N[C@@H](Cc1ccc(-c2ccccc2)cc1)C(=O)N[C@@H](CO)C(=O)O,,IC50,100,nM,Chembl
CHEMBL163454,O=C(N[C@@H](Cc1ccc(-c2ccccc2)cc1)C(=O)O)[C@H](S)Cc1ccccc1,,IC50,688,nM,Chembl
CHEMBL349594,O=C(N[C@@H](Cc1ccc(-c2ccccc2)cc1)C(=O)N1CCC[C@H]1C(=O)O)[C@@H](S)c1ccc2c(c1)OCO2,,IC50,183,nM,Chembl
CHEMBL358338,CC(C)[C@H](S)C(=O)N[C@@H](Cc1ccc(-c2ccccc2)cc1)C(=O)N[C@@H](Cc1ccc(O)cc1)C(=O)O,,IC50,62,nM,Chembl
CHEMBL350378,O=C(N[C@@H](Cc1cccc2ccccc12)C(=O)N1CCC[C@H]1C(=O)O)[C@H](S)Cc1ccccc1,,IC50,27,nM,Chembl
CHEMBL163468,O=C(N[C@@H](Cc1ccc(-c2ccccc2)cc1)C(=O)N1CCC[C@H]1C(=O)O)[C@H](S)c1ccc2c(c1)OCO2,,IC50,378,nM,Chembl
CHEMBL163182,CC(C)[C@H](S)C(=O)N[C@@H](Cc1ccc(-c2ccccc2)cc1)C(=O)N[C@H](C(=O)O)C(C)C,,IC50,175,nM,Chembl
CHEMBL423635,O=C(N[C@@H](Cc1ccc2ccccc2c1)C(=O)N1CCC[C@H]1C(=O)O)[C@@H](S)Cc1ccccc1,,IC50,18,nM,Chembl
CHEMBL351318,O=C(N[C@@H](Cc1cccc2ccccc12)C(=O)N1CCC[C@H]1C(=O)O)[C@@H](S)Cc1ccccc1,,IC50,14,nM,Chembl
PT_0011,C1[C@@H]2[C@@H]3[C@@H]([C@H]([C@@H](O2)OC(=O)C4=CC(=C(C(=C4)O)O)O)OC(=O)C5=CC(=C(C6=C5[C@@H]7C(=CC(=O)[C@@](C7(O)O)(O6)O)C(=O)O3)O)O)OC(=O)C8=CC(=C(C(=C8C9=C(C(=C(C=C9C(=O)O1)O)O)O)O)O)O,,IC50,13.22,uM,m_curated
PT_0024,C1=CC(=C(C=C1C[C@H](C(=O)O)OC(=O)/C=C/C2=C3[C@@H]([C@H](OC3=C(C=C2)O)C4=CC(=C(C=C4)O)O)C(=O)O[C@H](CC5=CC(=C(C=C5)O)O)C(=O)O)O)O,,IC50,27.83,uM,m_curated
PT_0040,COS(=O)SCC=C,,IC50,,,m_curated
PT_0041,C1=CC(=C(C=C1C(=O)O)O)O,,IC50,,,m_curated
PT_0042,COC1=C(C=CC(=C1)C(=O)O)O,,IC50,,,m_curated
PT_0043,C1=CC(=CC=C1C(=O)O)O,,IC50,,,m_curated
PT_0044,COC1=C(C=CC(=C1)/C=C/C(=O)O)O,,IC50,,,m_curated
PT_0045,COC1=CC(=CC(=C1O)OC)/C=C/C(=O)O,,IC50,,,m_curated
PT_0058,CC1=CC2=C(C(=C1)O)C(=O)C3=C(C2=O)C=CC=C3O,,IC50,,,m_curated
PT_0059,CC1=CC2=C(C(=C1O)OC)C(=O)C3=C(C(=C(C=C3C2=O)O)OC)O,,IC50,,,m_curated
PT_0060,CC1=CC2=C(C(=C1O)O)C(=O)C3=C(C2=O)C=C(C=C3O)O,,IC50,,,m_curated
PT_0061,CC1=CC2=C(C(=C1O)OC)C(=O)C3=C(C(=C(C=C3C2=O)OC)OC)OC,,IC50,,,m_curated
PT_0065,CO[C@@H]1CO[C@H]([C@@H]([C@H]1OC)O)OC2=C3COC(=O)C3=C(C4=CC(=C(C=C42)OC)OC)C5=CC6=C(C=C5)OCO6,,IC50,,,m_curated
PT_0066,COC1=C(C=C2C(=C1)C(=C3C(=C2O[C@H]4[C@@H]([C@H]([C@@H]([C@H](O4)CO)O)O)O)COC3=O)C5=CC6=C(C=C5)OCO6)OC,,IC50,,,m_curated
PT_0069,O=C(N[C@@H](C)C(N[C@@H](C)C(NCC(NCC(N[C@@H](C)C(N[C@@H](CC1=CC=CC=C1)C(O)=O)=O)=O)=O)=O)=O)CN,,IC50,,,m_curated
PT_0117,C[C@H]1[C@@H]([C@H]([C@H]([C@@H](O1)OC2=CC=C(C=C2)CNC(=S)OC)O)O)OC(=O)C,,IC50,,,m_curated
PT_0118,CCOC(=O)NCC1=CC=C(C=C1)OC2C(C(C(C(O2)C)OC(=O)C)O)O,,IC50,,,m_curated
PT_0119,CCOC(=S)C=NCC1=CC=C(C=C1)O[C@H]2[C@@H]([C@@H]([C@H]([C@@H](O2)C)OC(=O)C)O)O,,IC50,,,m_curated
PT_0121,CC(C)[C@@H]1CC[C@@]2(CCCC(=O)[C@@]2(C1)C)C,,IC50,,,m_curated
PT_0122,CC1CCC=C2C1(C3C(C3(C)C)CC2)C,,IC50,,,m_curated
PT_0123,CC(C)[C@@H]1CCC(=C)[C@@]2(C1)CCC[C@]2(C)O,,IC50,,,m_curated
PT_0124,C[C@@H]1CCCC2=CC(=O)[C@@H]3[C@H]([C@@]12C)C3(C)C,,IC50,,,m_curated
PT_0125,C[C@@H]1CCC=C2[C@]1(C[C@@H](CC2)C(=C)C)C,,IC50,,,m_curated
PT_0126,C[C@H]1CC[C@@]2([C@@]3([C@H]1C[C@H](C2(C)C)CC3)C)O,,IC50,,,m_curated
PT_0127,CC1=CCC2CC1C2(C)C,,IC50,,,m_curated
PT_0128,CC1=C2C3C(C3(C)C)CCC2(CCC1)C,,IC50,,,m_curated
PT_0129,OC1=C(O)C=CC(/C=C/C(OC2=CC(C(OCC3)=O)=C3C=C2)=O)=C1,,IC50,,,m_curated
PT_0132,COC(C=C(OC)C(OC)=C1)=C1CC2=C3C(OC)=C(OC)C=C(OC)C3=CC2,,IC50,,,m_curated
PT_0133,COc1ccc([C@H]2CC[C@H]2c2ccc(OC)c(OC)c2OC)c(OC)c1OC,,IC50,,,m_curated
PT_0134,C(CC(=O)O)CN,,IC50,,,m_curated
PT_0135,CC(=CCC/C(=C/CC/C(=C/CC/C=C(/CC/C=C(/CCC=C(C)C)\C)\C)/C)/C)C,,IC50,,,m_curated
PT_0136,CCCCCCCCCCCC(=O)O,,IC50,,,m_curated
PT_0137,CCCCCCCCCC(=O)[O-],,IC50,,,m_curated
PT_0138,CCCCCCCCCCCCCCCCCC(=O)[O-],,IC50,,,m_curated
PT_0139,C[C@@H](CCC[C@@H](C)CCC/C(=C/CO)/C)CCCC(C)C,,IC50,,,m_curated
PT_0140,C1[C@H]([C@@H]2[C@H](O1)[C@H](CO2)O)O,,IC50,,,m_curated
PT_0153,COC1=C(C=C(C=C1)C2=C(C(=O)C3=C(C(=C(C=C3O2)OC)OC)O)OC)OC,,IC50,,,m_curated
PT_0155,C1=CC(=CC=C1C2=C(C(=O)C3=C(C=C(C=C3O2)O)O)O)O,,IC50,,,m_curated
PT_0156,C1=CC(=C(C=C1C2=C(C(=O)C3=C(C=C(C=C3O2)O)O)O)O)O,,IC50,,,m_curated
PT_0165,C[C@H]1[C@@H]([C@H]([C@H]([C@@H](O1)O[C@@H]2[C@H]([C@@H](O[C@@H]([C@H]2OC(=O)/C=C/C3=CC(=C(C=C3)O)O)CO)OCCC4=CC(=C(C=C4)O)O)O)O)O)O,,IC50,,,m_curated
PT_0166,C1[C@H]([C@H]([C@@H](C[C@@]1(C(=O)O)O)OC(=O)/C=C/C2=CC(=C(C=C2)O)O)O)O,,IC50,,,m_curated
PT_0167,C1=CC(=C(C=C1C2=C(C(=O)C3=C(C=C(C=C3O2)O)O)O[C@H]4[C@@H]([C@H]([C@@H]([C@H](O4)CO)O)O)O)O)O,,IC50,,,m_curated
PT_0168,C[C@H]1[C@@H]([C@H]([C@H]([C@@H](O1)O[C@@H]2[C@H](OC3=CC(=CC(=C3C2=O)O)O)C4=CC(=C(C=C4)O)O)O)O)O,,IC50,,,m_curated
PT_0170,COC1=CC(=C2C(=C1)OC3=C(C2=O)C(=C(C=C3)O)OC)O,,IC50,,,m_curated
PT_0171,COC1=CC(=C2C(=C1)OC3=C(C2=O)C(=C(C=C3)O)O)O,,IC50,,,m_curated
PT_0212,C[C@@H]1CC[C@@]2([C@H]([C@H]3[C@@H](O2)C[C@@H]4[C@@]3(CC[C@H]5[C@H]4CC=C6[C@@]5(C[C@H]([C@@H](C6)O)O)C)C)C)OC1,,IC50,,,m_curated
PT_0213,C[C@@H]1CC[C@@]2([C@H]([C@H]3[C@@H](O2)C[C@@H]4[C@@]3(CC[C@H]5[C@H]4CC[C@@]6([C@@]5(C[C@H]([C@@H](C6)O)O)C)O)C)C)OC1,,IC50,,,m_curated
PT_0214,CCCCC(CC)COC(=O)C1=CC=CC=C1C(=O)[O-],,IC50,,,m_curated
PT_0215,C1=CC=C(C(=C1)C(=O)O)C(=O)O,,IC50,,,m_curated
PT_0217,C1=CC(=CN=C1)C(=O)O,,IC50,,,m_curated
PT_0218,CC1=C(SC=[N+]1CC2=CN=C(N=C2N)C)CCO,,IC50,,,m_curated
PT_0219,CC1=CC2=C(C=C1C)N(C3=NC(=O)NC(=O)C3=N2)C[C@@H]([C@@H]([C@@H](CO)O)O)O,,IC50,,,m_curated
PT_0220,C([C@@H]([C@@H]1C(=C(C(=O)O1)O)O)O)O,,IC50,,,m_curated
PT_0221,C1=CC(=CC=C1CCO[C@H]2[C@@H]([C@H]([C@@H]([C@H](O2)CO)O)O)O)O,,IC50,,,m_curated
PT_0222,C1=CC=C(C=C1)CO[C@H]2[C@@H]([C@H]([C@@H]([C@H](O2)CO)O)O)O,,IC50,,,m_curated
PT_0223,CCCCCCCCCCCCCCCCCCCCCC(=O)O,,IC50,,,m_curated
PT_0224,C1[C@H](N=C(C=C1/C=C/N2[C@@H](CC3=CC(=C(C=C32)O)O)C(=O)O)C(=O)O)C(=O)O,,IC50,,,m_curated
PT_0225,C1[C@@H](N=C(C=C1/C=C/N2[C@@H](CC3=CC(=C(C=C32)O)O[C@H]4[C@@H]([C@H]([C@@H]([C@H](O4)CO)O)O)O)C(=O)O)C(=O)O)C(=O)O,,IC50,,,m_curated
PT_0226,CC1=CC(=O)C(=CC1=O)C(C)C,,IC50,,,m_curated
PT_0227,C/C=C/1\[C@@H](C(=CO[C@H]1O[C@H]2[C@@H]([C@H]([C@@H]([C@H](O2)CO)O)O)O)C(=O)OC)CC(=O)OCCC3=CC(=C(C=C3)O)O,,IC50,,,m_curated
PT_0228,C1=CC(=O)OC2=CC(=C(C=C21)O[C@H]3[C@@H]([C@H]([C@@H]([C@H](O3)CO)O)O)O)O,,IC50,,,m_curated
PT_0229,COC1=C(C=C2C(=C1)C=CC(=O)O2)O[C@H]3[C@@H]([C@H]([C@@H]([C@H](O3)CO)O)O)O,,IC50,,,m_curated
PT_0230,C[C@]12CC[C@@H](C([C@@H]1CC[C@@]3([C@@H]2CC=C4[C@]3(CC[C@@]5([C@H]4CC(CC5)(C)C)C(=O)O)C)C)(C)C)O,,IC50,,,m_curated
PT_0231,C1=CC(=C(C=C1C[C@H](C(=O)O)OC(=O)/C=C/C2=CC(=C(C=C2)O)O)O)O,,IC50,,,m_curated
PT_0237,COC1=C(C2=C[N+]3=C(C=C2C=C1)C4=CC5=C(C=C4CC3)OCO5)OC,,IC50,,,m_curated
PT_0255,CO[C@@H]1[C@H]([C@@H]([C@H](C(O1)OC(=O)C2=CC(=C(C(=C2)O)O)O)O)O)O,,IC50,,,m_curated
PT_0256,C1[C@H]([C@@H]([C@@H](C=C1C(=O)O)OC(=O)C2=CC(=C(C(=C2)O)O)O)O)OC(=O)C3=CC(=C(C(=C3)O)O)O,,IC50,,,m_curated
PT_0257,COC(=O)C1=CC(=C(C(=C1)O)O)O,,IC50,,,m_curated
PT_0258,C1[C@H]([C@@H]([C@@H](C[C@]1(C(=O)O)O)OC(=O)C2=CC(=C(C(=C2)O)OC(=O)C3=CC(=C(C(=C3)O)O)O)O)OC(=O)C4=CC(=C(C(=C4)O)O)O)OC(=O)C5=CC(=C(C(=C5)O)O)O,,IC50,,,m_curated
PT_0259,C1=C(C=C(C(=C1O)O)O)C(=O)OC2=CC(=CC(=C2O)O)C(=O)O,,IC50,,,m_curated
PT_0260,C1=C(C=C(C(=C1O)O)O)C(=O)C(=O)[C@@](C(=O)C2=CC(=C(C(=C2)O)O)O)([C@@]([C@@H]([C@@H](CO)O)O)(C(=O)C3=CC(=C(C(=C3)O)O)O)O)O,,IC50,,,m_curated
PT_0261,C1[C@H](C([C@](C(C1(C(=O)O)O)(C(=O)C2=CC(=C(C(=C2)O)O)O)C(=O)C3=CC(=C(C(=C3)O)O)O)(C(=O)C4=CC(=C(C(=C4)O)O)O)O)(C(=O)C5=CC(=C(C(=C5)O)O)O)O)O,,IC50,,,m_curated
PT_0277,CC1=CC(=C(C=C1)C(C)C)O,,IC50,,,m_curated
PT_0278,CC1=CC(=C(C=C1O)C(C)C)O,,IC50,,,m_curated
PT_0279,CC(C)C1=CC(=O)C2(C(C1=O)C3(C2C(=O)C(=CC3=O)C(C)C)C)C,,IC50,,,m_curated
PT_0328,C[C@@H]1C[C@H]([C@H](N(C1)C)[C@H](C)[C@H]2CC[C@H]3[C@@H]4C[C@H]([C@H]5C[C@H](CC[C@@]5([C@H]4CC3=C2C)C)O)O)O,,IC50,,,m_curated
PT_0329,C[C@@H]1C[C@H]([C@H](N(C1)C)[C@H](C)[C@H]2CC[C@H]3[C@@H]4CC(=O)[C@H]5C[C@H](CC[C@@]5([C@H]4CC3=C2C)C)O)O,,IC50,,,m_curated
PT_0341,O=C1C(C)OCC2=C(O)C(O)=CC=C21,,IC50,,,m_curated
IPT_001,C1C(C(C(C(O1)OC2C(C(C(OC2OC3=CC4=C(C=C(C=C4[O+]=C3C5=CC(=C(C(=C5)O)O)O)O)O)CO)O)O)O)O)O,,IC50,142,uM,m_curated
IPT_002,C1[C@H]([C@@H]([C@H]([C@@H](O1)O[C@@H]2[C@H]([C@@H]([C@H](O[C@H]2OC3=CC4=C(C=C(C=C4[O+]=C3C5=CC(=C(C=C5)O)O)O)O)CO)O)O)O)O)O.[Cl-],,IC50,118,uM,m_curated
IPT_003,C1=CC(=C(C=C1C2=[O+]C3=CC(=CC(=C3C=C2OC4C(C(C(C(O4)CO)O)O)O)O)O)O)O.[Cl-],,IC50,139,uM,m_curated
IPT_004,C1=CC(=C(C=C1C2=CC(=O)C3=C(C=C(C=C3O2)O)O)O)O,,IC50,290,uM,m_curated
IPT_005,C1=CC(=C(C=C1C2=CC(=O)C3=C(C=C(C=C3O2)O[C@H]4[C@@H]([C@H]([C@@H]([C@H](O4)CO)O)O)O)O)O)O,,IC50,280,uM,m_curated
IPT_006,C1=CC(=C(C=C1C2=C(C(=O)C3=C(C=C(C=C3O2)O)O)O[C@H]4[C@@H]([C@H]([C@@H]([C@H](O4)C(=O)O)O)O)O)O)O,,IC50,200,uM,m_curated
IPT_007,O=C1C2=C(O)C=C(O)C=C2OC(C3=CC=C(O)C(O)=C3)=C1O[C@@H]4O[C@@H](OC(C5=CC(O)=C(O)C(O)=C5)=O)[C@@H](O)[C@@H](O)[C@@H]4O,,IC50,160,uM,m_curated
IPT_008,C[C@H]1[C@@H]([C@H]([C@H]([C@@H](O1)OC2=C(OC3=CC(=CC(=C3C2=O)O)O)C4=CC(=C(C=C4)O)O)O[C@H]5[C@@H]([C@H]([C@@H]([C@H](O5)COC(=O)/C=C/C6=CC(=C(C=C6)O)O)O)O)O)O)O,,IC50,159,uM,m_curated
IPT_009,O=C1C2=C(O)C=C(O)C=C2OC(C3=CC(O)=C(O)C=C3)=C1O[C@H]4[C@H](O[C@H]5[C@H](O)[C@@H](O)[C@H](O)[C@@H](COC(/C=C/C6=CC=C(O)C([H])=C6)=O)O5)[C@H](O)[C@@H](O)[C@H](C)O4,,IC50,352,uM,m_curated
IPT_010,OC1=CC(O)=C(C(C(O[C@H]2[C@H](O)[C@@H](O)[C@H](O)[C@@H](CO)O2)=C(C3=CC(O)=C(O)C=C3)O4)=O)C4=C1,,IC50,409,uM,m_curated
IPT_011,C1=CC(=C(C=C1C2=C(C(=O)C3=C(C=C(C=C3O2)O)O)O[C@H]4[C@@H]([C@H]([C@@H]([C@H](O4)CO)O)O)O)O)O,,IC50,709,uM,m_curated
IPT_012,O=C1C(O[C@@H]2[C@@H](O)[C@H](O)[C@H](O)CO2)=C(OC3=CC(O)=CC(O)=C13)C4=CC(O)=C(C=C4)O,,IC50,310,uM,m_curated
IPT_013,C1[C@H]([C@H]([C@@H](C(O1)OC2=C(OC3=CC(=CC(=C3C2=O)O)O)C4=CC=C(C=C4)O)O)O)O,,IC50,393,uM,m_curated
IPT_014,C1=CC(=C(C=C1/C=C/C(=O)C2=C(C=C(C=C2)O)O)O)O,,IC50,730,uM,m_curated
IPT_015,C1=CC(=CC=C1C2=COC3=CC(=CC(=C3C2=O)O)O)O,,IC50,253.81,uM,m_curated
IPT_016,C[C@@H]1CC[C@@]2(CC[C@@]3(C(=CC[C@H]4[C@]3(CC[C@@H]5[C@@]4(CC[C@@H](C5(C)C)O)C)C)[C@@H]2[C@H]1C)C)C(=O)O,,IC50,1020,uM,m_curated
IPT_017,C1=CC(=C(C=C1C[C@@H](C(=O)O)N)O)O,,IC50,606.42,uM,m_curated
IPT_018,C[C@H]1[C@@H]([C@H]([C@H]([C@@H](O1)OC[C@@H]2[C@H]([C@@H]([C@H]([C@@H](O2)OC3=C(OC4=CC(=CC(=C4C3=O)O)O)C5=CC(=C(C=C5)O)O)O)O)O)O)O)O,,IC50,70.57,uM,m_curated
IPT_019,COC1=CC=C(C=C1)C2=CC(=O)C3=C(C=C(C=C3O2)O[C@H]4[C@@H]([C@H]([C@@H]([C@H](O4)CO)O)O)O)O,,IC50,240,uM,m_curated
IPT_020,C1=CC(=CC=C1C2=CC(=O)C3=C(C=C(C=C3O2)O)O)O,,IC50,280,uM,m_curated
IPT_021,O=C1C2=C(O)C=C(O)C=C2OC(C3=CC=C(O)C([H])=C3)=C1OC4[C@H]([C@@H]([C@@H](CO)O4)O)O,,IC50,320,uM,m_curated
IPT_022,C1=CC(=CC=C1C2=C(C(=O)C3=C(C=C(C=C3O2)O)O)O[C@H]4[C@@H]([C@H]([C@H]([C@H](O4)CO)O)O)O)O,,IC50,260,uM,m_curated
IPT_023,C1=CC(=C(C=C1C2=C(C(=O)C3=C(C=C(C=C3O2)O)O)OC4[C@H]([C@@H]([C@H](O4)CO)O)O)O)O,,IC50,310,uM,m_curated
IPT_024,O=C1C=C(OC2=CC(O[C@H]3[C@H](O)[C@@H](O)[C@H](O)[C@H](O3)CO[C@H]4[C@H](O)[C@@H](O)[C@H](O)[C@H](O4)CO)=CC(O)=C12)C5=CC=C(C(O)=C5)O,,IC50,280,uM,m_curated
IPT_025,C[C@H]1CC[C@H]2[C@@]([C@H]3CC[C@@H]4[C@H]([C@@H]3CN2C1)C[C@H]5[C@H]4CC(=O)[C@@H]6[C@@]5(CC[C@@H](C6)O)C)(C)O,,IC50,165,uM,m_curated
IPT_026,C[C@H]1CC[C@H]2[C@@]([C@H]3CC[C@@H]4[C@H]([C@@H]3CN2C1)C[C@H]5[C@H]4C[C@@H]([C@@H]6[C@@]5(CC[C@@H](C6)O)C)O)(C)O,,IC50,312.8,uM,m_curated
IPT_027,C[C@H]1C[C@@H]2[C@H]([C@H]([C@]3(O2)CC[C@H]4[C@@H]5CC(=O)[C@H]6C[C@H](CC[C@@]6([C@H]5CC4=C3C)C)O)C)NC1,,IC50,526.52,uM,m_curated
IPT_029,C1[C@H]([C@H]([C@@H](C[C@@]1(C(=O)O)O)OC(=O)/C=C/C2=CC(=C(C=C2)O)O)OC(=O)/C=C/C3=CC(=C(C=C3)O)O)O,,IC50,82.9,uM,m_curated
IPT_030,C1=CC(=C(C=C1C[C@H](C(=O)O)O)O)O,,IC50,360.8,uM,m_curated
IPT_035,C[C@@H]1C[C@H]([C@H](N(C1)C)[C@H](C)[C@H]2CCC3=C([C@H]2C)C[C@H]4C3=CC(=O)[C@@H]5[C@@]4(CC[C@@H](C5)O)C)O,,IC50,68,uM,m_curated
IPT_037,C1=CC(=CC=C1C2=C(C(=O)C3=C(C=C(C=C3O2)O)O)O[C@H]4[C@@H]([C@H]([C@@H]([C@H](O4)CO)O)O)O)O,,IC50,401.45,uM,m_curated
IPT_038,C1=CC(=CC=C1C2=C(C(=O)C3=C(C=C(C=C3O2)O)O)O[C@H]4[C@@H]([C@H]([C@@H]([C@H](O4)CO)O)O)OC(=O)C5=CC(=C(C(=C5)O)O)O)O,,IC50,466.67,uM,m_curated
SD_008,O=C(OC)[C@@H](NC(C1=C(Cl)N=C(CCCC)N1C)=O)CC2=CC=CC=C2,,IC50,0.647,uM,m_curated
SD_009,O=C(OC)[C@@H](NC(C1=C(Cl)N=C(CCCC)N1C)=O)CC(N2)=CC3=C2C=CC=C3,,IC50,0.531,uM,m_curated
SD_010,CC[C@H](C)[C@H](NC(C1=C(Cl)N=C(CCCC)N1C)=O)C(O)=O,,IC50,1.12,uM,m_curated
SD_011,O=C(O)[C@@H](NC(C1=C(Cl)N=C(CCCC)N1C)=O)CCSC,,IC50,0.657,uM,m_curated
SD_012,O=C(O)[C@@H](NC(C1=C(Cl)N=C(CCCC)N1C)=O)CC2=CC=CC=C2,,IC50,0.1,uM,m_curated
SD_013,OC([C@H]1N(N=C(C(C)(C)C)S1)C([C@H](C)N[C@H](C(OCCC)=O)CCC2=CC=CC=C2)=O)=O,,IC50,,uM,m_curated
SD_014,OC([C@H]1N(N=C(C(C)(C)C)S1)C([C@H](C)N[C@H](C(O)=O)CCC2=CC=CC=C2)=O)=O,,IC50,,uM,m_curated
SD_061,O=C1C(CC2=CC=C(OC)C=C2)N(C(C(C)CS)=O)CC1,,IC50,,uM,m_curated
SD_062,O=C(N1C(CC2=CC=C(OC)C=C2)C(CC1)=NO)C(C)CS,,IC50,,uM,m_curated
SD_063,O=C(N1C(CC2=CC=C(OC)C=C2)C(CC1)=NCCO)C(C)CS,,IC50,,uM,m_curated
SD_064,CC(N=C1C(CC2=CC=C(OC)C=C2)N(C(C(C)CS)=O)CC1)C(OCC)=O,,IC50,,uM,m_curated
SD_065,C[C@@H](C(N1CCC[C@H]1C(O)=O)=O)CS,,IC50,,uM,m_curated
SD_085,O=C([C@H]1N(CCC1)C([C@@H](N[C@@H](CCC2=CC=CC=C2)C(O)=O)CCCCN)=O)O,,IC50,0.262,uM,m_curated
SD_086,O=C(O)[C@@H]1C[C@]2([H])CCC[C@@]2(N1C([C@@H](N[C@@H](CCC3=CC=CC=C3)C(OCC)=O)C)=O)[H],,IC50,0.253,uM,m_curated
SD_087,O=C(CN1C([C@H](CCC2=C1C=CC=C2)N[C@@H](CCC3=CC=CC=C3)C(OCC)=O)=O)O,,IC50,0.212,uM,m_curated
SD_088,O=C(N1[C@@]2([H])C[C@@H](O)C1)C3=CC=CC=C3N(CC4=CC=CC(Br)=C4)C2=O,,IC50,0.418,uM,m_curated
SD_089,O=C(N1[C@@]2([H])C[C@@H](O)C1)C3=CC=CC=C3N(CC4=CC=C(Br)C=C4)C2=O,,IC50,0.658,uM,m_curated
SD_090,O=C(N1[C@@]2([H])C[C@@H](O)C1)C3=CC=CC=C3N(CC4=CC(OC)=C(OC)C(OC)=C4)C2=O,,IC50,0.376,uM,m_curated
SD_091,O=C(N1[C@@]2([H])C[C@@H](O)C1)C3=CC=CC=C3N(CC4=CC(Br)=CS4)C2=O,,IC50,0.272,uM,m_curated
SD_171,O=C([C@H](C)NC(CCC1=CC=CC=C1)C(O)=O)N([C@H](C(O)=O)CN2)C2=O,,IC50,0.0035,uM,m_curated
SD_172,O=C([C@@H](C)NC(CCCCCCCC)C(O)=O)N([C@H](C(O)=O)CN1C)C1=O,,IC50,0.0024,uM,m_curated
SD_173,O=C([C@H](C)NC(CCCCCCCC)C(O)=O)N([C@H](C(O)=O)CN1C)C1=O,,IC50,0.0016,uM,m_curated
SD_174,O=C([C@H](CC)NC(CCCCCCCC)C(O)=O)N([C@H](C(O)=O)CN1C)C1=O,,IC50,0.0024,uM,m_curated
SD_175,O=C([C@H](C)NC(CCC1=CC=CC=C1)C(O)=O)N([C@H](C(O)=O)CN2C)C2=O,,IC50,0.0017,uM,m_curated
SD_176,O=C([C@H](C)NC(CCC1=CC=CC=C1)C(O)=O)N([C@H](C(O)=O)CN2CCCC)C2=O,,IC50,0.0067,uM,m_curated
SD_177,O=C([C@H](C)NC(CC(C)C)C(O)=O)N([C@H](C(O)=O)CN1CC2=CC=CC=C2)C1=O,,IC50,0.0021,uM,m_curated
SD_178,O=C([C@H](C)NC(CCC(C)C)C(O)=O)N([C@H](C(O)=O)CN1CC2=CC=CC=C2)C1=O,,IC50,0.0033,uM,m_curated
SD_179,O=C([C@H](C)NC(CCCCCCCC)C(O)=O)N([C@H](C(O)=O)CN1CC2=CC=CC=C2)C1=O,,IC50,0.0015,uM,m_curated
SD_180,O=C([C@H](CC)NC(CCCCCCCC)C(O)=O)N([C@H](C(O)=O)CN1CC2=CC=CC=C2)C1=O,,IC50,0.0021,uM,m_curated
SD_181,O=C([C@H](C)NC(CC1=CC=CC=C1)C(O)=O)N([C@H](C(O)=O)CN2CC3=CC=CC=C3)C2=O,,IC50,0.0011,uM,m_curated
SD_182,O=C([C@@H](C)NC(CCC1=CC=CC=C1)C(O)=O)N([C@H](C(O)=O)CN2CC3=CC=CC=C3)C2=O,,IC50,0.0024,uM,m_curated
SD_183,O=C([C@H](C)NC(CCC1=CC=CC=C1)C(O)=O)N([C@H](C(O)=O)CN2CC3=CC=CC=C3)C2=O,,IC50,0.0017,uM,m_curated
SD_184,O=C([C@H](CC)NC(CCC1=CC=CC=C1)C(O)=O)N([C@H](C(O)=O)CN2CC3=CC=CC=C3)C2=O,,IC50,0.0023,uM,m_curated
SD_185,O=C([C@H]1N(CCC1)C([C@@H](N[C@@H](CCC2=CC=CC=C2)C(O)=O)C)=O)O,,IC50,0.0029,uM,m_curated
SD_186,O=C([C@H](C)NC(CCCCCCCC)C(OCC)=O)N([C@H](C(O)=O)CN1C)C1=O,,IC50,5.1,uM,m_curated
SD_187,O=C([C@H](C)NC(CCC1=CC=CC=C1)C(OCC)=O)N([C@H](C(O)=O)CN2C)C2=O,,IC50,9.9,uM,m_curated
SD_188,O=C([C@@H](C)NC(CCC1=CC=CC=C1)C(OCC)=O)N([C@H](C(O)=O)CN2C)C2=O,,IC50,,uM,m_curated
SD_189,O=C([C@@](CN1CC2=CC=CC=C2)(C)N(C([C@H](C)NC(CCCCCCCC)C(OCC)=O)=O)C1=O)O,,IC50,2.2,uM,m_curated
SD_190,O=C([C@@](CN1CC2=CC=CC=C2)(C)N(C([C@H](C)NC(CCC3=CC=CC=C3)C(OCC)=O)=O)C1=O)O,,IC50,7.9,uM,m_curated
SD_191,O=C(N1[C@H](C(O)=O)CC2(SCCS2)C1)[C@H](C)N[C@H](C(OCC)=O)CCC3=CC=CC=C3,,IC50,0.092,uM,m_curated
SD_192,O=C(N1[C@H](C(O)=O)CC2(SCCS2)C1)[C@H](C)N[C@H](C(O)=O)CCC3=CC=CC=C3,,IC50,0.0008,uM,m_curated
SD_193,O=C(N1[C@H](C(O)=O)CC2(SCCS2)C1)[C@H](C)N[C@@H](C(O)=O)CCC3=CC=CC=C3,,IC50,0.0009,uM,m_curated
SD_194,O=C(N1[C@H](C(O)=O)CC2(SCCS2)C1)[C@H](CCCN)N[C@H](C(O)=O)CCC3=CC=CC=C3,,IC50,0.2,uM,m_curated
SD_195,O=C(N1[C@H](C(O)=O)CC2(SCCS2)C1)C([H])N[C@H](C(OCC)=O)CCC3=CC=CC=C3,,IC50,0.0005,uM,m_curated
SD_196,O=C([C@H]1N(CCC1)C([C@@H](N[C@@H](CCC2=CC=CC=C2)C(OCC)=O)C)=O)O,,IC50,1.273,uM,m_curated
SD_197,O=C(O)[C@H]1N(C(C(OC(C(OCC)=O)CCC2=CC=CC=C2)C)=O)CCC1,,IC50,0.22,uM,m_curated
SD_198,O=C(O)[C@H]1N(C(C(OC(C(OCC)=O)CCC2=CC=CC=C2)C)=O)CC3C1CCCC3,,IC50,0.024,uM,m_curated
SD_199,O=C(O)[C@H]1N(C(C(OC(C(OCC)=O)CCC2=CC=CC=C2)C)=O)CC3C(C1)CCCC3,,IC50,0.014,uM,m_curated
SD_200,O=C(O)[C@H]1N(C(C(SC(C(OCC)=O)CCC2=CC=CC=C2)C)=O)CCC1,,IC50,2.9,uM,m_curated
SD_201,O=C(O)[C@H]1N(C(C(SC(C(OCC)=O)CCC2=CC=CC=C2)C)=O)CSC1,,IC50,4.8,uM,m_curated
SD_202,O=C(O)[C@H]1N(C(C(SC(C(OCC)=O)CCC2=CC=CC=C2)C)=O)CC3C1CCCC3,,IC50,2,uM,m_curated
SD_203,O=C(O)[C@H]1N(C(C(SC(C(OCC)=O)CCC2=CC=CC=C2)C)=O)CC3=CC=CC=C3C1,,IC50,0.46,uM,m_curated
SD_204,O=C(O)[C@H]1N(C(C(OC(C(O)=O)CCC2=CC=CC=C2)C)=O)CCC1,,IC50,0.11,uM,m_curated
SD_205,O=C(O)[C@H]1N(C(C(OC(C(O)=O)CCC2=CC=CC=C2)C)=O)CC3=CC=CC=C3C1,,IC50,0.086,uM,m_curated
SD_206,O=C(O)[C@H]1N(C(C(SC(C(O)=O)CCC2=CC=CC=C2)C)=O)CCC1,,IC50,0.58,uM,m_curated
SD_207,O=C(O)[C@H]1N(C(C(SC(C(O)=O)CCC2=CC=CC=C2)C)=O)CC3C1CCCC3,,IC50,0.14,uM,m_curated
SD_208,O=C(O)C1(NC(C(SC(C(O)=O)CCC2=CC=CC=C2)C)=O)CCCC1,,IC50,,uM,m_curated
SD_209,O=C([C@@H](SC(C)C(NC1(C=O)CCC(C2=CC=CC=C2)CC1)=O)CCC3=CC=CC=C3)O,,IC50,,uM,m_curated
SD_210,O=C([C@H]1N(C(C(OSC(CCC2=CC=CC=C2)COCC)C)=O)C3CCCCC3C1)O,,IC50,0.22,uM,m_curated
SD_211,O=C(O)[C@H]1N(C(C(OS(C(CCC2=CC=CC=C2)COCC)=O)C)=O)CCC1,,IC50,,uM,m_curated
SD_212,O=C(O)[C@H]1N(C(C(S(=O)(C(C(OCC)=O)CCC2=CC=CC=C2)=O)C)=O)CCC1,,IC50,,uM,m_curated
SD_213,O=C(O)[C@H]1N(C(C(NC(C(OCC)=O)CCC2=CC=CC=C2)C)=O)C(C(O)=O)C3=CC=CC=C3C1,,IC50,0.0083,uM,m_curated
SD_214,O=C(O)[C@H]1N(C(C(NC(C(O)=O)CCC2=CC=CC=C2)C)=O)C(C(O)=O)C3=CC=CC=C3C1,,IC50,0.0028,uM,m_curated
SD_215,O=C([C@H]1N(C(C(NC(CCC2=CC=CC=C2)C(OCC)=O)C)=O)CC3CCCCC13)O,,IC50,0.1,uM,m_curated
SD_216,O=C([C@H]1N(C(C(NC(CCC2=CC=CC=C2)C(O)=O)C)=O)CC3CCCCC13)O,,IC50,0.0026,uM,m_curated
SD_217,O=C(O)CN1C([C@H](N[C@H](C(O)=O)CCCCN)CCC2=CC=CC=C21)=O,,IC50,0.007,uM,m_curated
SD_218,O=C(CN1C([C@H](N[C@@H](CCCCN)C(OCC)=O)CCC2=CC=CC=C21)=O)O,,IC50,0.04,uM,m_curated
SD_219,O=C(CN1C([C@H](N[C@@H](CCCCNC(OCC2=CC=CC=C2)=O)C(O)=O)CCC3=CC=CC=C31)=O)O,,IC50,0.013,uM,m_curated
SD_220,O=C(O)CN1C2=CC=CC=C2CC[C@@H](N[C@@H](CCCCNC(OCC3=CC=CC=C3)=O)C(OCC)=O)C1=O,,IC50,0.015,uM,m_curated
SD_221,O=C(O)[C@H](CCCCNC(OC(C)(C)C)=O)N[C@@H]1CCC2=CC=CC=C2N(CC(O)=O)C1=O,,IC50,0.004,uM,m_curated
SD_222,O=C(O)CN1C2=CC=CC=C2CC[C@@H](N[C@@H](CCCCNCOC3=CC=CC=C3)C(OCC)=O)C1=O,,IC50,,uM,m_curated
SD_223,O=C(O)[C@H](COCC1=CC=CC=C1)N[C@@H]2CCC3=CC=CC=C3N(CC(O)=O)C2=O,,IC50,0.01,uM,m_curated
SD_224,O=C(O)CN1C2=CC=CC=C2CC[C@@H](N[C@@H](COCC3=CC=CC=C3)C(OCC)=O)C1=O,,IC50,,uM,m_curated
SD_225,O=C(O)[C@H](CSCC1=CC=CC=C1)N[C@@H]2CCC3=CC=CC=C3N(CC(O)=O)C2=O,,IC50,0.029,uM,m_curated
SD_226,O=C(O)CN1C2=CC=CC=C2CC[C@@H](N[C@@H](CSCC3=CC=CC=C3)C(OCC)=O)C1=O,,IC50,,uM,m_curated
SD_227,O=C(O)[C@H](CSCCC1=CC=CC=C1)N[C@@H]2CCC3=CC=CC=C3N(CC(O)=O)C2=O,,IC50,0.007,uM,m_curated
SD_228,O=C(O)[C@H](CSC1=CC=CC=C1)N[C@@H]2CCC3=CC=CC=C3N(CC(O)=O)C2=O,,IC50,0.004,uM,m_curated
SD_229,O=C(O)CN1C2=CC=CC=C2CC[C@@H](N[C@@H](CSC3=CC=CC=C3)C(OCC)=O)C1=O,,IC50,,uM,m_curated
SD_230,O=C(O)[C@@H](CC1=CC=CC=C1)N[C@@H]2CCC3=CC=CC=C3N(CC(O)=O)C2=O,,IC50,0.0085,uM,m_curated
SD_231,O=C(O)CN1C([C@@H](N[C@H](C(OCC)=O)CC2=CC=CC=C2)CCC3=CC=CC=C31)=O,,IC50,,uM,m_curated
SD_232,O=C(O)[C@@H](N[C@@H]1CCC2=CC=CC=C2N(CC(O)=O)C1=O)CC3=C4C=CC=CC4=NC3,,IC50,0.013,uM,m_curated
SD_233,O=C(O)CN1C2=CC=CC=C2CC[C@@H](N[C@H](CC3=C4C=CC=CC4=NC3)C(OCC)=O)C1=O,,IC50,0.54,uM,m_curated
SD_234,CC(C)C[C@@H](C(O)=O)N[C@@H]1CCC2=CC=CC=C2N(CC(O)=O)C1=O,,IC50,0.045,uM,m_curated
SD_235,O=C(O)CN1C2=CC=CC=C2CC[C@H](N[C@H](CC(C)C)C(OC)=O)C1=O,,IC50,1,uM,m_curated
SD_236,CCCC[C@H](N[C@@H]1CCC2=CC=CC=C2N(CC(O)=O)C1=O)C(O)=O,,IC50,0.0005,uM,m_curated
SD_237,O=C(O)CN1C2=CC=CC=C2CC[C@@H](N[C@H](CCCC)C(OCC)=O)C1=O,,IC50,2.6,uM,m_curated
SD_238,O=C(CN1C([C@@H](CCC2=CC=CC=C21)N[C@@H](CCSC)C(O)=O)=O)O,,IC50,0.0065,uM,m_curated
SD_239,O=C(O)CN1C2=CC=CC=C2CC[C@@H](N[C@H](CCSC)C(OCC)=O)C1=O,,IC50,,uM,m_curated
SD_240,CCC[C@H](N[C@@H]1CCC2=CC=CC=C2N(CC(O)=O)C1=O)C(O)=O,,IC50,0.006,uM,m_curated
SD_241,O=C(O)CN1C2=CC=CC=C2CC[C@H](N[C@@H](CCC)C(OCC)=O)C1=O,,IC50,,uM,m_curated
SD_242,O=C(O)CNC(C(C)CS)=O,,IC50,0.21,uM,m_curated
SD_243,O=C(O)CN(C(C(C)CS)=O)C,,IC50,0.13,uM,m_curated
SD_244,O=C(O)CN(CC)C(C(C)CS)=O,,IC50,0.075,uM,m_curated
SD_245,O=C(O)CN(C(C)C)C(C(C)CS)=O,,IC50,0.072,uM,m_curated
SD_246,[H]C(CSC(C)=O)C(N(C(C)C)C([H])C(O)=O)=O.C,,IC50,5.9,uM,m_curated
SD_247,O=C(O)CN(C1CC1)C(C(C)CS)=O,,IC50,0.03,uM,m_curated
SD_248,O=C(O)CN(C(C(C)CSC(C)=O)=O)C1CC1,,IC50,0.54,uM,m_curated
SD_249,O=C(O)C(C)N(C1CC1)C(CCS)=O,,IC50,0.079,uM,m_curated
SD_250,O=C(O)C(C)N(C(CCSC(C)=O)=O)C1CC1,,IC50,0.22,uM,m_curated
SD_251,O=C(O)CN(C1CCC1)C(C(C)CS)=O,,IC50,0.018,uM,m_curated
SD_252,O=C(O)CN(C(C(C)CSC(C)=O)=O)C1CCC1,,IC50,0.22,uM,m_curated
SD_253,O=C(O)CN(C1CCCC1)C(C(C)CS)=O,,IC50,0.016,uM,m_curated
SD_254,O=C(O)CN(C(C(C)CSC(C)=O)=O)C1CCCC1,,IC50,0.082,uM,m_curated
SD_255,O=C(O)CN(C1CCCCC1)C(C(C)CS)=O,,IC50,0.035,uM,m_curated
SD_256,O=C(O)CN(C(C(C)CSC(C)=O)=O)C1CCCCC1,,IC50,0.27,uM,m_curated
SD_257,O=C(O)CN(C(C(C)CS)=O)C1CCCCCC1,,IC50,0.031,uM,m_curated
SD_258,O=C(O)CN(C1CCCCCC1)C(C(C)CSC(C)=O)=O,,IC50,0.088,uM,m_curated
SD_259,O=C(O)CN([C@H]1[C@](C2)([H])CC[C@]2([H])C1)C(C(C)CS)=O,,IC50,0.032,uM,m_curated
SD_260,O=C(O)CN(C(C(C)CSC(C)=O)=O)C[6:S=N]HC[S=I](C[12])(H)CCC[S=I]@12(H)C@7,,IC50,0.02,uM,m_curated
SD_261,O=C(O)CN(C(C(C)CSC(C)=O)=O)C1CC2CC32CCC13,,IC50,0.052,uM,m_curated
SD_262,O=C(O)CN(CC[C@@H]1CC2CC(C2(C)C)C1C)C(C(C)CS)=O,,IC50,0.44,uM,m_curated
SD_263,O=C(O)CN(CCC1CC2CC(C2(C)C)C1)C(C(C)CSC(C)=O)=O,,IC50,0.085,uM,m_curated
SD_264,O=C(O)CN(C[C@H]1CC(C2(C)C)CC2C1C)C(C(C)CS)=O,,IC50,0.16,uM,m_curated
SD_265,O=C(O)CN(C[C@H]1CC(C2(C)C)CC2C1C)C(C(C)CSC(C)=O)=O,,IC50,0.14,uM,m_curated
SD_266,O=C(O)CN([C@H]1C(C2(C)C)CC2CC1)C(C(C)CSC(C)=O)=O,,IC50,0.045,uM,m_curated
SD_267,O=C(O)CN(C(C1)CC2=C1C=CC=C2)C(C(C)CS)=O,,IC50,0.031,uM,m_curated
SD_268,O=C(O)CN(C(C1)CC2=C1C=CC=C2)C(C(C)CSC(C)=O)=O,,IC50,0.34,uM,m_curated
SD_269,O=C(O)CN(CCOC)C(C(C)CS)=O,,IC50,0.095,uM,m_curated
SD_270,O=C(O)CN(CCCSC)C(C(C)CS)=O,,IC50,0.055,uM,m_curated
SD_271,O=C(O)CN(CCCSC)C(C(C)CSC(C)=O)=O,,IC50,0.9,uM,m_curated
SD_272,O=C(O)CN(CCC1CCCO1)C(C(C)CS)=O,,IC50,0.13,uM,m_curated
SD_273,O=C(O)CN(CCC1CCCO1)C(C(C)CSC(C)=O)=O,,IC50,1.9,uM,m_curated
SD_274,O=C(O)CN(CCC1=CC=CO1)C(C(C)CS)=O,,IC50,0.17,uM,m_curated
SD_275,O=C(O)CN(CCC[17]=CC=CO@17)C(C(C)CSC(C)=O)=O,,IC50,0.7,uM,m_curated
SD_276,O=C(O)CN(CCC1=CC=CS1)C(C(C)CS)=O,,IC50,0.055,uM,m_curated
SD_277,O=C(O)CN(CCC1=CC=CS1)C(C(C)CSC(C)=O)=O,,IC50,0.75,uM,m_curated
SD_278,O=C(O)CN(C1CCS(C1)(=O)=O)C(C(C)CS)=O,,IC50,0.28,uM,m_curated
SD_279,O=C(O)CN(C1CCS(C1)(=O)=O)C(C(C)CSC(C)=O)=O,,IC50,0.28,uM,m_curated
SD_280,O=C(O)CN(CC1N(CC)CCC1)C(C(C)CS)=O,,IC50,0.64,uM,m_curated
SD_281,O=C(O)CN(CC=C)C(C(C)CS)=O,,IC50,0.27,uM,m_curated
SD_282,O=C(O)CN(CC=C)C(C(C)CSC(C)=O)=O,,IC50,4.5,uM,m_curated
SD_283,O=C(O)CN(C1=CC=CC=C1)C(C(C)CS)=O,,IC50,0.3,uM,m_curated
SD_284,O=C(O)CN(C1=CC=CC=C1)C(C(C)CSC(C)=O)=O,,IC50,0.3,uM,m_curated
SD_285,O=C(O)CN(C[17]=C(C)C=CC=C@17)C(C(C)CS)=C,,IC50,0.12,uM,m_curated
SD_286,O=C(O)CN(C1=C(C)C=CC=C1)C(C(C)CSC(C)=O)=O,,IC50,0.55,uM,m_curated
SD_287,O=C([O])CN(C1=CC(C)=CC=C1)C(C(C)CS)=C,,IC50,0.19,uM,m_curated
SD_288,O=C(O)CN(C1=CC(C)=CC=C1)C(C(C)CSC(C)=O)=O,,IC50,0.75,uM,m_curated
SD_289,O=C([O])CN(C1=CC=C(C)C=C1)C(C(C)CS)=C,,IC50,0.005,uM,m_curated
SD_290,O=C(O)CN(C1=CC=C(C)C=C1)C(C(C)CSC(C)=O)=O,,IC50,0.13,uM,m_curated
SD_291,O=C([O])CN(C1=CC(C)=CC(C)=C1)C(C(C)CS)=C,,IC50,0.044,uM,m_curated
SD_292,O=C(O)CN(C1=CC(C)=CC(C)=C1)C(C(C)CSC(C)=O)=O,,IC50,0.044,uM,m_curated
SD_293,O=C([O])CN(C1=CC2=C(CCC2)C=C1)C(C(C)CS)=C,,IC50,0.33,uM,m_curated
SD_294,O=C(O)CN(C1=CC2=C(CCC2)C=C1)C(C(C)CSC(C)=O)=O,,IC50,0.048,uM,m_curated
SD_295,O=C(O)CN(C1=CC(OC)=CC=C1)C(C(C)CSC(C)=O)=O,,IC50,0.11,uM,m_curated
SD_296,O=C(O)CN(C1=CC(SC)=CC=C1)C(C(C)CSC(C)=O)=O,,IC50,0,uM,m_curated
SD_297,O=C(O)CN(C1=CC(F)=CC=C1)C(C(C)CSC(C)=O)=O,,IC50,0.051,uM,m_curated
SD_298,O=C([O])CN(C1=CC=C(F)C=C1)C(C(C)CS)=C,,IC50,0.023,uM,m_curated
SD_299,O=C(O)CN(C1=CC=C(F)C=C1)C(C(C)CSC(C)=O)=O,,IC50,0.6,uM,m_curated
SD_300,O=C([O])CN(C1=CC=C(CCCC)C=C1)C(C(C)CS)=C,,IC50,0.19,uM,m_curated
SD_301,O=C(O)CN(C1=CC=C(CCCC)C=C1)C(C(C)CSC(C)=O)=O,,IC50,0.064,uM,m_curated
SD_302,CC.O=C(O)CN(C1=CC=C(C(C)C)C=C1)C(C(C)CSC(C)=O)=O,,IC50,0.06,uM,m_curated
SD_303,O=C(O)CN(C1CCCC1)C(C(C)CSC(CC(C)(C)C)=O)=O,,IC50,15,uM,m_curated
SD_304,O=C(O)CN(C1CCCC1)C(C(C)CSC(C(C)(C)C)=O)=O,,IC50,3.7,uM,m_curated
SD_305,O=C(O)CN(C1CCCC1)C([C@H](C)CSC(C(C)(C)C)=O)=O,,IC50,3.6,uM,m_curated
SD_306,O=C([C@H]1N(CCC1)C([C@@H](N[C@@H](CCC2=CC=CC=C2)C(OCC)=O)C)=O)O,,IC50,8,uM,m_curated
SD_307,SC(C)C(NCC(O)=O)=O,,IC50,1.9,uM,m_curated
ISD_041,O=C(O)CN(C1CCCC1)C([C@@H](C)CSC(C(C)(C)C)=O)=O,,IC50,>100,uM,m_curated
PT_0342,C1[C@H]([C@@H]([C@H]([C@@H](O1)O[C@@H]2[C@H]([C@@H]([C@H](O[C@H]2OC3=CC4=C(C=C(C=C4[O+]=C3C5=CC(=C(C(=C5)O)O)O)O)O)CO)O)O)O)O)O,Delphinidin-3-O-sambubioside,IC50,142,uM,m_curated
PT_0343,OCC1OC(OC2=CC3=C(O)C=C(O)C=C3[O+]=C2C2=CC=C(O)C(O)=C2)C(OC2OCC(O)C(O)C2O)C(O)C1O,Cyanidin-3-O-sambubioside,IC50,118,uM,m_curated
PT_0344,C1=CC(=C(C=C1C2=[O+]C3=CC(=CC(=C3C=C2OC4C(C(C(C(O4)CO)O)O)O)O)O)O)O,Cyanidin-3-O-beta-glucoside ,IC50,139,uM,m_curated
PT_0345,C1=CC(=CC=C1C2=CC(=O)C3=C(C=C(C=C3O2)O)O)O,Apigenin,IC50,280,uM,m_curated
PT_0346,C1=CC(=C(C=C1C2=CC(=O)C3=C(C=C(C=C3O2)O)O)O)O,Luteolin,IC50,290,uM,m_curated
PT_0347,OC[C@H]1O[C@@H](OC2=CC3=C(C(O)=C2)C(=O)C=C(O3)C2=CC=C(O)C(O)=C2)[C@H](O)[C@@H](O)[C@@H]1O,Luteolin-7-O-glucopyranoside,IC50,280,uM,m_curated
PT_0348,OC1=CC(O)=C(C(C(O[C@H]2[C@H](O)[C@@H](O)[C@H](O)[C@@H](C(O)=O)O2)=C(C3=CC=C(O)C(O)=C3)O4)=O)C4=C1,Quercetin glucuronide,IC50,200,uM,m_curated
PT_0349,O=C1C(O[C@H]2[C@@H]([C@H]([C@H]([C@@H](COC(C3=CC(O)=C(O)C(O)=C3)=O)O2)O)O)O)=C(C4=CC=C(O)C(O)=C4)OC5=CC(O)=CC(O)=C15,"Quercetin-3-O-(6""-galoyl)-galactoside",IC50,160,uM,m_curated
PT_0350,CC1C(C(C(C(O1)OC2=C(OC3=CC(=CC(=C3C2=O)O)O)C4=CC(=C(C=C4)O)O)OC5C(C(C(C(O5)COC(=O)/C=C/C6=CC(=C(C=C6)O)O)O)O)O)O)O,"Quercetin-3-O-alpha-(6'''-caffeoylglucosyl-beta-1,2-rhamnoside)",IC50,159,uM,m_curated
PT_0351,CC1C(C(C(C(O1)OC2=C(OC3=CC(=CC(=C3C2=O)O)O)C4=CC(=C(C=C4)O)O)OC5C(C(C(C(O5)COC(=O)C=CC6=CC=C(C=C6)O)O)O)O)O)O,"Quercetin-3-O-alpha-(6'''-p-coumaroylglucosyl-beta-1,2-rhamnoside)",IC50,352,uM,m_curated
PT_0352,COC1=C(C=CC(=C1)C2=C(C(=O)C3=C(C=C(C=C3O2)O)O)O[C@H]4[C@@H]([C@H]([C@@H]([C@H](O4)CO)O)O)O)O,Isorhamnetin-3-beta-glucopyranoside,IC50,409,uM,m_curated
PT_0353,C1=CC(=C(C=C1C2=C(C(=O)C3=C(C=C(C=C3O2)O)O)O[C@H]4[C@@H]([C@H]([C@@H]([C@H](O4)CO)O)O)O)O)O,Quercetin-3-beta-glucopyranoside,IC50,709,uM,m_curated
PT_0354,C1=CC(=C(C=C1C2=C(C(=O)C3=C(C=C(C=C3O2)O)O)O[C@H]4[C@@H]([C@H]([C@@H](CO4)O)O)O)O)O,Quercetin-3-alpha-arabinopyranoside,IC50,310,uM,m_curated
PT_0355,C1=CC(=CC=C1C2=C(C(=O)C3=C(C=C(C=C3O2)O)O)O[C@H]4[C@@H]([C@H]([C@@H](CO4)O)O)O)O,Kaempferol-3-alpha-arabinopyranoside,IC50,393,uM,m_curated
PT_0356,C1C(C(OC2=CC(=CC(=C21)C3C(C(OC4=CC(=CC(=C43)O)O)C5=CC(=C(C=C5)O)O)O)O)O)C6=CC(=C(C=C6)O)O,Epicatechin - dimer,IC50,97,uM,m_curated
PT_0357,C1C(C(OC2=CC(=CC(=C21)C3C(C(OC4=CC(=CC(=C43)C5C(C(OC6=CC(=CC(=C65)C7C(C(OC8=CC(=CC(=C87)O)O)C9=CC(=C(C=C9)O)O)O)O)O)C1=CC(=C(C=C1)O)O)O)O)C1=CC(=C(C=C1)O)O)O)O)C1=CC(=C(C=C1)O)O,Epicatechin - tetramer,IC50,4,uM,m_curated
PT_0358,C1C(C(OC2=CC(=CC(=C21)C3C(C(OC4=CC(=CC(=C43)C5C(C(OC6=CC(=CC(=C65)C7C(C(OC8=CC(=CC(=C87)C9C(C(OC1=CC(=CC(=C19)C1C(C(OC2=CC(=CC(=C21)O)O)C3=CC(=C(C=C3)O)O)O)O)O)C3=CC(=C(C=C3)O)O)O)O)C3=CC(=C(C=C3)O)O)O)O)C3=CC(=C(C=C3)O)O)O)O)C3=CC(=C(C=C3)O)O)O)O)C3=CC(=C(C=C3)O)O,Epicatechin - hexamer,IC50,8,uM,m_curated
PT_0359,C1=CC(=C(C=C1/C=C/C(=O)C2=C(C=C(C=C2)O)O)O)O,Butein,IC50,730,uM,m_curated
PT_0360,C1=CC(=C(C=C1C2=C(C(=O)C3=C(C=C(C=C3O2)O)O)O[C@H]4[C@@H]([C@H]([C@@H]([C@H](O4)C(=O)O)O)O)O)O)O,Quercetin-3-O-glucuronic acid,IC50,27,uM,m_curated
