"AID","SID","CID","Activity Outcome","Target GeneID","Activity Name","Activity Qualifier","Activity Value [uM]","Assay Name","Assay Type","PubMed ID"
37640,103420658,12767337,"Active",100009274,"IC50","=",0.045,"In vitro inhibition of Angiotensin I converting enzyme activity at pH 8.5 in rabbit lung","Confirmatory",3009814
37640,103420672,13599180,"Active",100009274,"IC50","=",0.005,"In vitro inhibition of Angiotensin I converting enzyme activity at pH 8.5 in rabbit lung","Confirmatory",3009814
37640,103420729,12923678,"Active",100009274,"IC50","=",1.9,"In vitro inhibition of Angiotensin I converting enzyme activity at pH 8.5 in rabbit lung","Confirmatory",3009814
37640,103420769,13599163,"Active",100009274,"IC50","=",6.8,"In vitro inhibition of Angiotensin I converting enzyme activity at pH 8.5 in rabbit lung","Confirmatory",3009814
37640,103420770,12923671,"Active",100009274,"IC50","=",0.057,"In vitro inhibition of Angiotensin I converting enzyme activity at pH 8.5 in rabbit lung","Confirmatory",3009814
37640,103420956,13599183,"Active",100009274,"IC50","=",4.8,"In vitro inhibition of Angiotensin I converting enzyme activity at pH 8.5 in rabbit lung","Confirmatory",3009814
37640,103421038,13599172,"Unspecified",100009274,"IC50",">",100,"In vitro inhibition of Angiotensin I converting enzyme activity at pH 8.5 in rabbit lung","Confirmatory",3009814
37640,103421039,12923673,"Active",100009274,"IC50","=",0.025,"In vitro inhibition of Angiotensin I converting enzyme activity at pH 8.5 in rabbit lung","Confirmatory",3009814
37640,103421080,13599168,"Unspecified",100009274,"IC50","=",21,"In vitro inhibition of Angiotensin I converting enzyme activity at pH 8.5 in rabbit lung","Confirmatory",3009814
37640,103421280,12674361,"Active",100009274,"IC50","=",0.017,"In vitro inhibition of Angiotensin I converting enzyme activity at pH 8.5 in rabbit lung","Confirmatory",3009814
37640,103421281,13599181,"Unspecified",100009274,"IC50","=",15,"In vitro inhibition of Angiotensin I converting enzyme activity at pH 8.5 in rabbit lung","Confirmatory",3009814
37640,103421282,44379024,"Active",100009274,"IC50","=",0.058,"In vitro inhibition of Angiotensin I converting enzyme activity at pH 8.5 in rabbit lung","Confirmatory",3009814
37640,103421364,13599165,"Active",100009274,"IC50","=",0.026,"In vitro inhibition of Angiotensin I converting enzyme activity at pH 8.5 in rabbit lung","Confirmatory",3009814
37640,103421603,12923672,"Active",100009274,"IC50","=",0.018,"In vitro inhibition of Angiotensin I converting enzyme activity at pH 8.5 in rabbit lung","Confirmatory",3009814
37640,103421800,13599184,"Active",100009274,"IC50","=",0.38,"In vitro inhibition of Angiotensin I converting enzyme activity at pH 8.5 in rabbit lung","Confirmatory",3009814
37640,103421801,13051354,"Active",100009274,"IC50","=",0.28,"In vitro inhibition of Angiotensin I converting enzyme activity at pH 8.5 in rabbit lung","Confirmatory",3009814
37640,103581295,44093,"Active",100009274,"IC50","=",0.017,"In vitro inhibition of Angiotensin I converting enzyme activity at pH 8.5 in rabbit lung","Confirmatory",3009814
37640,160674445,6917956,"Active",100009274,"IC50","=",0.017,"In vitro inhibition of Angiotensin I converting enzyme activity at pH 8.5 in rabbit lung","Confirmatory",3009814
37641,103420673,13599166,"Active",100009274,"IC50","=",0.14,"Compound was tested in vitro for inhibition of activity of rabbit lung Angiotensin I converting enzyme at pH 8.5; 0.14-10","Confirmatory",3009814
37642,103179319,5388962,"Active",100009274,"IC50","=",8,"In vitro inhibition of Angiotensin I converting enzyme activity in rabbit lung","Confirmatory",3009814
37642,103420657,12767335,"Active",100009274,"IC50","=",0.012,"In vitro inhibition of Angiotensin I converting enzyme activity in rabbit lung","Confirmatory",3009814
37642,103420658,12767337,"Active",100009274,"IC50","=",0.018,"In vitro inhibition of Angiotensin I converting enzyme activity in rabbit lung","Confirmatory",3009814
37642,103420672,13599180,"Active",100009274,"IC50","=",0.021,"In vitro inhibition of Angiotensin I converting enzyme activity in rabbit lung","Confirmatory",3009814
37642,103420673,13599166,"Active",100009274,"IC50","=",0.38,"In vitro inhibition of Angiotensin I converting enzyme activity in rabbit lung","Confirmatory",3009814
37642,103420729,12923678,"Active",100009274,"IC50","=",1.9,"In vitro inhibition of Angiotensin I converting enzyme activity in rabbit lung","Confirmatory",3009814
37642,103420768,13599164,"Unspecified",100009274,"IC50","=",90,"In vitro inhibition of Angiotensin I converting enzyme activity in rabbit lung","Confirmatory",3009814
37642,103420769,13599163,"Unspecified",100009274,"IC50","=",27,"In vitro inhibition of Angiotensin I converting enzyme activity in rabbit lung","Confirmatory",3009814
37642,103420770,12923671,"Active",100009274,"IC50","=",0.15,"In vitro inhibition of Angiotensin I converting enzyme activity in rabbit lung","Confirmatory",3009814
37642,103420956,13599183,"Active",100009274,"IC50","=",4.5,"In vitro inhibition of Angiotensin I converting enzyme activity in rabbit lung","Confirmatory",3009814
37642,103421038,13599172,"Unspecified",100009274,"IC50",">",100,"In vitro inhibition of Angiotensin I converting enzyme activity in rabbit lung","Confirmatory",3009814
37642,103421039,12923673,"Active",100009274,"IC50","=",0.012,"In vitro inhibition of Angiotensin I converting enzyme activity in rabbit lung","Confirmatory",3009814
37642,103421079,13599170,"Unspecified",100009274,"IC50","=",33,"In vitro inhibition of Angiotensin I converting enzyme activity in rabbit lung","Confirmatory",3009814
37642,103421080,13599168,"Unspecified",100009274,"IC50",">",100,"In vitro inhibition of Angiotensin I converting enzyme activity in rabbit lung","Confirmatory",3009814
37642,103421243,12767336,"Active",100009274,"IC50","=",0.8,"In vitro inhibition of Angiotensin I converting enzyme activity in rabbit lung","Confirmatory",3009814
37642,103421280,12674361,"Active",100009274,"IC50","=",0.026,"In vitro inhibition of Angiotensin I converting enzyme activity in rabbit lung","Confirmatory",3009814
37642,103421281,13599181,"Unspecified",100009274,"IC50","=",50,"In vitro inhibition of Angiotensin I converting enzyme activity in rabbit lung","Confirmatory",3009814
37642,103421282,44379024,"Active",100009274,"IC50","=",0.047,"In vitro inhibition of Angiotensin I converting enzyme activity in rabbit lung","Confirmatory",3009814
37642,103421364,13599165,"Active",100009274,"IC50","=",0.085,"In vitro inhibition of Angiotensin I converting enzyme activity in rabbit lung","Confirmatory",3009814
37642,103421603,12923672,"Active",100009274,"IC50","=",0.013,"In vitro inhibition of Angiotensin I converting enzyme activity in rabbit lung","Confirmatory",3009814
37642,103421800,13599184,"Active",100009274,"IC50","=",0.4,"In vitro inhibition of Angiotensin I converting enzyme activity in rabbit lung","Confirmatory",3009814
37642,103421801,13051354,"Active",100009274,"IC50","=",0.21,"In vitro inhibition of Angiotensin I converting enzyme activity in rabbit lung","Confirmatory",3009814
37642,160674445,6917956,"Active",100009274,"IC50","=",3.6,"In vitro inhibition of Angiotensin I converting enzyme activity in rabbit lung","Confirmatory",3009814
37643,103208843,14630755,"Active",100009274,"IC50","=",0.0093,"Inhibition of rabbit lung angiotensin I converting enzyme (ACE) using hippuryl-histidyl-leucine as substrate","Confirmatory",2329568
37643,103208846,14630751,"Active",100009274,"IC50","=",0.003,"Inhibition of rabbit lung angiotensin I converting enzyme (ACE) using hippuryl-histidyl-leucine as substrate","Confirmatory",2329568
37643,103208852,14630807,"Active",100009274,"IC50","=",0.145,"Inhibition of rabbit lung angiotensin I converting enzyme (ACE) using hippuryl-histidyl-leucine as substrate","Confirmatory",2329568
37643,103208853,14630805,"Active",100009274,"IC50","=",0.043,"Inhibition of rabbit lung angiotensin I converting enzyme (ACE) using hippuryl-histidyl-leucine as substrate","Confirmatory",2329568
37643,103208886,14630815,"Active",100009274,"IC50","=",0.081,"Inhibition of rabbit lung angiotensin I converting enzyme (ACE) using hippuryl-histidyl-leucine as substrate","Confirmatory",2329568
37643,103208892,44282632,"Active",100009274,"IC50","=",0.091,"Inhibition of rabbit lung angiotensin I converting enzyme (ACE) using hippuryl-histidyl-leucine as substrate","Confirmatory",2329568
37643,103208913,14630757,"Active",100009274,"IC50","=",0.0097,"Inhibition of rabbit lung angiotensin I converting enzyme (ACE) using hippuryl-histidyl-leucine as substrate","Confirmatory",2329568
37643,103208953,14630801,"Active",100009274,"IC50","=",0.024,"Inhibition of rabbit lung angiotensin I converting enzyme (ACE) using hippuryl-histidyl-leucine as substrate","Confirmatory",2329568
37643,103209328,14630771,"Active",100009274,"IC50","=",0.025,"Inhibition of rabbit lung angiotensin I converting enzyme (ACE) using hippuryl-histidyl-leucine as substrate","Confirmatory",2329568
37643,103209351,14630769,"Active",100009274,"IC50","=",0.14,"Inhibition of rabbit lung angiotensin I converting enzyme (ACE) using hippuryl-histidyl-leucine as substrate","Confirmatory",2329568
37643,103209366,14630774,"Active",100009274,"IC50","=",0.16,"Inhibition of rabbit lung angiotensin I converting enzyme (ACE) using hippuryl-histidyl-leucine as substrate","Confirmatory",2329568
37643,103209376,14630765,"Active",100009274,"IC50","=",0.0015,"Inhibition of rabbit lung angiotensin I converting enzyme (ACE) using hippuryl-histidyl-leucine as substrate","Confirmatory",2329568
37643,103209381,14630761,"Active",100009274,"IC50","=",0.016,"Inhibition of rabbit lung angiotensin I converting enzyme (ACE) using hippuryl-histidyl-leucine as substrate","Confirmatory",2329568
37643,103209401,14630749,"Active",100009274,"IC50","=",0.0026,"Inhibition of rabbit lung angiotensin I converting enzyme (ACE) using hippuryl-histidyl-leucine as substrate","Confirmatory",2329568
37643,103209402,14630773,"Active",100009274,"IC50","=",0.32,"Inhibition of rabbit lung angiotensin I converting enzyme (ACE) using hippuryl-histidyl-leucine as substrate","Confirmatory",2329568
37643,103209469,14630741,"Active",100009274,"IC50","=",0.27,"Inhibition of rabbit lung angiotensin I converting enzyme (ACE) using hippuryl-histidyl-leucine as substrate","Confirmatory",2329568
37643,103209475,14630734,"Active",100009274,"IC50","=",0.031,"Inhibition of rabbit lung angiotensin I converting enzyme (ACE) using hippuryl-histidyl-leucine as substrate","Confirmatory",2329568
37643,103209487,14630782,"Active",100009274,"IC50","=",0.022,"Inhibition of rabbit lung angiotensin I converting enzyme (ACE) using hippuryl-histidyl-leucine as substrate","Confirmatory",2329568
37643,103209522,14630797,"Active",100009274,"IC50","=",0.035,"Inhibition of rabbit lung angiotensin I converting enzyme (ACE) using hippuryl-histidyl-leucine as substrate","Confirmatory",2329568
37643,103209524,14630793,"Active",100009274,"IC50","=",0.039,"Inhibition of rabbit lung angiotensin I converting enzyme (ACE) using hippuryl-histidyl-leucine as substrate","Confirmatory",2329568
37643,103209528,14630778,"Active",100009274,"IC50","=",0.17,"Inhibition of rabbit lung angiotensin I converting enzyme (ACE) using hippuryl-histidyl-leucine as substrate","Confirmatory",2329568
37643,103209530,14630823,"Active",100009274,"IC50","=",0.026,"Inhibition of rabbit lung angiotensin I converting enzyme (ACE) using hippuryl-histidyl-leucine as substrate","Confirmatory",2329568
37643,103209531,14630819,"Active",100009274,"IC50","=",0.028,"Inhibition of rabbit lung angiotensin I converting enzyme (ACE) using hippuryl-histidyl-leucine as substrate","Confirmatory",2329568
37643,103209532,14630745,"Active",100009274,"IC50","=",0.001,"Inhibition of rabbit lung angiotensin I converting enzyme (ACE) using hippuryl-histidyl-leucine as substrate","Confirmatory",2329568
37643,103209911,189729,"Active",100009274,"IC50","=",0.036,"Inhibition of rabbit lung angiotensin I converting enzyme (ACE) using hippuryl-histidyl-leucine as substrate","Confirmatory",2329568
37643,103209937,3082827,"Active",100009274,"IC50","=",0.0044,"Inhibition of rabbit lung angiotensin I converting enzyme (ACE) using hippuryl-histidyl-leucine as substrate","Confirmatory",2329568
37643,103209939,14630735,"Active",100009274,"IC50","=",0.011,"Inhibition of rabbit lung angiotensin I converting enzyme (ACE) using hippuryl-histidyl-leucine as substrate","Confirmatory",2329568
37643,103210009,14630739,"Active",100009274,"IC50","=",0.0035,"Inhibition of rabbit lung angiotensin I converting enzyme (ACE) using hippuryl-histidyl-leucine as substrate","Confirmatory",2329568
37644,103209478,14630785,"Active",100009274,"IC50","=",0.027,"Evaluated for inhibitory activity against rabbit lung angiotensin I converting enzyme (ACE) using hippuryl-histidyl-leucine as substrate","Confirmatory",2329568
37644,103209510,14630789,"Active",100009274,"IC50","=",0.029,"Evaluated for inhibitory activity against rabbit lung angiotensin I converting enzyme (ACE) using hippuryl-histidyl-leucine as substrate","Confirmatory",2329568
37645,103218113,44286994,"Active",100009274,"IC50","=",0.005,"In vitro inhibition of ACE (Angiotensin I converting enzyme) isolated from rabbit lung extract","Confirmatory",9171867
37645,103218114,10408079,"Active",100009274,"IC50","=",0.011,"In vitro inhibition of ACE (Angiotensin I converting enzyme) isolated from rabbit lung extract","Confirmatory",9171867
37645,103218146,44287019,"Active",100009274,"IC50","=",0.008,"In vitro inhibition of ACE (Angiotensin I converting enzyme) isolated from rabbit lung extract","Confirmatory",9171867
37645,103218149,44287022,"Active",100009274,"IC50","=",0.004,"In vitro inhibition of ACE (Angiotensin I converting enzyme) isolated from rabbit lung extract","Confirmatory",9171867
37645,103218175,10738307,"Active",100009274,"IC50","=",0.005,"In vitro inhibition of ACE (Angiotensin I converting enzyme) isolated from rabbit lung extract","Confirmatory",9171867
37645,103218648,656629,"Active",100009274,"IC50","=",0.005,"In vitro inhibition of ACE (Angiotensin I converting enzyme) isolated from rabbit lung extract","Confirmatory",9171867
37645,103218661,44287297,"Active",100009274,"IC50","=",0.007,"In vitro inhibition of ACE (Angiotensin I converting enzyme) isolated from rabbit lung extract","Confirmatory",9171867
37645,103218773,9998020,"Active",100009274,"IC50","=",0.03,"In vitro inhibition of ACE (Angiotensin I converting enzyme) isolated from rabbit lung extract","Confirmatory",9171867
37646,103179234,5462501,"Active",100009274,"IC50","=",0.0043,"In vitro inhibition of angiotensin I converting enzyme in rabbit lung with hippuryl-histidyl-leucine as substrate","Confirmatory",3336020
37646,103209911,189729,"Active",100009274,"IC50","=",0.036,"In vitro inhibition of angiotensin I converting enzyme in rabbit lung with hippuryl-histidyl-leucine as substrate","Confirmatory",3336020
37646,103258816,13945929,"Active",100009274,"IC50","=",0.095,"In vitro inhibition of angiotensin I converting enzyme in rabbit lung with hippuryl-histidyl-leucine as substrate","Confirmatory",3336020
37646,103258882,13945927,"Active",100009274,"IC50","=",0.031,"In vitro inhibition of angiotensin I converting enzyme in rabbit lung with hippuryl-histidyl-leucine as substrate","Confirmatory",3336020
37646,103258883,13945925,"Active",100009274,"IC50","=",0.038,"In vitro inhibition of angiotensin I converting enzyme in rabbit lung with hippuryl-histidyl-leucine as substrate","Confirmatory",3336020
37646,103258884,13945923,"Active",100009274,"IC50","=",0.019,"In vitro inhibition of angiotensin I converting enzyme in rabbit lung with hippuryl-histidyl-leucine as substrate","Confirmatory",3336020
37646,103258949,13373233,"Active",100009274,"IC50","=",0.085,"In vitro inhibition of angiotensin I converting enzyme in rabbit lung with hippuryl-histidyl-leucine as substrate","Confirmatory",3336020
37646,103258986,13585500,"Active",100009274,"IC50","=",0.059,"In vitro inhibition of angiotensin I converting enzyme in rabbit lung with hippuryl-histidyl-leucine as substrate","Confirmatory",3336020
37646,103259593,13945919,"Active",100009274,"IC50","=",0.027,"In vitro inhibition of angiotensin I converting enzyme in rabbit lung with hippuryl-histidyl-leucine as substrate","Confirmatory",3336020
37646,103259594,13945981,"Active",100009274,"IC50","=",0.094,"In vitro inhibition of angiotensin I converting enzyme in rabbit lung with hippuryl-histidyl-leucine as substrate","Confirmatory",3336020
37646,103259596,13945993,"Active",100009274,"IC50","=",0.055,"In vitro inhibition of angiotensin I converting enzyme in rabbit lung with hippuryl-histidyl-leucine as substrate","Confirmatory",3336020
37646,103259633,13945917,"Active",100009274,"IC50","=",0.031,"In vitro inhibition of angiotensin I converting enzyme in rabbit lung with hippuryl-histidyl-leucine as substrate","Confirmatory",3336020
37646,103259664,13945921,"Active",100009274,"IC50","=",0.024,"In vitro inhibition of angiotensin I converting enzyme in rabbit lung with hippuryl-histidyl-leucine as substrate","Confirmatory",3336020
37646,103259666,44307121,"Active",100009274,"IC50","=",0.22,"In vitro inhibition of angiotensin I converting enzyme in rabbit lung with hippuryl-histidyl-leucine as substrate","Confirmatory",3336020
37646,103259691,13946016,"Active",100009274,"IC50","=",0.009,"In vitro inhibition of angiotensin I converting enzyme in rabbit lung with hippuryl-histidyl-leucine as substrate","Confirmatory",3336020
37646,103259698,13946001,"Active",100009274,"IC50","=",0.042,"In vitro inhibition of angiotensin I converting enzyme in rabbit lung with hippuryl-histidyl-leucine as substrate","Confirmatory",3336020
37646,103259705,44307142,"Active",100009274,"IC50","=",0.032,"In vitro inhibition of angiotensin I converting enzyme in rabbit lung with hippuryl-histidyl-leucine as substrate","Confirmatory",3336020
37646,103259708,13946009,"Active",100009274,"IC50","=",0.019,"In vitro inhibition of angiotensin I converting enzyme in rabbit lung with hippuryl-histidyl-leucine as substrate","Confirmatory",3336020
37646,103259710,13946005,"Active",100009274,"IC50","=",0.0062,"In vitro inhibition of angiotensin I converting enzyme in rabbit lung with hippuryl-histidyl-leucine as substrate","Confirmatory",3336020
37646,103259755,13945997,"Active",100009274,"IC50","=",0.18,"In vitro inhibition of angiotensin I converting enzyme in rabbit lung with hippuryl-histidyl-leucine as substrate","Confirmatory",3336020
37646,103259756,13945965,"Active",100009274,"IC50","=",0.18,"In vitro inhibition of angiotensin I converting enzyme in rabbit lung with hippuryl-histidyl-leucine as substrate","Confirmatory",3336020
37646,103259793,44307204,"Active",100009274,"IC50","=",0.11,"In vitro inhibition of angiotensin I converting enzyme in rabbit lung with hippuryl-histidyl-leucine as substrate","Confirmatory",3336020
37646,103259883,13945937,"Active",100009274,"IC50","=",0.061,"In vitro inhibition of angiotensin I converting enzyme in rabbit lung with hippuryl-histidyl-leucine as substrate","Confirmatory",3336020
37646,103259921,13945931,"Active",100009274,"IC50","=",0.15,"In vitro inhibition of angiotensin I converting enzyme in rabbit lung with hippuryl-histidyl-leucine as substrate","Confirmatory",3336020
37646,103260127,13945969,"Active",100009274,"IC50","=",3.8,"In vitro inhibition of angiotensin I converting enzyme in rabbit lung with hippuryl-histidyl-leucine as substrate","Confirmatory",3336020
37646,103260130,13945935,"Active",100009274,"IC50","=",0.096,"In vitro inhibition of angiotensin I converting enzyme in rabbit lung with hippuryl-histidyl-leucine as substrate","Confirmatory",3336020
37646,103260160,13945973,"Active",100009274,"IC50","=",0.64,"In vitro inhibition of angiotensin I converting enzyme in rabbit lung with hippuryl-histidyl-leucine as substrate","Confirmatory",3336020
37646,103260196,13945915,"Active",100009274,"IC50","=",0.014,"In vitro inhibition of angiotensin I converting enzyme in rabbit lung with hippuryl-histidyl-leucine as substrate","Confirmatory",3336020
37646,103260200,13946014,"Active",100009274,"IC50","=",0.012,"In vitro inhibition of angiotensin I converting enzyme in rabbit lung with hippuryl-histidyl-leucine as substrate","Confirmatory",3336020
37646,103260233,13945913,"Active",100009274,"IC50","=",0.19,"In vitro inhibition of angiotensin I converting enzyme in rabbit lung with hippuryl-histidyl-leucine as substrate","Confirmatory",3336020
37646,103260263,13945827,"Active",100009274,"IC50","=",0.19,"In vitro inhibition of angiotensin I converting enzyme in rabbit lung with hippuryl-histidyl-leucine as substrate","Confirmatory",3336020
37646,103260320,13945975,"Active",100009274,"IC50","=",0.39,"In vitro inhibition of angiotensin I converting enzyme in rabbit lung with hippuryl-histidyl-leucine as substrate","Confirmatory",3336020
37646,103260323,13945933,"Active",100009274,"IC50","=",0.04,"In vitro inhibition of angiotensin I converting enzyme in rabbit lung with hippuryl-histidyl-leucine as substrate","Confirmatory",3336020
37646,103581295,44093,"Active",100009274,"IC50","=",0.023,"In vitro inhibition of angiotensin I converting enzyme in rabbit lung with hippuryl-histidyl-leucine as substrate","Confirmatory",3336020
37647,103170762,99978,"Active",100009274,"IC50","=",0.25,"In vitro inhibitory activity against Angiotensin I converting enzyme in rabbit lung, using hippuryl-histidyl-leucine as substrate","Confirmatory",6279843
37647,103172419,133560,"Active",100009274,"IC50","=",10,"In vitro inhibitory activity against Angiotensin I converting enzyme in rabbit lung, using hippuryl-histidyl-leucine as substrate","Confirmatory",6279843
37647,103279679,44316498,"Unspecified",100009274,"IC50","=",31,"In vitro inhibitory activity against Angiotensin I converting enzyme in rabbit lung, using hippuryl-histidyl-leucine as substrate","Confirmatory",6279843
37647,103280166,44316752,"Unspecified",100009274,"IC50","=",240,"In vitro inhibitory activity against Angiotensin I converting enzyme in rabbit lung, using hippuryl-histidyl-leucine as substrate","Confirmatory",6279843
37647,103280168,165505,"Active",100009274,"IC50","=",2.8,"In vitro inhibitory activity against Angiotensin I converting enzyme in rabbit lung, using hippuryl-histidyl-leucine as substrate","Confirmatory",6279843
37647,103280651,13036947,"Active",100009274,"IC50","=",3,"In vitro inhibitory activity against Angiotensin I converting enzyme in rabbit lung, using hippuryl-histidyl-leucine as substrate","Confirmatory",6279843
37647,103280831,13036944,"Active",100009274,"IC50","=",0.85,"In vitro inhibitory activity against Angiotensin I converting enzyme in rabbit lung, using hippuryl-histidyl-leucine as substrate","Confirmatory",6279843
37647,103281056,44317203,"Active",100009274,"IC50","=",0.009,"In vitro inhibitory activity against Angiotensin I converting enzyme in rabbit lung, using hippuryl-histidyl-leucine as substrate","Confirmatory",6279843
37647,103281143,20336735,"Unspecified",100009274,"IC50","=",11,"In vitro inhibitory activity against Angiotensin I converting enzyme in rabbit lung, using hippuryl-histidyl-leucine as substrate","Confirmatory",6279843
37647,103281185,44317245,"Unspecified",100009274,"IC50","=",640,"In vitro inhibitory activity against Angiotensin I converting enzyme in rabbit lung, using hippuryl-histidyl-leucine as substrate","Confirmatory",6279843
37647,103281224,329113,"Unspecified",100009274,"IC50","=",1100,"In vitro inhibitory activity against Angiotensin I converting enzyme in rabbit lung, using hippuryl-histidyl-leucine as substrate","Confirmatory",6279843
37647,103292554,44320227,"Active",100009274,"IC50","=",1.7,"In vitro inhibitory activity against Angiotensin I converting enzyme in rabbit lung, using hippuryl-histidyl-leucine as substrate","Confirmatory",6279843
37647,103292555,44320228,"Active",100009274,"IC50","=",1.4,"In vitro inhibitory activity against Angiotensin I converting enzyme in rabbit lung, using hippuryl-histidyl-leucine as substrate","Confirmatory",6279843
37647,103292556,44320229,"Active",100009274,"IC50","=",2.4,"In vitro inhibitory activity against Angiotensin I converting enzyme in rabbit lung, using hippuryl-histidyl-leucine as substrate","Confirmatory",6279843
37647,103292591,22811218,"Unspecified",100009274,"IC50","=",37,"In vitro inhibitory activity against Angiotensin I converting enzyme in rabbit lung, using hippuryl-histidyl-leucine as substrate","Confirmatory",6279843
37647,103292849,13687302,"Active",100009274,"IC50","=",0.7,"In vitro inhibitory activity against Angiotensin I converting enzyme in rabbit lung, using hippuryl-histidyl-leucine as substrate","Confirmatory",6279843
37647,103292921,13208342,"Active",100009274,"IC50","=",0.13,"In vitro inhibitory activity against Angiotensin I converting enzyme in rabbit lung, using hippuryl-histidyl-leucine as substrate","Confirmatory",6279843
37647,103292956,44320454,"Active",100009274,"IC50","=",0.46,"In vitro inhibitory activity against Angiotensin I converting enzyme in rabbit lung, using hippuryl-histidyl-leucine as substrate","Confirmatory",6279843
37647,103293009,14181430,"Unspecified",100009274,"IC50","=",11,"In vitro inhibitory activity against Angiotensin I converting enzyme in rabbit lung, using hippuryl-histidyl-leucine as substrate","Confirmatory",6279843
37647,103293035,13208332,"Active",100009274,"IC50","=",1.7,"In vitro inhibitory activity against Angiotensin I converting enzyme in rabbit lung, using hippuryl-histidyl-leucine as substrate","Confirmatory",6279843
37647,103293060,44320502,"Active",100009274,"IC50","=",3.7,"In vitro inhibitory activity against Angiotensin I converting enzyme in rabbit lung, using hippuryl-histidyl-leucine as substrate","Confirmatory",6279843
37647,103293061,44320503,"Unspecified",100009274,"IC50","=",34,"In vitro inhibitory activity against Angiotensin I converting enzyme in rabbit lung, using hippuryl-histidyl-leucine as substrate","Confirmatory",6279843
37647,103293066,14861308,"Unspecified",100009274,"IC50","=",720,"In vitro inhibitory activity against Angiotensin I converting enzyme in rabbit lung, using hippuryl-histidyl-leucine as substrate","Confirmatory",6279843
37647,103293094,44320517,"Active",100009274,"IC50","=",0.74,"In vitro inhibitory activity against Angiotensin I converting enzyme in rabbit lung, using hippuryl-histidyl-leucine as substrate","Confirmatory",6279843
37647,103293097,44320518,"Unspecified",100009274,"IC50","=",1200,"In vitro inhibitory activity against Angiotensin I converting enzyme in rabbit lung, using hippuryl-histidyl-leucine as substrate","Confirmatory",6279843
37647,103293123,19607279,"Unspecified",100009274,"IC50","=",580,"In vitro inhibitory activity against Angiotensin I converting enzyme in rabbit lung, using hippuryl-histidyl-leucine as substrate","Confirmatory",6279843
37647,103581295,44093,"Active",100009274,"IC50","=",0.02,"In vitro inhibitory activity against Angiotensin I converting enzyme in rabbit lung, using hippuryl-histidyl-leucine as substrate","Confirmatory",6279843
37648,103581295,44093,"Unspecified",100009274,"","","","Tested for inhibitory concentration against Angiotensin converting enzyme (ACE) obtained from rabbit lung acetone powder extract","Other",""
37649,103287387,44462127,"Unspecified",100009274,"","","","Inhibitory concentration against Angiotensin I converting enzyme obtained from rabbit lung acetone powder extract","Other",""
37649,103287388,44462128,"Unspecified",100009274,"","","","Inhibitory concentration against Angiotensin I converting enzyme obtained from rabbit lung acetone powder extract","Other",""
37649,103287521,44462191,"Unspecified",100009274,"","","","Inhibitory concentration against Angiotensin I converting enzyme obtained from rabbit lung acetone powder extract","Other",""
37649,103287633,14336869,"Unspecified",100009274,"","","","Inhibitory concentration against Angiotensin I converting enzyme obtained from rabbit lung acetone powder extract","Other",""
37649,103287661,44462234,"Unspecified",100009274,"","","","Inhibitory concentration against Angiotensin I converting enzyme obtained from rabbit lung acetone powder extract","Other",""
37649,103287684,14779905,"Unspecified",100009274,"","","","Inhibitory concentration against Angiotensin I converting enzyme obtained from rabbit lung acetone powder extract","Other",""
37649,103287999,10941139,"Unspecified",100009274,"","","","Inhibitory concentration against Angiotensin I converting enzyme obtained from rabbit lung acetone powder extract","Other",""
37649,103288000,14779940,"Unspecified",100009274,"","","","Inhibitory concentration against Angiotensin I converting enzyme obtained from rabbit lung acetone powder extract","Other",""
37649,103288087,130575,"Unspecified",100009274,"","","","Inhibitory concentration against Angiotensin I converting enzyme obtained from rabbit lung acetone powder extract","Other",""
37649,103288117,14779945,"Unspecified",100009274,"","","","Inhibitory concentration against Angiotensin I converting enzyme obtained from rabbit lung acetone powder extract","Other",""
37649,103288228,14779903,"Unspecified",100009274,"","","","Inhibitory concentration against Angiotensin I converting enzyme obtained from rabbit lung acetone powder extract","Other",""
37650,103288007,44318143,"Unspecified",100009274,"","","","Tested for inhibitory concentration that causes inhibition of Angiotensin I converting enzyme obtained from rabbit lung acetone powder extract)","Other",""
37651,103214496,13105154,"Active",100009274,"IC50","=",0.0045,"Inhibition of Angiotensin I converting enzyme","Confirmatory",2995669
37651,103670461,13243516,"Active",100009274,"IC50","=",0.0017,"Inhibition of Angiotensin I converting enzyme","Confirmatory",2995669
37651,103670461,13243516,"Active",100009274,"IC50","=",0.0028,"Inhibition of Angiotensin I converting enzyme","Confirmatory",2995669
37651,103670461,13243516,"Active",100009274,"IC50","=",0.0052,"Inhibition of Angiotensin I converting enzyme","Confirmatory",2995669
37651,103670461,13243516,"Active",100009274,"IC50","=",0.058,"Inhibition of Angiotensin I converting enzyme","Confirmatory",2995669
37651,103676922,45264210,"Active",100009274,"IC50","=",0.61,"Inhibition of Angiotensin I converting enzyme","Confirmatory",2995669
37651,103676922,45264210,"Active",100009274,"IC50","=",1.2,"Inhibition of Angiotensin I converting enzyme","Confirmatory",2995669
37651,160670779,13491289,"Active",100009274,"IC50","=",0.062,"Inhibition of Angiotensin I converting enzyme","Confirmatory",2995669
37651,160708265,13491287,"Active",100009274,"IC50","=",0.004,"Inhibition of Angiotensin I converting enzyme","Confirmatory",2995669
37651,160708265,13491287,"Active",100009274,"IC50","=",0.0075,"Inhibition of Angiotensin I converting enzyme","Confirmatory",2995669
37651,174499584,73349633,"Active",100009274,"IC50","=",5.1,"Inhibition of Angiotensin I converting enzyme","Confirmatory",2995669
37652,103260844,44307590,"Active",100009274,"IC50","=",0.0066,"Compound was tested for its inhibitory activity against Angiotensin I converting enzyme","Confirmatory",9873498
37652,103261126,10263212,"Active",100009274,"IC50","=",0.0076,"Compound was tested for its inhibitory activity against Angiotensin I converting enzyme","Confirmatory",9873498
37652,103581295,44093,"Active",100009274,"IC50","=",0.013,"Compound was tested for its inhibitory activity against Angiotensin I converting enzyme","Confirmatory",9873498
37652,174490380,44307714,"Active",100009274,"IC50","=",0.0053,"Compound was tested for its inhibitory activity against Angiotensin I converting enzyme","Confirmatory",9873498
37653,103218114,10408079,"Active",100009274,"IC50","=",0.011,"In vitro inhibition of Angiotensin I converting enzyme isolated from rabbit lung extract.","Confirmatory",8558518
37653,103218175,10738307,"Active",100009274,"IC50","=",0.005,"In vitro inhibition of Angiotensin I converting enzyme isolated from rabbit lung extract.","Confirmatory",8558518
37653,103218773,9998020,"Active",100009274,"IC50","=",0.03,"In vitro inhibition of Angiotensin I converting enzyme isolated from rabbit lung extract.","Confirmatory",8558518
37653,103235123,9801007,"Active",100009274,"IC50","=",0.012,"In vitro inhibition of Angiotensin I converting enzyme isolated from rabbit lung extract.","Confirmatory",8558518
37653,103235315,11792153,"Active",100009274,"IC50","=",0.022,"In vitro inhibition of Angiotensin I converting enzyme isolated from rabbit lung extract.","Confirmatory",8558518
37653,103323861,10546741,"Active",100009274,"IC50","=",0.016,"In vitro inhibition of Angiotensin I converting enzyme isolated from rabbit lung extract.","Confirmatory",8558518
37653,103324414,10546740,"Active",100009274,"IC50","=",0.008,"In vitro inhibition of Angiotensin I converting enzyme isolated from rabbit lung extract.","Confirmatory",8558518
37653,103390589,11794860,"Active",100009274,"IC50","=",0.014,"In vitro inhibition of Angiotensin I converting enzyme isolated from rabbit lung extract.","Confirmatory",8558518
37653,103390621,10716323,"Active",100009274,"IC50","=",0.01,"In vitro inhibition of Angiotensin I converting enzyme isolated from rabbit lung extract.","Confirmatory",8558518
37653,103390642,10548557,"Active",100009274,"IC50","=",0.011,"In vitro inhibition of Angiotensin I converting enzyme isolated from rabbit lung extract.","Confirmatory",8558518
37653,103390769,11796420,"Active",100009274,"IC50","=",0.025,"In vitro inhibition of Angiotensin I converting enzyme isolated from rabbit lung extract.","Confirmatory",8558518
37653,103390797,10454029,"Active",100009274,"IC50","=",0.005,"In vitro inhibition of Angiotensin I converting enzyme isolated from rabbit lung extract.","Confirmatory",8558518
37653,103390881,10503260,"Active",100009274,"IC50","=",0.479,"In vitro inhibition of Angiotensin I converting enzyme isolated from rabbit lung extract.","Confirmatory",8558518
37653,103391190,10524683,"Active",100009274,"IC50","=",0.025,"In vitro inhibition of Angiotensin I converting enzyme isolated from rabbit lung extract.","Confirmatory",8558518
37653,103391225,10716222,"Active",100009274,"IC50","=",0.023,"In vitro inhibition of Angiotensin I converting enzyme isolated from rabbit lung extract.","Confirmatory",8558518
37653,103391227,10786621,"Active",100009274,"IC50","=",0.007,"In vitro inhibition of Angiotensin I converting enzyme isolated from rabbit lung extract.","Confirmatory",8558518
37653,103391331,10691921,"Active",100009274,"IC50","=",0.907,"In vitro inhibition of Angiotensin I converting enzyme isolated from rabbit lung extract.","Confirmatory",8558518
37653,103391392,10598130,"Active",100009274,"IC50","=",0.017,"In vitro inhibition of Angiotensin I converting enzyme isolated from rabbit lung extract.","Confirmatory",8558518
37653,103391420,10737511,"Active",100009274,"IC50","=",0.026,"In vitro inhibition of Angiotensin I converting enzyme isolated from rabbit lung extract.","Confirmatory",8558518
37654,103398253,13599148,"Unspecified",100009274,"IC50","=",95,"Inhibition of the activity of rabbit lung Angiotensin I converting enzyme","Confirmatory",3009814
37654,103409496,5483,"Active",100009274,"IC50","=",1.9,"Inhibition of the activity of rabbit lung Angiotensin I converting enzyme","Confirmatory",3009814
37654,103420405,13599158,"Unspecified",100009274,"IC50",">",100,"Inhibition of the activity of rabbit lung Angiotensin I converting enzyme","Confirmatory",3009814
37654,103420445,13599159,"Unspecified",100009274,"IC50","=",21,"Inhibition of the activity of rabbit lung Angiotensin I converting enzyme","Confirmatory",3009814
37654,103420810,44378814,"Active",100009274,"IC50","=",0.14,"Inhibition of the activity of rabbit lung Angiotensin I converting enzyme","Confirmatory",3009814
37654,103420810,44378814,"Active",100009274,"IC50","=",10,"Inhibition of the activity of rabbit lung Angiotensin I converting enzyme","Confirmatory",3009814
37654,103420840,13599150,"Active",100009274,"IC50","=",6.8,"Inhibition of the activity of rabbit lung Angiotensin I converting enzyme","Confirmatory",3009814
37654,103420855,13599147,"Active",100009274,"IC50","=",6.8,"Inhibition of the activity of rabbit lung Angiotensin I converting enzyme","Confirmatory",3009814
37654,103420856,12923670,"Active",100009274,"IC50","=",0.057,"Inhibition of the activity of rabbit lung Angiotensin I converting enzyme","Confirmatory",3009814
37654,103421116,13599149,"Active",100009274,"IC50","=",0.18,"Inhibition of the activity of rabbit lung Angiotensin I converting enzyme","Confirmatory",3009814
37654,103421363,12923669,"Active",100009274,"IC50","=",0.51,"Inhibition of the activity of rabbit lung Angiotensin I converting enzyme","Confirmatory",3009814
37654,103421395,13599155,"Unspecified",100009274,"IC50",">",100,"Inhibition of the activity of rabbit lung Angiotensin I converting enzyme","Confirmatory",3009814
37654,103421923,13599151,"Active",100009274,"IC50","=",0.026,"Inhibition of the activity of rabbit lung Angiotensin I converting enzyme","Confirmatory",3009814
37654,160677104,13599154,"Unspecified",100009274,"IC50","=",37,"Inhibition of the activity of rabbit lung Angiotensin I converting enzyme","Confirmatory",3009814
37654,160709279,13599153,"Active",100009274,"IC50","=",1.7,"Inhibition of the activity of rabbit lung Angiotensin I converting enzyme","Confirmatory",3009814
37655,103420408,44378615,"Inconclusive",100009274,"","","","Compound was tested in vitro for inhibition of the activity of rabbit lung Angiotensin I converting enzyme; ND=No data","Other",3009814
37656,103179234,5462501,"Active",100009274,"IC50","=",0.0088,"Evaluation of in vitro inhibitory activity against Angiotensin I converting enzyme","Confirmatory",8544178
37656,103255399,9912484,"Active",100009274,"IC50","=",0.139,"Evaluation of in vitro inhibitory activity against Angiotensin I converting enzyme","Confirmatory",8544178
37656,103327234,9822726,"Active",100009274,"IC50","=",0.007,"Evaluation of in vitro inhibitory activity against Angiotensin I converting enzyme","Confirmatory",8544178
37656,103390803,10785122,"Active",100009274,"IC50","=",0.058,"Evaluation of in vitro inhibitory activity against Angiotensin I converting enzyme","Confirmatory",8544178
37656,103390819,10572957,"Active",100009274,"IC50","=",0.011,"Evaluation of in vitro inhibitory activity against Angiotensin I converting enzyme","Confirmatory",8544178
37656,103390919,10575777,"Active",100009274,"IC50","=",0.022,"Evaluation of in vitro inhibitory activity against Angiotensin I converting enzyme","Confirmatory",8544178
37656,103391019,10788371,"Active",100009274,"IC50","=",0.019,"Evaluation of in vitro inhibitory activity against Angiotensin I converting enzyme","Confirmatory",8544178
37656,103391020,9800134,"Active",100009274,"IC50","=",0.015,"Evaluation of in vitro inhibitory activity against Angiotensin I converting enzyme","Confirmatory",8544178
37656,103391021,10738561,"Active",100009274,"IC50","=",0.015,"Evaluation of in vitro inhibitory activity against Angiotensin I converting enzyme","Confirmatory",8544178
37656,103391031,10837528,"Active",100009274,"IC50","=",0.026,"Evaluation of in vitro inhibitory activity against Angiotensin I converting enzyme","Confirmatory",8544178
37656,103391037,11743486,"Active",100009274,"IC50","=",0.01,"Evaluation of in vitro inhibitory activity against Angiotensin I converting enzyme","Confirmatory",8544178
37656,103391038,10596751,"Active",100009274,"IC50","=",0.035,"Evaluation of in vitro inhibitory activity against Angiotensin I converting enzyme","Confirmatory",8544178
37656,103391327,10525622,"Active",100009274,"IC50","=",0.024,"Evaluation of in vitro inhibitory activity against Angiotensin I converting enzyme","Confirmatory",8544178
37656,103391356,10836084,"Active",100009274,"IC50","=",0.011,"Evaluation of in vitro inhibitory activity against Angiotensin I converting enzyme","Confirmatory",8544178
37656,103391367,44364646,"Active",100009274,"IC50","=",0.062,"Evaluation of in vitro inhibitory activity against Angiotensin I converting enzyme","Confirmatory",8544178
37656,103391368,10764619,"Active",100009274,"IC50","=",0.017,"Evaluation of in vitro inhibitory activity against Angiotensin I converting enzyme","Confirmatory",8544178
37656,103391369,10573407,"Active",100009274,"IC50","=",0.03,"Evaluation of in vitro inhibitory activity against Angiotensin I converting enzyme","Confirmatory",8544178
37656,103391416,10671112,"Active",100009274,"IC50","=",0.013,"Evaluation of in vitro inhibitory activity against Angiotensin I converting enzyme","Confirmatory",8544178
37656,103391500,10787059,"Active",100009274,"IC50","=",0.018,"Evaluation of in vitro inhibitory activity against Angiotensin I converting enzyme","Confirmatory",8544178
37656,103391511,10810589,"Active",100009274,"IC50","=",0.037,"Evaluation of in vitro inhibitory activity against Angiotensin I converting enzyme","Confirmatory",8544178
37656,103391525,10740925,"Active",100009274,"IC50","=",0.033,"Evaluation of in vitro inhibitory activity against Angiotensin I converting enzyme","Confirmatory",8544178
37656,103391526,15234990,"Active",100009274,"IC50","=",0.065,"Evaluation of in vitro inhibitory activity against Angiotensin I converting enzyme","Confirmatory",8544178
37656,103581295,44093,"Active",100009274,"IC50","=",0.01,"Evaluation of in vitro inhibitory activity against Angiotensin I converting enzyme","Confirmatory",8544178
37657,103581295,44093,"Active",100009274,"IC50","=",0.022,"In vitro 50% inhibition of Angiotensin I converting enzyme","Confirmatory",2832605
37658,103179234,5462501,"Active",100009274,"IC50","=",0.0012,"In vitro activity against angiotensin I converting enzyme especially against Hip-His-Leu residues","Confirmatory",1995891
37658,103410110,44373437,"Active",100009274,"IC50","=",2.5,"In vitro activity against angiotensin I converting enzyme especially against Hip-His-Leu residues","Confirmatory",1995891
37658,103410494,44373617,"Active",100009274,"IC50","=",1.1,"In vitro activity against angiotensin I converting enzyme especially against Hip-His-Leu residues","Confirmatory",1995891
37658,103410519,44373634,"Active",100009274,"IC50","=",0.0015,"In vitro activity against angiotensin I converting enzyme especially against Hip-His-Leu residues","Confirmatory",1995891
37658,103410615,44373690,"Active",100009274,"IC50","=",0.0015,"In vitro activity against angiotensin I converting enzyme especially against Hip-His-Leu residues","Confirmatory",1995891
37658,103410642,448982,"Active",100009274,"IC50","=",0.023,"In vitro activity against angiotensin I converting enzyme especially against Hip-His-Leu residues","Confirmatory",1995891
37658,103410643,327260,"Active",100009274,"IC50","=",0.2,"In vitro activity against angiotensin I converting enzyme especially against Hip-His-Leu residues","Confirmatory",1995891
37658,174510720,73353127,"Active",100009274,"IC50","=",0.0019,"In vitro activity against angiotensin I converting enzyme especially against Hip-His-Leu residues","Confirmatory",1995891
37658,174510721,70318554,"Active",100009274,"IC50","=",0.23,"In vitro activity against angiotensin I converting enzyme especially against Hip-His-Leu residues","Confirmatory",1995891
37659,103190995,44458647,"Active",100009274,"IC50","=",0.12,"In vitro inhibition of Angiotensin I converting enzyme","Confirmatory",6310112
37659,103191009,44458652,"Active",100009274,"IC50","=",0.023,"In vitro inhibition of Angiotensin I converting enzyme","Confirmatory",6310112
37659,103191010,44458653,"Active",100009274,"IC50","=",0.0092,"In vitro inhibition of Angiotensin I converting enzyme","Confirmatory",6310112
37659,103191011,44458654,"Active",100009274,"IC50","=",0.13,"In vitro inhibition of Angiotensin I converting enzyme","Confirmatory",6310112
37659,103191026,44458659,"Active",100009274,"IC50","=",0.093,"In vitro inhibition of Angiotensin I converting enzyme","Confirmatory",6310112
37659,103191027,12942866,"Active",100009274,"IC50","=",0.29,"In vitro inhibition of Angiotensin I converting enzyme","Confirmatory",6310112
37659,103191028,132472,"Active",100009274,"IC50","=",0.027,"In vitro inhibition of Angiotensin I converting enzyme","Confirmatory",6310112
37659,103191325,44458805,"Active",100009274,"IC50","=",0.62,"In vitro inhibition of Angiotensin I converting enzyme","Confirmatory",6310112
37659,103191326,44458806,"Active",100009274,"IC50","=",0.064,"In vitro inhibition of Angiotensin I converting enzyme","Confirmatory",6310112
37659,103191336,13336749,"Active",100009274,"IC50","=",0.013,"In vitro inhibition of Angiotensin I converting enzyme","Confirmatory",6310112
37659,103191337,13336757,"Active",100009274,"IC50","=",0.025,"In vitro inhibition of Angiotensin I converting enzyme","Confirmatory",6310112
37659,103191337,13336757,"Active",100009274,"IC50","=",0.9,"In vitro inhibition of Angiotensin I converting enzyme","Confirmatory",6310112
37659,103191387,44458831,"Active",100009274,"IC50","=",0.54,"In vitro inhibition of Angiotensin I converting enzyme","Confirmatory",6310112
37659,103191476,44458874,"Active",100009274,"IC50","=",0.0047,"In vitro inhibition of Angiotensin I converting enzyme","Confirmatory",6310112
37659,103191478,44458875,"Active",100009274,"IC50","=",0.036,"In vitro inhibition of Angiotensin I converting enzyme","Confirmatory",6310112
37659,103191509,12764244,"Active",100009274,"IC50","=",0.008,"In vitro inhibition of Angiotensin I converting enzyme","Confirmatory",6310112
37659,103191608,44458961,"Active",100009274,"IC50","=",1.901,"In vitro inhibition of Angiotensin I converting enzyme","Confirmatory",6310112
37659,103191610,44458962,"Active",100009274,"IC50","=",0.0095,"In vitro inhibition of Angiotensin I converting enzyme","Confirmatory",6310112
37659,103191624,44458970,"Active",100009274,"IC50","=",0.01,"In vitro inhibition of Angiotensin I converting enzyme","Confirmatory",6310112
37659,103191625,44458971,"Active",100009274,"IC50","=",0.15,"In vitro inhibition of Angiotensin I converting enzyme","Confirmatory",6310112
37659,103191679,20532761,"Active",100009274,"IC50","=",0.54,"In vitro inhibition of Angiotensin I converting enzyme","Confirmatory",6310112
37659,103191718,23313844,"Active",100009274,"IC50","=",0.27,"In vitro inhibition of Angiotensin I converting enzyme","Confirmatory",6310112
37659,103191749,44459043,"Active",100009274,"IC50","=",0.01,"In vitro inhibition of Angiotensin I converting enzyme","Confirmatory",6310112
37659,103191751,44459044,"Active",100009274,"IC50","=",0.0072,"In vitro inhibition of Angiotensin I converting enzyme","Confirmatory",6310112
37659,103191767,44459051,"Active",100009274,"IC50","=",0.011,"In vitro inhibition of Angiotensin I converting enzyme","Confirmatory",6310112
37659,103192138,44459224,"Active",100009274,"IC50","=",0.03,"In vitro inhibition of Angiotensin I converting enzyme","Confirmatory",6310112
37659,103192196,44459266,"Active",100009274,"IC50","=",0.066,"In vitro inhibition of Angiotensin I converting enzyme","Confirmatory",6310112
37659,103192231,44459281,"Active",100009274,"IC50","=",0.042,"In vitro inhibition of Angiotensin I converting enzyme","Confirmatory",6310112
37659,103192267,44458989,"Active",100009274,"IC50","=",0.015,"In vitro inhibition of Angiotensin I converting enzyme","Confirmatory",6310112
37659,103192295,44459297,"Active",100009274,"IC50","=",0.012,"In vitro inhibition of Angiotensin I converting enzyme","Confirmatory",6310112
37659,103192313,44459309,"Active",100009274,"IC50","=",0.016,"In vitro inhibition of Angiotensin I converting enzyme","Confirmatory",6310112
37659,103192314,18793876,"Active",100009274,"IC50","=",0.013,"In vitro inhibition of Angiotensin I converting enzyme","Confirmatory",6310112
37659,103581295,44093,"Active",100009274,"IC50","=",0.015,"In vitro inhibition of Angiotensin I converting enzyme","Confirmatory",6310112
37659,103734870,22818650,"Unspecified",100009274,"IC50","=",50,"In vitro inhibition of Angiotensin I converting enzyme","Confirmatory",6310112
37659,103734871,12764234,"Active",100009274,"IC50","=",0.0026,"In vitro inhibition of Angiotensin I converting enzyme","Confirmatory",6310112
37659,103734884,18603376,"Active",100009274,"IC50","=",0.0026,"In vitro inhibition of Angiotensin I converting enzyme","Confirmatory",6310112
37659,103770253,49799945,"Active",100009274,"IC50","=",0.0055,"In vitro inhibition of Angiotensin I converting enzyme","Confirmatory",6310112
37659,131272347,54580160,"Active",100009274,"IC50","=",0.005,"In vitro inhibition of Angiotensin I converting enzyme","Confirmatory",6310112
37659,131273583,54580807,"Active",100009274,"IC50","=",0.0071,"In vitro inhibition of Angiotensin I converting enzyme","Confirmatory",6310112
37659,131274284,54581157,"Active",100009274,"IC50","=",0.019,"In vitro inhibition of Angiotensin I converting enzyme","Confirmatory",6310112
37659,131275585,54581839,"Active",100009274,"IC50","=",0.009,"In vitro inhibition of Angiotensin I converting enzyme","Confirmatory",6310112
37659,131275586,54581840,"Active",100009274,"IC50","=",0.0075,"In vitro inhibition of Angiotensin I converting enzyme","Confirmatory",6310112
37659,131276326,54582177,"Active",100009274,"IC50","=",0.023,"In vitro inhibition of Angiotensin I converting enzyme","Confirmatory",6310112
37659,131276327,54582178,"Active",100009274,"IC50","=",0.0067,"In vitro inhibition of Angiotensin I converting enzyme","Confirmatory",6310112
37659,131276328,54582179,"Active",100009274,"IC50","=",0.0043,"In vitro inhibition of Angiotensin I converting enzyme","Confirmatory",6310112
37659,131276329,54582180,"Active",100009274,"IC50","=",0.026,"In vitro inhibition of Angiotensin I converting enzyme","Confirmatory",6310112
37659,131278339,54583144,"Active",100009274,"IC50","=",0.0076,"In vitro inhibition of Angiotensin I converting enzyme","Confirmatory",6310112
37659,131278340,54583145,"Active",100009274,"IC50","=",0.051,"In vitro inhibition of Angiotensin I converting enzyme","Confirmatory",6310112
37659,131278341,54583146,"Active",100009274,"IC50","=",0.034,"In vitro inhibition of Angiotensin I converting enzyme","Confirmatory",6310112
37659,131279617,12764235,"Active",100009274,"IC50","=",0.023,"In vitro inhibition of Angiotensin I converting enzyme","Confirmatory",6310112
37659,131280389,54584130,"Active",100009274,"IC50","=",0.03,"In vitro inhibition of Angiotensin I converting enzyme","Confirmatory",6310112
37659,131280390,54584131,"Active",100009274,"IC50","=",0.019,"In vitro inhibition of Angiotensin I converting enzyme","Confirmatory",6310112
37659,131280391,54584132,"Active",100009274,"IC50","=",8,"In vitro inhibition of Angiotensin I converting enzyme","Confirmatory",6310112
37659,131280392,54584133,"Active",100009274,"IC50","=",0.019,"In vitro inhibition of Angiotensin I converting enzyme","Confirmatory",6310112
37659,131280393,54584134,"Active",100009274,"IC50","=",1.8,"In vitro inhibition of Angiotensin I converting enzyme","Confirmatory",6310112
37659,131281668,54584763,"Active",100009274,"IC50","=",0.02,"In vitro inhibition of Angiotensin I converting enzyme","Confirmatory",6310112
37659,131282377,54585073,"Active",100009274,"IC50","=",0.47,"In vitro inhibition of Angiotensin I converting enzyme","Confirmatory",6310112
37659,131283627,54585697,"Active",100009274,"IC50","=",0.012,"In vitro inhibition of Angiotensin I converting enzyme","Confirmatory",6310112
37659,131284360,54586047,"Active",100009274,"IC50","=",0.0077,"In vitro inhibition of Angiotensin I converting enzyme","Confirmatory",6310112
37659,131285614,54586679,"Active",100009274,"IC50","=",0.056,"In vitro inhibition of Angiotensin I converting enzyme","Confirmatory",6310112
37659,131286380,54587030,"Active",100009274,"IC50","=",0.087,"In vitro inhibition of Angiotensin I converting enzyme","Confirmatory",6310112
37659,131286381,54587031,"Active",100009274,"IC50","=",0.02,"In vitro inhibition of Angiotensin I converting enzyme","Confirmatory",6310112
37659,131286382,54587032,"Active",100009274,"IC50","=",0.025,"In vitro inhibition of Angiotensin I converting enzyme","Confirmatory",6310112
37659,131287696,54587711,"Active",100009274,"IC50","=",0.007,"In vitro inhibition of Angiotensin I converting enzyme","Confirmatory",6310112
37660,103191785,20440444,"Unspecified",100009274,"IC50","=",290,"In vitro inhibition of angiotensin I converting enzyme (ACE)","Confirmatory",6310113
37660,103191798,134126,"Active",100009274,"IC50","=",0.054,"In vitro inhibition of angiotensin I converting enzyme (ACE)","Confirmatory",6310113
37660,103191798,134126,"Active",100009274,"IC50","=",0.19,"In vitro inhibition of angiotensin I converting enzyme (ACE)","Confirmatory",6310113
37660,103191799,13105683,"Active",100009274,"IC50","=",8.8,"In vitro inhibition of angiotensin I converting enzyme (ACE)","Confirmatory",6310113
37660,103191813,44459063,"Active",100009274,"IC50","=",4.8,"In vitro inhibition of angiotensin I converting enzyme (ACE)","Confirmatory",6310113
37660,103191828,13105672,"Unspecified",100009274,"IC50","=",170,"In vitro inhibition of angiotensin I converting enzyme (ACE)","Confirmatory",6310113
37660,103191829,13105674,"Active",100009274,"IC50","=",0.92,"In vitro inhibition of angiotensin I converting enzyme (ACE)","Confirmatory",6310113
37660,103191861,44459080,"Unspecified",100009274,"IC50","=",70,"In vitro inhibition of angiotensin I converting enzyme (ACE)","Confirmatory",6310113
37660,103191895,44459097,"Active",100009274,"IC50","=",0.11,"In vitro inhibition of angiotensin I converting enzyme (ACE)","Confirmatory",6310113
37660,103191908,44459111,"Active",100009274,"IC50","=",4.3,"In vitro inhibition of angiotensin I converting enzyme (ACE)","Confirmatory",6310113
37660,103191933,44459119,"Unspecified",100009274,"IC50","=",11,"In vitro inhibition of angiotensin I converting enzyme (ACE)","Confirmatory",6310113
37660,103191934,44459120,"Active",100009274,"IC50","=",0.0048,"In vitro inhibition of angiotensin I converting enzyme (ACE)","Confirmatory",6310113
37660,103191965,13105671,"Active",100009274,"IC50","=",0.3,"In vitro inhibition of angiotensin I converting enzyme (ACE)","Confirmatory",6310113
37660,103191987,44459145,"Active",100009274,"IC50","=",0.033,"In vitro inhibition of angiotensin I converting enzyme (ACE)","Confirmatory",6310113
37660,103191989,13364520,"Active",100009274,"IC50","=",0.05,"In vitro inhibition of angiotensin I converting enzyme (ACE)","Confirmatory",6310113
37660,103191990,13105676,"Active",100009274,"IC50","=",0.064,"In vitro inhibition of angiotensin I converting enzyme (ACE)","Confirmatory",6310113
37660,103191991,13105691,"Unspecified",100009274,"IC50","=",16,"In vitro inhibition of angiotensin I converting enzyme (ACE)","Confirmatory",6310113
37660,103192037,44459172,"Active",100009274,"IC50","=",0.44,"In vitro inhibition of angiotensin I converting enzyme (ACE)","Confirmatory",6310113
37660,103192039,44459173,"Active",100009274,"IC50","=",0.044,"In vitro inhibition of angiotensin I converting enzyme (ACE)","Confirmatory",6310113
37660,103192080,44459194,"Unspecified",100009274,"IC50","=",11,"In vitro inhibition of angiotensin I converting enzyme (ACE)","Confirmatory",6310113
37660,103192081,13105664,"Active",100009274,"IC50","=",6.9,"In vitro inhibition of angiotensin I converting enzyme (ACE)","Confirmatory",6310113
37660,103192562,13105681,"Unspecified",100009274,"IC50","=",37,"In vitro inhibition of angiotensin I converting enzyme (ACE)","Confirmatory",6310113
37660,103192587,13105662,"Active",100009274,"IC50","=",0.26,"In vitro inhibition of angiotensin I converting enzyme (ACE)","Confirmatory",6310113
37660,103192722,13364507,"Active",100009274,"IC50","=",0.039,"In vitro inhibition of angiotensin I converting enzyme (ACE)","Confirmatory",6310113
37660,103192758,44459519,"Unspecified",100009274,"IC50","=",28,"In vitro inhibition of angiotensin I converting enzyme (ACE)","Confirmatory",6310113
37660,103192759,44459520,"Active",100009274,"IC50","=",5.5,"In vitro inhibition of angiotensin I converting enzyme (ACE)","Confirmatory",6310113
37660,103192794,44459531,"Active",100009274,"IC50","=",0.028,"In vitro inhibition of angiotensin I converting enzyme (ACE)","Confirmatory",6310113
37660,103581295,44093,"Active",100009274,"IC50","=",0.015,"In vitro inhibition of angiotensin I converting enzyme (ACE)","Confirmatory",6310113
37661,103170762,99978,"Active",100009274,"IC50","=",0.2,"In vitro inhibition of Angiotensin I converting enzyme with relative to captopril(=1)","Confirmatory",2832605
37662,103218773,9998020,"Active",100009274,"IC50","=",0.03,"In vitro inhibition of rabbit lung Angiotensin I converting enzyme (ACE) using Hippuryl-His-Leu as substrate","Confirmatory",""
37662,103234419,44295231,"Active",100009274,"IC50","=",1.8,"In vitro inhibition of rabbit lung Angiotensin I converting enzyme (ACE) using Hippuryl-His-Leu as substrate","Confirmatory",""
37662,103234450,44295241,"Active",100009274,"IC50","=",0.21,"In vitro inhibition of rabbit lung Angiotensin I converting enzyme (ACE) using Hippuryl-His-Leu as substrate","Confirmatory",""
37662,103234579,44295333,"Active",100009274,"IC50","=",0.29,"In vitro inhibition of rabbit lung Angiotensin I converting enzyme (ACE) using Hippuryl-His-Leu as substrate","Confirmatory",""
37662,103234580,44295334,"Active",100009274,"IC50","=",0.12,"In vitro inhibition of rabbit lung Angiotensin I converting enzyme (ACE) using Hippuryl-His-Leu as substrate","Confirmatory",""
37662,103234861,44295509,"Active",100009274,"IC50","=",0.025,"In vitro inhibition of rabbit lung Angiotensin I converting enzyme (ACE) using Hippuryl-His-Leu as substrate","Confirmatory",""
37662,103234891,44295524,"Active",100009274,"IC50","=",0.069,"In vitro inhibition of rabbit lung Angiotensin I converting enzyme (ACE) using Hippuryl-His-Leu as substrate","Confirmatory",""
37662,103234892,44295525,"Active",100009274,"IC50","=",0.49,"In vitro inhibition of rabbit lung Angiotensin I converting enzyme (ACE) using Hippuryl-His-Leu as substrate","Confirmatory",""
37662,103234898,15580536,"Active",100009274,"IC50","=",1.6,"In vitro inhibition of rabbit lung Angiotensin I converting enzyme (ACE) using Hippuryl-His-Leu as substrate","Confirmatory",""
37662,103234907,44295531,"Active",100009274,"IC50","=",0.037,"In vitro inhibition of rabbit lung Angiotensin I converting enzyme (ACE) using Hippuryl-His-Leu as substrate","Confirmatory",""
37662,103234918,44295542,"Active",100009274,"IC50","=",0.0078,"In vitro inhibition of rabbit lung Angiotensin I converting enzyme (ACE) using Hippuryl-His-Leu as substrate","Confirmatory",""
37662,103234970,44295573,"Unspecified",100009274,"IC50","=",32,"In vitro inhibition of rabbit lung Angiotensin I converting enzyme (ACE) using Hippuryl-His-Leu as substrate","Confirmatory",""
37662,103235000,14390729,"Active",100009274,"IC50","=",0.004,"In vitro inhibition of rabbit lung Angiotensin I converting enzyme (ACE) using Hippuryl-His-Leu as substrate","Confirmatory",""
37662,103235038,44295613,"Active",100009274,"IC50","=",0.0087,"In vitro inhibition of rabbit lung Angiotensin I converting enzyme (ACE) using Hippuryl-His-Leu as substrate","Confirmatory",""
37662,103235069,44295637,"Active",100009274,"IC50","=",0.018,"In vitro inhibition of rabbit lung Angiotensin I converting enzyme (ACE) using Hippuryl-His-Leu as substrate","Confirmatory",""
37662,103235082,44295644,"Active",100009274,"IC50","=",0.01,"In vitro inhibition of rabbit lung Angiotensin I converting enzyme (ACE) using Hippuryl-His-Leu as substrate","Confirmatory",""
37662,103235092,44295650,"Active",100009274,"IC50","=",0.014,"In vitro inhibition of rabbit lung Angiotensin I converting enzyme (ACE) using Hippuryl-His-Leu as substrate","Confirmatory",""
37662,103235105,44295658,"Active",100009274,"IC50","=",0.01,"In vitro inhibition of rabbit lung Angiotensin I converting enzyme (ACE) using Hippuryl-His-Leu as substrate","Confirmatory",""
37662,103235106,10736596,"Active",100009274,"IC50","=",0.08,"In vitro inhibition of rabbit lung Angiotensin I converting enzyme (ACE) using Hippuryl-His-Leu as substrate","Confirmatory",""
37662,103235157,44295682,"Active",100009274,"IC50","=",0.078,"In vitro inhibition of rabbit lung Angiotensin I converting enzyme (ACE) using Hippuryl-His-Leu as substrate","Confirmatory",""
37662,103235158,44295683,"Active",100009274,"IC50","=",0.88,"In vitro inhibition of rabbit lung Angiotensin I converting enzyme (ACE) using Hippuryl-His-Leu as substrate","Confirmatory",""
37662,103235187,44295701,"Active",100009274,"IC50","=",0.452,"In vitro inhibition of rabbit lung Angiotensin I converting enzyme (ACE) using Hippuryl-His-Leu as substrate","Confirmatory",""
37662,103581295,44093,"Active",100009274,"IC50","=",0.023,"In vitro inhibition of rabbit lung Angiotensin I converting enzyme (ACE) using Hippuryl-His-Leu as substrate","Confirmatory",""
37663,103218648,656629,"Active",100009274,"IC50","=",0.005,"In vitro inhibitory activity against Angiotensin I converting enzyme (ACE) isolated from rabbit lung extract using hippuryl-L-histidyl-L-leucine (HHL) as the substrate","Confirmatory",9925736
37663,103235315,11792153,"Active",100009274,"IC50","=",0.022,"In vitro inhibitory activity against Angiotensin I converting enzyme (ACE) isolated from rabbit lung extract using hippuryl-L-histidyl-L-leucine (HHL) as the substrate","Confirmatory",9925736
37663,103323861,10546741,"Active",100009274,"IC50","=",0.016,"In vitro inhibitory activity against Angiotensin I converting enzyme (ACE) isolated from rabbit lung extract using hippuryl-L-histidyl-L-leucine (HHL) as the substrate","Confirmatory",9925736
37663,103324326,10644937,"Active",100009274,"IC50","=",0.006,"In vitro inhibitory activity against Angiotensin I converting enzyme (ACE) isolated from rabbit lung extract using hippuryl-L-histidyl-L-leucine (HHL) as the substrate","Confirmatory",9925736
37663,103324378,11794754,"Active",100009274,"IC50","=",0.029,"In vitro inhibitory activity against Angiotensin I converting enzyme (ACE) isolated from rabbit lung extract using hippuryl-L-histidyl-L-leucine (HHL) as the substrate","Confirmatory",9925736
37663,103324411,10738308,"Active",100009274,"IC50","=",0.0096,"In vitro inhibitory activity against Angiotensin I converting enzyme (ACE) isolated from rabbit lung extract using hippuryl-L-histidyl-L-leucine (HHL) as the substrate","Confirmatory",9925736
37663,103324414,10546740,"Active",100009274,"IC50","=",0.0082,"In vitro inhibitory activity against Angiotensin I converting enzyme (ACE) isolated from rabbit lung extract using hippuryl-L-histidyl-L-leucine (HHL) as the substrate","Confirmatory",9925736
37663,103324437,9886079,"Active",100009274,"IC50","=",0.012,"In vitro inhibitory activity against Angiotensin I converting enzyme (ACE) isolated from rabbit lung extract using hippuryl-L-histidyl-L-leucine (HHL) as the substrate","Confirmatory",9925736
37664,103219422,13937823,"Active",100009274,"IC50","=",0.007,"In vitro inhibition of angiotensin I converting enzyme from rabbit lung","Confirmatory",2999395
37664,103219461,13937797,"Active",100009274,"IC50","=",0.037,"In vitro inhibition of angiotensin I converting enzyme from rabbit lung","Confirmatory",2999395
37664,103219493,44287683,"Active",100009274,"IC50","=",0.052,"In vitro inhibition of angiotensin I converting enzyme from rabbit lung","Confirmatory",2999395
37664,103219520,44287694,"Active",100009274,"IC50","=",0.095,"In vitro inhibition of angiotensin I converting enzyme from rabbit lung","Confirmatory",2999395
37664,103219521,13937787,"Active",100009274,"IC50","=",0.057,"In vitro inhibition of angiotensin I converting enzyme from rabbit lung","Confirmatory",2999395
37664,103219522,13937779,"Active",100009274,"IC50","=",0.024,"In vitro inhibition of angiotensin I converting enzyme from rabbit lung","Confirmatory",2999395
37664,103219553,44287707,"Active",100009274,"IC50","=",0.3,"In vitro inhibition of angiotensin I converting enzyme from rabbit lung","Confirmatory",2999395
37664,103219695,13937795,"Active",100009274,"IC50","=",0.35,"In vitro inhibition of angiotensin I converting enzyme from rabbit lung","Confirmatory",2999395
37664,103219969,44287909,"Active",100009274,"IC50","=",0.088,"In vitro inhibition of angiotensin I converting enzyme from rabbit lung","Confirmatory",2999395
37664,103219985,44287914,"Active",100009274,"IC50","=",0.061,"In vitro inhibition of angiotensin I converting enzyme from rabbit lung","Confirmatory",2999395
37664,103220058,13937819,"Active",100009274,"IC50","=",0.04,"In vitro inhibition of angiotensin I converting enzyme from rabbit lung","Confirmatory",2999395
37664,103220088,13937799,"Active",100009274,"IC50","=",4.7,"In vitro inhibition of angiotensin I converting enzyme from rabbit lung","Confirmatory",2999395
37664,103220105,13937793,"Active",100009274,"IC50","=",2.2,"In vitro inhibition of angiotensin I converting enzyme from rabbit lung","Confirmatory",2999395
37664,103220106,44287969,"Active",100009274,"IC50","=",1,"In vitro inhibition of angiotensin I converting enzyme from rabbit lung","Confirmatory",2999395
37664,103220128,44287976,"Active",100009274,"IC50","=",0.014,"In vitro inhibition of angiotensin I converting enzyme from rabbit lung","Confirmatory",2999395
37664,103220140,44287981,"Active",100009274,"IC50","=",0.188,"In vitro inhibition of angiotensin I converting enzyme from rabbit lung","Confirmatory",2999395
37664,103220156,44287988,"Active",100009274,"IC50","=",0.16,"In vitro inhibition of angiotensin I converting enzyme from rabbit lung","Confirmatory",2999395
37664,103220388,13937815,"Active",100009274,"IC50","=",0.021,"In vitro inhibition of angiotensin I converting enzyme from rabbit lung","Confirmatory",2999395
37664,103220389,126984,"Active",100009274,"IC50","=",0.0027,"In vitro inhibition of angiotensin I converting enzyme from rabbit lung","Confirmatory",2999395
37664,103220425,44288120,"Active",100009274,"IC50","=",0.017,"In vitro inhibition of angiotensin I converting enzyme from rabbit lung","Confirmatory",2999395
37664,103220448,13937817,"Active",100009274,"IC50","=",0.05,"In vitro inhibition of angiotensin I converting enzyme from rabbit lung","Confirmatory",2999395
37664,103220713,44288275,"Active",100009274,"IC50","=",10,"In vitro inhibition of angiotensin I converting enzyme from rabbit lung","Confirmatory",2999395
37664,103220715,44288276,"Active",100009274,"IC50","=",0.029,"In vitro inhibition of angiotensin I converting enzyme from rabbit lung","Confirmatory",2999395
37664,103220717,13937781,"Active",100009274,"IC50","=",0.044,"In vitro inhibition of angiotensin I converting enzyme from rabbit lung","Confirmatory",2999395
37664,103220746,13937783,"Active",100009274,"IC50","=",0.02,"In vitro inhibition of angiotensin I converting enzyme from rabbit lung","Confirmatory",2999395
37664,103220764,13605547,"Active",100009274,"IC50","=",0.028,"In vitro inhibition of angiotensin I converting enzyme from rabbit lung","Confirmatory",2999395
37664,103220765,13937777,"Active",100009274,"IC50","=",0.04,"In vitro inhibition of angiotensin I converting enzyme from rabbit lung","Confirmatory",2999395
37664,103220766,44288308,"Active",100009274,"IC50","=",10,"In vitro inhibition of angiotensin I converting enzyme from rabbit lung","Confirmatory",2999395
37664,103770283,49799957,"Active",100009274,"IC50","=",0.007,"In vitro inhibition of angiotensin I converting enzyme from rabbit lung","Confirmatory",2999395
37664,103770284,49799958,"Active",100009274,"IC50","=",0.5,"In vitro inhibition of angiotensin I converting enzyme from rabbit lung","Confirmatory",2999395
37665,103404301,14151847,"Unspecified",100009274,"IC50","=",12,"In vitro inhibitory activity against Angiotensin I converting enzyme from rabbit lung","Confirmatory",1738153
37665,103404302,23701611,"Unspecified",100009274,"IC50","=",430,"In vitro inhibitory activity against Angiotensin I converting enzyme from rabbit lung","Confirmatory",1738153
37665,103404330,23701619,"Unspecified",100009274,"IC50","=",120,"In vitro inhibitory activity against Angiotensin I converting enzyme from rabbit lung","Confirmatory",1738153
37665,103404884,23701610,"Unspecified",100009274,"IC50","=",720,"In vitro inhibitory activity against Angiotensin I converting enzyme from rabbit lung","Confirmatory",1738153
37665,103404926,23701612,"Unspecified",100009274,"IC50","=",740,"In vitro inhibitory activity against Angiotensin I converting enzyme from rabbit lung","Confirmatory",1738153
37665,103404942,23680512,"Unspecified",100009274,"IC50","=",290,"In vitro inhibitory activity against Angiotensin I converting enzyme from rabbit lung","Confirmatory",1738153
37666,103404919,23701613,"Inconclusive",100009274,"","","","In vitro inhibitory activity against Angiotensin I converting enzyme from rabbit lung; Not Tested","Other",1738153
37667,103335027,13298944,"Active",100009274,"IC50","=",4.8e-06,"In vitro inhibitory activity against Angiotensin I converting enzyme","Confirmatory",2983075
37667,103335084,44340627,"Active",100009274,"IC50","=",9.1e-06,"In vitro inhibitory activity against Angiotensin I converting enzyme","Confirmatory",2983075
37667,103335268,44340671,"Active",100009274,"IC50","=",2.8e-05,"In vitro inhibitory activity against Angiotensin I converting enzyme","Confirmatory",2983075
37667,103335272,44340672,"Active",100009274,"IC50","=",2.5e-05,"In vitro inhibitory activity against Angiotensin I converting enzyme","Confirmatory",2983075
37667,103335305,20440249,"Active",100009274,"IC50","=",4.1e-06,"In vitro inhibitory activity against Angiotensin I converting enzyme","Confirmatory",2983075
37667,103335306,44340686,"Active",100009274,"IC50","=",8e-05,"In vitro inhibitory activity against Angiotensin I converting enzyme","Confirmatory",2983075
37667,103335309,44340687,"Unspecified",100009274,"IC50",">",0.0001,"In vitro inhibitory activity against Angiotensin I converting enzyme","Confirmatory",2983075
37667,103335331,13298946,"Active",100009274,"IC50","=",2.2e-06,"In vitro inhibitory activity against Angiotensin I converting enzyme","Confirmatory",2983075
37667,103335362,20465231,"Active",100009274,"IC50","=",4.6e-06,"In vitro inhibitory activity against Angiotensin I converting enzyme","Confirmatory",2983075
37667,103335396,13599182,"Active",100009274,"IC50","=",3.8e-07,"In vitro inhibitory activity against Angiotensin I converting enzyme","Confirmatory",2983075
37667,103335397,13298945,"Active",100009274,"IC50","=",6.8e-07,"In vitro inhibitory activity against Angiotensin I converting enzyme","Confirmatory",2983075
37667,103335434,13051353,"Active",100009274,"IC50","=",2.8e-07,"In vitro inhibitory activity against Angiotensin I converting enzyme","Confirmatory",2983075
37667,103335723,44340813,"Unspecified",100009274,"IC50",">",0.0001,"In vitro inhibitory activity against Angiotensin I converting enzyme","Confirmatory",2983075
37667,103335724,44340814,"Active",100009274,"IC50","=",2.1e-05,"In vitro inhibitory activity against Angiotensin I converting enzyme","Confirmatory",2983075
37667,103335756,44340826,"Active",100009274,"IC50","=",0.0001,"In vitro inhibitory activity against Angiotensin I converting enzyme","Confirmatory",2983075
37667,103335758,44340827,"Active",100009274,"IC50","=",2.1e-05,"In vitro inhibitory activity against Angiotensin I converting enzyme","Confirmatory",2983075
37667,103335846,44340866,"Active",100009274,"IC50","=",0.0001,"In vitro inhibitory activity against Angiotensin I converting enzyme","Confirmatory",2983075
37667,103335847,44340867,"Active",100009274,"IC50","=",0.00012,"In vitro inhibitory activity against Angiotensin I converting enzyme","Confirmatory",2983075
37667,103335883,44340886,"Unspecified",100009274,"IC50",">",0.0001,"In vitro inhibitory activity against Angiotensin I converting enzyme","Confirmatory",2983075
37667,103335884,44340887,"Active",100009274,"IC50","=",0.0001,"In vitro inhibitory activity against Angiotensin I converting enzyme","Confirmatory",2983075
37667,103335920,44340905,"Active",100009274,"IC50","=",0.0001,"In vitro inhibitory activity against Angiotensin I converting enzyme","Confirmatory",2983075
37667,103336046,44340962,"Active",100009274,"IC50","=",6e-07,"In vitro inhibitory activity against Angiotensin I converting enzyme","Confirmatory",2983075
37667,103336047,44340963,"Active",100009274,"IC50","=",5.5e-07,"In vitro inhibitory activity against Angiotensin I converting enzyme","Confirmatory",2983075
37667,103581295,44093,"Active",100009274,"IC50","=",2.7e-08,"In vitro inhibitory activity against Angiotensin I converting enzyme","Confirmatory",2983075
37668,103581295,44093,"Active",100009274,"IC50","=",0.023,"In vitro inhibitory activity against rabbit lung Angiotensin I converting enzyme","Confirmatory",2981324
37668,103581295,44093,"Active",100009274,"IC50","=",0.027,"In vitro inhibitory activity against rabbit lung Angiotensin I converting enzyme","Confirmatory",2981324
37669,103179319,5388962,"Active",100009274,"IC50","=",8,"In vitro inhibitory activity against rabbit lung Angiotensin I converting enzyme at pH 8.3","Confirmatory",2981324
37669,103191083,20280782,"Active",100009274,"IC50","=",0.031,"In vitro inhibitory activity against rabbit lung Angiotensin I converting enzyme at pH 8.3","Confirmatory",2981324
37669,103191309,20285441,"Active",100009274,"IC50","=",0.031,"In vitro inhibitory activity against rabbit lung Angiotensin I converting enzyme at pH 8.3","Confirmatory",2981324
37669,103191523,13469595,"Active",100009274,"IC50","=",0.018,"In vitro inhibitory activity against rabbit lung Angiotensin I converting enzyme at pH 8.3","Confirmatory",2981324
37669,103191524,20285455,"Active",100009274,"IC50","=",0.035,"In vitro inhibitory activity against rabbit lung Angiotensin I converting enzyme at pH 8.3","Confirmatory",2981324
37669,103191610,44458962,"Active",100009274,"IC50","=",0.033,"In vitro inhibitory activity against rabbit lung Angiotensin I converting enzyme at pH 8.3","Confirmatory",2981324
37669,103191767,44459051,"Active",100009274,"IC50","=",0.023,"In vitro inhibitory activity against rabbit lung Angiotensin I converting enzyme at pH 8.3","Confirmatory",2981324
37669,103192314,18793876,"Active",100009274,"IC50","=",0.3,"In vitro inhibitory activity against rabbit lung Angiotensin I converting enzyme at pH 8.3","Confirmatory",2981324
37669,103192315,44459310,"Active",100009274,"IC50","=",0.19,"In vitro inhibitory activity against rabbit lung Angiotensin I converting enzyme at pH 8.3","Confirmatory",2981324
37669,103409039,13472312,"Active",100009274,"IC50","=",0.34,"In vitro inhibitory activity against rabbit lung Angiotensin I converting enzyme at pH 8.3","Confirmatory",2981324
37669,103409060,44372802,"Active",100009274,"IC50","=",0.14,"In vitro inhibitory activity against rabbit lung Angiotensin I converting enzyme at pH 8.3","Confirmatory",2981324
37669,103409061,44372803,"Active",100009274,"IC50","=",0.075,"In vitro inhibitory activity against rabbit lung Angiotensin I converting enzyme at pH 8.3","Confirmatory",2981324
37669,103409062,44372804,"Active",100009274,"IC50","=",0.019,"In vitro inhibitory activity against rabbit lung Angiotensin I converting enzyme at pH 8.3","Confirmatory",2981324
37669,103409241,13599144,"Active",100009274,"IC50","=",0.02,"In vitro inhibitory activity against rabbit lung Angiotensin I converting enzyme at pH 8.3","Confirmatory",2981324
37669,103409241,13599144,"Active",100009274,"IC50","=",0.052,"In vitro inhibitory activity against rabbit lung Angiotensin I converting enzyme at pH 8.3","Confirmatory",2981324
37669,103409245,44372917,"Unspecified",100009274,"IC50","=",15,"In vitro inhibitory activity against rabbit lung Angiotensin I converting enzyme at pH 8.3","Confirmatory",2981324
37669,103409270,44372931,"Active",100009274,"IC50","=",0.6,"In vitro inhibitory activity against rabbit lung Angiotensin I converting enzyme at pH 8.3","Confirmatory",2981324
37669,103409280,44372937,"Active",100009274,"IC50","=",0.06,"In vitro inhibitory activity against rabbit lung Angiotensin I converting enzyme at pH 8.3","Confirmatory",2981324
37669,103409281,44372938,"Active",100009274,"IC50","=",0.064,"In vitro inhibitory activity against rabbit lung Angiotensin I converting enzyme at pH 8.3","Confirmatory",2981324
37669,103409302,44372953,"Active",100009274,"IC50","=",0.051,"In vitro inhibitory activity against rabbit lung Angiotensin I converting enzyme at pH 8.3","Confirmatory",2981324
37669,103409374,44372990,"Active",100009274,"IC50","=",0.75,"In vitro inhibitory activity against rabbit lung Angiotensin I converting enzyme at pH 8.3","Confirmatory",2981324
37669,103409393,12801693,"Active",100009274,"IC50","=",0.13,"In vitro inhibitory activity against rabbit lung Angiotensin I converting enzyme at pH 8.3","Confirmatory",2981324
37669,103409395,13599175,"Active",100009274,"IC50","=",0.032,"In vitro inhibitory activity against rabbit lung Angiotensin I converting enzyme at pH 8.3","Confirmatory",2981324
37669,103409396,44373004,"Active",100009274,"IC50","=",0.055,"In vitro inhibitory activity against rabbit lung Angiotensin I converting enzyme at pH 8.3","Confirmatory",2981324
37669,103409418,44373017,"Active",100009274,"IC50","=",0.44,"In vitro inhibitory activity against rabbit lung Angiotensin I converting enzyme at pH 8.3","Confirmatory",2981324
37669,103409420,12801697,"Active",100009274,"IC50","=",0.7,"In vitro inhibitory activity against rabbit lung Angiotensin I converting enzyme at pH 8.3","Confirmatory",2981324
37669,103409421,12801692,"Active",100009274,"IC50","=",1.9,"In vitro inhibitory activity against rabbit lung Angiotensin I converting enzyme at pH 8.3","Confirmatory",2981324
37669,103409452,20285458,"Active",100009274,"IC50","=",0.088,"In vitro inhibitory activity against rabbit lung Angiotensin I converting enzyme at pH 8.3","Confirmatory",2981324
37669,103409453,156874,"Active",100009274,"IC50","=",3.7,"In vitro inhibitory activity against rabbit lung Angiotensin I converting enzyme at pH 8.3","Confirmatory",2981324
37669,103409462,44373044,"Active",100009274,"IC50","=",0.044,"In vitro inhibitory activity against rabbit lung Angiotensin I converting enzyme at pH 8.3","Confirmatory",2981324
37669,103409496,5483,"Active",100009274,"IC50","=",1.9,"In vitro inhibitory activity against rabbit lung Angiotensin I converting enzyme at pH 8.3","Confirmatory",2981324
37669,103409498,44373066,"Active",100009274,"IC50","=",0.075,"In vitro inhibitory activity against rabbit lung Angiotensin I converting enzyme at pH 8.3","Confirmatory",2981324
37669,103409524,44373089,"Active",100009274,"IC50","=",0.11,"In vitro inhibitory activity against rabbit lung Angiotensin I converting enzyme at pH 8.3","Confirmatory",2981324
37669,103409534,44373101,"Active",100009274,"IC50","=",4.5,"In vitro inhibitory activity against rabbit lung Angiotensin I converting enzyme at pH 8.3","Confirmatory",2981324
37669,103409535,44373102,"Active",100009274,"IC50","=",0.27,"In vitro inhibitory activity against rabbit lung Angiotensin I converting enzyme at pH 8.3","Confirmatory",2981324
37669,103409536,12801695,"Active",100009274,"IC50","=",0.64,"In vitro inhibitory activity against rabbit lung Angiotensin I converting enzyme at pH 8.3","Confirmatory",2981324
37669,103409541,44373106,"Active",100009274,"IC50","=",0.048,"In vitro inhibitory activity against rabbit lung Angiotensin I converting enzyme at pH 8.3","Confirmatory",2981324
37669,103409542,44373107,"Active",100009274,"IC50","=",0.044,"In vitro inhibitory activity against rabbit lung Angiotensin I converting enzyme at pH 8.3","Confirmatory",2981324
37669,103409546,20285476,"Active",100009274,"IC50","=",0.3,"In vitro inhibitory activity against rabbit lung Angiotensin I converting enzyme at pH 8.3","Confirmatory",2981324
37669,103409569,44373125,"Active",100009274,"IC50","=",0.55,"In vitro inhibitory activity against rabbit lung Angiotensin I converting enzyme at pH 8.3","Confirmatory",2981324
37669,103409570,44373126,"Active",100009274,"IC50","=",0.12,"In vitro inhibitory activity against rabbit lung Angiotensin I converting enzyme at pH 8.3","Confirmatory",2981324
37669,103409698,13599179,"Active",100009274,"IC50","=",0.005,"In vitro inhibitory activity against rabbit lung Angiotensin I converting enzyme at pH 8.3","Confirmatory",2981324
37669,103409713,44373230,"Active",100009274,"IC50","=",0.045,"In vitro inhibitory activity against rabbit lung Angiotensin I converting enzyme at pH 8.3","Confirmatory",2981324
37669,103409715,44373232,"Active",100009274,"IC50","=",0.085,"In vitro inhibitory activity against rabbit lung Angiotensin I converting enzyme at pH 8.3","Confirmatory",2981324
37669,103409724,13599178,"Active",100009274,"IC50","=",0.13,"In vitro inhibitory activity against rabbit lung Angiotensin I converting enzyme at pH 8.3","Confirmatory",2981324
37669,103409728,12801699,"Active",100009274,"IC50","=",0.17,"In vitro inhibitory activity against rabbit lung Angiotensin I converting enzyme at pH 8.3","Confirmatory",2981324
37669,103409729,44373241,"Active",100009274,"IC50","=",0.095,"In vitro inhibitory activity against rabbit lung Angiotensin I converting enzyme at pH 8.3","Confirmatory",2981324
37669,103409741,44373248,"Active",100009274,"IC50","=",0.16,"In vitro inhibitory activity against rabbit lung Angiotensin I converting enzyme at pH 8.3","Confirmatory",2981324
37669,103409803,44373285,"Active",100009274,"IC50","=",0.28,"In vitro inhibitory activity against rabbit lung Angiotensin I converting enzyme at pH 8.3","Confirmatory",2981324
37669,103409804,44373286,"Active",100009274,"IC50","=",0.28,"In vitro inhibitory activity against rabbit lung Angiotensin I converting enzyme at pH 8.3","Confirmatory",2981324
37669,103409811,18984303,"Active",100009274,"IC50","=",0.21,"In vitro inhibitory activity against rabbit lung Angiotensin I converting enzyme at pH 8.3","Confirmatory",2981324
37669,103409812,20285439,"Active",100009274,"IC50","=",0.03,"In vitro inhibitory activity against rabbit lung Angiotensin I converting enzyme at pH 8.3","Confirmatory",2981324
37669,103409813,20285481,"Active",100009274,"IC50","=",0.079,"In vitro inhibitory activity against rabbit lung Angiotensin I converting enzyme at pH 8.3","Confirmatory",2981324
37669,103409814,44373292,"Active",100009274,"IC50","=",5.9,"In vitro inhibitory activity against rabbit lung Angiotensin I converting enzyme at pH 8.3","Confirmatory",2981324
37669,103409815,44373293,"Active",100009274,"IC50","=",0.13,"In vitro inhibitory activity against rabbit lung Angiotensin I converting enzyme at pH 8.3","Confirmatory",2981324
37669,103409823,20285448,"Active",100009274,"IC50","=",0.27,"In vitro inhibitory activity against rabbit lung Angiotensin I converting enzyme at pH 8.3","Confirmatory",2981324
37669,103409838,44373308,"Active",100009274,"IC50","=",0.072,"In vitro inhibitory activity against rabbit lung Angiotensin I converting enzyme at pH 8.3","Confirmatory",2981324
37669,103409839,20285471,"Active",100009274,"IC50","=",0.22,"In vitro inhibitory activity against rabbit lung Angiotensin I converting enzyme at pH 8.3","Confirmatory",2981324
37669,103409840,20285457,"Active",100009274,"IC50","=",0.54,"In vitro inhibitory activity against rabbit lung Angiotensin I converting enzyme at pH 8.3","Confirmatory",2981324
37669,103410029,20285468,"Active",100009274,"IC50","=",0.9,"In vitro inhibitory activity against rabbit lung Angiotensin I converting enzyme at pH 8.3","Confirmatory",2981324
37669,103410054,13599174,"Active",100009274,"IC50","=",0.082,"In vitro inhibitory activity against rabbit lung Angiotensin I converting enzyme at pH 8.3","Confirmatory",2981324
37669,103410073,20285450,"Active",100009274,"IC50","=",0.22,"In vitro inhibitory activity against rabbit lung Angiotensin I converting enzyme at pH 8.3","Confirmatory",2981324
37669,103410157,20285440,"Active",100009274,"IC50","=",0.055,"In vitro inhibitory activity against rabbit lung Angiotensin I converting enzyme at pH 8.3","Confirmatory",2981324
37669,103410158,44373460,"Active",100009274,"IC50","=",0.075,"In vitro inhibitory activity against rabbit lung Angiotensin I converting enzyme at pH 8.3","Confirmatory",2981324
37669,103410185,20285470,"Active",100009274,"IC50","=",0.018,"In vitro inhibitory activity against rabbit lung Angiotensin I converting enzyme at pH 8.3","Confirmatory",2981324
37669,103581295,44093,"Active",100009274,"IC50","=",0.017,"In vitro inhibitory activity against rabbit lung Angiotensin I converting enzyme at pH 8.3","Confirmatory",2981324
37669,136934511,18599765,"Active",100009274,"IC50","=",0.016,"In vitro inhibitory activity against rabbit lung Angiotensin I converting enzyme at pH 8.3","Confirmatory",2981324
37669,160674445,6917956,"Active",100009274,"IC50","=",3.6,"In vitro inhibitory activity against rabbit lung Angiotensin I converting enzyme at pH 8.3","Confirmatory",2981324
37669,160698562,54684,"Unspecified",100009274,"IC50",">",100,"In vitro inhibitory activity against rabbit lung Angiotensin I converting enzyme at pH 8.3","Confirmatory",2981324
37670,103205602,44280849,"Active",100009274,"IC50","=",0.007,"Inhibitory activity against Angiotensin I converting enzyme was evaluated","Confirmatory",2995664
37671,103179234,5462501,"Active",100009274,"IC50","=",0.0057,"Inhibitory activity against rabbit lung Angiotensin I converting enzyme with 5 mM hippuryl-histidyl-leucine as substrate","Confirmatory",3669006
37671,103250564,443151,"Active",100009274,"IC50","=",0.0036,"Inhibitory activity against rabbit lung Angiotensin I converting enzyme with 5 mM hippuryl-histidyl-leucine as substrate","Confirmatory",3669006
37671,103250566,13877935,"Active",100009274,"IC50","=",0.0034,"Inhibitory activity against rabbit lung Angiotensin I converting enzyme with 5 mM hippuryl-histidyl-leucine as substrate","Confirmatory",3669006
37671,103250568,13877904,"Active",100009274,"IC50","=",0.0355,"Inhibitory activity against rabbit lung Angiotensin I converting enzyme with 5 mM hippuryl-histidyl-leucine as substrate","Confirmatory",3669006
37671,103250595,13877934,"Active",100009274,"IC50","=",0.0782,"Inhibitory activity against rabbit lung Angiotensin I converting enzyme with 5 mM hippuryl-histidyl-leucine as substrate","Confirmatory",3669006
37671,103250645,13877903,"Active",100009274,"IC50","=",0.0037,"Inhibitory activity against rabbit lung Angiotensin I converting enzyme with 5 mM hippuryl-histidyl-leucine as substrate","Confirmatory",3669006
37671,103250646,13854117,"Active",100009274,"IC50","=",0.0041,"Inhibitory activity against rabbit lung Angiotensin I converting enzyme with 5 mM hippuryl-histidyl-leucine as substrate","Confirmatory",3669006
37671,103250715,13854118,"Active",100009274,"IC50","=",0.0869,"Inhibitory activity against rabbit lung Angiotensin I converting enzyme with 5 mM hippuryl-histidyl-leucine as substrate","Confirmatory",3669006
37671,103250748,13854114,"Active",100009274,"IC50","=",0.0647,"Inhibitory activity against rabbit lung Angiotensin I converting enzyme with 5 mM hippuryl-histidyl-leucine as substrate","Confirmatory",3669006
37671,103250750,44302782,"Active",100009274,"IC50","=",0.0028,"Inhibitory activity against rabbit lung Angiotensin I converting enzyme with 5 mM hippuryl-histidyl-leucine as substrate","Confirmatory",3669006
37775,103280170,44316753,"Active",100009274,"IC50","=",0.0082,"Inhibitory activity of compound against angiotensin I converting enzyme was determined","Confirmatory",15125946
37775,103310269,11442784,"Active",100009274,"IC50","=",0.072,"Inhibitory activity of compound against angiotensin I converting enzyme was determined","Confirmatory",15125946
37775,103310856,11328897,"Active",100009274,"IC50","=",0.207,"Inhibitory activity of compound against angiotensin I converting enzyme was determined","Confirmatory",15125946
37775,103310890,11259963,"Active",100009274,"IC50","=",0.019,"Inhibitory activity of compound against angiotensin I converting enzyme was determined","Confirmatory",15125946
37775,103310891,44328851,"Active",100009274,"IC50","=",0.046,"Inhibitory activity of compound against angiotensin I converting enzyme was determined","Confirmatory",15125946
37775,103310892,44328852,"Active",100009274,"IC50","=",3.2,"Inhibitory activity of compound against angiotensin I converting enzyme was determined","Confirmatory",15125946
37775,103311259,10071726,"Active",100009274,"IC50","=",0.014,"Inhibitory activity of compound against angiotensin I converting enzyme was determined","Confirmatory",15125946
37775,103311261,134166,"Active",100009274,"IC50","=",0.001,"Inhibitory activity of compound against angiotensin I converting enzyme was determined","Confirmatory",15125946
37775,103311262,23682302,"Active",100009274,"IC50","=",0.0038,"Inhibitory activity of compound against angiotensin I converting enzyme was determined","Confirmatory",15125946
37776,103674269,45262598,"Active",100009274,"IC50","=",9e-05,"Inhibitory concentration against rabbit lung Angiotensin I converting enzyme (ACE)","Confirmatory",""
37777,103205001,44280446,"Active",100009274,"IC50","=",0.7,"Inhibitory constant was evaluated against Angiotensin I converting enzyme from rabbit lungs","Confirmatory",2995664
37778,103205368,44280674,"Active",100009274,"IC50","=",0.9,"Inhibitory constant was evaluated against Angiotensin I converting enzyme from rabbit lungs at pH 8","Confirmatory",2995664
37779,103205368,44280674,"Unspecified",100009274,"IC50","=",170000,"Inhibitory constant was evaluated against Angiotensin I converting enzyme from rabbit lungs at pH 8 in NaCl buffer","Confirmatory",2995664
37780,103205368,44280674,"Unspecified",100009274,"IC50","=",50000,"Inhibitory constant was evaluated against Angiotensin I converting enzyme from rabbit lungs at pH 8 in TRIS phosphate/borate buffer","Confirmatory",2995664
37781,103179319,5388962,"Active",100009274,"IC50","=",0.002,"Tested for 50% inhibition of Angiotensin converting enzyme(ACE) obtained from rabbit lung (in vitro)","Confirmatory",8021921
37781,103220490,5362124,"Active",100009274,"IC50","=",0.002,"Tested for 50% inhibition of Angiotensin converting enzyme(ACE) obtained from rabbit lung (in vitro)","Confirmatory",8021921
37781,103238617,44297249,"Active",100009274,"IC50","=",0.02,"Tested for 50% inhibition of Angiotensin converting enzyme(ACE) obtained from rabbit lung (in vitro)","Confirmatory",8021921
37781,103238689,44297276,"Active",100009274,"IC50","=",0.007,"Tested for 50% inhibition of Angiotensin converting enzyme(ACE) obtained from rabbit lung (in vitro)","Confirmatory",8021921
37781,103238736,10485192,"Active",100009274,"IC50","=",0.01,"Tested for 50% inhibition of Angiotensin converting enzyme(ACE) obtained from rabbit lung (in vitro)","Confirmatory",8021921
37781,103238737,44297292,"Active",100009274,"IC50","=",0.01,"Tested for 50% inhibition of Angiotensin converting enzyme(ACE) obtained from rabbit lung (in vitro)","Confirmatory",8021921
37781,103238738,10253167,"Active",100009274,"IC50","=",0.02,"Tested for 50% inhibition of Angiotensin converting enzyme(ACE) obtained from rabbit lung (in vitro)","Confirmatory",8021921
37781,103238749,10364030,"Active",100009274,"IC50","=",0.007,"Tested for 50% inhibition of Angiotensin converting enzyme(ACE) obtained from rabbit lung (in vitro)","Confirmatory",8021921
37781,103238836,10327694,"Active",100009274,"IC50","=",0.09,"Tested for 50% inhibition of Angiotensin converting enzyme(ACE) obtained from rabbit lung (in vitro)","Confirmatory",8021921
37781,103238895,44297354,"Active",100009274,"IC50","=",0.006,"Tested for 50% inhibition of Angiotensin converting enzyme(ACE) obtained from rabbit lung (in vitro)","Confirmatory",8021921
37781,103239014,44297392,"Active",100009274,"IC50","=",0.012,"Tested for 50% inhibition of Angiotensin converting enzyme(ACE) obtained from rabbit lung (in vitro)","Confirmatory",8021921
37781,103239015,44297394,"Active",100009274,"IC50","=",0.004,"Tested for 50% inhibition of Angiotensin converting enzyme(ACE) obtained from rabbit lung (in vitro)","Confirmatory",8021921
37781,103239027,10257263,"Active",100009274,"IC50","=",0.03,"Tested for 50% inhibition of Angiotensin converting enzyme(ACE) obtained from rabbit lung (in vitro)","Confirmatory",8021921
37781,103239099,10024654,"Active",100009274,"IC50","=",0.008,"Tested for 50% inhibition of Angiotensin converting enzyme(ACE) obtained from rabbit lung (in vitro)","Confirmatory",8021921
37781,103239100,10049613,"Active",100009274,"IC50","=",0.006,"Tested for 50% inhibition of Angiotensin converting enzyme(ACE) obtained from rabbit lung (in vitro)","Confirmatory",8021921
37782,103238639,129519,"Unspecified","","","","","Tested for 50% inhibition of Angiotensin converting enzyme(ACE) obtained from rabbit lung (in vitro); Not active","Other",8021921
37782,103238688,119553,"Unspecified","","","","","Tested for 50% inhibition of Angiotensin converting enzyme(ACE) obtained from rabbit lung (in vitro); Not active","Other",8021921
37782,103238712,15591372,"Unspecified","","","","","Tested for 50% inhibition of Angiotensin converting enzyme(ACE) obtained from rabbit lung (in vitro); Not active","Other",8021921
37782,103238894,10246884,"Unspecified","","","","","Tested for 50% inhibition of Angiotensin converting enzyme(ACE) obtained from rabbit lung (in vitro); Not active","Other",8021921
37782,103670988,45260222,"Unspecified","","","","","Tested for 50% inhibition of Angiotensin converting enzyme(ACE) obtained from rabbit lung (in vitro); Not active","Other",8021921
37783,103284212,14390744,"Active",100009274,"IC50","=",0.64,"Tested in vitro for its inhibitory activity against angiotensin converting enzyme","Confirmatory",8057292
37783,103284214,13255737,"Active",100009274,"IC50","=",0.045,"Tested in vitro for its inhibitory activity against angiotensin converting enzyme","Confirmatory",8057292
37783,103284250,10383581,"Active",100009274,"IC50","=",0.17,"Tested in vitro for its inhibitory activity against angiotensin converting enzyme","Confirmatory",8057292
37783,103284288,12773734,"Active",100009274,"IC50","=",0.12,"Tested in vitro for its inhibitory activity against angiotensin converting enzyme","Confirmatory",8057292
37783,103284618,14390757,"Active",100009274,"IC50","=",0.09,"Tested in vitro for its inhibitory activity against angiotensin converting enzyme","Confirmatory",8057292
37783,103284688,44460981,"Active",100009274,"IC50","=",0.25,"Tested in vitro for its inhibitory activity against angiotensin converting enzyme","Confirmatory",8057292
37783,103284726,14390770,"Unspecified",100009274,"IC50",">",1,"Tested in vitro for its inhibitory activity against angiotensin converting enzyme","Confirmatory",8057292
37783,103284763,10072629,"Active",100009274,"IC50","=",0.46,"Tested in vitro for its inhibitory activity against angiotensin converting enzyme","Confirmatory",8057292
37783,103284764,44461013,"Unspecified",100009274,"IC50",">",1,"Tested in vitro for its inhibitory activity against angiotensin converting enzyme","Confirmatory",8057292
37783,103284903,44461084,"Unspecified",100009274,"IC50",">",1,"Tested in vitro for its inhibitory activity against angiotensin converting enzyme","Confirmatory",8057292
37783,103284904,44461085,"Active",100009274,"IC50","=",0.035,"Tested in vitro for its inhibitory activity against angiotensin converting enzyme","Confirmatory",8057292
37783,103284936,44461100,"Active",100009274,"IC50","=",0.215,"Tested in vitro for its inhibitory activity against angiotensin converting enzyme","Confirmatory",8057292
37783,103284941,10364792,"Active",100009274,"IC50","=",0.095,"Tested in vitro for its inhibitory activity against angiotensin converting enzyme","Confirmatory",8057292
37783,103285017,44461135,"Active",100009274,"IC50","=",0.15,"Tested in vitro for its inhibitory activity against angiotensin converting enzyme","Confirmatory",8057292
37783,103285140,14390763,"Active",100009274,"IC50","=",0.044,"Tested in vitro for its inhibitory activity against angiotensin converting enzyme","Confirmatory",8057292
37783,103285162,10046773,"Active",100009274,"IC50","=",0.019,"Tested in vitro for its inhibitory activity against angiotensin converting enzyme","Confirmatory",8057292
37783,103285192,10385688,"Active",100009274,"IC50","=",0.115,"Tested in vitro for its inhibitory activity against angiotensin converting enzyme","Confirmatory",8057292
37783,103285231,14390663,"Active",100009274,"IC50","=",1.2,"Tested in vitro for its inhibitory activity against angiotensin converting enzyme","Confirmatory",8057292
37783,103285326,44461276,"Unspecified",100009274,"IC50",">",1,"Tested in vitro for its inhibitory activity against angiotensin converting enzyme","Confirmatory",8057292
37783,103285332,10336578,"Active",100009274,"IC50","=",0.028,"Tested in vitro for its inhibitory activity against angiotensin converting enzyme","Confirmatory",8057292
37783,103285335,14390741,"Unspecified",100009274,"IC50",">",1,"Tested in vitro for its inhibitory activity against angiotensin converting enzyme","Confirmatory",8057292
37783,103285336,10386471,"Active",100009274,"IC50","=",0.08,"Tested in vitro for its inhibitory activity against angiotensin converting enzyme","Confirmatory",8057292
37783,103285343,14390738,"Unspecified",100009274,"IC50",">",1,"Tested in vitro for its inhibitory activity against angiotensin converting enzyme","Confirmatory",8057292
37783,103285359,44461292,"Unspecified",100009274,"IC50",">",1,"Tested in vitro for its inhibitory activity against angiotensin converting enzyme","Confirmatory",8057292
37783,103285361,44461294,"Active",100009274,"IC50","=",0.1,"Tested in vitro for its inhibitory activity against angiotensin converting enzyme","Confirmatory",8057292
37783,103285391,10321691,"Unspecified",100009274,"IC50",">",1,"Tested in vitro for its inhibitory activity against angiotensin converting enzyme","Confirmatory",8057292
37783,103285467,9982584,"Active",100009274,"IC50","=",0.18,"Tested in vitro for its inhibitory activity against angiotensin converting enzyme","Confirmatory",8057292
37783,103285468,14390762,"Unspecified",100009274,"IC50",">",1,"Tested in vitro for its inhibitory activity against angiotensin converting enzyme","Confirmatory",8057292
37783,103285517,44461342,"Active",100009274,"IC50","=",0.7,"Tested in vitro for its inhibitory activity against angiotensin converting enzyme","Confirmatory",8057292
37783,103285549,10041286,"Active",100009274,"IC50","=",0.058,"Tested in vitro for its inhibitory activity against angiotensin converting enzyme","Confirmatory",8057292
37783,103285550,44461358,"Unspecified",100009274,"IC50",">",1,"Tested in vitro for its inhibitory activity against angiotensin converting enzyme","Confirmatory",8057292
37783,103285558,44461363,"Active",100009274,"IC50","=",1,"Tested in vitro for its inhibitory activity against angiotensin converting enzyme","Confirmatory",8057292
37783,103285559,44461364,"Active",100009274,"IC50","=",0.077,"Tested in vitro for its inhibitory activity against angiotensin converting enzyme","Confirmatory",8057292
37783,103285560,14390751,"Unspecified",100009274,"IC50",">",1,"Tested in vitro for its inhibitory activity against angiotensin converting enzyme","Confirmatory",8057292
37783,103285561,44461365,"Unspecified",100009274,"IC50",">",1,"Tested in vitro for its inhibitory activity against angiotensin converting enzyme","Confirmatory",8057292
37783,103285688,10249764,"Unspecified",100009274,"IC50",">",1,"Tested in vitro for its inhibitory activity against angiotensin converting enzyme","Confirmatory",8057292
37783,103285711,10385687,"Active",100009274,"IC50","=",0.024,"Tested in vitro for its inhibitory activity against angiotensin converting enzyme","Confirmatory",8057292
37783,103285711,10385687,"Active",100009274,"IC50","=",1.25,"Tested in vitro for its inhibitory activity against angiotensin converting enzyme","Confirmatory",8057292
37785,160687810,5463984,"Active",100009274,"IC50","=",0.002,"Tested in vitro for the inhibition against angiotensin converting enzyme (ACE) from rabbit lung","Confirmatory",8254612
37786,103356519,44349654,"Active",100009274,"IC50","=",0.017,"Tested in vitro for the inhibition of angiotensin converting enzyme from rabbit lung","Confirmatory",8254612
37786,103356519,44349654,"Active",100009274,"IC50","=",4.6,"Tested in vitro for the inhibition of angiotensin converting enzyme from rabbit lung","Confirmatory",8254612
37786,103357339,44350054,"Active",100009274,"IC50","=",0.012,"Tested in vitro for the inhibition of angiotensin converting enzyme from rabbit lung","Confirmatory",8254612
37786,103357339,44350054,"Active",100009274,"IC50","=",0.072,"Tested in vitro for the inhibition of angiotensin converting enzyme from rabbit lung","Confirmatory",8254612
37787,103218648,656629,"Active",100009274,"IC50","=",0.006,"Inhibition of Angiotensin I converting enzyme","Confirmatory",10698448
37787,103222196,6324648,"Active",100009274,"IC50","=",0.007,"Inhibition of Angiotensin I converting enzyme","Confirmatory",10698448
37787,103294661,44321331,"Active",100009274,"IC50","=",0.106,"Inhibition of Angiotensin I converting enzyme","Confirmatory",10698448
37787,103295290,44321681,"Active",100009274,"IC50","=",0.0053,"Inhibition of Angiotensin I converting enzyme","Confirmatory",10698448
37787,103295338,44321709,"Active",100009274,"IC50","=",0.0054,"Inhibition of Angiotensin I converting enzyme","Confirmatory",10698448
37787,103295339,12150908,"Active",100009274,"IC50","=",0.093,"Inhibition of Angiotensin I converting enzyme","Confirmatory",10698448
37787,103295339,12150908,"Unspecified",100009274,"IC50","=",210,"Inhibition of Angiotensin I converting enzyme","Confirmatory",10698448
37787,103295393,44321735,"Unspecified",100009274,"IC50","=",461,"Inhibition of Angiotensin I converting enzyme","Confirmatory",10698448
37787,103295399,44321740,"Unspecified",100009274,"IC50","=",529,"Inhibition of Angiotensin I converting enzyme","Confirmatory",10698448
37787,103295435,10071569,"Active",100009274,"IC50","=",0.025,"Inhibition of Angiotensin I converting enzyme","Confirmatory",10698448
37787,103437327,12150912,"Active",100009274,"IC50","=",0.0034,"Inhibition of Angiotensin I converting enzyme","Confirmatory",10698448
37787,174490003,73346963,"Unspecified",100009274,"IC50","=",228,"Inhibition of Angiotensin I converting enzyme","Confirmatory",10698448
37788,103179478,12821160,"Unspecified",100009274,"","","","In vitro inhibition of Angiotensin I converting enzyme relative to captopril(=1)","Other",2832605
37788,103427506,14036322,"Unspecified",100009274,"","","","In vitro inhibition of Angiotensin I converting enzyme relative to captopril(=1)","Other",2832605
37788,103427558,14036343,"Unspecified",100009274,"","","","In vitro inhibition of Angiotensin I converting enzyme relative to captopril(=1)","Other",2832605
37788,103427645,14036324,"Unspecified",100009274,"","","","In vitro inhibition of Angiotensin I converting enzyme relative to captopril(=1)","Other",2832605
37788,103427648,14036321,"Unspecified",100009274,"","","","In vitro inhibition of Angiotensin I converting enzyme relative to captopril(=1)","Other",2832605
37788,103427671,11776232,"Unspecified",100009274,"","","","In vitro inhibition of Angiotensin I converting enzyme relative to captopril(=1)","Other",2832605
37788,103427672,13192703,"Unspecified",100009274,"","","","In vitro inhibition of Angiotensin I converting enzyme relative to captopril(=1)","Other",2832605
37788,103427674,9949217,"Unspecified",100009274,"","","","In vitro inhibition of Angiotensin I converting enzyme relative to captopril(=1)","Other",2832605
37788,103427691,14036345,"Unspecified",100009274,"","","","In vitro inhibition of Angiotensin I converting enzyme relative to captopril(=1)","Other",2832605
37788,103427692,14036328,"Unspecified",100009274,"","","","In vitro inhibition of Angiotensin I converting enzyme relative to captopril(=1)","Other",2832605
37788,103427773,12849462,"Unspecified",100009274,"","","","In vitro inhibition of Angiotensin I converting enzyme relative to captopril(=1)","Other",2832605
37788,103427774,14036326,"Unspecified",100009274,"","","","In vitro inhibition of Angiotensin I converting enzyme relative to captopril(=1)","Other",2832605
37788,103427899,14036361,"Unspecified",100009274,"","","","In vitro inhibition of Angiotensin I converting enzyme relative to captopril(=1)","Other",2832605
37788,103427901,14036349,"Unspecified",100009274,"","","","In vitro inhibition of Angiotensin I converting enzyme relative to captopril(=1)","Other",2832605
37788,103427902,14036347,"Unspecified",100009274,"","","","In vitro inhibition of Angiotensin I converting enzyme relative to captopril(=1)","Other",2832605
37788,103428007,14036353,"Unspecified",100009274,"","","","In vitro inhibition of Angiotensin I converting enzyme relative to captopril(=1)","Other",2832605
37788,103428913,14036333,"Unspecified",100009274,"","","","In vitro inhibition of Angiotensin I converting enzyme relative to captopril(=1)","Other",2832605
37788,103429008,12821147,"Unspecified",100009274,"","","","In vitro inhibition of Angiotensin I converting enzyme relative to captopril(=1)","Other",2832605
37788,103429028,13208337,"Unspecified",100009274,"","","","In vitro inhibition of Angiotensin I converting enzyme relative to captopril(=1)","Other",2832605
37788,103429029,14036330,"Unspecified",100009274,"","","","In vitro inhibition of Angiotensin I converting enzyme relative to captopril(=1)","Other",2832605
37788,103429030,14036341,"Unspecified",100009274,"","","","In vitro inhibition of Angiotensin I converting enzyme relative to captopril(=1)","Other",2832605
37788,103429129,12821192,"Unspecified",100009274,"","","","In vitro inhibition of Angiotensin I converting enzyme relative to captopril(=1)","Other",2832605
37788,103429130,14036339,"Unspecified",100009274,"","","","In vitro inhibition of Angiotensin I converting enzyme relative to captopril(=1)","Other",2832605
37788,103429131,12849463,"Unspecified",100009274,"","","","In vitro inhibition of Angiotensin I converting enzyme relative to captopril(=1)","Other",2832605
37788,103429230,14036335,"Unspecified",100009274,"","","","In vitro inhibition of Angiotensin I converting enzyme relative to captopril(=1)","Other",2832605
37788,103429232,13208338,"Unspecified",100009274,"","","","In vitro inhibition of Angiotensin I converting enzyme relative to captopril(=1)","Other",2832605
37788,103429263,12821162,"Unspecified",100009274,"","","","In vitro inhibition of Angiotensin I converting enzyme relative to captopril(=1)","Other",2832605
37788,103429264,12821161,"Unspecified",100009274,"","","","In vitro inhibition of Angiotensin I converting enzyme relative to captopril(=1)","Other",2832605
37788,103429266,12764099,"Unspecified",100009274,"","","","In vitro inhibition of Angiotensin I converting enzyme relative to captopril(=1)","Other",2832605
37788,103429267,14036337,"Unspecified",100009274,"","","","In vitro inhibition of Angiotensin I converting enzyme relative to captopril(=1)","Other",2832605
37788,103581295,44093,"Unspecified",100009274,"","","","In vitro inhibition of Angiotensin I converting enzyme relative to captopril(=1)","Other",2832605
37789,103351882,15647658,"Active",100009274,"Inhibition","=",0.0847,"Inhibitory activity towards purified rabbit lung Angiotensin I converting enzyme","Confirmatory",1433185
37789,103352135,10334542,"Active",100009274,"Inhibition","=",0.0018,"Inhibitory activity towards purified rabbit lung Angiotensin I converting enzyme","Confirmatory",1433185
37789,103352136,11777811,"Active",100009274,"Inhibition","=",0.0106,"Inhibitory activity towards purified rabbit lung Angiotensin I converting enzyme","Confirmatory",1433185
37789,103352538,9995785,"Active",100009274,"Inhibition","=",0.0032,"Inhibitory activity towards purified rabbit lung Angiotensin I converting enzyme","Confirmatory",1433185
37789,103581295,44093,"Active",100009274,"Inhibition","=",0.0027,"Inhibitory activity towards purified rabbit lung Angiotensin I converting enzyme","Confirmatory",1433185
37790,103351881,9971703,"Active",100009274,"Inhibition","=",0.002,"Inhibitory activity towards purified rabbit lung angiotensin I converting enzyme","Confirmatory",1433185
37790,103352324,10035164,"Active",100009274,"Inhibition","=",0.123,"Inhibitory activity towards purified rabbit lung angiotensin I converting enzyme","Confirmatory",1433185
37790,103352375,132282,"Active",100009274,"Inhibition","=",0.0057,"Inhibitory activity towards purified rabbit lung angiotensin I converting enzyme","Confirmatory",1433185
37790,103352376,10106997,"Active",100009274,"Inhibition","=",0.0028,"Inhibitory activity towards purified rabbit lung angiotensin I converting enzyme","Confirmatory",1433185
37791,103352374,10154042,"Unspecified",100009274,"","","","Inhibitory activity towards purified rabbit lung angiotensin I converting enzyme at 10 e-4 M","Other",1433185
37792,103352706,15647666,"Unspecified",100009274,"","","","Inhibitory activity towards purified rabbit lung angiotensin I converting enzyme; no inhibition at 10 e-5 M","Other",1433185
37793,103287648,14336867,"Unspecified",100009274,"","","","Tested for inhibitory concentration that causes inhibition of Angiotensin I converting enzyme obtained from rabbit lung acetone powder extract","Other",""
37794,103287222,44462037,"Unspecified","","","","","Inhibition of Angiotensin I converting enzyme from rabbit lung acetone powder extract; Inactive","Other",""
37794,103287517,44462188,"Unspecified","","","","","Inhibition of Angiotensin I converting enzyme from rabbit lung acetone powder extract; Inactive","Other",""
37794,103287683,14779901,"Unspecified","","","","","Inhibition of Angiotensin I converting enzyme from rabbit lung acetone powder extract; Inactive","Other",""
37794,103287796,14779906,"Unspecified","","","","","Inhibition of Angiotensin I converting enzyme from rabbit lung acetone powder extract; Inactive","Other",""
37794,103288116,44318192,"Unspecified","","","","","Inhibition of Angiotensin I converting enzyme from rabbit lung acetone powder extract; Inactive","Other",""
37794,103288118,44318193,"Unspecified","","","","","Inhibition of Angiotensin I converting enzyme from rabbit lung acetone powder extract; Inactive","Other",""
37794,103288176,14779912,"Unspecified","","","","","Inhibition of Angiotensin I converting enzyme from rabbit lung acetone powder extract; Inactive","Other",""
37794,103288218,44318246,"Unspecified","","","","","Inhibition of Angiotensin I converting enzyme from rabbit lung acetone powder extract; Inactive","Other",""
37794,103288219,44318247,"Unspecified","","","","","Inhibition of Angiotensin I converting enzyme from rabbit lung acetone powder extract; Inactive","Other",""
37794,103288220,44318248,"Unspecified","","","","","Inhibition of Angiotensin I converting enzyme from rabbit lung acetone powder extract; Inactive","Other",""
37794,103288221,44318249,"Unspecified","","","","","Inhibition of Angiotensin I converting enzyme from rabbit lung acetone powder extract; Inactive","Other",""
37795,103287647,130574,"Unspecified",100009274,"","","","Tested for percent inhibitory concentration that cause inhibition of Angiotensin I converting enzyme obtained from rabbit lung acetone powder extract at 100 ug/mL","Other",""
37796,103287074,10948384,"Unspecified",100009274,"","","","Tested for percent inhibitory concentration that cause inhibition of Angiotensin I converting enzyme obtained from rabbit lung acetone powder extract at 200 ug/mL","Other",""
37797,103205163,44280553,"Active",100009274,"Ki","=",0.018,"Binding affinity against Angiotensin I converting enzyme","Confirmatory",2995664
37798,103243526,9892148,"Unspecified",100009274,"","","","Binding affinity for rabbit lung Angiotensin I converting enzyme; No inhibition at 188 uM (highest concentration tested)","Other",9379436
37798,103285051,9910174,"Unspecified",100009274,"","","","Binding affinity for rabbit lung Angiotensin I converting enzyme; No inhibition at 188 uM (highest concentration tested)","Other",9379436
37799,103200313,44277843,"Unspecified",100009274,"Ki","=",70,"Inhibitory activity against angiotensin converting enzyme","Confirmatory",8496905
37800,103435775,10048700,"Unspecified",100009274,"Ki","=",94,"Inhibitory activity against rabbit Angiotensin I converting enzyme","Confirmatory",7837244
37801,103179234,5462501,"Active",100009274,"Ki","=",0.0014,"Inhibitory activity against rabbit lung angiotensin-1 converting enzyme","Confirmatory",2836590
37801,103179303,12962091,"Active",100009274,"Ki","=",0.015,"Inhibitory activity against rabbit lung angiotensin-1 converting enzyme","Confirmatory",2836590
37801,103179429,62956,"Active",100009274,"Ki","=",0.0015,"Inhibitory activity against rabbit lung angiotensin-1 converting enzyme","Confirmatory",2836590
37801,103581295,44093,"Active",100009274,"Ki","=",0.0017,"Inhibitory activity against rabbit lung angiotensin-1 converting enzyme","Confirmatory",2836590
37802,103179064,3034048,"Active",100009274,"Ki","=",0.0004,"Inhibitory constant against rabbit lung Angiotensin I converting enzyme","Confirmatory",2836590
37803,103204976,3035726,"Unspecified",100009274,"Ki","=",42,"Inhibition of Angiotensin I converting enzyme from rabbit lungs at pH 7.5","Confirmatory",2995664
37803,103205001,44280446,"Active",100009274,"Ki","=",0.0014,"Inhibition of Angiotensin I converting enzyme from rabbit lungs at pH 7.5","Confirmatory",2995664
37803,103205003,44280448,"Active",100009274,"Ki","=",0.0012,"Inhibition of Angiotensin I converting enzyme from rabbit lungs at pH 7.5","Confirmatory",2995664
37803,103205055,44280480,"Active",100009274,"Ki","=",0.0012,"Inhibition of Angiotensin I converting enzyme from rabbit lungs at pH 7.5","Confirmatory",2995664
37803,103205103,126655,"Unspecified",100009274,"Ki","=",55,"Inhibition of Angiotensin I converting enzyme from rabbit lungs at pH 7.5","Confirmatory",2995664
37803,103205105,44280514,"Active",100009274,"Ki","=",0.8,"Inhibition of Angiotensin I converting enzyme from rabbit lungs at pH 7.5","Confirmatory",2995664
37803,103205163,44280553,"Active",100009274,"Ki","=",0.018,"Inhibition of Angiotensin I converting enzyme from rabbit lungs at pH 7.5","Confirmatory",2995664
37803,103205181,83525,"Unspecified",100009274,"Ki","=",50,"Inhibition of Angiotensin I converting enzyme from rabbit lungs at pH 7.5","Confirmatory",2995664
37803,103205368,44280674,"Active",100009274,"Ki","=",0.008,"Inhibition of Angiotensin I converting enzyme from rabbit lungs at pH 7.5","Confirmatory",2995664
37803,103205602,44280849,"Active",100009274,"Ki","=",0.0005,"Inhibition of Angiotensin I converting enzyme from rabbit lungs at pH 7.5","Confirmatory",2995664
37803,103205630,44280867,"Active",100009274,"Ki","=",0.0026,"Inhibition of Angiotensin I converting enzyme from rabbit lungs at pH 7.5","Confirmatory",2995664
37803,103205631,44280869,"Active",100009274,"Ki","=",0.0014,"Inhibition of Angiotensin I converting enzyme from rabbit lungs at pH 7.5","Confirmatory",2995664
37804,103205181,83525,"Unspecified",100009274,"Ki","=",30,"Inhibitory constant was evaluated against Angiotensin I converting enzyme from rabbit lungs at pH 8.3","Confirmatory",2995664
37805,103288007,44318143,"Active",100009274,"Ki","=",0.35,"Tested for inhibitory constant against Angiotensin I converting enzyme","Confirmatory",""
37806,103280170,44316753,"Unspecified",100009274,"","","","Relative potency of compound was determined","Other",15125946
37806,103310269,11442784,"Unspecified",100009274,"","","","Relative potency of compound was determined","Other",15125946
37806,103310856,11328897,"Unspecified",100009274,"","","","Relative potency of compound was determined","Other",15125946
37806,103310890,11259963,"Unspecified",100009274,"","","","Relative potency of compound was determined","Other",15125946
37806,103310891,44328851,"Unspecified",100009274,"","","","Relative potency of compound was determined","Other",15125946
37806,103310892,44328852,"Unspecified",100009274,"","","","Relative potency of compound was determined","Other",15125946
37806,103311261,134166,"Unspecified",100009274,"","","","Relative potency of compound was determined","Other",15125946
37806,103311262,23682302,"Unspecified",100009274,"","","","Relative potency of compound was determined","Other",15125946
37807,103361244,10528470,"Unspecified",100009274,"","","","In vitro stability of compound (0.5 uM) to inhibit NAcSDKP hydrolysis by rabbit lung Angiotensin I converting enzyme after 30 minutes incubation","Other",9397177
37807,103361247,11798689,"Unspecified",100009274,"","","","In vitro stability of compound (0.5 uM) to inhibit NAcSDKP hydrolysis by rabbit lung Angiotensin I converting enzyme after 30 minutes incubation","Other",9397177
37807,103361423,10672152,"Unspecified",100009274,"","","","In vitro stability of compound (0.5 uM) to inhibit NAcSDKP hydrolysis by rabbit lung Angiotensin I converting enzyme after 30 minutes incubation","Other",9397177
37807,174485040,9805428,"Unspecified",100009274,"","","","In vitro stability of compound (0.5 uM) to inhibit NAcSDKP hydrolysis by rabbit lung Angiotensin I converting enzyme after 30 minutes incubation","Other",9397177
37808,103361247,11798689,"Unspecified",100009274,"","","","In vitro stability of compound (5 uM) to inhibit NAcSDKP hydrolysis by rabbit lung Angiotensin I converting enzyme after 30 minutes incubation","Other",9397177
37808,103361423,10672152,"Unspecified",100009274,"","","","In vitro stability of compound (5 uM) to inhibit NAcSDKP hydrolysis by rabbit lung Angiotensin I converting enzyme after 30 minutes incubation","Other",9397177
37808,174485040,9805428,"Unspecified",100009274,"","","","In vitro stability of compound (5 uM) to inhibit NAcSDKP hydrolysis by rabbit lung Angiotensin I converting enzyme after 30 minutes incubation","Other",9397177
37809,103361244,10528470,"Unspecified",100009274,"","","","In vitro stability of compound (50 uM) to inhibit NAcSDKP hydrolysis by rabbit lung Angiotensin I converting enzyme after 30 minutes incubation","Other",9397177
37809,103361247,11798689,"Unspecified",100009274,"","","","In vitro stability of compound (50 uM) to inhibit NAcSDKP hydrolysis by rabbit lung Angiotensin I converting enzyme after 30 minutes incubation","Other",9397177
37809,103361423,10672152,"Unspecified",100009274,"","","","In vitro stability of compound (50 uM) to inhibit NAcSDKP hydrolysis by rabbit lung Angiotensin I converting enzyme after 30 minutes incubation","Other",9397177
37809,174485040,9805428,"Unspecified",100009274,"","","","In vitro stability of compound (50 uM) to inhibit NAcSDKP hydrolysis by rabbit lung Angiotensin I converting enzyme after 30 minutes incubation","Other",9397177
37810,103361244,10528470,"Unspecified",100009274,"","","","In vitro stability of compound (51 uM) to inhibit NAcSDKP hydrolysis by rabbit lung Angiotensin I converting enzyme after 30 minutes incubation","Other",9397177
37811,103361244,10528470,"Unspecified",100009274,"","","","In vitro stability of compound toward enzymatic degradation by rabbit lung Angiotensin I converting enzyme after 24 hr incubation","Other",9397177
37811,103361247,11798689,"Unspecified",100009274,"","","","In vitro stability of compound toward enzymatic degradation by rabbit lung Angiotensin I converting enzyme after 24 hr incubation","Other",9397177
37811,103361314,44351627,"Unspecified",100009274,"","","","In vitro stability of compound toward enzymatic degradation by rabbit lung Angiotensin I converting enzyme after 24 hr incubation","Other",9397177
37811,103361319,10670912,"Unspecified",100009274,"","","","In vitro stability of compound toward enzymatic degradation by rabbit lung Angiotensin I converting enzyme after 24 hr incubation","Other",9397177
37811,103361423,10672152,"Unspecified",100009274,"","","","In vitro stability of compound toward enzymatic degradation by rabbit lung Angiotensin I converting enzyme after 24 hr incubation","Other",9397177
37811,174485040,9805428,"Unspecified",100009274,"","","","In vitro stability of compound toward enzymatic degradation by rabbit lung Angiotensin I converting enzyme after 24 hr incubation","Other",9397177
37812,103260574,65938,"Unspecified",100009274,"","","","In vitro stability of compound toward enzymatic degradation by rabbit lung Angiotensin I converting enzyme after 30 minutes incubation","Other",9397177
37812,103361244,10528470,"Unspecified",100009274,"","","","In vitro stability of compound toward enzymatic degradation by rabbit lung Angiotensin I converting enzyme after 30 minutes incubation","Other",9397177
37812,103361247,11798689,"Unspecified",100009274,"","","","In vitro stability of compound toward enzymatic degradation by rabbit lung Angiotensin I converting enzyme after 30 minutes incubation","Other",9397177
37812,103361314,44351627,"Unspecified",100009274,"","","","In vitro stability of compound toward enzymatic degradation by rabbit lung Angiotensin I converting enzyme after 30 minutes incubation","Other",9397177
37812,103361319,10670912,"Unspecified",100009274,"","","","In vitro stability of compound toward enzymatic degradation by rabbit lung Angiotensin I converting enzyme after 30 minutes incubation","Other",9397177
37812,103361423,10672152,"Unspecified",100009274,"","","","In vitro stability of compound toward enzymatic degradation by rabbit lung Angiotensin I converting enzyme after 30 minutes incubation","Other",9397177
37812,103581295,44093,"Unspecified",100009274,"","","","In vitro stability of compound toward enzymatic degradation by rabbit lung Angiotensin I converting enzyme after 30 minutes incubation","Other",9397177
37812,174485040,9805428,"Unspecified",100009274,"","","","In vitro stability of compound toward enzymatic degradation by rabbit lung Angiotensin I converting enzyme after 30 minutes incubation","Other",9397177
37925,103179319,5388962,"Unspecified",100009274,"","","","Time during which Angiotensin I converting enzyme inhibition is greater than or equa to 30% in rabbit lung","Other",2160536
37925,103581295,44093,"Unspecified",100009274,"","","","Time during which Angiotensin I converting enzyme inhibition is greater than or equa to 30% in rabbit lung","Other",2160536
37926,103220730,14253297,"Unspecified",100009274,"","","","Time during which Angiotensin I converting enzyme inhibition is greater than or equa to 30% in rabbit lung","Other",2160536
37927,103220482,13537762,"Unspecified",100009274,"","","","Time during which angiotensin I converting enzyme inhibition is greater than or equa to 30% in rabbit lung","Other",2160536
37927,103220589,14654588,"Unspecified",100009274,"","","","Time during which angiotensin I converting enzyme inhibition is greater than or equa to 30% in rabbit lung","Other",2160536
37927,103220590,14654585,"Unspecified",100009274,"","","","Time during which angiotensin I converting enzyme inhibition is greater than or equa to 30% in rabbit lung","Other",2160536
37927,103221164,14654601,"Unspecified",100009274,"","","","Time during which angiotensin I converting enzyme inhibition is greater than or equa to 30% in rabbit lung","Other",2160536
37927,103221321,14654610,"Unspecified",100009274,"","","","Time during which angiotensin I converting enzyme inhibition is greater than or equa to 30% in rabbit lung","Other",2160536
37927,174520164,73355701,"Unspecified",100009274,"","","","Time during which angiotensin I converting enzyme inhibition is greater than or equa to 30% in rabbit lung","Other",2160536
37928,103172419,133560,"Active",100009274,"IC50","=",1.5,"Ability to inhibit Angiotensin I converting enzyme was determined","Confirmatory",6330355
37928,103172419,133560,"Active",100009274,"IC50","=",3.4,"Ability to inhibit Angiotensin I converting enzyme was determined","Confirmatory",6330355
37928,103423818,13188851,"Active",100009274,"IC50","=",0.053,"Ability to inhibit Angiotensin I converting enzyme was determined","Confirmatory",6330355
37928,103423819,13457782,"Active",100009274,"IC50","=",0.17,"Ability to inhibit Angiotensin I converting enzyme was determined","Confirmatory",6330355
37928,103423820,145994,"Active",100009274,"IC50","=",0.004,"Ability to inhibit Angiotensin I converting enzyme was determined","Confirmatory",6330355
37928,103424277,145993,"Active",100009274,"IC50","=",0.009,"Ability to inhibit Angiotensin I converting enzyme was determined","Confirmatory",6330355
37928,103581295,44093,"Active",100009274,"IC50","=",0.015,"Ability to inhibit Angiotensin I converting enzyme was determined","Confirmatory",6330355
37928,103581295,44093,"Active",100009274,"IC50","=",0.023,"Ability to inhibit Angiotensin I converting enzyme was determined","Confirmatory",6330355
37928,103734870,22818650,"Active",100009274,"IC50","=",0.0026,"Ability to inhibit Angiotensin I converting enzyme was determined","Confirmatory",6330355
37929,103319155,44332758,"Unspecified",100009274,"IC50","=",12,"Compound was tested for inhibition of Angiotensin I converting enzyme from rabbit lung.","Confirmatory",3531517
37930,103179234,5462501,"Active",100009274,"IC50","=",0.0057,"Concentration required for 50% inhibition of rabbit lung Angiotensin I converting enzyme with 5 mM hippuryl-histidyl-leucine as substrate","Confirmatory",3339612
37930,103250566,13877935,"Active",100009274,"IC50","=",0.0034,"Concentration required for 50% inhibition of rabbit lung Angiotensin I converting enzyme with 5 mM hippuryl-histidyl-leucine as substrate","Confirmatory",3339612
37930,103250568,13877904,"Active",100009274,"IC50","=",0.0355,"Concentration required for 50% inhibition of rabbit lung Angiotensin I converting enzyme with 5 mM hippuryl-histidyl-leucine as substrate","Confirmatory",3339612
37930,103250595,13877934,"Active",100009274,"IC50","=",0.0782,"Concentration required for 50% inhibition of rabbit lung Angiotensin I converting enzyme with 5 mM hippuryl-histidyl-leucine as substrate","Confirmatory",3339612
37930,103250645,13877903,"Active",100009274,"IC50","=",0.0037,"Concentration required for 50% inhibition of rabbit lung Angiotensin I converting enzyme with 5 mM hippuryl-histidyl-leucine as substrate","Confirmatory",3339612
37930,103371724,14003477,"Active",100009274,"IC50","=",0.0031,"Concentration required for 50% inhibition of rabbit lung Angiotensin I converting enzyme with 5 mM hippuryl-histidyl-leucine as substrate","Confirmatory",3339612
37930,103371753,14003478,"Active",100009274,"IC50","=",0.0043,"Concentration required for 50% inhibition of rabbit lung Angiotensin I converting enzyme with 5 mM hippuryl-histidyl-leucine as substrate","Confirmatory",3339612
37930,103371780,14003480,"Active",100009274,"IC50","=",0.0162,"Concentration required for 50% inhibition of rabbit lung Angiotensin I converting enzyme with 5 mM hippuryl-histidyl-leucine as substrate","Confirmatory",3339612
37930,103371782,14003481,"Active",100009274,"IC50","=",0.0036,"Concentration required for 50% inhibition of rabbit lung Angiotensin I converting enzyme with 5 mM hippuryl-histidyl-leucine as substrate","Confirmatory",3339612
37931,103179234,5462501,"Active",100009274,"IC50","=",0.0058,"In vitro inhibition of Angiotensin I converting enzyme in rabbit lung","Confirmatory",2160536
37931,103179319,5388962,"Active",100009274,"IC50","=",0.8,"In vitro inhibition of Angiotensin I converting enzyme in rabbit lung","Confirmatory",2160536
37931,103220730,14253297,"Active",100009274,"IC50","=",0.026,"In vitro inhibition of Angiotensin I converting enzyme in rabbit lung","Confirmatory",2160536
37931,103581295,44093,"Active",100009274,"IC50","=",0.018,"In vitro inhibition of Angiotensin I converting enzyme in rabbit lung","Confirmatory",2160536
37932,103220482,13537762,"Active",100009274,"IC50","=",0.085,"In vitro inhibition of angiotensin I converting enzyme (ACE) in rabbit lung","Confirmatory",2160536
37932,103220589,14654588,"Active",100009274,"IC50","=",0.0065,"In vitro inhibition of angiotensin I converting enzyme (ACE) in rabbit lung","Confirmatory",2160536
37932,103220590,14654585,"Active",100009274,"IC50","=",0.023,"In vitro inhibition of angiotensin I converting enzyme (ACE) in rabbit lung","Confirmatory",2160536
37932,103221321,14654610,"Active",100009274,"IC50","=",0.008,"In vitro inhibition of angiotensin I converting enzyme (ACE) in rabbit lung","Confirmatory",2160536
37932,174520164,73355701,"Active",100009274,"IC50","=",0.018,"In vitro inhibition of angiotensin I converting enzyme (ACE) in rabbit lung","Confirmatory",2160536
37933,103221164,14654601,"Active",100009274,"IC50","=",0.022,"In vitro inhibition of angiotensin I converting enzyme(ACE) in rabbit lung","Confirmatory",2160536
37934,103169954,3132,"Active",100009274,"IC50","=",0.42,"In vitro inhibitory activity against angiotensin I converting enzyme (ACE) from rabbit lung","Confirmatory",1738153
37934,103404966,23701621,"Unspecified",100009274,"IC50","=",37,"In vitro inhibitory activity against angiotensin I converting enzyme (ACE) from rabbit lung","Confirmatory",1738153
37935,123097007,5478883,"Unspecified",100009274,"IC50",">",100,"Tested for inhibition of Angiotensin I converting enzyme from rabbit.","Confirmatory",2120440
37935,312365814,6918046,"Unspecified",100009274,"IC50",">",100,"Tested for inhibition of Angiotensin I converting enzyme from rabbit.","Confirmatory",2120440
37936,312365837,118718849,"Unspecified",100009274,"","","","Compound was tested for inhibition of Angiotensin I converting enzyme from rabbit lung at 10E-3","Other",3531517
37937,103220730,14253297,"Unspecified",100009274,"","","","In vivo inhibition of Angiotensin I converting enzyme in rabbit lung after (iv) administration of a dose of 1.0(mg/kg)","Other",2160536
37938,103179319,5388962,"Unspecified",100009274,"","","","In vivo inhibition of Angiotensin I converting enzyme in rabbit lung after (po) administration of a dose of 0.3(mg/kg)","Other",2160536
37939,103179234,5462501,"Unspecified",100009274,"","","","In vivo inhibition of Angiotensin I converting enzyme in rabbit lung after (po) administration of a dose of 10(mg/kg)","Other",2160536
37939,103581295,44093,"Unspecified",100009274,"","","","In vivo inhibition of Angiotensin I converting enzyme in rabbit lung after (po) administration of a dose of 10(mg/kg)","Other",2160536
37940,103220730,14253297,"Unspecified",100009274,"","","","In vivo inhibition of Angiotensin I converting enzyme in rabbit lung at the dose of 10(mg/kg), po","Other",2160536
37941,103221321,14654610,"Unspecified",100009274,"","","","In vivo inhibition of angiotensin I converting enzyme (ACE) in rabbit lung after (ip) administration of a dose of 10(mg/kg)","Other",2160536
37942,103220589,14654588,"Unspecified",100009274,"","","","In vivo inhibition of angiotensin I converting enzyme (ACE) in rabbit lung after (iv) administration of a dose of 10(mg/kg)","Other",2160536
37942,103220590,14654585,"Unspecified",100009274,"","","","In vivo inhibition of angiotensin I converting enzyme (ACE) in rabbit lung after (iv) administration of a dose of 10(mg/kg)","Other",2160536
37942,103221164,14654601,"Unspecified",100009274,"","","","In vivo inhibition of angiotensin I converting enzyme (ACE) in rabbit lung after (iv) administration of a dose of 10(mg/kg)","Other",2160536
37942,174520164,73355701,"Unspecified",100009274,"","","","In vivo inhibition of angiotensin I converting enzyme (ACE) in rabbit lung after (iv) administration of a dose of 10(mg/kg)","Other",2160536
37943,103220482,13537762,"Unspecified",100009274,"","","","In vivo inhibition of angiotensin I converting enzyme (ACE) in rabbit lung after (po) administration of a dose of 10(mg/kg)","Other",2160536
37943,103221164,14654601,"Unspecified",100009274,"","","","In vivo inhibition of angiotensin I converting enzyme (ACE) in rabbit lung after (po) administration of a dose of 10(mg/kg)","Other",2160536
37944,174520164,73355701,"Unspecified",100009274,"","","","In vivo inhibition of angiotensin I converting enzyme (ACE) in rabbit lung at the dose of 10(mg/kg), po","Other",2160536
37945,103221321,14654610,"Unspecified",100009274,"","","","In vivo inhibition of angiotensin I converting enzyme(ACE) in rabbit lung at the dose of 10(mg/kg), po","Other",2160536
37946,131276334,54582183,"Active",100009274,"Ki","=",0.2,"Inhibitory activity against Angiotensin I converting enzyme","Confirmatory",2153207
37948,103179319,5388962,"Unspecified",100009274,"","","","Time to inhibit maximum Angiotensin I converting enzyme in rabbit lung","Other",2160536
37948,103220730,14253297,"Unspecified",100009274,"","","","Time to inhibit maximum Angiotensin I converting enzyme in rabbit lung","Other",2160536
37948,103581295,44093,"Unspecified",100009274,"","","","Time to inhibit maximum Angiotensin I converting enzyme in rabbit lung","Other",2160536
37949,103220482,13537762,"Unspecified",100009274,"","","","Time to inhibit maximum angiotensin I converting enzyme in rabbit lung","Other",2160536
37949,103220589,14654588,"Unspecified",100009274,"","","","Time to inhibit maximum angiotensin I converting enzyme in rabbit lung","Other",2160536
37949,103220590,14654585,"Unspecified",100009274,"","","","Time to inhibit maximum angiotensin I converting enzyme in rabbit lung","Other",2160536
37949,103221164,14654601,"Unspecified",100009274,"","","","Time to inhibit maximum angiotensin I converting enzyme in rabbit lung","Other",2160536
37949,103221321,14654610,"Unspecified",100009274,"","","","Time to inhibit maximum angiotensin I converting enzyme in rabbit lung","Other",2160536
37949,174520164,73355701,"Unspecified",100009274,"","","","Time to inhibit maximum angiotensin I converting enzyme in rabbit lung","Other",2160536
37950,103221321,14654610,"Unspecified",100009274,"","","","Time to maximum inhibition of angiotensin I converting enzyme in rabbit lung","Other",2160536
37951,103760710,44324668,"Unspecified",100009274,"","","","Evaluated for the inhibition of Angiotensin I converting enzyme enzyme.","Other",2153207
37952,103319155,44332758,"Unspecified",100009274,"IC50","=",12,"Inhibitory activity was evaluated against Angiotensin I converting enzyme activity in rabbit","Confirmatory",3906126
38437,103403474,10468406,"Active",100009274,"IC50","=",0.00029,"In vitro inhibitory activity was evaluated against angiotensin converting enzyme from rabbit in bovine buffered base","Confirmatory",""
38437,103403503,13192712,"Active",100009274,"IC50","=",0.48,"In vitro inhibitory activity was evaluated against angiotensin converting enzyme from rabbit in bovine buffered base","Confirmatory",""
38437,103581295,44093,"Active",100009274,"IC50","=",0.0036,"In vitro inhibitory activity was evaluated against angiotensin converting enzyme from rabbit in bovine buffered base","Confirmatory",""
38437,103581295,44093,"Active",100009274,"IC50","=",2.4,"In vitro inhibitory activity was evaluated against angiotensin converting enzyme from rabbit in bovine buffered base","Confirmatory",""
38438,103581295,44093,"Active",100009274,"IC50","=",0.0023,"In vitro inhibitory activity was evaluated against angiotensin converting enzyme from rabbit in bovine buffered base. (reported from ref. 1b)","Confirmatory",""
38439,103288801,44318490,"Unspecified",100009274,"IC50",">",100,"Inhibitory activity against rabbit lung angiotensin-converting enzyme (ACE)","Confirmatory",""
38439,103289498,123982,"Unspecified",100009274,"IC50",">",10,"Inhibitory activity against rabbit lung angiotensin-converting enzyme (ACE)","Confirmatory",""
38439,103289638,44318885,"Active",100009274,"IC50","=",3,"Inhibitory activity against rabbit lung angiotensin-converting enzyme (ACE)","Confirmatory",""
38440,103289454,22859203,"Active",100009274,"IC50","=",0.2,"Inhibitory activity against rabbit lung angiotensin-converting enzyme(ACE)","Confirmatory",""
38440,103289457,44318779,"Unspecified",100009274,"IC50",">",100,"Inhibitory activity against rabbit lung angiotensin-converting enzyme(ACE)","Confirmatory",""
38440,103289467,10447524,"Unspecified",100009274,"IC50",">",100,"Inhibitory activity against rabbit lung angiotensin-converting enzyme(ACE)","Confirmatory",""
38440,103289499,44318799,"Unspecified",100009274,"IC50","=",40,"Inhibitory activity against rabbit lung angiotensin-converting enzyme(ACE)","Confirmatory",""
38440,103289610,10357905,"Unspecified",100009274,"IC50",">",100,"Inhibitory activity against rabbit lung angiotensin-converting enzyme(ACE)","Confirmatory",""
38440,103289612,44318873,"Unspecified",100009274,"IC50","=",20,"Inhibitory activity against rabbit lung angiotensin-converting enzyme(ACE)","Confirmatory",""
38440,103289639,44318886,"Unspecified",100009274,"IC50","=",20,"Inhibitory activity against rabbit lung angiotensin-converting enzyme(ACE)","Confirmatory",""
38440,103290161,44319129,"Unspecified",100009274,"IC50",">",100,"Inhibitory activity against rabbit lung angiotensin-converting enzyme(ACE)","Confirmatory",""
38440,103290162,44319130,"Unspecified",100009274,"IC50",">",100,"Inhibitory activity against rabbit lung angiotensin-converting enzyme(ACE)","Confirmatory",""
38441,103307264,11755150,"Active",100009274,"IC50","=",5,"Inhibitory concentration against angiotensin converting enzyme (ACE)","Confirmatory",""
38441,103307445,10051099,"Active",100009274,"IC50","=",0.09,"Inhibitory concentration against angiotensin converting enzyme (ACE)","Confirmatory",""
38441,103307478,10071821,"Active",100009274,"IC50","=",5,"Inhibitory concentration against angiotensin converting enzyme (ACE)","Confirmatory",""
38441,103307511,44327357,"Unspecified",100009274,"IC50",">",1000,"Inhibitory concentration against angiotensin converting enzyme (ACE)","Confirmatory",""
38441,103307669,44327427,"Unspecified",100009274,"IC50","=",100,"Inhibitory concentration against angiotensin converting enzyme (ACE)","Confirmatory",""
38441,103581295,44093,"Active",100009274,"IC50","=",0.02,"Inhibitory concentration against angiotensin converting enzyme (ACE)","Confirmatory",""
38442,103307234,44327222,"Unspecified","","","","","Inhibitory concentration against angiotensin converting enzyme (ACE); No activity in experimental concentration range","Other",""
38442,103307539,44327371,"Unspecified","","","","","Inhibitory concentration against angiotensin converting enzyme (ACE); No activity in experimental concentration range","Other",""
38442,103307645,44327415,"Unspecified","","","","","Inhibitory concentration against angiotensin converting enzyme (ACE); No activity in experimental concentration range","Other",""
38443,103216906,135459006,"Unspecified",100009274,"","","","Percentage inhibition of angiotensin converting enzyme (rabbit lung) by the compound required to inhibit at 63 uM was evaluated","Other",""
38443,103216942,135503599,"Unspecified",100009274,"","","","Percentage inhibition of angiotensin converting enzyme (rabbit lung) by the compound required to inhibit at 63 uM was evaluated","Other",""
38443,103217063,9635862,"Unspecified",100009274,"","","","Percentage inhibition of angiotensin converting enzyme (rabbit lung) by the compound required to inhibit at 63 uM was evaluated","Other",""
39020,103255026,7059511,"Active",100009274,"Ki","=",0.13,"Binding affinity of compound against rabbit lung angiotensin I-converting enzyme (ACE) was determined","Confirmatory",8360888
39020,103282118,44317597,"Active",100009274,"Ki","=",0.002,"Binding affinity of compound against rabbit lung angiotensin I-converting enzyme (ACE) was determined","Confirmatory",8360888
39020,103282147,44317610,"Active",100009274,"Ki","=",0.00011,"Binding affinity of compound against rabbit lung angiotensin I-converting enzyme (ACE) was determined","Confirmatory",8360888
39020,103282147,44317610,"Active",100009274,"Ki","=",0.0045,"Binding affinity of compound against rabbit lung angiotensin I-converting enzyme (ACE) was determined","Confirmatory",8360888
39020,103282290,44317668,"Active",100009274,"Ki","=",4e-06,"Binding affinity of compound against rabbit lung angiotensin I-converting enzyme (ACE) was determined","Confirmatory",8360888
39020,103282331,44317693,"Active",100009274,"Ki","=",0.002,"Binding affinity of compound against rabbit lung angiotensin I-converting enzyme (ACE) was determined","Confirmatory",8360888
39020,103282331,44317693,"Unspecified",100009274,"Ki",">",0.007,"Binding affinity of compound against rabbit lung angiotensin I-converting enzyme (ACE) was determined","Confirmatory",8360888
167603,103191896,44459098,"Active",100009274,"IC50","=",0.49,"In vitro inhibition of angiotensin converting enzyme","Confirmatory",6310113
271474,103202323,156271,"Active",100009274,"Ki","=",1.8,"Inhibition of rabbit testis recombinant ACE C domain","Confirmatory",16784850
271474,103378026,5362119,"Active",100009274,"Ki","=",0.051,"Inhibition of rabbit testis recombinant ACE C domain","Confirmatory",16784850
271474,103496933,11992410,"Active",100009274,"Ki","=",0.8,"Inhibition of rabbit testis recombinant ACE C domain","Confirmatory",16784850
271474,103497482,11992491,"Unspecified",100009274,"Ki","=",23.7,"Inhibition of rabbit testis recombinant ACE C domain","Confirmatory",16784850
271474,103497517,11992492,"Unspecified",100009274,"Ki","=",143.5,"Inhibition of rabbit testis recombinant ACE C domain","Confirmatory",16784850
271474,103497865,11992493,"Unspecified",100009274,"Ki","=",381.3,"Inhibition of rabbit testis recombinant ACE C domain","Confirmatory",16784850
271474,103497891,11992494,"Unspecified",100009274,"Ki","=",313,"Inhibition of rabbit testis recombinant ACE C domain","Confirmatory",16784850
355046,103599740,177363,"Unspecified",100009274,"IC50",">",100,"Inhibition of rabbit lung ACE","Confirmatory",8904845
390138,103646952,25093235,"Unspecified",100009274,"","","","Inhibition of rabbit ACE at 3 uM","Other",18834107
428301,103682759,45268137,"Unspecified",100009274,"","","","Inhibition of rabbit lung ACE activity relative to control","Other",19523823
428301,103684443,45269007,"Unspecified",100009274,"","","","Inhibition of rabbit lung ACE activity relative to control","Other",19523823
428301,103684444,45269008,"Unspecified",100009274,"","","","Inhibition of rabbit lung ACE activity relative to control","Other",19523823
428301,103688040,45270686,"Unspecified",100009274,"","","","Inhibition of rabbit lung ACE activity relative to control","Other",19523823
428301,103688048,45270692,"Unspecified",100009274,"","","","Inhibition of rabbit lung ACE activity relative to control","Other",19523823
428301,103688049,45270693,"Unspecified",100009274,"","","","Inhibition of rabbit lung ACE activity relative to control","Other",19523823
428301,103691515,45272420,"Unspecified",100009274,"","","","Inhibition of rabbit lung ACE activity relative to control","Other",19523823
428301,103691516,45272421,"Unspecified",100009274,"","","","Inhibition of rabbit lung ACE activity relative to control","Other",19523823
464081,103165116,5280443,"Unspecified",100009274,"IC50","=",280000,"Inhibition of ACE in rabbit lung assessed as decrease in dansylglycine concentration after 5 mins by HPLC analysis","Confirmatory",20167484
464081,103169280,9884538,"Unspecified",100009274,"IC50","=",225,"Inhibition of ACE in rabbit lung assessed as decrease in dansylglycine concentration after 5 mins by HPLC analysis","Confirmatory",20167484
464081,103169280,9884538,"Unspecified",100009274,"Inhibition","","","Inhibition of ACE in rabbit lung assessed as decrease in dansylglycine concentration after 5 mins by HPLC analysis","Confirmatory",20167484
464081,103206258,6017999,"Unspecified",100009274,"IC50","=",338,"Inhibition of ACE in rabbit lung assessed as decrease in dansylglycine concentration after 5 mins by HPLC analysis","Confirmatory",20167484
464081,103206258,6017999,"Unspecified",100009274,"Inhibition","","","Inhibition of ACE in rabbit lung assessed as decrease in dansylglycine concentration after 5 mins by HPLC analysis","Confirmatory",20167484
464081,103207220,5280445,"Unspecified",100009274,"IC50","=",290,"Inhibition of ACE in rabbit lung assessed as decrease in dansylglycine concentration after 5 mins by HPLC analysis","Confirmatory",20167484
464081,103359379,5281222,"Active",100009274,"IC50","=",0.73,"Inhibition of ACE in rabbit lung assessed as decrease in dansylglycine concentration after 5 mins by HPLC analysis","Confirmatory",20167484
464081,103464738,10286758,"Unspecified",100009274,"IC50","=",219,"Inhibition of ACE in rabbit lung assessed as decrease in dansylglycine concentration after 5 mins by HPLC analysis","Confirmatory",20167484
464081,103464738,10286758,"Unspecified",100009274,"Inhibition","","","Inhibition of ACE in rabbit lung assessed as decrease in dansylglycine concentration after 5 mins by HPLC analysis","Confirmatory",20167484
464081,103464890,10154653,"Unspecified",100009274,"IC50","=",570,"Inhibition of ACE in rabbit lung assessed as decrease in dansylglycine concentration after 5 mins by HPLC analysis","Confirmatory",20167484
464081,103516075,9905484,"Unspecified",100009274,"IC50","=",574,"Inhibition of ACE in rabbit lung assessed as decrease in dansylglycine concentration after 5 mins by HPLC analysis","Confirmatory",20167484
464081,103516272,6214040,"Unspecified",100009274,"IC50","=",622,"Inhibition of ACE in rabbit lung assessed as decrease in dansylglycine concentration after 5 mins by HPLC analysis","Confirmatory",20167484
464081,103531262,5280637,"Unspecified",100009274,"IC50","=",280,"Inhibition of ACE in rabbit lung assessed as decrease in dansylglycine concentration after 5 mins by HPLC analysis","Confirmatory",20167484
464081,103581759,5282149,"Unspecified",100009274,"IC50","=",260,"Inhibition of ACE in rabbit lung assessed as decrease in dansylglycine concentration after 5 mins by HPLC analysis","Confirmatory",20167484
464081,103582368,5274585,"Unspecified",100009274,"IC50","=",200,"Inhibition of ACE in rabbit lung assessed as decrease in dansylglycine concentration after 5 mins by HPLC analysis","Confirmatory",20167484
464081,103607735,10309266,"Unspecified",100009274,"IC50","=",516,"Inhibition of ACE in rabbit lung assessed as decrease in dansylglycine concentration after 5 mins by HPLC analysis","Confirmatory",20167484
464081,103633975,42630872,"Unspecified",100009274,"IC50","=",246,"Inhibition of ACE in rabbit lung assessed as decrease in dansylglycine concentration after 5 mins by HPLC analysis","Confirmatory",20167484
464081,103633975,42630872,"Unspecified",100009274,"Inhibition","","","Inhibition of ACE in rabbit lung assessed as decrease in dansylglycine concentration after 5 mins by HPLC analysis","Confirmatory",20167484
464081,103741576,46881731,"Unspecified",100009274,"IC50","=",552,"Inhibition of ACE in rabbit lung assessed as decrease in dansylglycine concentration after 5 mins by HPLC analysis","Confirmatory",20167484
464081,103741641,46881780,"Unspecified",100009274,"IC50","=",805,"Inhibition of ACE in rabbit lung assessed as decrease in dansylglycine concentration after 5 mins by HPLC analysis","Confirmatory",20167484
464081,103741642,46881781,"Unspecified",100009274,"IC50","=",889,"Inhibition of ACE in rabbit lung assessed as decrease in dansylglycine concentration after 5 mins by HPLC analysis","Confirmatory",20167484
464081,103741643,46881782,"Unspecified",100009274,"IC50","=",435,"Inhibition of ACE in rabbit lung assessed as decrease in dansylglycine concentration after 5 mins by HPLC analysis","Confirmatory",20167484
464081,103741643,46881782,"Unspecified",100009274,"Inhibition","","","Inhibition of ACE in rabbit lung assessed as decrease in dansylglycine concentration after 5 mins by HPLC analysis","Confirmatory",20167484
464081,103741644,46881783,"Unspecified",100009274,"IC50","=",762,"Inhibition of ACE in rabbit lung assessed as decrease in dansylglycine concentration after 5 mins by HPLC analysis","Confirmatory",20167484
464081,103741645,46881784,"Unspecified",100009274,"IC50","=",674,"Inhibition of ACE in rabbit lung assessed as decrease in dansylglycine concentration after 5 mins by HPLC analysis","Confirmatory",20167484
464081,103741717,46845960,"Unspecified",100009274,"IC50","=",213,"Inhibition of ACE in rabbit lung assessed as decrease in dansylglycine concentration after 5 mins by HPLC analysis","Confirmatory",20167484
464081,103741717,46845960,"Unspecified",100009274,"Inhibition","","","Inhibition of ACE in rabbit lung assessed as decrease in dansylglycine concentration after 5 mins by HPLC analysis","Confirmatory",20167484
464081,103741718,46881824,"Unspecified",100009274,"IC50","=",749,"Inhibition of ACE in rabbit lung assessed as decrease in dansylglycine concentration after 5 mins by HPLC analysis","Confirmatory",20167484
464081,103741719,46881825,"Unspecified",100009274,"IC50","=",599,"Inhibition of ACE in rabbit lung assessed as decrease in dansylglycine concentration after 5 mins by HPLC analysis","Confirmatory",20167484
464081,103741720,46881826,"Unspecified",100009274,"IC50","=",770,"Inhibition of ACE in rabbit lung assessed as decrease in dansylglycine concentration after 5 mins by HPLC analysis","Confirmatory",20167484
575641,123099410,42601552,"Unspecified",100009274,"","","","Inhibition of rabbit ACE at 10 uM","Other",20823284
608775,103205181,83525,"Unspecified",100009274,"IC50","=",270,"Inhibition of rabbit lung ACE preincubated for 5 mins by spectrophotometric assay","Confirmatory",21621881
608775,103241522,70410,"Unspecified",100009274,"IC50","=",44,"Inhibition of rabbit lung ACE preincubated for 5 mins by spectrophotometric assay","Confirmatory",21621881
608775,103241524,96799,"Unspecified",100009274,"IC50","=",300,"Inhibition of rabbit lung ACE preincubated for 5 mins by spectrophotometric assay","Confirmatory",21621881
608775,103280146,9837272,"Unspecified",100009274,"IC50","=",420,"Inhibition of rabbit lung ACE preincubated for 5 mins by spectrophotometric assay","Confirmatory",21621881
608775,103300982,97363,"Unspecified",100009274,"IC50","=",9200,"Inhibition of rabbit lung ACE preincubated for 5 mins by spectrophotometric assay","Confirmatory",21621881
608775,103301197,3080576,"Unspecified",100009274,"IC50","=",5400,"Inhibition of rabbit lung ACE preincubated for 5 mins by spectrophotometric assay","Confirmatory",21621881
608775,103301723,6998029,"Unspecified",100009274,"IC50","=",2500,"Inhibition of rabbit lung ACE preincubated for 5 mins by spectrophotometric assay","Confirmatory",21621881
608775,103301732,7009555,"Active",100009274,"IC50","=",7,"Inhibition of rabbit lung ACE preincubated for 5 mins by spectrophotometric assay","Confirmatory",21621881
608775,103301843,7408195,"Active",100009274,"IC50","=",3.7,"Inhibition of rabbit lung ACE preincubated for 5 mins by spectrophotometric assay","Confirmatory",21621881
608775,103301876,99278,"Unspecified",100009274,"IC50","=",5400,"Inhibition of rabbit lung ACE preincubated for 5 mins by spectrophotometric assay","Confirmatory",21621881
608775,103459071,9818200,"Active",100009274,"IC50","=",9,"Inhibition of rabbit lung ACE preincubated for 5 mins by spectrophotometric assay","Confirmatory",21621881
608775,104242375,9837455,"Unspecified",100009274,"IC50","=",9000,"Inhibition of rabbit lung ACE preincubated for 5 mins by spectrophotometric assay","Confirmatory",21621881
608775,104243022,49864681,"Unspecified",100009274,"IC50","=",57,"Inhibition of rabbit lung ACE preincubated for 5 mins by spectrophotometric assay","Confirmatory",21621881
608775,134437190,56659835,"Unspecified",100009274,"IC50","=",81,"Inhibition of rabbit lung ACE preincubated for 5 mins by spectrophotometric assay","Confirmatory",21621881
608775,134437191,14889715,"Unspecified",100009274,"IC50","=",220,"Inhibition of rabbit lung ACE preincubated for 5 mins by spectrophotometric assay","Confirmatory",21621881
608775,134437192,9921908,"Unspecified",100009274,"IC50","=",340,"Inhibition of rabbit lung ACE preincubated for 5 mins by spectrophotometric assay","Confirmatory",21621881
608775,134437193,9903507,"Unspecified",100009274,"IC50","=",97.28,"Inhibition of rabbit lung ACE preincubated for 5 mins by spectrophotometric assay","Confirmatory",21621881
608775,134441123,11989850,"Unspecified",100009274,"IC50","=",16,"Inhibition of rabbit lung ACE preincubated for 5 mins by spectrophotometric assay","Confirmatory",21621881
608775,134441124,7020642,"Unspecified",100009274,"IC50","=",210,"Inhibition of rabbit lung ACE preincubated for 5 mins by spectrophotometric assay","Confirmatory",21621881
608775,134444871,444876,"Unspecified",100009274,"IC50","=",150,"Inhibition of rabbit lung ACE preincubated for 5 mins by spectrophotometric assay","Confirmatory",21621881
608775,134444872,9795637,"Unspecified",100009274,"IC50","=",720,"Inhibition of rabbit lung ACE preincubated for 5 mins by spectrophotometric assay","Confirmatory",21621881
608775,134448822,9835925,"Active",100009274,"IC50","=",0.7,"Inhibition of rabbit lung ACE preincubated for 5 mins by spectrophotometric assay","Confirmatory",21621881
608775,134448823,15458467,"Unspecified",100009274,"IC50","=",160,"Inhibition of rabbit lung ACE preincubated for 5 mins by spectrophotometric assay","Confirmatory",21621881
608775,134448824,56670155,"Unspecified",100009274,"IC50","=",247.74,"Inhibition of rabbit lung ACE preincubated for 5 mins by spectrophotometric assay","Confirmatory",21621881
608775,134452670,54320140,"Unspecified",100009274,"IC50","=",36,"Inhibition of rabbit lung ACE preincubated for 5 mins by spectrophotometric assay","Confirmatory",21621881
608775,134452671,11858292,"Unspecified",100009274,"IC50","=",427.15,"Inhibition of rabbit lung ACE preincubated for 5 mins by spectrophotometric assay","Confirmatory",21621881
608775,134456481,56676985,"Active",100009274,"IC50","=",10,"Inhibition of rabbit lung ACE preincubated for 5 mins by spectrophotometric assay","Confirmatory",21621881
608775,134460287,10133081,"Unspecified",100009274,"IC50","=",78,"Inhibition of rabbit lung ACE preincubated for 5 mins by spectrophotometric assay","Confirmatory",21621881
608775,134464101,10473477,"Active",100009274,"IC50","=",0.32,"Inhibition of rabbit lung ACE preincubated for 5 mins by spectrophotometric assay","Confirmatory",21621881
608775,134464102,11858290,"Active",100009274,"IC50","=",2,"Inhibition of rabbit lung ACE preincubated for 5 mins by spectrophotometric assay","Confirmatory",21621881
612411,103165116,5280443,"Unspecified",100009274,"IC50","=",280,"Inhibition of rabbit lung ACE assessed as reduction in hippuryl-histidyl-leucine substrate by colorimetric assay","Confirmatory",21782455
612411,103207220,5280445,"Unspecified",100009274,"IC50","=",290,"Inhibition of rabbit lung ACE assessed as reduction in hippuryl-histidyl-leucine substrate by colorimetric assay","Confirmatory",21782455
612411,103359379,5281222,"Unspecified",100009274,"IC50","=",730,"Inhibition of rabbit lung ACE assessed as reduction in hippuryl-histidyl-leucine substrate by colorimetric assay","Confirmatory",21782455
612411,103464738,10286758,"Unspecified",100009274,"IC50","=",219,"Inhibition of rabbit lung ACE assessed as reduction in hippuryl-histidyl-leucine substrate by colorimetric assay","Confirmatory",21782455
612411,103581759,5282149,"Unspecified",100009274,"IC50","=",260,"Inhibition of rabbit lung ACE assessed as reduction in hippuryl-histidyl-leucine substrate by colorimetric assay","Confirmatory",21782455
612411,103582368,5274585,"Unspecified",100009274,"IC50","=",200,"Inhibition of rabbit lung ACE assessed as reduction in hippuryl-histidyl-leucine substrate by colorimetric assay","Confirmatory",21782455
612411,103741717,46845960,"Unspecified",100009274,"IC50","=",213,"Inhibition of rabbit lung ACE assessed as reduction in hippuryl-histidyl-leucine substrate by colorimetric assay","Confirmatory",21782455
612411,134438238,53484066,"Active",100009274,"IC50","=",2.24,"Inhibition of rabbit lung ACE assessed as reduction in hippuryl-histidyl-leucine substrate by colorimetric assay","Confirmatory",21782455
612411,134438238,53484066,"Unspecified",100009274,"Inhibition","","","Inhibition of rabbit lung ACE assessed as reduction in hippuryl-histidyl-leucine substrate by colorimetric assay","Confirmatory",21782455
612411,134438240,56661514,"Unspecified",100009274,"IC50","=",2010,"Inhibition of rabbit lung ACE assessed as reduction in hippuryl-histidyl-leucine substrate by colorimetric assay","Confirmatory",21782455
612411,134438409,56661610,"Unspecified",100009274,"IC50","=",2120,"Inhibition of rabbit lung ACE assessed as reduction in hippuryl-histidyl-leucine substrate by colorimetric assay","Confirmatory",21782455
612411,134438410,53484067,"Active",100009274,"IC50","=",2.68,"Inhibition of rabbit lung ACE assessed as reduction in hippuryl-histidyl-leucine substrate by colorimetric assay","Confirmatory",21782455
612411,134438410,53484067,"Unspecified",100009274,"Inhibition","","","Inhibition of rabbit lung ACE assessed as reduction in hippuryl-histidyl-leucine substrate by colorimetric assay","Confirmatory",21782455
612411,134442247,56665030,"Unspecified",100009274,"IC50","=",2330,"Inhibition of rabbit lung ACE assessed as reduction in hippuryl-histidyl-leucine substrate by colorimetric assay","Confirmatory",21782455
612411,134446107,56668478,"Unspecified",100009274,"IC50","=",2350,"Inhibition of rabbit lung ACE assessed as reduction in hippuryl-histidyl-leucine substrate by colorimetric assay","Confirmatory",21782455
612411,134450087,56671980,"Unspecified",100009274,"IC50","=",2220,"Inhibition of rabbit lung ACE assessed as reduction in hippuryl-histidyl-leucine substrate by colorimetric assay","Confirmatory",21782455
612411,134457721,56678698,"Unspecified",100009274,"IC50","=",1800,"Inhibition of rabbit lung ACE assessed as reduction in hippuryl-histidyl-leucine substrate by colorimetric assay","Confirmatory",21782455
612411,134461322,53484065,"Active",100009274,"IC50","=",3.6,"Inhibition of rabbit lung ACE assessed as reduction in hippuryl-histidyl-leucine substrate by colorimetric assay","Confirmatory",21782455
612411,134461322,53484065,"Unspecified",100009274,"Inhibition","","","Inhibition of rabbit lung ACE assessed as reduction in hippuryl-histidyl-leucine substrate by colorimetric assay","Confirmatory",21782455
612412,134434371,56657976,"Unspecified","","","","","Inhibition of rabbit lung ACE assessed as reduction in hippuryl-histidyl-leucine substrate at 3 uM by colorimetric assay","Other",21782455
612412,134434372,56657977,"Unspecified","","","","","Inhibition of rabbit lung ACE assessed as reduction in hippuryl-histidyl-leucine substrate at 3 uM by colorimetric assay","Other",21782455
612412,134438238,53484066,"Unspecified","","","","","Inhibition of rabbit lung ACE assessed as reduction in hippuryl-histidyl-leucine substrate at 3 uM by colorimetric assay","Other",21782455
612412,134438239,56661513,"Unspecified","","","","","Inhibition of rabbit lung ACE assessed as reduction in hippuryl-histidyl-leucine substrate at 3 uM by colorimetric assay","Other",21782455
612412,134438408,56661609,"Unspecified","","","","","Inhibition of rabbit lung ACE assessed as reduction in hippuryl-histidyl-leucine substrate at 3 uM by colorimetric assay","Other",21782455
612412,134438409,56661610,"Unspecified","","","","","Inhibition of rabbit lung ACE assessed as reduction in hippuryl-histidyl-leucine substrate at 3 uM by colorimetric assay","Other",21782455
612412,134438410,53484067,"Unspecified","","","","","Inhibition of rabbit lung ACE assessed as reduction in hippuryl-histidyl-leucine substrate at 3 uM by colorimetric assay","Other",21782455
612412,134442247,56665030,"Unspecified","","","","","Inhibition of rabbit lung ACE assessed as reduction in hippuryl-histidyl-leucine substrate at 3 uM by colorimetric assay","Other",21782455
612412,134442248,56665031,"Unspecified","","","","","Inhibition of rabbit lung ACE assessed as reduction in hippuryl-histidyl-leucine substrate at 3 uM by colorimetric assay","Other",21782455
612412,134445923,56668356,"Unspecified","","","","","Inhibition of rabbit lung ACE assessed as reduction in hippuryl-histidyl-leucine substrate at 3 uM by colorimetric assay","Other",21782455
612412,134446107,56668478,"Unspecified","","","","","Inhibition of rabbit lung ACE assessed as reduction in hippuryl-histidyl-leucine substrate at 3 uM by colorimetric assay","Other",21782455
612412,134446108,56668479,"Unspecified","","","","","Inhibition of rabbit lung ACE assessed as reduction in hippuryl-histidyl-leucine substrate at 3 uM by colorimetric assay","Other",21782455
612412,134449902,56671859,"Unspecified","","","","","Inhibition of rabbit lung ACE assessed as reduction in hippuryl-histidyl-leucine substrate at 3 uM by colorimetric assay","Other",21782455
612412,134449903,56671860,"Unspecified","","","","","Inhibition of rabbit lung ACE assessed as reduction in hippuryl-histidyl-leucine substrate at 3 uM by colorimetric assay","Other",21782455
612412,134450087,56671980,"Unspecified","","","","","Inhibition of rabbit lung ACE assessed as reduction in hippuryl-histidyl-leucine substrate at 3 uM by colorimetric assay","Other",21782455
612412,134453697,56675244,"Unspecified","","","","","Inhibition of rabbit lung ACE assessed as reduction in hippuryl-histidyl-leucine substrate at 3 uM by colorimetric assay","Other",21782455
612412,134453698,56675245,"Unspecified","","","","","Inhibition of rabbit lung ACE assessed as reduction in hippuryl-histidyl-leucine substrate at 3 uM by colorimetric assay","Other",21782455
612412,134453699,56675246,"Unspecified","","","","","Inhibition of rabbit lung ACE assessed as reduction in hippuryl-histidyl-leucine substrate at 3 uM by colorimetric assay","Other",21782455
612412,134453700,56675247,"Unspecified","","","","","Inhibition of rabbit lung ACE assessed as reduction in hippuryl-histidyl-leucine substrate at 3 uM by colorimetric assay","Other",21782455
612412,134457499,56678564,"Unspecified","","","","","Inhibition of rabbit lung ACE assessed as reduction in hippuryl-histidyl-leucine substrate at 3 uM by colorimetric assay","Other",21782455
612412,134457721,56678698,"Unspecified","","","","","Inhibition of rabbit lung ACE assessed as reduction in hippuryl-histidyl-leucine substrate at 3 uM by colorimetric assay","Other",21782455
612412,134461321,56681903,"Unspecified","","","","","Inhibition of rabbit lung ACE assessed as reduction in hippuryl-histidyl-leucine substrate at 3 uM by colorimetric assay","Other",21782455
612412,134461322,53484065,"Unspecified","","","","","Inhibition of rabbit lung ACE assessed as reduction in hippuryl-histidyl-leucine substrate at 3 uM by colorimetric assay","Other",21782455
612412,134461504,56682025,"Unspecified","","","","","Inhibition of rabbit lung ACE assessed as reduction in hippuryl-histidyl-leucine substrate at 3 uM by colorimetric assay","Other",21782455
625173,103163765,4893,"Unspecified","","IC50","","","DRUGMATRIX: Peptidase, Angiotensin Converting Enzyme enzyme inhibition (substrate: FAPGG)","Confirmatory",""
625173,103163765,4893,"Unspecified","","Ki","","","DRUGMATRIX: Peptidase, Angiotensin Converting Enzyme enzyme inhibition (substrate: FAPGG)","Confirmatory",""
625173,103163782,89594,"Unspecified","","IC50","","","DRUGMATRIX: Peptidase, Angiotensin Converting Enzyme enzyme inhibition (substrate: FAPGG)","Confirmatory",""
625173,103163782,89594,"Unspecified","","Ki","","","DRUGMATRIX: Peptidase, Angiotensin Converting Enzyme enzyme inhibition (substrate: FAPGG)","Confirmatory",""
625173,103163813,4583,"Unspecified","","IC50","","","DRUGMATRIX: Peptidase, Angiotensin Converting Enzyme enzyme inhibition (substrate: FAPGG)","Confirmatory",""
625173,103163813,4583,"Unspecified","","Ki","","","DRUGMATRIX: Peptidase, Angiotensin Converting Enzyme enzyme inhibition (substrate: FAPGG)","Confirmatory",""
625173,103163840,3715,"Unspecified","","IC50","","","DRUGMATRIX: Peptidase, Angiotensin Converting Enzyme enzyme inhibition (substrate: FAPGG)","Confirmatory",""
625173,103163840,3715,"Unspecified","","Ki","","","DRUGMATRIX: Peptidase, Angiotensin Converting Enzyme enzyme inhibition (substrate: FAPGG)","Confirmatory",""
625173,103163858,130313,"Unspecified","","IC50","","","DRUGMATRIX: Peptidase, Angiotensin Converting Enzyme enzyme inhibition (substrate: FAPGG)","Confirmatory",""
625173,103163858,130313,"Unspecified","","Ki","","","DRUGMATRIX: Peptidase, Angiotensin Converting Enzyme enzyme inhibition (substrate: FAPGG)","Confirmatory",""
625173,103163870,123630,"Unspecified","","IC50","","","DRUGMATRIX: Peptidase, Angiotensin Converting Enzyme enzyme inhibition (substrate: FAPGG)","Confirmatory",""
625173,103163870,123630,"Unspecified","","Ki","","","DRUGMATRIX: Peptidase, Angiotensin Converting Enzyme enzyme inhibition (substrate: FAPGG)","Confirmatory",""
625173,103163873,3357,"Unspecified","","IC50","","","DRUGMATRIX: Peptidase, Angiotensin Converting Enzyme enzyme inhibition (substrate: FAPGG)","Confirmatory",""
625173,103163873,3357,"Unspecified","","Ki","","","DRUGMATRIX: Peptidase, Angiotensin Converting Enzyme enzyme inhibition (substrate: FAPGG)","Confirmatory",""
625173,103163904,2764,"Unspecified","","IC50","","","DRUGMATRIX: Peptidase, Angiotensin Converting Enzyme enzyme inhibition (substrate: FAPGG)","Confirmatory",""
625173,103163904,2764,"Unspecified","","Ki","","","DRUGMATRIX: Peptidase, Angiotensin Converting Enzyme enzyme inhibition (substrate: FAPGG)","Confirmatory",""
625173,103163909,4539,"Unspecified","","IC50","","","DRUGMATRIX: Peptidase, Angiotensin Converting Enzyme enzyme inhibition (substrate: FAPGG)","Confirmatory",""
625173,103163909,4539,"Unspecified","","Ki","","","DRUGMATRIX: Peptidase, Angiotensin Converting Enzyme enzyme inhibition (substrate: FAPGG)","Confirmatory",""
625173,103163913,176155,"Unspecified","","IC50","","","DRUGMATRIX: Peptidase, Angiotensin Converting Enzyme enzyme inhibition (substrate: FAPGG)","Confirmatory",""
625173,103163913,176155,"Unspecified","","Ki","","","DRUGMATRIX: Peptidase, Angiotensin Converting Enzyme enzyme inhibition (substrate: FAPGG)","Confirmatory",""
625173,103164209,4184,"Unspecified","","IC50","","","DRUGMATRIX: Peptidase, Angiotensin Converting Enzyme enzyme inhibition (substrate: FAPGG)","Confirmatory",""
625173,103164209,4184,"Unspecified","","Ki","","","DRUGMATRIX: Peptidase, Angiotensin Converting Enzyme enzyme inhibition (substrate: FAPGG)","Confirmatory",""
625173,103164254,3702,"Unspecified","","IC50","","","DRUGMATRIX: Peptidase, Angiotensin Converting Enzyme enzyme inhibition (substrate: FAPGG)","Confirmatory",""
625173,103164254,3702,"Unspecified","","Ki","","","DRUGMATRIX: Peptidase, Angiotensin Converting Enzyme enzyme inhibition (substrate: FAPGG)","Confirmatory",""
625173,103164270,3373,"Unspecified","","IC50","","","DRUGMATRIX: Peptidase, Angiotensin Converting Enzyme enzyme inhibition (substrate: FAPGG)","Confirmatory",""
625173,103164270,3373,"Unspecified","","Ki","","","DRUGMATRIX: Peptidase, Angiotensin Converting Enzyme enzyme inhibition (substrate: FAPGG)","Confirmatory",""
625173,103164301,5591,"Unspecified","","IC50","","","DRUGMATRIX: Peptidase, Angiotensin Converting Enzyme enzyme inhibition (substrate: FAPGG)","Confirmatory",""
625173,103164301,5591,"Unspecified","","Ki","","","DRUGMATRIX: Peptidase, Angiotensin Converting Enzyme enzyme inhibition (substrate: FAPGG)","Confirmatory",""
625173,103164353,3016,"Unspecified","","IC50","","","DRUGMATRIX: Peptidase, Angiotensin Converting Enzyme enzyme inhibition (substrate: FAPGG)","Confirmatory",""
625173,103164353,3016,"Unspecified","","Ki","","","DRUGMATRIX: Peptidase, Angiotensin Converting Enzyme enzyme inhibition (substrate: FAPGG)","Confirmatory",""
625173,103164420,4171,"Unspecified","","IC50","","","DRUGMATRIX: Peptidase, Angiotensin Converting Enzyme enzyme inhibition (substrate: FAPGG)","Confirmatory",""
625173,103164420,4171,"Unspecified","","Ki","","","DRUGMATRIX: Peptidase, Angiotensin Converting Enzyme enzyme inhibition (substrate: FAPGG)","Confirmatory",""
625173,103164490,448537,"Unspecified","","IC50","","","DRUGMATRIX: Peptidase, Angiotensin Converting Enzyme enzyme inhibition (substrate: FAPGG)","Confirmatory",""
625173,103164490,448537,"Unspecified","","Ki","","","DRUGMATRIX: Peptidase, Angiotensin Converting Enzyme enzyme inhibition (substrate: FAPGG)","Confirmatory",""
625173,103164520,5831,"Unspecified","","IC50","","","DRUGMATRIX: Peptidase, Angiotensin Converting Enzyme enzyme inhibition (substrate: FAPGG)","Confirmatory",""
625173,103164520,5831,"Unspecified","","Ki","","","DRUGMATRIX: Peptidase, Angiotensin Converting Enzyme enzyme inhibition (substrate: FAPGG)","Confirmatory",""
625173,103164546,1775,"Unspecified","","IC50","","","DRUGMATRIX: Peptidase, Angiotensin Converting Enzyme enzyme inhibition (substrate: FAPGG)","Confirmatory",""
625173,103164546,1775,"Unspecified","","Ki","","","DRUGMATRIX: Peptidase, Angiotensin Converting Enzyme enzyme inhibition (substrate: FAPGG)","Confirmatory",""
625173,103164548,5284616,"Unspecified","","IC50","","","DRUGMATRIX: Peptidase, Angiotensin Converting Enzyme enzyme inhibition (substrate: FAPGG)","Confirmatory",""
625173,103164548,5284616,"Unspecified","","Ki","","","DRUGMATRIX: Peptidase, Angiotensin Converting Enzyme enzyme inhibition (substrate: FAPGG)","Confirmatory",""
625173,103164549,445643,"Unspecified","","IC50","","","DRUGMATRIX: Peptidase, Angiotensin Converting Enzyme enzyme inhibition (substrate: FAPGG)","Confirmatory",""
625173,103164549,445643,"Unspecified","","Ki","","","DRUGMATRIX: Peptidase, Angiotensin Converting Enzyme enzyme inhibition (substrate: FAPGG)","Confirmatory",""
625173,103164619,2801,"Unspecified","","IC50","","","DRUGMATRIX: Peptidase, Angiotensin Converting Enzyme enzyme inhibition (substrate: FAPGG)","Confirmatory",""
625173,103164619,2801,"Unspecified","","Ki","","","DRUGMATRIX: Peptidase, Angiotensin Converting Enzyme enzyme inhibition (substrate: FAPGG)","Confirmatory",""
625173,103164678,4114,"Unspecified","","IC50","","","DRUGMATRIX: Peptidase, Angiotensin Converting Enzyme enzyme inhibition (substrate: FAPGG)","Confirmatory",""
625173,103164678,4114,"Unspecified","","Ki","","","DRUGMATRIX: Peptidase, Angiotensin Converting Enzyme enzyme inhibition (substrate: FAPGG)","Confirmatory",""
625173,103164726,41867,"Unspecified","","IC50","","","DRUGMATRIX: Peptidase, Angiotensin Converting Enzyme enzyme inhibition (substrate: FAPGG)","Confirmatory",""
625173,103164726,41867,"Unspecified","","Ki","","","DRUGMATRIX: Peptidase, Angiotensin Converting Enzyme enzyme inhibition (substrate: FAPGG)","Confirmatory",""
625173,103164735,1986,"Unspecified","","IC50","","","DRUGMATRIX: Peptidase, Angiotensin Converting Enzyme enzyme inhibition (substrate: FAPGG)","Confirmatory",""
625173,103164735,1986,"Unspecified","","Ki","","","DRUGMATRIX: Peptidase, Angiotensin Converting Enzyme enzyme inhibition (substrate: FAPGG)","Confirmatory",""
625173,103164769,5333,"Unspecified","","IC50","","","DRUGMATRIX: Peptidase, Angiotensin Converting Enzyme enzyme inhibition (substrate: FAPGG)","Confirmatory",""
625173,103164769,5333,"Unspecified","","Ki","","","DRUGMATRIX: Peptidase, Angiotensin Converting Enzyme enzyme inhibition (substrate: FAPGG)","Confirmatory",""
625173,103164806,5702063,"Unspecified","","IC50","","","DRUGMATRIX: Peptidase, Angiotensin Converting Enzyme enzyme inhibition (substrate: FAPGG)","Confirmatory",""
625173,103164806,5702063,"Unspecified","","Ki","","","DRUGMATRIX: Peptidase, Angiotensin Converting Enzyme enzyme inhibition (substrate: FAPGG)","Confirmatory",""
625173,103164821,5339,"Unspecified","","IC50","","","DRUGMATRIX: Peptidase, Angiotensin Converting Enzyme enzyme inhibition (substrate: FAPGG)","Confirmatory",""
625173,103164821,5339,"Unspecified","","Ki","","","DRUGMATRIX: Peptidase, Angiotensin Converting Enzyme enzyme inhibition (substrate: FAPGG)","Confirmatory",""
625173,103164854,323,"Unspecified","","IC50","","","DRUGMATRIX: Peptidase, Angiotensin Converting Enzyme enzyme inhibition (substrate: FAPGG)","Confirmatory",""
625173,103164854,323,"Unspecified","","Ki","","","DRUGMATRIX: Peptidase, Angiotensin Converting Enzyme enzyme inhibition (substrate: FAPGG)","Confirmatory",""
625173,103164872,39186,"Unspecified","","IC50","","","DRUGMATRIX: Peptidase, Angiotensin Converting Enzyme enzyme inhibition (substrate: FAPGG)","Confirmatory",""
625173,103164872,39186,"Unspecified","","Ki","","","DRUGMATRIX: Peptidase, Angiotensin Converting Enzyme enzyme inhibition (substrate: FAPGG)","Confirmatory",""
625173,103164873,2249,"Unspecified","","IC50","","","DRUGMATRIX: Peptidase, Angiotensin Converting Enzyme enzyme inhibition (substrate: FAPGG)","Confirmatory",""
625173,103164873,2249,"Unspecified","","Ki","","","DRUGMATRIX: Peptidase, Angiotensin Converting Enzyme enzyme inhibition (substrate: FAPGG)","Confirmatory",""
625173,103164874,2244,"Unspecified","","IC50","","","DRUGMATRIX: Peptidase, Angiotensin Converting Enzyme enzyme inhibition (substrate: FAPGG)","Confirmatory",""
625173,103164874,2244,"Unspecified","","Ki","","","DRUGMATRIX: Peptidase, Angiotensin Converting Enzyme enzyme inhibition (substrate: FAPGG)","Confirmatory",""
625173,103164917,5566,"Unspecified","","IC50","","","DRUGMATRIX: Peptidase, Angiotensin Converting Enzyme enzyme inhibition (substrate: FAPGG)","Confirmatory",""
625173,103164917,5566,"Unspecified","","Ki","","","DRUGMATRIX: Peptidase, Angiotensin Converting Enzyme enzyme inhibition (substrate: FAPGG)","Confirmatory",""
625173,103164922,5355,"Unspecified","","IC50","","","DRUGMATRIX: Peptidase, Angiotensin Converting Enzyme enzyme inhibition (substrate: FAPGG)","Confirmatory",""
625173,103164922,5355,"Unspecified","","Ki","","","DRUGMATRIX: Peptidase, Angiotensin Converting Enzyme enzyme inhibition (substrate: FAPGG)","Confirmatory",""
625173,103164944,338,"Unspecified","","IC50","","","DRUGMATRIX: Peptidase, Angiotensin Converting Enzyme enzyme inhibition (substrate: FAPGG)","Confirmatory",""
625173,103164944,338,"Unspecified","","Ki","","","DRUGMATRIX: Peptidase, Angiotensin Converting Enzyme enzyme inhibition (substrate: FAPGG)","Confirmatory",""
625173,103164951,4946,"Unspecified","","IC50","","","DRUGMATRIX: Peptidase, Angiotensin Converting Enzyme enzyme inhibition (substrate: FAPGG)","Confirmatory",""
625173,103164951,4946,"Unspecified","","Ki","","","DRUGMATRIX: Peptidase, Angiotensin Converting Enzyme enzyme inhibition (substrate: FAPGG)","Confirmatory",""
625173,103165086,2750,"Unspecified","","IC50","","","DRUGMATRIX: Peptidase, Angiotensin Converting Enzyme enzyme inhibition (substrate: FAPGG)","Confirmatory",""
625173,103165086,2750,"Unspecified","","Ki","","","DRUGMATRIX: Peptidase, Angiotensin Converting Enzyme enzyme inhibition (substrate: FAPGG)","Confirmatory",""
625173,103165163,5904,"Unspecified","","IC50","","","DRUGMATRIX: Peptidase, Angiotensin Converting Enzyme enzyme inhibition (substrate: FAPGG)","Confirmatory",""
625173,103165163,5904,"Unspecified","","Ki","","","DRUGMATRIX: Peptidase, Angiotensin Converting Enzyme enzyme inhibition (substrate: FAPGG)","Confirmatory",""
625173,103165167,2756,"Unspecified","","IC50","","","DRUGMATRIX: Peptidase, Angiotensin Converting Enzyme enzyme inhibition (substrate: FAPGG)","Confirmatory",""
625173,103165167,2756,"Unspecified","","Ki","","","DRUGMATRIX: Peptidase, Angiotensin Converting Enzyme enzyme inhibition (substrate: FAPGG)","Confirmatory",""
625173,103165247,5379,"Unspecified","","IC50","","","DRUGMATRIX: Peptidase, Angiotensin Converting Enzyme enzyme inhibition (substrate: FAPGG)","Confirmatory",""
625173,103165247,5379,"Unspecified","","Ki","","","DRUGMATRIX: Peptidase, Angiotensin Converting Enzyme enzyme inhibition (substrate: FAPGG)","Confirmatory",""
625173,103165317,3869,"Unspecified","","IC50","","","DRUGMATRIX: Peptidase, Angiotensin Converting Enzyme enzyme inhibition (substrate: FAPGG)","Confirmatory",""
625173,103165317,3869,"Unspecified","","Ki","","","DRUGMATRIX: Peptidase, Angiotensin Converting Enzyme enzyme inhibition (substrate: FAPGG)","Confirmatory",""
625173,103165561,3639,"Unspecified","","IC50","","","DRUGMATRIX: Peptidase, Angiotensin Converting Enzyme enzyme inhibition (substrate: FAPGG)","Confirmatory",""
625173,103165561,3639,"Unspecified","","Ki","","","DRUGMATRIX: Peptidase, Angiotensin Converting Enzyme enzyme inhibition (substrate: FAPGG)","Confirmatory",""
625173,103165562,3440,"Unspecified","","IC50","","","DRUGMATRIX: Peptidase, Angiotensin Converting Enzyme enzyme inhibition (substrate: FAPGG)","Confirmatory",""
625173,103165562,3440,"Unspecified","","Ki","","","DRUGMATRIX: Peptidase, Angiotensin Converting Enzyme enzyme inhibition (substrate: FAPGG)","Confirmatory",""
625173,103165609,5340,"Unspecified","","IC50","","","DRUGMATRIX: Peptidase, Angiotensin Converting Enzyme enzyme inhibition (substrate: FAPGG)","Confirmatory",""
625173,103165609,5340,"Unspecified","","Ki","","","DRUGMATRIX: Peptidase, Angiotensin Converting Enzyme enzyme inhibition (substrate: FAPGG)","Confirmatory",""
625173,103165643,5325,"Unspecified","","IC50","","","DRUGMATRIX: Peptidase, Angiotensin Converting Enzyme enzyme inhibition (substrate: FAPGG)","Confirmatory",""
625173,103165643,5325,"Unspecified","","Ki","","","DRUGMATRIX: Peptidase, Angiotensin Converting Enzyme enzyme inhibition (substrate: FAPGG)","Confirmatory",""
625173,103165644,5215,"Unspecified","","IC50","","","DRUGMATRIX: Peptidase, Angiotensin Converting Enzyme enzyme inhibition (substrate: FAPGG)","Confirmatory",""
625173,103165644,5215,"Unspecified","","Ki","","","DRUGMATRIX: Peptidase, Angiotensin Converting Enzyme enzyme inhibition (substrate: FAPGG)","Confirmatory",""
625173,103165713,444795,"Unspecified","","IC50","","","DRUGMATRIX: Peptidase, Angiotensin Converting Enzyme enzyme inhibition (substrate: FAPGG)","Confirmatory",""
625173,103165713,444795,"Unspecified","","Ki","","","DRUGMATRIX: Peptidase, Angiotensin Converting Enzyme enzyme inhibition (substrate: FAPGG)","Confirmatory",""
625173,103165722,4763,"Unspecified","","IC50","","","DRUGMATRIX: Peptidase, Angiotensin Converting Enzyme enzyme inhibition (substrate: FAPGG)","Confirmatory",""
625173,103165722,4763,"Unspecified","","Ki","","","DRUGMATRIX: Peptidase, Angiotensin Converting Enzyme enzyme inhibition (substrate: FAPGG)","Confirmatory",""
625173,103165728,3386,"Unspecified","","IC50","","","DRUGMATRIX: Peptidase, Angiotensin Converting Enzyme enzyme inhibition (substrate: FAPGG)","Confirmatory",""
625173,103165728,3386,"Unspecified","","Ki","","","DRUGMATRIX: Peptidase, Angiotensin Converting Enzyme enzyme inhibition (substrate: FAPGG)","Confirmatory",""
625173,103165751,5329,"Unspecified","","IC50","","","DRUGMATRIX: Peptidase, Angiotensin Converting Enzyme enzyme inhibition (substrate: FAPGG)","Confirmatory",""
625173,103165751,5329,"Unspecified","","Ki","","","DRUGMATRIX: Peptidase, Angiotensin Converting Enzyme enzyme inhibition (substrate: FAPGG)","Confirmatory",""
625173,103165765,135398737,"Unspecified","","IC50","","","DRUGMATRIX: Peptidase, Angiotensin Converting Enzyme enzyme inhibition (substrate: FAPGG)","Confirmatory",""
625173,103165765,135398737,"Unspecified","","Ki","","","DRUGMATRIX: Peptidase, Angiotensin Converting Enzyme enzyme inhibition (substrate: FAPGG)","Confirmatory",""
625173,103165766,4543,"Unspecified","","IC50","","","DRUGMATRIX: Peptidase, Angiotensin Converting Enzyme enzyme inhibition (substrate: FAPGG)","Confirmatory",""
625173,103165766,4543,"Unspecified","","Ki","","","DRUGMATRIX: Peptidase, Angiotensin Converting Enzyme enzyme inhibition (substrate: FAPGG)","Confirmatory",""
625173,103165769,5327,"Unspecified","","IC50","","","DRUGMATRIX: Peptidase, Angiotensin Converting Enzyme enzyme inhibition (substrate: FAPGG)","Confirmatory",""
625173,103165769,5327,"Unspecified","","Ki","","","DRUGMATRIX: Peptidase, Angiotensin Converting Enzyme enzyme inhibition (substrate: FAPGG)","Confirmatory",""
625173,103165830,5193,"Unspecified","","IC50","","","DRUGMATRIX: Peptidase, Angiotensin Converting Enzyme enzyme inhibition (substrate: FAPGG)","Confirmatory",""
625173,103165830,5193,"Unspecified","","Ki","","","DRUGMATRIX: Peptidase, Angiotensin Converting Enzyme enzyme inhibition (substrate: FAPGG)","Confirmatory",""
625173,103165858,237,"Unspecified","","IC50","","","DRUGMATRIX: Peptidase, Angiotensin Converting Enzyme enzyme inhibition (substrate: FAPGG)","Confirmatory",""
625173,103165858,237,"Unspecified","","Ki","","","DRUGMATRIX: Peptidase, Angiotensin Converting Enzyme enzyme inhibition (substrate: FAPGG)","Confirmatory",""
625173,103165869,2164,"Unspecified","","IC50","","","DRUGMATRIX: Peptidase, Angiotensin Converting Enzyme enzyme inhibition (substrate: FAPGG)","Confirmatory",""
625173,103165869,2164,"Unspecified","","Ki","","","DRUGMATRIX: Peptidase, Angiotensin Converting Enzyme enzyme inhibition (substrate: FAPGG)","Confirmatory",""
625173,103165933,2712,"Unspecified","","IC50","","","DRUGMATRIX: Peptidase, Angiotensin Converting Enzyme enzyme inhibition (substrate: FAPGG)","Confirmatory",""
625173,103165933,2712,"Unspecified","","Ki","","","DRUGMATRIX: Peptidase, Angiotensin Converting Enzyme enzyme inhibition (substrate: FAPGG)","Confirmatory",""
625173,103165964,2802,"Unspecified","","IC50","","","DRUGMATRIX: Peptidase, Angiotensin Converting Enzyme enzyme inhibition (substrate: FAPGG)","Confirmatory",""
625173,103165964,2802,"Unspecified","","Ki","","","DRUGMATRIX: Peptidase, Angiotensin Converting Enzyme enzyme inhibition (substrate: FAPGG)","Confirmatory",""
625173,103165982,5344,"Unspecified","","IC50","","","DRUGMATRIX: Peptidase, Angiotensin Converting Enzyme enzyme inhibition (substrate: FAPGG)","Confirmatory",""
625173,103165982,5344,"Unspecified","","Ki","","","DRUGMATRIX: Peptidase, Angiotensin Converting Enzyme enzyme inhibition (substrate: FAPGG)","Confirmatory",""
625173,103166129,3278,"Unspecified","","IC50","","","DRUGMATRIX: Peptidase, Angiotensin Converting Enzyme enzyme inhibition (substrate: FAPGG)","Confirmatory",""
625173,103166129,3278,"Unspecified","","Ki","","","DRUGMATRIX: Peptidase, Angiotensin Converting Enzyme enzyme inhibition (substrate: FAPGG)","Confirmatory",""
625173,103166132,5280961,"Unspecified","","IC50","","","DRUGMATRIX: Peptidase, Angiotensin Converting Enzyme enzyme inhibition (substrate: FAPGG)","Confirmatory",""
625173,103166132,5280961,"Unspecified","","Ki","","","DRUGMATRIX: Peptidase, Angiotensin Converting Enzyme enzyme inhibition (substrate: FAPGG)","Confirmatory",""
625173,103166269,6758,"Unspecified","","IC50","","","DRUGMATRIX: Peptidase, Angiotensin Converting Enzyme enzyme inhibition (substrate: FAPGG)","Confirmatory",""
625173,103166269,6758,"Unspecified","","Ki","","","DRUGMATRIX: Peptidase, Angiotensin Converting Enzyme enzyme inhibition (substrate: FAPGG)","Confirmatory",""
625173,103166276,38409,"Unspecified","","IC50","","","DRUGMATRIX: Peptidase, Angiotensin Converting Enzyme enzyme inhibition (substrate: FAPGG)","Confirmatory",""
625173,103166276,38409,"Unspecified","","Ki","","","DRUGMATRIX: Peptidase, Angiotensin Converting Enzyme enzyme inhibition (substrate: FAPGG)","Confirmatory",""
625173,103166445,3463,"Unspecified","","IC50","","","DRUGMATRIX: Peptidase, Angiotensin Converting Enzyme enzyme inhibition (substrate: FAPGG)","Confirmatory",""
625173,103166445,3463,"Unspecified","","Ki","","","DRUGMATRIX: Peptidase, Angiotensin Converting Enzyme enzyme inhibition (substrate: FAPGG)","Confirmatory",""
625173,103166463,896,"Unspecified","","IC50","","","DRUGMATRIX: Peptidase, Angiotensin Converting Enzyme enzyme inhibition (substrate: FAPGG)","Confirmatory",""
625173,103166463,896,"Unspecified","","Ki","","","DRUGMATRIX: Peptidase, Angiotensin Converting Enzyme enzyme inhibition (substrate: FAPGG)","Confirmatory",""
625173,103166621,4595,"Unspecified","","IC50","","","DRUGMATRIX: Peptidase, Angiotensin Converting Enzyme enzyme inhibition (substrate: FAPGG)","Confirmatory",""
625173,103166621,4595,"Unspecified","","Ki","","","DRUGMATRIX: Peptidase, Angiotensin Converting Enzyme enzyme inhibition (substrate: FAPGG)","Confirmatory",""
625173,103166767,14985,"Unspecified","","IC50","","","DRUGMATRIX: Peptidase, Angiotensin Converting Enzyme enzyme inhibition (substrate: FAPGG)","Confirmatory",""
625173,103166767,14985,"Unspecified","","Ki","","","DRUGMATRIX: Peptidase, Angiotensin Converting Enzyme enzyme inhibition (substrate: FAPGG)","Confirmatory",""
625173,103166970,2477,"Unspecified","","IC50","","","DRUGMATRIX: Peptidase, Angiotensin Converting Enzyme enzyme inhibition (substrate: FAPGG)","Confirmatory",""
625173,103166970,2477,"Unspecified","","Ki","","","DRUGMATRIX: Peptidase, Angiotensin Converting Enzyme enzyme inhibition (substrate: FAPGG)","Confirmatory",""
625173,103167089,38853,"Unspecified","","IC50","","","DRUGMATRIX: Peptidase, Angiotensin Converting Enzyme enzyme inhibition (substrate: FAPGG)","Confirmatory",""
625173,103167089,38853,"Unspecified","","Ki","","","DRUGMATRIX: Peptidase, Angiotensin Converting Enzyme enzyme inhibition (substrate: FAPGG)","Confirmatory",""
625173,103167216,3559,"Unspecified","","IC50","","","DRUGMATRIX: Peptidase, Angiotensin Converting Enzyme enzyme inhibition (substrate: FAPGG)","Confirmatory",""
625173,103167216,3559,"Unspecified","","Ki","","","DRUGMATRIX: Peptidase, Angiotensin Converting Enzyme enzyme inhibition (substrate: FAPGG)","Confirmatory",""
625173,103167313,4735,"Unspecified","","IC50","","","DRUGMATRIX: Peptidase, Angiotensin Converting Enzyme enzyme inhibition (substrate: FAPGG)","Confirmatory",""
625173,103167313,4735,"Unspecified","","Ki","","","DRUGMATRIX: Peptidase, Angiotensin Converting Enzyme enzyme inhibition (substrate: FAPGG)","Confirmatory",""
625173,103167682,4463,"Unspecified","","IC50","","","DRUGMATRIX: Peptidase, Angiotensin Converting Enzyme enzyme inhibition (substrate: FAPGG)","Confirmatory",""
625173,103167682,4463,"Unspecified","","Ki","","","DRUGMATRIX: Peptidase, Angiotensin Converting Enzyme enzyme inhibition (substrate: FAPGG)","Confirmatory",""
625173,103167833,4212,"Unspecified","","IC50","","","DRUGMATRIX: Peptidase, Angiotensin Converting Enzyme enzyme inhibition (substrate: FAPGG)","Confirmatory",""
625173,103167833,4212,"Unspecified","","Ki","","","DRUGMATRIX: Peptidase, Angiotensin Converting Enzyme enzyme inhibition (substrate: FAPGG)","Confirmatory",""
625173,103168044,3657,"Unspecified","","IC50","","","DRUGMATRIX: Peptidase, Angiotensin Converting Enzyme enzyme inhibition (substrate: FAPGG)","Confirmatory",""
625173,103168044,3657,"Unspecified","","Ki","","","DRUGMATRIX: Peptidase, Angiotensin Converting Enzyme enzyme inhibition (substrate: FAPGG)","Confirmatory",""
625173,103168084,10607,"Unspecified","","IC50","","","DRUGMATRIX: Peptidase, Angiotensin Converting Enzyme enzyme inhibition (substrate: FAPGG)","Confirmatory",""
625173,103168084,10607,"Unspecified","","Ki","","","DRUGMATRIX: Peptidase, Angiotensin Converting Enzyme enzyme inhibition (substrate: FAPGG)","Confirmatory",""
625173,103168230,3767,"Unspecified","","IC50","","","DRUGMATRIX: Peptidase, Angiotensin Converting Enzyme enzyme inhibition (substrate: FAPGG)","Confirmatory",""
625173,103168230,3767,"Unspecified","","Ki","","","DRUGMATRIX: Peptidase, Angiotensin Converting Enzyme enzyme inhibition (substrate: FAPGG)","Confirmatory",""
625173,103168313,5426,"Unspecified","","IC50","","","DRUGMATRIX: Peptidase, Angiotensin Converting Enzyme enzyme inhibition (substrate: FAPGG)","Confirmatory",""
625173,103168313,5426,"Unspecified","","Ki","","","DRUGMATRIX: Peptidase, Angiotensin Converting Enzyme enzyme inhibition (substrate: FAPGG)","Confirmatory",""
625173,103168363,3826,"Unspecified","","IC50","","","DRUGMATRIX: Peptidase, Angiotensin Converting Enzyme enzyme inhibition (substrate: FAPGG)","Confirmatory",""
625173,103168363,3826,"Unspecified","","Ki","","","DRUGMATRIX: Peptidase, Angiotensin Converting Enzyme enzyme inhibition (substrate: FAPGG)","Confirmatory",""
625173,103168388,24360,"Unspecified","","IC50","","","DRUGMATRIX: Peptidase, Angiotensin Converting Enzyme enzyme inhibition (substrate: FAPGG)","Confirmatory",""
625173,103168388,24360,"Unspecified","","Ki","","","DRUGMATRIX: Peptidase, Angiotensin Converting Enzyme enzyme inhibition (substrate: FAPGG)","Confirmatory",""
625173,103168637,6228,"Unspecified","","IC50","","","DRUGMATRIX: Peptidase, Angiotensin Converting Enzyme enzyme inhibition (substrate: FAPGG)","Confirmatory",""
625173,103168637,6228,"Unspecified","","Ki","","","DRUGMATRIX: Peptidase, Angiotensin Converting Enzyme enzyme inhibition (substrate: FAPGG)","Confirmatory",""
625173,103168744,5253,"Unspecified","","IC50","","","DRUGMATRIX: Peptidase, Angiotensin Converting Enzyme enzyme inhibition (substrate: FAPGG)","Confirmatory",""
625173,103168744,5253,"Unspecified","","Ki","","","DRUGMATRIX: Peptidase, Angiotensin Converting Enzyme enzyme inhibition (substrate: FAPGG)","Confirmatory",""
625173,103168755,12124,"Unspecified","","IC50","","","DRUGMATRIX: Peptidase, Angiotensin Converting Enzyme enzyme inhibition (substrate: FAPGG)","Confirmatory",""
625173,103168755,12124,"Unspecified","","Ki","","","DRUGMATRIX: Peptidase, Angiotensin Converting Enzyme enzyme inhibition (substrate: FAPGG)","Confirmatory",""
625173,103168783,4122,"Unspecified","","IC50","","","DRUGMATRIX: Peptidase, Angiotensin Converting Enzyme enzyme inhibition (substrate: FAPGG)","Confirmatory",""
625173,103168783,4122,"Unspecified","","Ki","","","DRUGMATRIX: Peptidase, Angiotensin Converting Enzyme enzyme inhibition (substrate: FAPGG)","Confirmatory",""
625173,103168790,3488,"Unspecified","","IC50","","","DRUGMATRIX: Peptidase, Angiotensin Converting Enzyme enzyme inhibition (substrate: FAPGG)","Confirmatory",""
625173,103168790,3488,"Unspecified","","Ki","","","DRUGMATRIX: Peptidase, Angiotensin Converting Enzyme enzyme inhibition (substrate: FAPGG)","Confirmatory",""
625173,103168962,135398738,"Unspecified","","IC50","","","DRUGMATRIX: Peptidase, Angiotensin Converting Enzyme enzyme inhibition (substrate: FAPGG)","Confirmatory",""
625173,103168962,135398738,"Unspecified","","Ki","","","DRUGMATRIX: Peptidase, Angiotensin Converting Enzyme enzyme inhibition (substrate: FAPGG)","Confirmatory",""
625173,103169151,5452,"Unspecified","","IC50","","","DRUGMATRIX: Peptidase, Angiotensin Converting Enzyme enzyme inhibition (substrate: FAPGG)","Confirmatory",""
625173,103169151,5452,"Unspecified","","Ki","","","DRUGMATRIX: Peptidase, Angiotensin Converting Enzyme enzyme inhibition (substrate: FAPGG)","Confirmatory",""
625173,103169156,3883,"Unspecified","","IC50","","","DRUGMATRIX: Peptidase, Angiotensin Converting Enzyme enzyme inhibition (substrate: FAPGG)","Confirmatory",""
625173,103169156,3883,"Unspecified","","Ki","","","DRUGMATRIX: Peptidase, Angiotensin Converting Enzyme enzyme inhibition (substrate: FAPGG)","Confirmatory",""
625173,103169165,60838,"Unspecified","","IC50","","","DRUGMATRIX: Peptidase, Angiotensin Converting Enzyme enzyme inhibition (substrate: FAPGG)","Confirmatory",""
625173,103169165,60838,"Unspecified","","Ki","","","DRUGMATRIX: Peptidase, Angiotensin Converting Enzyme enzyme inhibition (substrate: FAPGG)","Confirmatory",""
625173,103169389,2726,"Unspecified","","IC50","","","DRUGMATRIX: Peptidase, Angiotensin Converting Enzyme enzyme inhibition (substrate: FAPGG)","Confirmatory",""
625173,103169389,2726,"Unspecified","","Ki","","","DRUGMATRIX: Peptidase, Angiotensin Converting Enzyme enzyme inhibition (substrate: FAPGG)","Confirmatory",""
625173,103169414,2995,"Unspecified","","IC50","","","DRUGMATRIX: Peptidase, Angiotensin Converting Enzyme enzyme inhibition (substrate: FAPGG)","Confirmatory",""
625173,103169414,2995,"Unspecified","","Ki","","","DRUGMATRIX: Peptidase, Angiotensin Converting Enzyme enzyme inhibition (substrate: FAPGG)","Confirmatory",""
625173,103169484,2145,"Unspecified","","IC50","","","DRUGMATRIX: Peptidase, Angiotensin Converting Enzyme enzyme inhibition (substrate: FAPGG)","Confirmatory",""
625173,103169484,2145,"Unspecified","","Ki","","","DRUGMATRIX: Peptidase, Angiotensin Converting Enzyme enzyme inhibition (substrate: FAPGG)","Confirmatory",""
625173,103169867,3676,"Unspecified","","IC50","","","DRUGMATRIX: Peptidase, Angiotensin Converting Enzyme enzyme inhibition (substrate: FAPGG)","Confirmatory",""
625173,103169867,3676,"Unspecified","","Ki","","","DRUGMATRIX: Peptidase, Angiotensin Converting Enzyme enzyme inhibition (substrate: FAPGG)","Confirmatory",""
625173,103170037,5284596,"Unspecified","","IC50","","","DRUGMATRIX: Peptidase, Angiotensin Converting Enzyme enzyme inhibition (substrate: FAPGG)","Confirmatory",""
625173,103170037,5284596,"Unspecified","","Ki","","","DRUGMATRIX: Peptidase, Angiotensin Converting Enzyme enzyme inhibition (substrate: FAPGG)","Confirmatory",""
625173,103170049,5035,"Unspecified","","IC50","","","DRUGMATRIX: Peptidase, Angiotensin Converting Enzyme enzyme inhibition (substrate: FAPGG)","Confirmatory",""
625173,103170049,5035,"Unspecified","","Ki","","","DRUGMATRIX: Peptidase, Angiotensin Converting Enzyme enzyme inhibition (substrate: FAPGG)","Confirmatory",""
625173,103170100,2733526,"Unspecified","","IC50","","","DRUGMATRIX: Peptidase, Angiotensin Converting Enzyme enzyme inhibition (substrate: FAPGG)","Confirmatory",""
625173,103170100,2733526,"Unspecified","","Ki","","","DRUGMATRIX: Peptidase, Angiotensin Converting Enzyme enzyme inhibition (substrate: FAPGG)","Confirmatory",""
625173,103170197,31101,"Unspecified","","IC50","","","DRUGMATRIX: Peptidase, Angiotensin Converting Enzyme enzyme inhibition (substrate: FAPGG)","Confirmatory",""
625173,103170197,31101,"Unspecified","","Ki","","","DRUGMATRIX: Peptidase, Angiotensin Converting Enzyme enzyme inhibition (substrate: FAPGG)","Confirmatory",""
625173,103170619,60700,"Unspecified","","IC50","","","DRUGMATRIX: Peptidase, Angiotensin Converting Enzyme enzyme inhibition (substrate: FAPGG)","Confirmatory",""
625173,103170619,60700,"Unspecified","","Ki","","","DRUGMATRIX: Peptidase, Angiotensin Converting Enzyme enzyme inhibition (substrate: FAPGG)","Confirmatory",""
625173,103170825,5073,"Unspecified","","IC50","","","DRUGMATRIX: Peptidase, Angiotensin Converting Enzyme enzyme inhibition (substrate: FAPGG)","Confirmatory",""
625173,103170825,5073,"Unspecified","","Ki","","","DRUGMATRIX: Peptidase, Angiotensin Converting Enzyme enzyme inhibition (substrate: FAPGG)","Confirmatory",""
625173,103170845,4168,"Unspecified","","IC50","","","DRUGMATRIX: Peptidase, Angiotensin Converting Enzyme enzyme inhibition (substrate: FAPGG)","Confirmatory",""
625173,103170845,4168,"Unspecified","","Ki","","","DRUGMATRIX: Peptidase, Angiotensin Converting Enzyme enzyme inhibition (substrate: FAPGG)","Confirmatory",""
625173,103171247,3598,"Unspecified","","IC50","","","DRUGMATRIX: Peptidase, Angiotensin Converting Enzyme enzyme inhibition (substrate: FAPGG)","Confirmatory",""
625173,103171247,3598,"Unspecified","","Ki","","","DRUGMATRIX: Peptidase, Angiotensin Converting Enzyme enzyme inhibition (substrate: FAPGG)","Confirmatory",""
625173,103171472,2907,"Unspecified","","IC50","","","DRUGMATRIX: Peptidase, Angiotensin Converting Enzyme enzyme inhibition (substrate: FAPGG)","Confirmatory",""
625173,103171472,2907,"Unspecified","","Ki","","","DRUGMATRIX: Peptidase, Angiotensin Converting Enzyme enzyme inhibition (substrate: FAPGG)","Confirmatory",""
625173,103171565,2727,"Unspecified","","IC50","","","DRUGMATRIX: Peptidase, Angiotensin Converting Enzyme enzyme inhibition (substrate: FAPGG)","Confirmatory",""
625173,103171565,2727,"Unspecified","","Ki","","","DRUGMATRIX: Peptidase, Angiotensin Converting Enzyme enzyme inhibition (substrate: FAPGG)","Confirmatory",""
625173,103171578,33624,"Unspecified","","IC50","","","DRUGMATRIX: Peptidase, Angiotensin Converting Enzyme enzyme inhibition (substrate: FAPGG)","Confirmatory",""
625173,103171578,33624,"Unspecified","","Ki","","","DRUGMATRIX: Peptidase, Angiotensin Converting Enzyme enzyme inhibition (substrate: FAPGG)","Confirmatory",""
625173,103171590,4828,"Unspecified","","IC50","","","DRUGMATRIX: Peptidase, Angiotensin Converting Enzyme enzyme inhibition (substrate: FAPGG)","Confirmatory",""
625173,103171590,4828,"Unspecified","","Ki","","","DRUGMATRIX: Peptidase, Angiotensin Converting Enzyme enzyme inhibition (substrate: FAPGG)","Confirmatory",""
625173,103171825,3637,"Unspecified","","IC50","","","DRUGMATRIX: Peptidase, Angiotensin Converting Enzyme enzyme inhibition (substrate: FAPGG)","Confirmatory",""
625173,103171825,3637,"Unspecified","","Ki","","","DRUGMATRIX: Peptidase, Angiotensin Converting Enzyme enzyme inhibition (substrate: FAPGG)","Confirmatory",""
625173,103171902,5280965,"Unspecified","","IC50","","","DRUGMATRIX: Peptidase, Angiotensin Converting Enzyme enzyme inhibition (substrate: FAPGG)","Confirmatory",""
625173,103171902,5280965,"Unspecified","","Ki","","","DRUGMATRIX: Peptidase, Angiotensin Converting Enzyme enzyme inhibition (substrate: FAPGG)","Confirmatory",""
625173,103171942,4189,"Unspecified","","IC50","","","DRUGMATRIX: Peptidase, Angiotensin Converting Enzyme enzyme inhibition (substrate: FAPGG)","Confirmatory",""
625173,103171942,4189,"Unspecified","","Ki","","","DRUGMATRIX: Peptidase, Angiotensin Converting Enzyme enzyme inhibition (substrate: FAPGG)","Confirmatory",""
625173,103172204,60490,"Unspecified","","IC50","","","DRUGMATRIX: Peptidase, Angiotensin Converting Enzyme enzyme inhibition (substrate: FAPGG)","Confirmatory",""
625173,103172204,60490,"Unspecified","","Ki","","","DRUGMATRIX: Peptidase, Angiotensin Converting Enzyme enzyme inhibition (substrate: FAPGG)","Confirmatory",""
625173,103172254,5983,"Unspecified","","IC50","","","DRUGMATRIX: Peptidase, Angiotensin Converting Enzyme enzyme inhibition (substrate: FAPGG)","Confirmatory",""
625173,103172254,5983,"Unspecified","","Ki","","","DRUGMATRIX: Peptidase, Angiotensin Converting Enzyme enzyme inhibition (substrate: FAPGG)","Confirmatory",""
625173,103172304,1935,"Unspecified","","IC50","","","DRUGMATRIX: Peptidase, Angiotensin Converting Enzyme enzyme inhibition (substrate: FAPGG)","Confirmatory",""
625173,103172304,1935,"Unspecified","","Ki","","","DRUGMATRIX: Peptidase, Angiotensin Converting Enzyme enzyme inhibition (substrate: FAPGG)","Confirmatory",""
625173,103172426,12456,"Unspecified","","IC50","","","DRUGMATRIX: Peptidase, Angiotensin Converting Enzyme enzyme inhibition (substrate: FAPGG)","Confirmatory",""
625173,103172426,12456,"Unspecified","","Ki","","","DRUGMATRIX: Peptidase, Angiotensin Converting Enzyme enzyme inhibition (substrate: FAPGG)","Confirmatory",""
625173,103172458,53232,"Unspecified","","IC50","","","DRUGMATRIX: Peptidase, Angiotensin Converting Enzyme enzyme inhibition (substrate: FAPGG)","Confirmatory",""
625173,103172458,53232,"Unspecified","","Ki","","","DRUGMATRIX: Peptidase, Angiotensin Converting Enzyme enzyme inhibition (substrate: FAPGG)","Confirmatory",""
625173,103172948,679,"Unspecified","","IC50","","","DRUGMATRIX: Peptidase, Angiotensin Converting Enzyme enzyme inhibition (substrate: FAPGG)","Confirmatory",""
625173,103172948,679,"Unspecified","","Ki","","","DRUGMATRIX: Peptidase, Angiotensin Converting Enzyme enzyme inhibition (substrate: FAPGG)","Confirmatory",""
625173,103173037,21138,"Unspecified","","IC50","","","DRUGMATRIX: Peptidase, Angiotensin Converting Enzyme enzyme inhibition (substrate: FAPGG)","Confirmatory",""
625173,103173037,21138,"Unspecified","","Ki","","","DRUGMATRIX: Peptidase, Angiotensin Converting Enzyme enzyme inhibition (substrate: FAPGG)","Confirmatory",""
625173,103173154,42574,"Unspecified","","IC50","","","DRUGMATRIX: Peptidase, Angiotensin Converting Enzyme enzyme inhibition (substrate: FAPGG)","Confirmatory",""
625173,103173154,42574,"Unspecified","","Ki","","","DRUGMATRIX: Peptidase, Angiotensin Converting Enzyme enzyme inhibition (substrate: FAPGG)","Confirmatory",""
625173,103173303,4908,"Unspecified","","IC50","","","DRUGMATRIX: Peptidase, Angiotensin Converting Enzyme enzyme inhibition (substrate: FAPGG)","Confirmatory",""
625173,103173303,4908,"Unspecified","","Ki","","","DRUGMATRIX: Peptidase, Angiotensin Converting Enzyme enzyme inhibition (substrate: FAPGG)","Confirmatory",""
625173,103173431,4037,"Unspecified","","IC50","","","DRUGMATRIX: Peptidase, Angiotensin Converting Enzyme enzyme inhibition (substrate: FAPGG)","Confirmatory",""
625173,103173431,4037,"Unspecified","","Ki","","","DRUGMATRIX: Peptidase, Angiotensin Converting Enzyme enzyme inhibition (substrate: FAPGG)","Confirmatory",""
625173,103173542,4992,"Unspecified","","IC50","","","DRUGMATRIX: Peptidase, Angiotensin Converting Enzyme enzyme inhibition (substrate: FAPGG)","Confirmatory",""
625173,103173542,4992,"Unspecified","","Ki","","","DRUGMATRIX: Peptidase, Angiotensin Converting Enzyme enzyme inhibition (substrate: FAPGG)","Confirmatory",""
625173,103173718,2578,"Unspecified","","IC50","","","DRUGMATRIX: Peptidase, Angiotensin Converting Enzyme enzyme inhibition (substrate: FAPGG)","Confirmatory",""
625173,103173718,2578,"Unspecified","","Ki","","","DRUGMATRIX: Peptidase, Angiotensin Converting Enzyme enzyme inhibition (substrate: FAPGG)","Confirmatory",""
625173,103173757,5198,"Unspecified","","IC50","","","DRUGMATRIX: Peptidase, Angiotensin Converting Enzyme enzyme inhibition (substrate: FAPGG)","Confirmatory",""
625173,103173757,5198,"Unspecified","","Ki","","","DRUGMATRIX: Peptidase, Angiotensin Converting Enzyme enzyme inhibition (substrate: FAPGG)","Confirmatory",""
625173,103173774,3950,"Unspecified","","IC50","","","DRUGMATRIX: Peptidase, Angiotensin Converting Enzyme enzyme inhibition (substrate: FAPGG)","Confirmatory",""
625173,103173774,3950,"Unspecified","","Ki","","","DRUGMATRIX: Peptidase, Angiotensin Converting Enzyme enzyme inhibition (substrate: FAPGG)","Confirmatory",""
625173,103173870,2708,"Unspecified","","IC50","","","DRUGMATRIX: Peptidase, Angiotensin Converting Enzyme enzyme inhibition (substrate: FAPGG)","Confirmatory",""
625173,103173870,2708,"Unspecified","","Ki","","","DRUGMATRIX: Peptidase, Angiotensin Converting Enzyme enzyme inhibition (substrate: FAPGG)","Confirmatory",""
625173,103173872,2913,"Unspecified","","IC50","","","DRUGMATRIX: Peptidase, Angiotensin Converting Enzyme enzyme inhibition (substrate: FAPGG)","Confirmatory",""
625173,103173872,2913,"Unspecified","","Ki","","","DRUGMATRIX: Peptidase, Angiotensin Converting Enzyme enzyme inhibition (substrate: FAPGG)","Confirmatory",""
625173,103173925,3698,"Unspecified","","IC50","","","DRUGMATRIX: Peptidase, Angiotensin Converting Enzyme enzyme inhibition (substrate: FAPGG)","Confirmatory",""
625173,103173925,3698,"Unspecified","","Ki","","","DRUGMATRIX: Peptidase, Angiotensin Converting Enzyme enzyme inhibition (substrate: FAPGG)","Confirmatory",""
625173,103174312,51081,"Unspecified","","IC50","","","DRUGMATRIX: Peptidase, Angiotensin Converting Enzyme enzyme inhibition (substrate: FAPGG)","Confirmatory",""
625173,103174312,51081,"Unspecified","","Ki","","","DRUGMATRIX: Peptidase, Angiotensin Converting Enzyme enzyme inhibition (substrate: FAPGG)","Confirmatory",""
625173,103174429,1221,"Unspecified","","IC50","","","DRUGMATRIX: Peptidase, Angiotensin Converting Enzyme enzyme inhibition (substrate: FAPGG)","Confirmatory",""
625173,103174429,1221,"Unspecified","","Ki","","","DRUGMATRIX: Peptidase, Angiotensin Converting Enzyme enzyme inhibition (substrate: FAPGG)","Confirmatory",""
625173,103174500,3672,"Unspecified","","IC50","","","DRUGMATRIX: Peptidase, Angiotensin Converting Enzyme enzyme inhibition (substrate: FAPGG)","Confirmatory",""
625173,103174500,3672,"Unspecified","","Ki","","","DRUGMATRIX: Peptidase, Angiotensin Converting Enzyme enzyme inhibition (substrate: FAPGG)","Confirmatory",""
625173,103174523,4496,"Unspecified","","IC50","","","DRUGMATRIX: Peptidase, Angiotensin Converting Enzyme enzyme inhibition (substrate: FAPGG)","Confirmatory",""
625173,103174523,4496,"Unspecified","","Ki","","","DRUGMATRIX: Peptidase, Angiotensin Converting Enzyme enzyme inhibition (substrate: FAPGG)","Confirmatory",""
625173,103174569,4506,"Unspecified","","IC50","","","DRUGMATRIX: Peptidase, Angiotensin Converting Enzyme enzyme inhibition (substrate: FAPGG)","Confirmatory",""
625173,103174569,4506,"Unspecified","","Ki","","","DRUGMATRIX: Peptidase, Angiotensin Converting Enzyme enzyme inhibition (substrate: FAPGG)","Confirmatory",""
625173,103174641,4943,"Unspecified","","IC50","","","DRUGMATRIX: Peptidase, Angiotensin Converting Enzyme enzyme inhibition (substrate: FAPGG)","Confirmatory",""
625173,103174641,4943,"Unspecified","","Ki","","","DRUGMATRIX: Peptidase, Angiotensin Converting Enzyme enzyme inhibition (substrate: FAPGG)","Confirmatory",""
625173,103174787,54676228,"Unspecified","","IC50","","","DRUGMATRIX: Peptidase, Angiotensin Converting Enzyme enzyme inhibition (substrate: FAPGG)","Confirmatory",""
625173,103174787,54676228,"Unspecified","","Ki","","","DRUGMATRIX: Peptidase, Angiotensin Converting Enzyme enzyme inhibition (substrate: FAPGG)","Confirmatory",""
625173,103175225,4781,"Unspecified","","IC50","","","DRUGMATRIX: Peptidase, Angiotensin Converting Enzyme enzyme inhibition (substrate: FAPGG)","Confirmatory",""
625173,103175225,4781,"Unspecified","","Ki","","","DRUGMATRIX: Peptidase, Angiotensin Converting Enzyme enzyme inhibition (substrate: FAPGG)","Confirmatory",""
625173,103175236,447043,"Unspecified","","IC50","","","DRUGMATRIX: Peptidase, Angiotensin Converting Enzyme enzyme inhibition (substrate: FAPGG)","Confirmatory",""
625173,103175236,447043,"Unspecified","","Ki","","","DRUGMATRIX: Peptidase, Angiotensin Converting Enzyme enzyme inhibition (substrate: FAPGG)","Confirmatory",""
625173,103175300,47811,"Unspecified","","IC50","","","DRUGMATRIX: Peptidase, Angiotensin Converting Enzyme enzyme inhibition (substrate: FAPGG)","Confirmatory",""
625173,103175300,47811,"Unspecified","","Ki","","","DRUGMATRIX: Peptidase, Angiotensin Converting Enzyme enzyme inhibition (substrate: FAPGG)","Confirmatory",""
625173,103175312,12560,"Unspecified","","IC50","","","DRUGMATRIX: Peptidase, Angiotensin Converting Enzyme enzyme inhibition (substrate: FAPGG)","Confirmatory",""
625173,103175312,12560,"Unspecified","","Ki","","","DRUGMATRIX: Peptidase, Angiotensin Converting Enzyme enzyme inhibition (substrate: FAPGG)","Confirmatory",""
625173,103175608,5994,"Unspecified","","IC50","","","DRUGMATRIX: Peptidase, Angiotensin Converting Enzyme enzyme inhibition (substrate: FAPGG)","Confirmatory",""
625173,103175608,5994,"Unspecified","","Ki","","","DRUGMATRIX: Peptidase, Angiotensin Converting Enzyme enzyme inhibition (substrate: FAPGG)","Confirmatory",""
625173,103175725,3827,"Unspecified","","IC50","","","DRUGMATRIX: Peptidase, Angiotensin Converting Enzyme enzyme inhibition (substrate: FAPGG)","Confirmatory",""
625173,103175725,3827,"Unspecified","","Ki","","","DRUGMATRIX: Peptidase, Angiotensin Converting Enzyme enzyme inhibition (substrate: FAPGG)","Confirmatory",""
625173,103176121,243,"Unspecified","","IC50","","","DRUGMATRIX: Peptidase, Angiotensin Converting Enzyme enzyme inhibition (substrate: FAPGG)","Confirmatory",""
625173,103176121,243,"Unspecified","","Ki","","","DRUGMATRIX: Peptidase, Angiotensin Converting Enzyme enzyme inhibition (substrate: FAPGG)","Confirmatory",""
625173,103176152,77918,"Unspecified","","IC50","","","DRUGMATRIX: Peptidase, Angiotensin Converting Enzyme enzyme inhibition (substrate: FAPGG)","Confirmatory",""
625173,103176152,77918,"Unspecified","","Ki","","","DRUGMATRIX: Peptidase, Angiotensin Converting Enzyme enzyme inhibition (substrate: FAPGG)","Confirmatory",""
625173,103176185,6421,"Unspecified","","IC50","","","DRUGMATRIX: Peptidase, Angiotensin Converting Enzyme enzyme inhibition (substrate: FAPGG)","Confirmatory",""
625173,103176185,6421,"Unspecified","","Ki","","","DRUGMATRIX: Peptidase, Angiotensin Converting Enzyme enzyme inhibition (substrate: FAPGG)","Confirmatory",""
625173,103176204,996,"Unspecified","","IC50","","","DRUGMATRIX: Peptidase, Angiotensin Converting Enzyme enzyme inhibition (substrate: FAPGG)","Confirmatory",""
625173,103176204,996,"Unspecified","","Ki","","","DRUGMATRIX: Peptidase, Angiotensin Converting Enzyme enzyme inhibition (substrate: FAPGG)","Confirmatory",""
625173,103176241,2812,"Unspecified","","IC50","","","DRUGMATRIX: Peptidase, Angiotensin Converting Enzyme enzyme inhibition (substrate: FAPGG)","Confirmatory",""
625173,103176241,2812,"Unspecified","","Ki","","","DRUGMATRIX: Peptidase, Angiotensin Converting Enzyme enzyme inhibition (substrate: FAPGG)","Confirmatory",""
625173,103176321,5746,"Unspecified","","IC50","","","DRUGMATRIX: Peptidase, Angiotensin Converting Enzyme enzyme inhibition (substrate: FAPGG)","Confirmatory",""
625173,103176321,5746,"Unspecified","","Ki","","","DRUGMATRIX: Peptidase, Angiotensin Converting Enzyme enzyme inhibition (substrate: FAPGG)","Confirmatory",""
625173,103176346,702,"Unspecified","","IC50","","","DRUGMATRIX: Peptidase, Angiotensin Converting Enzyme enzyme inhibition (substrate: FAPGG)","Confirmatory",""
625173,103176346,702,"Unspecified","","Ki","","","DRUGMATRIX: Peptidase, Angiotensin Converting Enzyme enzyme inhibition (substrate: FAPGG)","Confirmatory",""
625173,103176475,3365,"Unspecified","","IC50","","","DRUGMATRIX: Peptidase, Angiotensin Converting Enzyme enzyme inhibition (substrate: FAPGG)","Confirmatory",""
625173,103176475,3365,"Unspecified","","Ki","","","DRUGMATRIX: Peptidase, Angiotensin Converting Enzyme enzyme inhibition (substrate: FAPGG)","Confirmatory",""
625173,103176635,5282379,"Unspecified","","IC50","","","DRUGMATRIX: Peptidase, Angiotensin Converting Enzyme enzyme inhibition (substrate: FAPGG)","Confirmatory",""
625173,103176635,5282379,"Unspecified","","Ki","","","DRUGMATRIX: Peptidase, Angiotensin Converting Enzyme enzyme inhibition (substrate: FAPGG)","Confirmatory",""
625173,103177051,2771,"Unspecified","","IC50","","","DRUGMATRIX: Peptidase, Angiotensin Converting Enzyme enzyme inhibition (substrate: FAPGG)","Confirmatory",""
625173,103177051,2771,"Unspecified","","Ki","","","DRUGMATRIX: Peptidase, Angiotensin Converting Enzyme enzyme inhibition (substrate: FAPGG)","Confirmatory",""
625173,103177124,6167,"Unspecified","","IC50","","","DRUGMATRIX: Peptidase, Angiotensin Converting Enzyme enzyme inhibition (substrate: FAPGG)","Confirmatory",""
625173,103177124,6167,"Unspecified","","Ki","","","DRUGMATRIX: Peptidase, Angiotensin Converting Enzyme enzyme inhibition (substrate: FAPGG)","Confirmatory",""
625173,103177753,2554,"Unspecified","","IC50","","","DRUGMATRIX: Peptidase, Angiotensin Converting Enzyme enzyme inhibition (substrate: FAPGG)","Confirmatory",""
625173,103177753,2554,"Unspecified","","Ki","","","DRUGMATRIX: Peptidase, Angiotensin Converting Enzyme enzyme inhibition (substrate: FAPGG)","Confirmatory",""
625173,103177857,8969,"Unspecified","","IC50","","","DRUGMATRIX: Peptidase, Angiotensin Converting Enzyme enzyme inhibition (substrate: FAPGG)","Confirmatory",""
625173,103177857,8969,"Unspecified","","Ki","","","DRUGMATRIX: Peptidase, Angiotensin Converting Enzyme enzyme inhibition (substrate: FAPGG)","Confirmatory",""
625173,103177883,3121,"Unspecified","","IC50","","","DRUGMATRIX: Peptidase, Angiotensin Converting Enzyme enzyme inhibition (substrate: FAPGG)","Confirmatory",""
625173,103177883,3121,"Unspecified","","Ki","","","DRUGMATRIX: Peptidase, Angiotensin Converting Enzyme enzyme inhibition (substrate: FAPGG)","Confirmatory",""
625173,103178022,60021,"Unspecified","","IC50","","","DRUGMATRIX: Peptidase, Angiotensin Converting Enzyme enzyme inhibition (substrate: FAPGG)","Confirmatory",""
625173,103178022,60021,"Unspecified","","Ki","","","DRUGMATRIX: Peptidase, Angiotensin Converting Enzyme enzyme inhibition (substrate: FAPGG)","Confirmatory",""
625173,103178054,5517,"Unspecified","","IC50","","","DRUGMATRIX: Peptidase, Angiotensin Converting Enzyme enzyme inhibition (substrate: FAPGG)","Confirmatory",""
625173,103178054,5517,"Unspecified","","Ki","","","DRUGMATRIX: Peptidase, Angiotensin Converting Enzyme enzyme inhibition (substrate: FAPGG)","Confirmatory",""
625173,103178134,71188,"Unspecified","","IC50","","","DRUGMATRIX: Peptidase, Angiotensin Converting Enzyme enzyme inhibition (substrate: FAPGG)","Confirmatory",""
625173,103178134,71188,"Unspecified","","Ki","","","DRUGMATRIX: Peptidase, Angiotensin Converting Enzyme enzyme inhibition (substrate: FAPGG)","Confirmatory",""
625173,103178542,4178,"Unspecified","","IC50","","","DRUGMATRIX: Peptidase, Angiotensin Converting Enzyme enzyme inhibition (substrate: FAPGG)","Confirmatory",""
625173,103178542,4178,"Unspecified","","Ki","","","DRUGMATRIX: Peptidase, Angiotensin Converting Enzyme enzyme inhibition (substrate: FAPGG)","Confirmatory",""
625173,103178831,3948,"Unspecified","","IC50","","","DRUGMATRIX: Peptidase, Angiotensin Converting Enzyme enzyme inhibition (substrate: FAPGG)","Confirmatory",""
625173,103178831,3948,"Unspecified","","Ki","","","DRUGMATRIX: Peptidase, Angiotensin Converting Enzyme enzyme inhibition (substrate: FAPGG)","Confirmatory",""
625173,103178852,441140,"Unspecified","","IC50","","","DRUGMATRIX: Peptidase, Angiotensin Converting Enzyme enzyme inhibition (substrate: FAPGG)","Confirmatory",""
625173,103178852,441140,"Unspecified","","Ki","","","DRUGMATRIX: Peptidase, Angiotensin Converting Enzyme enzyme inhibition (substrate: FAPGG)","Confirmatory",""
625173,103178857,3394,"Unspecified","","IC50","","","DRUGMATRIX: Peptidase, Angiotensin Converting Enzyme enzyme inhibition (substrate: FAPGG)","Confirmatory",""
625173,103178857,3394,"Unspecified","","Ki","","","DRUGMATRIX: Peptidase, Angiotensin Converting Enzyme enzyme inhibition (substrate: FAPGG)","Confirmatory",""
625173,103178920,4926,"Unspecified","","IC50","","","DRUGMATRIX: Peptidase, Angiotensin Converting Enzyme enzyme inhibition (substrate: FAPGG)","Confirmatory",""
625173,103178920,4926,"Unspecified","","Ki","","","DRUGMATRIX: Peptidase, Angiotensin Converting Enzyme enzyme inhibition (substrate: FAPGG)","Confirmatory",""
625173,103178942,2796,"Unspecified","","IC50","","","DRUGMATRIX: Peptidase, Angiotensin Converting Enzyme enzyme inhibition (substrate: FAPGG)","Confirmatory",""
625173,103178942,2796,"Unspecified","","Ki","","","DRUGMATRIX: Peptidase, Angiotensin Converting Enzyme enzyme inhibition (substrate: FAPGG)","Confirmatory",""
625173,103178971,1983,"Unspecified","","IC50","","","DRUGMATRIX: Peptidase, Angiotensin Converting Enzyme enzyme inhibition (substrate: FAPGG)","Confirmatory",""
625173,103178971,1983,"Unspecified","","Ki","","","DRUGMATRIX: Peptidase, Angiotensin Converting Enzyme enzyme inhibition (substrate: FAPGG)","Confirmatory",""
625173,103178995,2519,"Unspecified","","IC50","","","DRUGMATRIX: Peptidase, Angiotensin Converting Enzyme enzyme inhibition (substrate: FAPGG)","Confirmatory",""
625173,103178995,2519,"Unspecified","","Ki","","","DRUGMATRIX: Peptidase, Angiotensin Converting Enzyme enzyme inhibition (substrate: FAPGG)","Confirmatory",""
625173,103179006,4754,"Unspecified","","IC50","","","DRUGMATRIX: Peptidase, Angiotensin Converting Enzyme enzyme inhibition (substrate: FAPGG)","Confirmatory",""
625173,103179006,4754,"Unspecified","","Ki","","","DRUGMATRIX: Peptidase, Angiotensin Converting Enzyme enzyme inhibition (substrate: FAPGG)","Confirmatory",""
625173,103179008,4748,"Unspecified","","IC50","","","DRUGMATRIX: Peptidase, Angiotensin Converting Enzyme enzyme inhibition (substrate: FAPGG)","Confirmatory",""
625173,103179008,4748,"Unspecified","","Ki","","","DRUGMATRIX: Peptidase, Angiotensin Converting Enzyme enzyme inhibition (substrate: FAPGG)","Confirmatory",""
625173,103179013,1548887,"Unspecified","","IC50","","","DRUGMATRIX: Peptidase, Angiotensin Converting Enzyme enzyme inhibition (substrate: FAPGG)","Confirmatory",""
625173,103179013,1548887,"Unspecified","","Ki","","","DRUGMATRIX: Peptidase, Angiotensin Converting Enzyme enzyme inhibition (substrate: FAPGG)","Confirmatory",""
625173,103179042,2537,"Unspecified","","IC50","","","DRUGMATRIX: Peptidase, Angiotensin Converting Enzyme enzyme inhibition (substrate: FAPGG)","Confirmatory",""
625173,103179042,2537,"Unspecified","","Ki","","","DRUGMATRIX: Peptidase, Angiotensin Converting Enzyme enzyme inhibition (substrate: FAPGG)","Confirmatory",""
625173,103179077,4914,"Unspecified","","IC50","","","DRUGMATRIX: Peptidase, Angiotensin Converting Enzyme enzyme inhibition (substrate: FAPGG)","Confirmatory",""
625173,103179077,4914,"Unspecified","","Ki","","","DRUGMATRIX: Peptidase, Angiotensin Converting Enzyme enzyme inhibition (substrate: FAPGG)","Confirmatory",""
625173,103179087,3825,"Unspecified","","IC50","","","DRUGMATRIX: Peptidase, Angiotensin Converting Enzyme enzyme inhibition (substrate: FAPGG)","Confirmatory",""
625173,103179087,3825,"Unspecified","","Ki","","","DRUGMATRIX: Peptidase, Angiotensin Converting Enzyme enzyme inhibition (substrate: FAPGG)","Confirmatory",""
625173,103179088,6604200,"Unspecified","","IC50","","","DRUGMATRIX: Peptidase, Angiotensin Converting Enzyme enzyme inhibition (substrate: FAPGG)","Confirmatory",""
625173,103179088,6604200,"Unspecified","","Ki","","","DRUGMATRIX: Peptidase, Angiotensin Converting Enzyme enzyme inhibition (substrate: FAPGG)","Confirmatory",""
625173,103179099,7961,"Unspecified","","IC50","","","DRUGMATRIX: Peptidase, Angiotensin Converting Enzyme enzyme inhibition (substrate: FAPGG)","Confirmatory",""
625173,103179099,7961,"Unspecified","","Ki","","","DRUGMATRIX: Peptidase, Angiotensin Converting Enzyme enzyme inhibition (substrate: FAPGG)","Confirmatory",""
625173,103179145,938,"Unspecified","","IC50","","","DRUGMATRIX: Peptidase, Angiotensin Converting Enzyme enzyme inhibition (substrate: FAPGG)","Confirmatory",""
625173,103179145,938,"Unspecified","","Ki","","","DRUGMATRIX: Peptidase, Angiotensin Converting Enzyme enzyme inhibition (substrate: FAPGG)","Confirmatory",""
625173,103179208,6278,"Unspecified","","IC50","","","DRUGMATRIX: Peptidase, Angiotensin Converting Enzyme enzyme inhibition (substrate: FAPGG)","Confirmatory",""
625173,103179208,6278,"Unspecified","","Ki","","","DRUGMATRIX: Peptidase, Angiotensin Converting Enzyme enzyme inhibition (substrate: FAPGG)","Confirmatory",""
625173,103179212,2337,"Unspecified","","IC50","","","DRUGMATRIX: Peptidase, Angiotensin Converting Enzyme enzyme inhibition (substrate: FAPGG)","Confirmatory",""
625173,103179212,2337,"Unspecified","","Ki","","","DRUGMATRIX: Peptidase, Angiotensin Converting Enzyme enzyme inhibition (substrate: FAPGG)","Confirmatory",""
625173,103179319,5388962,"Active","","IC50","=",3.33,"DRUGMATRIX: Peptidase, Angiotensin Converting Enzyme enzyme inhibition (substrate: FAPGG)","Confirmatory",""
625173,103179319,5388962,"Unspecified","","Ki","","","DRUGMATRIX: Peptidase, Angiotensin Converting Enzyme enzyme inhibition (substrate: FAPGG)","Confirmatory",""
625173,103179427,3958,"Unspecified","","IC50","","","DRUGMATRIX: Peptidase, Angiotensin Converting Enzyme enzyme inhibition (substrate: FAPGG)","Confirmatory",""
625173,103179427,3958,"Unspecified","","Ki","","","DRUGMATRIX: Peptidase, Angiotensin Converting Enzyme enzyme inhibition (substrate: FAPGG)","Confirmatory",""
625173,103179577,72474,"Unspecified","","IC50","","","DRUGMATRIX: Peptidase, Angiotensin Converting Enzyme enzyme inhibition (substrate: FAPGG)","Confirmatory",""
625173,103179577,72474,"Unspecified","","Ki","","","DRUGMATRIX: Peptidase, Angiotensin Converting Enzyme enzyme inhibition (substrate: FAPGG)","Confirmatory",""
625173,103179606,441243,"Unspecified","","IC50","","","DRUGMATRIX: Peptidase, Angiotensin Converting Enzyme enzyme inhibition (substrate: FAPGG)","Confirmatory",""
625173,103179606,441243,"Unspecified","","Ki","","","DRUGMATRIX: Peptidase, Angiotensin Converting Enzyme enzyme inhibition (substrate: FAPGG)","Confirmatory",""
625173,103179760,65016,"Unspecified","","IC50","","","DRUGMATRIX: Peptidase, Angiotensin Converting Enzyme enzyme inhibition (substrate: FAPGG)","Confirmatory",""
625173,103179760,65016,"Unspecified","","Ki","","","DRUGMATRIX: Peptidase, Angiotensin Converting Enzyme enzyme inhibition (substrate: FAPGG)","Confirmatory",""
625173,103179819,5546,"Unspecified","","IC50","","","DRUGMATRIX: Peptidase, Angiotensin Converting Enzyme enzyme inhibition (substrate: FAPGG)","Confirmatory",""
625173,103179819,5546,"Unspecified","","Ki","","","DRUGMATRIX: Peptidase, Angiotensin Converting Enzyme enzyme inhibition (substrate: FAPGG)","Confirmatory",""
625173,103181002,2662,"Unspecified","","IC50","","","DRUGMATRIX: Peptidase, Angiotensin Converting Enzyme enzyme inhibition (substrate: FAPGG)","Confirmatory",""
625173,103181002,2662,"Unspecified","","Ki","","","DRUGMATRIX: Peptidase, Angiotensin Converting Enzyme enzyme inhibition (substrate: FAPGG)","Confirmatory",""
625173,103181781,5405,"Unspecified","","IC50","","","DRUGMATRIX: Peptidase, Angiotensin Converting Enzyme enzyme inhibition (substrate: FAPGG)","Confirmatory",""
625173,103181781,5405,"Unspecified","","Ki","","","DRUGMATRIX: Peptidase, Angiotensin Converting Enzyme enzyme inhibition (substrate: FAPGG)","Confirmatory",""
625173,103181943,4829,"Unspecified","","IC50","","","DRUGMATRIX: Peptidase, Angiotensin Converting Enzyme enzyme inhibition (substrate: FAPGG)","Confirmatory",""
625173,103181943,4829,"Unspecified","","Ki","","","DRUGMATRIX: Peptidase, Angiotensin Converting Enzyme enzyme inhibition (substrate: FAPGG)","Confirmatory",""
625173,103182298,5775,"Unspecified","","IC50","","","DRUGMATRIX: Peptidase, Angiotensin Converting Enzyme enzyme inhibition (substrate: FAPGG)","Confirmatory",""
625173,103182298,5775,"Unspecified","","Ki","","","DRUGMATRIX: Peptidase, Angiotensin Converting Enzyme enzyme inhibition (substrate: FAPGG)","Confirmatory",""
625173,103182595,54677470,"Unspecified","","IC50","","","DRUGMATRIX: Peptidase, Angiotensin Converting Enzyme enzyme inhibition (substrate: FAPGG)","Confirmatory",""
625173,103182595,54677470,"Unspecified","","Ki","","","DRUGMATRIX: Peptidase, Angiotensin Converting Enzyme enzyme inhibition (substrate: FAPGG)","Confirmatory",""
625173,103183095,5087,"Unspecified","","IC50","","","DRUGMATRIX: Peptidase, Angiotensin Converting Enzyme enzyme inhibition (substrate: FAPGG)","Confirmatory",""
625173,103183095,5087,"Unspecified","","Ki","","","DRUGMATRIX: Peptidase, Angiotensin Converting Enzyme enzyme inhibition (substrate: FAPGG)","Confirmatory",""
625173,103183576,5717,"Unspecified","","IC50","","","DRUGMATRIX: Peptidase, Angiotensin Converting Enzyme enzyme inhibition (substrate: FAPGG)","Confirmatory",""
625173,103183576,5717,"Unspecified","","Ki","","","DRUGMATRIX: Peptidase, Angiotensin Converting Enzyme enzyme inhibition (substrate: FAPGG)","Confirmatory",""
625173,103183701,5352624,"Unspecified","","IC50","","","DRUGMATRIX: Peptidase, Angiotensin Converting Enzyme enzyme inhibition (substrate: FAPGG)","Confirmatory",""
625173,103183701,5352624,"Unspecified","","Ki","","","DRUGMATRIX: Peptidase, Angiotensin Converting Enzyme enzyme inhibition (substrate: FAPGG)","Confirmatory",""
625173,103183748,5090,"Unspecified","","IC50","","","DRUGMATRIX: Peptidase, Angiotensin Converting Enzyme enzyme inhibition (substrate: FAPGG)","Confirmatory",""
625173,103183748,5090,"Unspecified","","Ki","","","DRUGMATRIX: Peptidase, Angiotensin Converting Enzyme enzyme inhibition (substrate: FAPGG)","Confirmatory",""
625173,103183749,4810,"Unspecified","","IC50","","","DRUGMATRIX: Peptidase, Angiotensin Converting Enzyme enzyme inhibition (substrate: FAPGG)","Confirmatory",""
625173,103183749,4810,"Unspecified","","Ki","","","DRUGMATRIX: Peptidase, Angiotensin Converting Enzyme enzyme inhibition (substrate: FAPGG)","Confirmatory",""
625173,103183767,4680,"Unspecified","","IC50","","","DRUGMATRIX: Peptidase, Angiotensin Converting Enzyme enzyme inhibition (substrate: FAPGG)","Confirmatory",""
625173,103183767,4680,"Unspecified","","Ki","","","DRUGMATRIX: Peptidase, Angiotensin Converting Enzyme enzyme inhibition (substrate: FAPGG)","Confirmatory",""
625173,103183978,28693,"Unspecified","","IC50","","","DRUGMATRIX: Peptidase, Angiotensin Converting Enzyme enzyme inhibition (substrate: FAPGG)","Confirmatory",""
625173,103183978,28693,"Unspecified","","Ki","","","DRUGMATRIX: Peptidase, Angiotensin Converting Enzyme enzyme inhibition (substrate: FAPGG)","Confirmatory",""
625173,103184643,4912,"Unspecified","","IC50","","","DRUGMATRIX: Peptidase, Angiotensin Converting Enzyme enzyme inhibition (substrate: FAPGG)","Confirmatory",""
625173,103184643,4912,"Unspecified","","Ki","","","DRUGMATRIX: Peptidase, Angiotensin Converting Enzyme enzyme inhibition (substrate: FAPGG)","Confirmatory",""
625173,103184855,3965,"Unspecified","","IC50","","","DRUGMATRIX: Peptidase, Angiotensin Converting Enzyme enzyme inhibition (substrate: FAPGG)","Confirmatory",""
625173,103184855,3965,"Unspecified","","Ki","","","DRUGMATRIX: Peptidase, Angiotensin Converting Enzyme enzyme inhibition (substrate: FAPGG)","Confirmatory",""
625173,103185057,5401,"Unspecified","","IC50","","","DRUGMATRIX: Peptidase, Angiotensin Converting Enzyme enzyme inhibition (substrate: FAPGG)","Confirmatory",""
625173,103185057,5401,"Unspecified","","Ki","","","DRUGMATRIX: Peptidase, Angiotensin Converting Enzyme enzyme inhibition (substrate: FAPGG)","Confirmatory",""
625173,103185469,1046,"Unspecified","","IC50","","","DRUGMATRIX: Peptidase, Angiotensin Converting Enzyme enzyme inhibition (substrate: FAPGG)","Confirmatory",""
625173,103185469,1046,"Unspecified","","Ki","","","DRUGMATRIX: Peptidase, Angiotensin Converting Enzyme enzyme inhibition (substrate: FAPGG)","Confirmatory",""
625173,103186411,5386,"Unspecified","","IC50","","","DRUGMATRIX: Peptidase, Angiotensin Converting Enzyme enzyme inhibition (substrate: FAPGG)","Confirmatory",""
625173,103186411,5386,"Unspecified","","Ki","","","DRUGMATRIX: Peptidase, Angiotensin Converting Enzyme enzyme inhibition (substrate: FAPGG)","Confirmatory",""
625173,103188146,441130,"Unspecified","","IC50","","","DRUGMATRIX: Peptidase, Angiotensin Converting Enzyme enzyme inhibition (substrate: FAPGG)","Confirmatory",""
625173,103188146,441130,"Unspecified","","Ki","","","DRUGMATRIX: Peptidase, Angiotensin Converting Enzyme enzyme inhibition (substrate: FAPGG)","Confirmatory",""
625173,103188158,5533,"Unspecified","","IC50","","","DRUGMATRIX: Peptidase, Angiotensin Converting Enzyme enzyme inhibition (substrate: FAPGG)","Confirmatory",""
625173,103188158,5533,"Unspecified","","Ki","","","DRUGMATRIX: Peptidase, Angiotensin Converting Enzyme enzyme inhibition (substrate: FAPGG)","Confirmatory",""
625173,103188188,3308,"Unspecified","","IC50","","","DRUGMATRIX: Peptidase, Angiotensin Converting Enzyme enzyme inhibition (substrate: FAPGG)","Confirmatory",""
625173,103188188,3308,"Unspecified","","Ki","","","DRUGMATRIX: Peptidase, Angiotensin Converting Enzyme enzyme inhibition (substrate: FAPGG)","Confirmatory",""
625173,103188337,5430,"Unspecified","","IC50","","","DRUGMATRIX: Peptidase, Angiotensin Converting Enzyme enzyme inhibition (substrate: FAPGG)","Confirmatory",""
625173,103188337,5430,"Unspecified","","Ki","","","DRUGMATRIX: Peptidase, Angiotensin Converting Enzyme enzyme inhibition (substrate: FAPGG)","Confirmatory",""
625173,103188539,2206,"Unspecified","","IC50","","","DRUGMATRIX: Peptidase, Angiotensin Converting Enzyme enzyme inhibition (substrate: FAPGG)","Confirmatory",""
625173,103188539,2206,"Unspecified","","Ki","","","DRUGMATRIX: Peptidase, Angiotensin Converting Enzyme enzyme inhibition (substrate: FAPGG)","Confirmatory",""
625173,103188732,4740,"Unspecified","","IC50","","","DRUGMATRIX: Peptidase, Angiotensin Converting Enzyme enzyme inhibition (substrate: FAPGG)","Confirmatory",""
625173,103188732,4740,"Unspecified","","Ki","","","DRUGMATRIX: Peptidase, Angiotensin Converting Enzyme enzyme inhibition (substrate: FAPGG)","Confirmatory",""
625173,103188772,2160,"Unspecified","","IC50","","","DRUGMATRIX: Peptidase, Angiotensin Converting Enzyme enzyme inhibition (substrate: FAPGG)","Confirmatory",""
625173,103188772,2160,"Unspecified","","Ki","","","DRUGMATRIX: Peptidase, Angiotensin Converting Enzyme enzyme inhibition (substrate: FAPGG)","Confirmatory",""
625173,103188801,14868,"Unspecified","","IC50","","","DRUGMATRIX: Peptidase, Angiotensin Converting Enzyme enzyme inhibition (substrate: FAPGG)","Confirmatory",""
625173,103188801,14868,"Unspecified","","Ki","","","DRUGMATRIX: Peptidase, Angiotensin Converting Enzyme enzyme inhibition (substrate: FAPGG)","Confirmatory",""
625173,103188807,5358,"Unspecified","","IC50","","","DRUGMATRIX: Peptidase, Angiotensin Converting Enzyme enzyme inhibition (substrate: FAPGG)","Confirmatory",""
625173,103188807,5358,"Unspecified","","Ki","","","DRUGMATRIX: Peptidase, Angiotensin Converting Enzyme enzyme inhibition (substrate: FAPGG)","Confirmatory",""
625173,103188808,4932,"Unspecified","","IC50","","","DRUGMATRIX: Peptidase, Angiotensin Converting Enzyme enzyme inhibition (substrate: FAPGG)","Confirmatory",""
625173,103188808,4932,"Unspecified","","Ki","","","DRUGMATRIX: Peptidase, Angiotensin Converting Enzyme enzyme inhibition (substrate: FAPGG)","Confirmatory",""
625173,103188847,9782,"Unspecified","","IC50","","","DRUGMATRIX: Peptidase, Angiotensin Converting Enzyme enzyme inhibition (substrate: FAPGG)","Confirmatory",""
625173,103188847,9782,"Unspecified","","Ki","","","DRUGMATRIX: Peptidase, Angiotensin Converting Enzyme enzyme inhibition (substrate: FAPGG)","Confirmatory",""
625173,103188875,2157,"Unspecified","","IC50","","","DRUGMATRIX: Peptidase, Angiotensin Converting Enzyme enzyme inhibition (substrate: FAPGG)","Confirmatory",""
625173,103188875,2157,"Unspecified","","Ki","","","DRUGMATRIX: Peptidase, Angiotensin Converting Enzyme enzyme inhibition (substrate: FAPGG)","Confirmatory",""
625173,103188912,5865,"Unspecified","","IC50","","","DRUGMATRIX: Peptidase, Angiotensin Converting Enzyme enzyme inhibition (substrate: FAPGG)","Confirmatory",""
625173,103188912,5865,"Unspecified","","Ki","","","DRUGMATRIX: Peptidase, Angiotensin Converting Enzyme enzyme inhibition (substrate: FAPGG)","Confirmatory",""
625173,103188954,5656,"Unspecified","","IC50","","","DRUGMATRIX: Peptidase, Angiotensin Converting Enzyme enzyme inhibition (substrate: FAPGG)","Confirmatory",""
625173,103188954,5656,"Unspecified","","Ki","","","DRUGMATRIX: Peptidase, Angiotensin Converting Enzyme enzyme inhibition (substrate: FAPGG)","Confirmatory",""
625173,103188975,35370,"Unspecified","","IC50","","","DRUGMATRIX: Peptidase, Angiotensin Converting Enzyme enzyme inhibition (substrate: FAPGG)","Confirmatory",""
625173,103188975,35370,"Unspecified","","Ki","","","DRUGMATRIX: Peptidase, Angiotensin Converting Enzyme enzyme inhibition (substrate: FAPGG)","Confirmatory",""
625173,103189004,5959,"Unspecified","","IC50","","","DRUGMATRIX: Peptidase, Angiotensin Converting Enzyme enzyme inhibition (substrate: FAPGG)","Confirmatory",""
625173,103189004,5959,"Unspecified","","Ki","","","DRUGMATRIX: Peptidase, Angiotensin Converting Enzyme enzyme inhibition (substrate: FAPGG)","Confirmatory",""
625173,103189005,4913,"Unspecified","","IC50","","","DRUGMATRIX: Peptidase, Angiotensin Converting Enzyme enzyme inhibition (substrate: FAPGG)","Confirmatory",""
625173,103189005,4913,"Unspecified","","Ki","","","DRUGMATRIX: Peptidase, Angiotensin Converting Enzyme enzyme inhibition (substrate: FAPGG)","Confirmatory",""
625173,103189011,1978,"Unspecified","","IC50","","","DRUGMATRIX: Peptidase, Angiotensin Converting Enzyme enzyme inhibition (substrate: FAPGG)","Confirmatory",""
625173,103189011,1978,"Unspecified","","Ki","","","DRUGMATRIX: Peptidase, Angiotensin Converting Enzyme enzyme inhibition (substrate: FAPGG)","Confirmatory",""
625173,103189029,4927,"Unspecified","","IC50","","","DRUGMATRIX: Peptidase, Angiotensin Converting Enzyme enzyme inhibition (substrate: FAPGG)","Confirmatory",""
625173,103189029,4927,"Unspecified","","Ki","","","DRUGMATRIX: Peptidase, Angiotensin Converting Enzyme enzyme inhibition (substrate: FAPGG)","Confirmatory",""
625173,103189031,5755,"Unspecified","","IC50","","","DRUGMATRIX: Peptidase, Angiotensin Converting Enzyme enzyme inhibition (substrate: FAPGG)","Confirmatory",""
625173,103189031,5755,"Unspecified","","Ki","","","DRUGMATRIX: Peptidase, Angiotensin Converting Enzyme enzyme inhibition (substrate: FAPGG)","Confirmatory",""
625173,103189187,6726,"Unspecified","","IC50","","","DRUGMATRIX: Peptidase, Angiotensin Converting Enzyme enzyme inhibition (substrate: FAPGG)","Confirmatory",""
625173,103189187,6726,"Unspecified","","Ki","","","DRUGMATRIX: Peptidase, Angiotensin Converting Enzyme enzyme inhibition (substrate: FAPGG)","Confirmatory",""
625173,103189214,6741,"Unspecified","","IC50","","","DRUGMATRIX: Peptidase, Angiotensin Converting Enzyme enzyme inhibition (substrate: FAPGG)","Confirmatory",""
625173,103189214,6741,"Unspecified","","Ki","","","DRUGMATRIX: Peptidase, Angiotensin Converting Enzyme enzyme inhibition (substrate: FAPGG)","Confirmatory",""
625173,103189246,2803,"Unspecified","","IC50","","","DRUGMATRIX: Peptidase, Angiotensin Converting Enzyme enzyme inhibition (substrate: FAPGG)","Confirmatory",""
625173,103189246,2803,"Unspecified","","Ki","","","DRUGMATRIX: Peptidase, Angiotensin Converting Enzyme enzyme inhibition (substrate: FAPGG)","Confirmatory",""
625173,103189263,5757,"Unspecified","","IC50","","","DRUGMATRIX: Peptidase, Angiotensin Converting Enzyme enzyme inhibition (substrate: FAPGG)","Confirmatory",""
625173,103189263,5757,"Unspecified","","Ki","","","DRUGMATRIX: Peptidase, Angiotensin Converting Enzyme enzyme inhibition (substrate: FAPGG)","Confirmatory",""
625173,103189265,3100,"Unspecified","","IC50","","","DRUGMATRIX: Peptidase, Angiotensin Converting Enzyme enzyme inhibition (substrate: FAPGG)","Confirmatory",""
625173,103189265,3100,"Unspecified","","Ki","","","DRUGMATRIX: Peptidase, Angiotensin Converting Enzyme enzyme inhibition (substrate: FAPGG)","Confirmatory",""
625173,103189275,9651,"Unspecified","","IC50","","","DRUGMATRIX: Peptidase, Angiotensin Converting Enzyme enzyme inhibition (substrate: FAPGG)","Confirmatory",""
625173,103189275,9651,"Unspecified","","Ki","","","DRUGMATRIX: Peptidase, Angiotensin Converting Enzyme enzyme inhibition (substrate: FAPGG)","Confirmatory",""
625173,103189283,2130,"Unspecified","","IC50","","","DRUGMATRIX: Peptidase, Angiotensin Converting Enzyme enzyme inhibition (substrate: FAPGG)","Confirmatory",""
625173,103189283,2130,"Unspecified","","Ki","","","DRUGMATRIX: Peptidase, Angiotensin Converting Enzyme enzyme inhibition (substrate: FAPGG)","Confirmatory",""
625173,103189284,2118,"Unspecified","","IC50","","","DRUGMATRIX: Peptidase, Angiotensin Converting Enzyme enzyme inhibition (substrate: FAPGG)","Confirmatory",""
625173,103189284,2118,"Unspecified","","Ki","","","DRUGMATRIX: Peptidase, Angiotensin Converting Enzyme enzyme inhibition (substrate: FAPGG)","Confirmatory",""
625173,103189345,4011,"Unspecified","","IC50","","","DRUGMATRIX: Peptidase, Angiotensin Converting Enzyme enzyme inhibition (substrate: FAPGG)","Confirmatory",""
625173,103189345,4011,"Unspecified","","Ki","","","DRUGMATRIX: Peptidase, Angiotensin Converting Enzyme enzyme inhibition (substrate: FAPGG)","Confirmatory",""
625173,103189409,3415,"Unspecified","","IC50","","","DRUGMATRIX: Peptidase, Angiotensin Converting Enzyme enzyme inhibition (substrate: FAPGG)","Confirmatory",""
625173,103189409,3415,"Unspecified","","Ki","","","DRUGMATRIX: Peptidase, Angiotensin Converting Enzyme enzyme inhibition (substrate: FAPGG)","Confirmatory",""
625173,103189534,4173,"Unspecified","","IC50","","","DRUGMATRIX: Peptidase, Angiotensin Converting Enzyme enzyme inhibition (substrate: FAPGG)","Confirmatory",""
625173,103189534,4173,"Unspecified","","Ki","","","DRUGMATRIX: Peptidase, Angiotensin Converting Enzyme enzyme inhibition (substrate: FAPGG)","Confirmatory",""
625173,103189939,3339,"Unspecified","","IC50","","","DRUGMATRIX: Peptidase, Angiotensin Converting Enzyme enzyme inhibition (substrate: FAPGG)","Confirmatory",""
625173,103189939,3339,"Unspecified","","Ki","","","DRUGMATRIX: Peptidase, Angiotensin Converting Enzyme enzyme inhibition (substrate: FAPGG)","Confirmatory",""
625173,103190535,5816,"Unspecified","","IC50","","","DRUGMATRIX: Peptidase, Angiotensin Converting Enzyme enzyme inhibition (substrate: FAPGG)","Confirmatory",""
625173,103190535,5816,"Unspecified","","Ki","","","DRUGMATRIX: Peptidase, Angiotensin Converting Enzyme enzyme inhibition (substrate: FAPGG)","Confirmatory",""
625173,103190907,2797,"Unspecified","","IC50","","","DRUGMATRIX: Peptidase, Angiotensin Converting Enzyme enzyme inhibition (substrate: FAPGG)","Confirmatory",""
625173,103190907,2797,"Unspecified","","Ki","","","DRUGMATRIX: Peptidase, Angiotensin Converting Enzyme enzyme inhibition (substrate: FAPGG)","Confirmatory",""
625173,103191130,4030,"Unspecified","","IC50","","","DRUGMATRIX: Peptidase, Angiotensin Converting Enzyme enzyme inhibition (substrate: FAPGG)","Confirmatory",""
625173,103191130,4030,"Unspecified","","Ki","","","DRUGMATRIX: Peptidase, Angiotensin Converting Enzyme enzyme inhibition (substrate: FAPGG)","Confirmatory",""
625173,103191369,3033,"Unspecified","","IC50","","","DRUGMATRIX: Peptidase, Angiotensin Converting Enzyme enzyme inhibition (substrate: FAPGG)","Confirmatory",""
625173,103191369,3033,"Unspecified","","Ki","","","DRUGMATRIX: Peptidase, Angiotensin Converting Enzyme enzyme inhibition (substrate: FAPGG)","Confirmatory",""
625173,103191448,4044,"Unspecified","","IC50","","","DRUGMATRIX: Peptidase, Angiotensin Converting Enzyme enzyme inhibition (substrate: FAPGG)","Confirmatory",""
625173,103191448,4044,"Unspecified","","Ki","","","DRUGMATRIX: Peptidase, Angiotensin Converting Enzyme enzyme inhibition (substrate: FAPGG)","Confirmatory",""
625173,103191605,6251,"Unspecified","","IC50","","","DRUGMATRIX: Peptidase, Angiotensin Converting Enzyme enzyme inhibition (substrate: FAPGG)","Confirmatory",""
625173,103191605,6251,"Unspecified","","Ki","","","DRUGMATRIX: Peptidase, Angiotensin Converting Enzyme enzyme inhibition (substrate: FAPGG)","Confirmatory",""
625173,103192563,5991,"Unspecified","","IC50","","","DRUGMATRIX: Peptidase, Angiotensin Converting Enzyme enzyme inhibition (substrate: FAPGG)","Confirmatory",""
625173,103192563,5991,"Unspecified","","Ki","","","DRUGMATRIX: Peptidase, Angiotensin Converting Enzyme enzyme inhibition (substrate: FAPGG)","Confirmatory",""
625173,103193092,5576,"Unspecified","","IC50","","","DRUGMATRIX: Peptidase, Angiotensin Converting Enzyme enzyme inhibition (substrate: FAPGG)","Confirmatory",""
625173,103193092,5576,"Unspecified","","Ki","","","DRUGMATRIX: Peptidase, Angiotensin Converting Enzyme enzyme inhibition (substrate: FAPGG)","Confirmatory",""
625173,103193099,3291,"Unspecified","","IC50","","","DRUGMATRIX: Peptidase, Angiotensin Converting Enzyme enzyme inhibition (substrate: FAPGG)","Confirmatory",""
625173,103193099,3291,"Unspecified","","Ki","","","DRUGMATRIX: Peptidase, Angiotensin Converting Enzyme enzyme inhibition (substrate: FAPGG)","Confirmatory",""
625173,103193303,5411,"Unspecified","","IC50","","","DRUGMATRIX: Peptidase, Angiotensin Converting Enzyme enzyme inhibition (substrate: FAPGG)","Confirmatory",""
625173,103193303,5411,"Unspecified","","Ki","","","DRUGMATRIX: Peptidase, Angiotensin Converting Enzyme enzyme inhibition (substrate: FAPGG)","Confirmatory",""
625173,103193678,2366,"Unspecified","","IC50","","","DRUGMATRIX: Peptidase, Angiotensin Converting Enzyme enzyme inhibition (substrate: FAPGG)","Confirmatory",""
625173,103193678,2366,"Unspecified","","Ki","","","DRUGMATRIX: Peptidase, Angiotensin Converting Enzyme enzyme inhibition (substrate: FAPGG)","Confirmatory",""
625173,103193982,637566,"Unspecified","","IC50","","","DRUGMATRIX: Peptidase, Angiotensin Converting Enzyme enzyme inhibition (substrate: FAPGG)","Confirmatory",""
625173,103193982,637566,"Unspecified","","Ki","","","DRUGMATRIX: Peptidase, Angiotensin Converting Enzyme enzyme inhibition (substrate: FAPGG)","Confirmatory",""
625173,103194022,2284,"Unspecified","","IC50","","","DRUGMATRIX: Peptidase, Angiotensin Converting Enzyme enzyme inhibition (substrate: FAPGG)","Confirmatory",""
625173,103194022,2284,"Unspecified","","Ki","","","DRUGMATRIX: Peptidase, Angiotensin Converting Enzyme enzyme inhibition (substrate: FAPGG)","Confirmatory",""
625173,103194399,6209,"Unspecified","","IC50","","","DRUGMATRIX: Peptidase, Angiotensin Converting Enzyme enzyme inhibition (substrate: FAPGG)","Confirmatory",""
625173,103194399,6209,"Unspecified","","Ki","","","DRUGMATRIX: Peptidase, Angiotensin Converting Enzyme enzyme inhibition (substrate: FAPGG)","Confirmatory",""
625173,103194429,3157,"Unspecified","","IC50","","","DRUGMATRIX: Peptidase, Angiotensin Converting Enzyme enzyme inhibition (substrate: FAPGG)","Confirmatory",""
625173,103194429,3157,"Unspecified","","Ki","","","DRUGMATRIX: Peptidase, Angiotensin Converting Enzyme enzyme inhibition (substrate: FAPGG)","Confirmatory",""
625173,103194727,57363,"Unspecified","","IC50","","","DRUGMATRIX: Peptidase, Angiotensin Converting Enzyme enzyme inhibition (substrate: FAPGG)","Confirmatory",""
625173,103194727,57363,"Unspecified","","Ki","","","DRUGMATRIX: Peptidase, Angiotensin Converting Enzyme enzyme inhibition (substrate: FAPGG)","Confirmatory",""
625173,103194771,4760,"Unspecified","","IC50","","","DRUGMATRIX: Peptidase, Angiotensin Converting Enzyme enzyme inhibition (substrate: FAPGG)","Confirmatory",""
625173,103194771,4760,"Unspecified","","Ki","","","DRUGMATRIX: Peptidase, Angiotensin Converting Enzyme enzyme inhibition (substrate: FAPGG)","Confirmatory",""
625173,103194851,2197,"Unspecified","","IC50","","","DRUGMATRIX: Peptidase, Angiotensin Converting Enzyme enzyme inhibition (substrate: FAPGG)","Confirmatory",""
625173,103194851,2197,"Unspecified","","Ki","","","DRUGMATRIX: Peptidase, Angiotensin Converting Enzyme enzyme inhibition (substrate: FAPGG)","Confirmatory",""
625173,103195019,60825,"Unspecified","","IC50","","","DRUGMATRIX: Peptidase, Angiotensin Converting Enzyme enzyme inhibition (substrate: FAPGG)","Confirmatory",""
625173,103195019,60825,"Unspecified","","Ki","","","DRUGMATRIX: Peptidase, Angiotensin Converting Enzyme enzyme inhibition (substrate: FAPGG)","Confirmatory",""
625173,103195118,2083,"Unspecified","","IC50","","","DRUGMATRIX: Peptidase, Angiotensin Converting Enzyme enzyme inhibition (substrate: FAPGG)","Confirmatory",""
625173,103195118,2083,"Unspecified","","Ki","","","DRUGMATRIX: Peptidase, Angiotensin Converting Enzyme enzyme inhibition (substrate: FAPGG)","Confirmatory",""
625173,103195217,135398745,"Unspecified","","IC50","","","DRUGMATRIX: Peptidase, Angiotensin Converting Enzyme enzyme inhibition (substrate: FAPGG)","Confirmatory",""
625173,103195217,135398745,"Unspecified","","Ki","","","DRUGMATRIX: Peptidase, Angiotensin Converting Enzyme enzyme inhibition (substrate: FAPGG)","Confirmatory",""
625173,103195252,5002,"Unspecified","","IC50","","","DRUGMATRIX: Peptidase, Angiotensin Converting Enzyme enzyme inhibition (substrate: FAPGG)","Confirmatory",""
625173,103195252,5002,"Unspecified","","Ki","","","DRUGMATRIX: Peptidase, Angiotensin Converting Enzyme enzyme inhibition (substrate: FAPGG)","Confirmatory",""
625173,103195621,6279,"Unspecified","","IC50","","","DRUGMATRIX: Peptidase, Angiotensin Converting Enzyme enzyme inhibition (substrate: FAPGG)","Confirmatory",""
625173,103195621,6279,"Unspecified","","Ki","","","DRUGMATRIX: Peptidase, Angiotensin Converting Enzyme enzyme inhibition (substrate: FAPGG)","Confirmatory",""
625173,103196138,289,"Unspecified","","IC50","","","DRUGMATRIX: Peptidase, Angiotensin Converting Enzyme enzyme inhibition (substrate: FAPGG)","Confirmatory",""
625173,103196138,289,"Unspecified","","Ki","","","DRUGMATRIX: Peptidase, Angiotensin Converting Enzyme enzyme inhibition (substrate: FAPGG)","Confirmatory",""
625173,103196311,5147,"Unspecified","","IC50","","","DRUGMATRIX: Peptidase, Angiotensin Converting Enzyme enzyme inhibition (substrate: FAPGG)","Confirmatory",""
625173,103196311,5147,"Unspecified","","Ki","","","DRUGMATRIX: Peptidase, Angiotensin Converting Enzyme enzyme inhibition (substrate: FAPGG)","Confirmatory",""
625173,103196411,244,"Unspecified","","IC50","","","DRUGMATRIX: Peptidase, Angiotensin Converting Enzyme enzyme inhibition (substrate: FAPGG)","Confirmatory",""
625173,103196411,244,"Unspecified","","Ki","","","DRUGMATRIX: Peptidase, Angiotensin Converting Enzyme enzyme inhibition (substrate: FAPGG)","Confirmatory",""
625173,103197484,2585,"Unspecified","","IC50","","","DRUGMATRIX: Peptidase, Angiotensin Converting Enzyme enzyme inhibition (substrate: FAPGG)","Confirmatory",""
625173,103197484,2585,"Unspecified","","Ki","","","DRUGMATRIX: Peptidase, Angiotensin Converting Enzyme enzyme inhibition (substrate: FAPGG)","Confirmatory",""
625173,103197648,3372,"Unspecified","","IC50","","","DRUGMATRIX: Peptidase, Angiotensin Converting Enzyme enzyme inhibition (substrate: FAPGG)","Confirmatory",""
625173,103197648,3372,"Unspecified","","Ki","","","DRUGMATRIX: Peptidase, Angiotensin Converting Enzyme enzyme inhibition (substrate: FAPGG)","Confirmatory",""
625173,103197669,2723601,"Unspecified","","IC50","","","DRUGMATRIX: Peptidase, Angiotensin Converting Enzyme enzyme inhibition (substrate: FAPGG)","Confirmatory",""
625173,103197669,2723601,"Unspecified","","Ki","","","DRUGMATRIX: Peptidase, Angiotensin Converting Enzyme enzyme inhibition (substrate: FAPGG)","Confirmatory",""
625173,103198031,4917,"Unspecified","","IC50","","","DRUGMATRIX: Peptidase, Angiotensin Converting Enzyme enzyme inhibition (substrate: FAPGG)","Confirmatory",""
625173,103198031,4917,"Unspecified","","Ki","","","DRUGMATRIX: Peptidase, Angiotensin Converting Enzyme enzyme inhibition (substrate: FAPGG)","Confirmatory",""
625173,103198693,2361,"Unspecified","","IC50","","","DRUGMATRIX: Peptidase, Angiotensin Converting Enzyme enzyme inhibition (substrate: FAPGG)","Confirmatory",""
625173,103198693,2361,"Unspecified","","Ki","","","DRUGMATRIX: Peptidase, Angiotensin Converting Enzyme enzyme inhibition (substrate: FAPGG)","Confirmatory",""
625173,103198694,11790,"Unspecified","","IC50","","","DRUGMATRIX: Peptidase, Angiotensin Converting Enzyme enzyme inhibition (substrate: FAPGG)","Confirmatory",""
625173,103198694,11790,"Unspecified","","Ki","","","DRUGMATRIX: Peptidase, Angiotensin Converting Enzyme enzyme inhibition (substrate: FAPGG)","Confirmatory",""
625173,103199382,3878,"Unspecified","","IC50","","","DRUGMATRIX: Peptidase, Angiotensin Converting Enzyme enzyme inhibition (substrate: FAPGG)","Confirmatory",""
625173,103199382,3878,"Unspecified","","Ki","","","DRUGMATRIX: Peptidase, Angiotensin Converting Enzyme enzyme inhibition (substrate: FAPGG)","Confirmatory",""
625173,103199419,941361,"Unspecified","","IC50","","","DRUGMATRIX: Peptidase, Angiotensin Converting Enzyme enzyme inhibition (substrate: FAPGG)","Confirmatory",""
625173,103199419,941361,"Unspecified","","Ki","","","DRUGMATRIX: Peptidase, Angiotensin Converting Enzyme enzyme inhibition (substrate: FAPGG)","Confirmatory",""
625173,103199488,3821,"Unspecified","","IC50","","","DRUGMATRIX: Peptidase, Angiotensin Converting Enzyme enzyme inhibition (substrate: FAPGG)","Confirmatory",""
625173,103199488,3821,"Unspecified","","Ki","","","DRUGMATRIX: Peptidase, Angiotensin Converting Enzyme enzyme inhibition (substrate: FAPGG)","Confirmatory",""
625173,103199552,5070,"Unspecified","","IC50","","","DRUGMATRIX: Peptidase, Angiotensin Converting Enzyme enzyme inhibition (substrate: FAPGG)","Confirmatory",""
625173,103199552,5070,"Unspecified","","Ki","","","DRUGMATRIX: Peptidase, Angiotensin Converting Enzyme enzyme inhibition (substrate: FAPGG)","Confirmatory",""
625173,103200240,135445761,"Unspecified","","IC50","","","DRUGMATRIX: Peptidase, Angiotensin Converting Enzyme enzyme inhibition (substrate: FAPGG)","Confirmatory",""
625173,103200240,135445761,"Unspecified","","Ki","","","DRUGMATRIX: Peptidase, Angiotensin Converting Enzyme enzyme inhibition (substrate: FAPGG)","Confirmatory",""
625173,103200429,222757,"Unspecified","","IC50","","","DRUGMATRIX: Peptidase, Angiotensin Converting Enzyme enzyme inhibition (substrate: FAPGG)","Confirmatory",""
625173,103200429,222757,"Unspecified","","Ki","","","DRUGMATRIX: Peptidase, Angiotensin Converting Enzyme enzyme inhibition (substrate: FAPGG)","Confirmatory",""
625173,103200972,135399235,"Unspecified","","IC50","","","DRUGMATRIX: Peptidase, Angiotensin Converting Enzyme enzyme inhibition (substrate: FAPGG)","Confirmatory",""
625173,103200972,135399235,"Unspecified","","Ki","","","DRUGMATRIX: Peptidase, Angiotensin Converting Enzyme enzyme inhibition (substrate: FAPGG)","Confirmatory",""
625173,103201243,72172,"Unspecified","","IC50","","","DRUGMATRIX: Peptidase, Angiotensin Converting Enzyme enzyme inhibition (substrate: FAPGG)","Confirmatory",""
625173,103201243,72172,"Unspecified","","Ki","","","DRUGMATRIX: Peptidase, Angiotensin Converting Enzyme enzyme inhibition (substrate: FAPGG)","Confirmatory",""
625173,103202464,9904,"Unspecified","","IC50","","","DRUGMATRIX: Peptidase, Angiotensin Converting Enzyme enzyme inhibition (substrate: FAPGG)","Confirmatory",""
625173,103202464,9904,"Unspecified","","Ki","","","DRUGMATRIX: Peptidase, Angiotensin Converting Enzyme enzyme inhibition (substrate: FAPGG)","Confirmatory",""
625173,103202919,4636,"Unspecified","","IC50","","","DRUGMATRIX: Peptidase, Angiotensin Converting Enzyme enzyme inhibition (substrate: FAPGG)","Confirmatory",""
625173,103202919,4636,"Unspecified","","Ki","","","DRUGMATRIX: Peptidase, Angiotensin Converting Enzyme enzyme inhibition (substrate: FAPGG)","Confirmatory",""
625173,103203075,1030,"Unspecified","","IC50","","","DRUGMATRIX: Peptidase, Angiotensin Converting Enzyme enzyme inhibition (substrate: FAPGG)","Confirmatory",""
625173,103203075,1030,"Unspecified","","Ki","","","DRUGMATRIX: Peptidase, Angiotensin Converting Enzyme enzyme inhibition (substrate: FAPGG)","Confirmatory",""
625173,103203421,3518,"Unspecified","","IC50","","","DRUGMATRIX: Peptidase, Angiotensin Converting Enzyme enzyme inhibition (substrate: FAPGG)","Confirmatory",""
625173,103203421,3518,"Unspecified","","Ki","","","DRUGMATRIX: Peptidase, Angiotensin Converting Enzyme enzyme inhibition (substrate: FAPGG)","Confirmatory",""
625173,103203672,59768,"Unspecified","","IC50","","","DRUGMATRIX: Peptidase, Angiotensin Converting Enzyme enzyme inhibition (substrate: FAPGG)","Confirmatory",""
625173,103203672,59768,"Unspecified","","Ki","","","DRUGMATRIX: Peptidase, Angiotensin Converting Enzyme enzyme inhibition (substrate: FAPGG)","Confirmatory",""
625173,103203986,2336,"Unspecified","","IC50","","","DRUGMATRIX: Peptidase, Angiotensin Converting Enzyme enzyme inhibition (substrate: FAPGG)","Confirmatory",""
625173,103203986,2336,"Unspecified","","Ki","","","DRUGMATRIX: Peptidase, Angiotensin Converting Enzyme enzyme inhibition (substrate: FAPGG)","Confirmatory",""
625173,103204055,15625,"Unspecified","","IC50","","","DRUGMATRIX: Peptidase, Angiotensin Converting Enzyme enzyme inhibition (substrate: FAPGG)","Confirmatory",""
625173,103204055,15625,"Unspecified","","Ki","","","DRUGMATRIX: Peptidase, Angiotensin Converting Enzyme enzyme inhibition (substrate: FAPGG)","Confirmatory",""
625173,103204244,5770,"Unspecified","","IC50","","","DRUGMATRIX: Peptidase, Angiotensin Converting Enzyme enzyme inhibition (substrate: FAPGG)","Confirmatory",""
625173,103204244,5770,"Unspecified","","Ki","","","DRUGMATRIX: Peptidase, Angiotensin Converting Enzyme enzyme inhibition (substrate: FAPGG)","Confirmatory",""
625173,103204298,750,"Unspecified","","IC50","","","DRUGMATRIX: Peptidase, Angiotensin Converting Enzyme enzyme inhibition (substrate: FAPGG)","Confirmatory",""
625173,103204298,750,"Unspecified","","Ki","","","DRUGMATRIX: Peptidase, Angiotensin Converting Enzyme enzyme inhibition (substrate: FAPGG)","Confirmatory",""
625173,103206701,2406,"Unspecified","","IC50","","","DRUGMATRIX: Peptidase, Angiotensin Converting Enzyme enzyme inhibition (substrate: FAPGG)","Confirmatory",""
625173,103206701,2406,"Unspecified","","Ki","","","DRUGMATRIX: Peptidase, Angiotensin Converting Enzyme enzyme inhibition (substrate: FAPGG)","Confirmatory",""
625173,103206766,5311309,"Unspecified","","IC50","","","DRUGMATRIX: Peptidase, Angiotensin Converting Enzyme enzyme inhibition (substrate: FAPGG)","Confirmatory",""
625173,103206766,5311309,"Unspecified","","Ki","","","DRUGMATRIX: Peptidase, Angiotensin Converting Enzyme enzyme inhibition (substrate: FAPGG)","Confirmatory",""
625173,103206988,864,"Unspecified","","IC50","","","DRUGMATRIX: Peptidase, Angiotensin Converting Enzyme enzyme inhibition (substrate: FAPGG)","Confirmatory",""
625173,103206988,864,"Unspecified","","Ki","","","DRUGMATRIX: Peptidase, Angiotensin Converting Enzyme enzyme inhibition (substrate: FAPGG)","Confirmatory",""
625173,103207410,445858,"Unspecified","","IC50","","","DRUGMATRIX: Peptidase, Angiotensin Converting Enzyme enzyme inhibition (substrate: FAPGG)","Confirmatory",""
625173,103207410,445858,"Unspecified","","Ki","","","DRUGMATRIX: Peptidase, Angiotensin Converting Enzyme enzyme inhibition (substrate: FAPGG)","Confirmatory",""
625173,103207442,5281040,"Unspecified","","IC50","","","DRUGMATRIX: Peptidase, Angiotensin Converting Enzyme enzyme inhibition (substrate: FAPGG)","Confirmatory",""
625173,103207442,5281040,"Unspecified","","Ki","","","DRUGMATRIX: Peptidase, Angiotensin Converting Enzyme enzyme inhibition (substrate: FAPGG)","Confirmatory",""
625173,103207636,5905,"Unspecified","","IC50","","","DRUGMATRIX: Peptidase, Angiotensin Converting Enzyme enzyme inhibition (substrate: FAPGG)","Confirmatory",""
625173,103207636,5905,"Unspecified","","Ki","","","DRUGMATRIX: Peptidase, Angiotensin Converting Enzyme enzyme inhibition (substrate: FAPGG)","Confirmatory",""
625173,103209992,452261,"Unspecified","","IC50","","","DRUGMATRIX: Peptidase, Angiotensin Converting Enzyme enzyme inhibition (substrate: FAPGG)","Confirmatory",""
625173,103209992,452261,"Unspecified","","Ki","","","DRUGMATRIX: Peptidase, Angiotensin Converting Enzyme enzyme inhibition (substrate: FAPGG)","Confirmatory",""
625173,103210093,2753,"Unspecified","","IC50","","","DRUGMATRIX: Peptidase, Angiotensin Converting Enzyme enzyme inhibition (substrate: FAPGG)","Confirmatory",""
625173,103210093,2753,"Unspecified","","Ki","","","DRUGMATRIX: Peptidase, Angiotensin Converting Enzyme enzyme inhibition (substrate: FAPGG)","Confirmatory",""
625173,103210094,2754,"Unspecified","","IC50","","","DRUGMATRIX: Peptidase, Angiotensin Converting Enzyme enzyme inhibition (substrate: FAPGG)","Confirmatory",""
625173,103210094,2754,"Unspecified","","Ki","","","DRUGMATRIX: Peptidase, Angiotensin Converting Enzyme enzyme inhibition (substrate: FAPGG)","Confirmatory",""
625173,103210632,4201,"Unspecified","","IC50","","","DRUGMATRIX: Peptidase, Angiotensin Converting Enzyme enzyme inhibition (substrate: FAPGG)","Confirmatory",""
625173,103210632,4201,"Unspecified","","Ki","","","DRUGMATRIX: Peptidase, Angiotensin Converting Enzyme enzyme inhibition (substrate: FAPGG)","Confirmatory",""
625173,103210646,156391,"Unspecified","","IC50","","","DRUGMATRIX: Peptidase, Angiotensin Converting Enzyme enzyme inhibition (substrate: FAPGG)","Confirmatory",""
625173,103210646,156391,"Unspecified","","Ki","","","DRUGMATRIX: Peptidase, Angiotensin Converting Enzyme enzyme inhibition (substrate: FAPGG)","Confirmatory",""
625173,103210760,6253,"Unspecified","","IC50","","","DRUGMATRIX: Peptidase, Angiotensin Converting Enzyme enzyme inhibition (substrate: FAPGG)","Confirmatory",""
625173,103210760,6253,"Unspecified","","Ki","","","DRUGMATRIX: Peptidase, Angiotensin Converting Enzyme enzyme inhibition (substrate: FAPGG)","Confirmatory",""
625173,103211461,3334,"Unspecified","","IC50","","","DRUGMATRIX: Peptidase, Angiotensin Converting Enzyme enzyme inhibition (substrate: FAPGG)","Confirmatory",""
625173,103211461,3334,"Unspecified","","Ki","","","DRUGMATRIX: Peptidase, Angiotensin Converting Enzyme enzyme inhibition (substrate: FAPGG)","Confirmatory",""
625173,103211583,3397,"Unspecified","","IC50","","","DRUGMATRIX: Peptidase, Angiotensin Converting Enzyme enzyme inhibition (substrate: FAPGG)","Confirmatory",""
625173,103211583,3397,"Unspecified","","Ki","","","DRUGMATRIX: Peptidase, Angiotensin Converting Enzyme enzyme inhibition (substrate: FAPGG)","Confirmatory",""
625173,103212333,3198,"Unspecified","","IC50","","","DRUGMATRIX: Peptidase, Angiotensin Converting Enzyme enzyme inhibition (substrate: FAPGG)","Confirmatory",""
625173,103212333,3198,"Unspecified","","Ki","","","DRUGMATRIX: Peptidase, Angiotensin Converting Enzyme enzyme inhibition (substrate: FAPGG)","Confirmatory",""
625173,103212991,2196,"Unspecified","","IC50","","","DRUGMATRIX: Peptidase, Angiotensin Converting Enzyme enzyme inhibition (substrate: FAPGG)","Confirmatory",""
625173,103212991,2196,"Unspecified","","Ki","","","DRUGMATRIX: Peptidase, Angiotensin Converting Enzyme enzyme inhibition (substrate: FAPGG)","Confirmatory",""
625173,103213015,68617,"Unspecified","","IC50","","","DRUGMATRIX: Peptidase, Angiotensin Converting Enzyme enzyme inhibition (substrate: FAPGG)","Confirmatory",""
625173,103213015,68617,"Unspecified","","Ki","","","DRUGMATRIX: Peptidase, Angiotensin Converting Enzyme enzyme inhibition (substrate: FAPGG)","Confirmatory",""
625173,103213021,4843,"Unspecified","","IC50","","","DRUGMATRIX: Peptidase, Angiotensin Converting Enzyme enzyme inhibition (substrate: FAPGG)","Confirmatory",""
625173,103213021,4843,"Unspecified","","Ki","","","DRUGMATRIX: Peptidase, Angiotensin Converting Enzyme enzyme inhibition (substrate: FAPGG)","Confirmatory",""
625173,103215362,5503,"Unspecified","","IC50","","","DRUGMATRIX: Peptidase, Angiotensin Converting Enzyme enzyme inhibition (substrate: FAPGG)","Confirmatory",""
625173,103215362,5503,"Unspecified","","Ki","","","DRUGMATRIX: Peptidase, Angiotensin Converting Enzyme enzyme inhibition (substrate: FAPGG)","Confirmatory",""
625173,103215824,2478,"Unspecified","","IC50","","","DRUGMATRIX: Peptidase, Angiotensin Converting Enzyme enzyme inhibition (substrate: FAPGG)","Confirmatory",""
625173,103215824,2478,"Unspecified","","Ki","","","DRUGMATRIX: Peptidase, Angiotensin Converting Enzyme enzyme inhibition (substrate: FAPGG)","Confirmatory",""
625173,103215995,1549008,"Unspecified","","IC50","","","DRUGMATRIX: Peptidase, Angiotensin Converting Enzyme enzyme inhibition (substrate: FAPGG)","Confirmatory",""
625173,103215995,1549008,"Unspecified","","Ki","","","DRUGMATRIX: Peptidase, Angiotensin Converting Enzyme enzyme inhibition (substrate: FAPGG)","Confirmatory",""
625173,103216085,2723949,"Unspecified","","IC50","","","DRUGMATRIX: Peptidase, Angiotensin Converting Enzyme enzyme inhibition (substrate: FAPGG)","Confirmatory",""
625173,103216085,2723949,"Unspecified","","Ki","","","DRUGMATRIX: Peptidase, Angiotensin Converting Enzyme enzyme inhibition (substrate: FAPGG)","Confirmatory",""
625173,103216314,3229,"Unspecified","","IC50","","","DRUGMATRIX: Peptidase, Angiotensin Converting Enzyme enzyme inhibition (substrate: FAPGG)","Confirmatory",""
625173,103216314,3229,"Unspecified","","Ki","","","DRUGMATRIX: Peptidase, Angiotensin Converting Enzyme enzyme inhibition (substrate: FAPGG)","Confirmatory",""
625173,103216609,39042,"Unspecified","","IC50","","","DRUGMATRIX: Peptidase, Angiotensin Converting Enzyme enzyme inhibition (substrate: FAPGG)","Confirmatory",""
625173,103216609,39042,"Unspecified","","Ki","","","DRUGMATRIX: Peptidase, Angiotensin Converting Enzyme enzyme inhibition (substrate: FAPGG)","Confirmatory",""
625173,103216614,7108,"Unspecified","","IC50","","","DRUGMATRIX: Peptidase, Angiotensin Converting Enzyme enzyme inhibition (substrate: FAPGG)","Confirmatory",""
625173,103216614,7108,"Unspecified","","Ki","","","DRUGMATRIX: Peptidase, Angiotensin Converting Enzyme enzyme inhibition (substrate: FAPGG)","Confirmatory",""
625173,103217150,19099,"Unspecified","","IC50","","","DRUGMATRIX: Peptidase, Angiotensin Converting Enzyme enzyme inhibition (substrate: FAPGG)","Confirmatory",""
625173,103217150,19099,"Unspecified","","Ki","","","DRUGMATRIX: Peptidase, Angiotensin Converting Enzyme enzyme inhibition (substrate: FAPGG)","Confirmatory",""
625173,103217374,56208,"Unspecified","","IC50","","","DRUGMATRIX: Peptidase, Angiotensin Converting Enzyme enzyme inhibition (substrate: FAPGG)","Confirmatory",""
625173,103217374,56208,"Unspecified","","Ki","","","DRUGMATRIX: Peptidase, Angiotensin Converting Enzyme enzyme inhibition (substrate: FAPGG)","Confirmatory",""
625173,103218566,1674,"Unspecified","","IC50","","","DRUGMATRIX: Peptidase, Angiotensin Converting Enzyme enzyme inhibition (substrate: FAPGG)","Confirmatory",""
625173,103218566,1674,"Unspecified","","Ki","","","DRUGMATRIX: Peptidase, Angiotensin Converting Enzyme enzyme inhibition (substrate: FAPGG)","Confirmatory",""
625173,103219083,5342,"Unspecified","","IC50","","","DRUGMATRIX: Peptidase, Angiotensin Converting Enzyme enzyme inhibition (substrate: FAPGG)","Confirmatory",""
625173,103219083,5342,"Unspecified","","Ki","","","DRUGMATRIX: Peptidase, Angiotensin Converting Enzyme enzyme inhibition (substrate: FAPGG)","Confirmatory",""
625173,103219164,5472,"Unspecified","","IC50","","","DRUGMATRIX: Peptidase, Angiotensin Converting Enzyme enzyme inhibition (substrate: FAPGG)","Confirmatory",""
625173,103219164,5472,"Unspecified","","Ki","","","DRUGMATRIX: Peptidase, Angiotensin Converting Enzyme enzyme inhibition (substrate: FAPGG)","Confirmatory",""
625173,103219212,4021,"Unspecified","","IC50","","","DRUGMATRIX: Peptidase, Angiotensin Converting Enzyme enzyme inhibition (substrate: FAPGG)","Confirmatory",""
625173,103219212,4021,"Unspecified","","Ki","","","DRUGMATRIX: Peptidase, Angiotensin Converting Enzyme enzyme inhibition (substrate: FAPGG)","Confirmatory",""
625173,103220466,5742832,"Unspecified","","IC50","","","DRUGMATRIX: Peptidase, Angiotensin Converting Enzyme enzyme inhibition (substrate: FAPGG)","Confirmatory",""
625173,103220466,5742832,"Unspecified","","Ki","","","DRUGMATRIX: Peptidase, Angiotensin Converting Enzyme enzyme inhibition (substrate: FAPGG)","Confirmatory",""
625173,103220490,5362124,"Unspecified","","IC50","","","DRUGMATRIX: Peptidase, Angiotensin Converting Enzyme enzyme inhibition (substrate: FAPGG)","Confirmatory",""
625173,103220490,5362124,"Unspecified","","Ki","","","DRUGMATRIX: Peptidase, Angiotensin Converting Enzyme enzyme inhibition (substrate: FAPGG)","Confirmatory",""
625173,103220983,3955,"Unspecified","","IC50","","","DRUGMATRIX: Peptidase, Angiotensin Converting Enzyme enzyme inhibition (substrate: FAPGG)","Confirmatory",""
625173,103220983,3955,"Unspecified","","Ki","","","DRUGMATRIX: Peptidase, Angiotensin Converting Enzyme enzyme inhibition (substrate: FAPGG)","Confirmatory",""
625173,103221475,3314,"Unspecified","","IC50","","","DRUGMATRIX: Peptidase, Angiotensin Converting Enzyme enzyme inhibition (substrate: FAPGG)","Confirmatory",""
625173,103221475,3314,"Unspecified","","Ki","","","DRUGMATRIX: Peptidase, Angiotensin Converting Enzyme enzyme inhibition (substrate: FAPGG)","Confirmatory",""
625173,103221477,2435,"Unspecified","","IC50","","","DRUGMATRIX: Peptidase, Angiotensin Converting Enzyme enzyme inhibition (substrate: FAPGG)","Confirmatory",""
625173,103221477,2435,"Unspecified","","Ki","","","DRUGMATRIX: Peptidase, Angiotensin Converting Enzyme enzyme inhibition (substrate: FAPGG)","Confirmatory",""
625173,103221520,5694,"Unspecified","","IC50","","","DRUGMATRIX: Peptidase, Angiotensin Converting Enzyme enzyme inhibition (substrate: FAPGG)","Confirmatory",""
625173,103221520,5694,"Unspecified","","Ki","","","DRUGMATRIX: Peptidase, Angiotensin Converting Enzyme enzyme inhibition (substrate: FAPGG)","Confirmatory",""
625173,103222497,40854,"Unspecified","","IC50","","","DRUGMATRIX: Peptidase, Angiotensin Converting Enzyme enzyme inhibition (substrate: FAPGG)","Confirmatory",""
625173,103222497,40854,"Unspecified","","Ki","","","DRUGMATRIX: Peptidase, Angiotensin Converting Enzyme enzyme inhibition (substrate: FAPGG)","Confirmatory",""
625173,103223807,60464,"Unspecified","","IC50","","","DRUGMATRIX: Peptidase, Angiotensin Converting Enzyme enzyme inhibition (substrate: FAPGG)","Confirmatory",""
625173,103223807,60464,"Unspecified","","Ki","","","DRUGMATRIX: Peptidase, Angiotensin Converting Enzyme enzyme inhibition (substrate: FAPGG)","Confirmatory",""
625173,103223867,460612,"Unspecified","","IC50","","","DRUGMATRIX: Peptidase, Angiotensin Converting Enzyme enzyme inhibition (substrate: FAPGG)","Confirmatory",""
625173,103223867,460612,"Unspecified","","Ki","","","DRUGMATRIX: Peptidase, Angiotensin Converting Enzyme enzyme inhibition (substrate: FAPGG)","Confirmatory",""
625173,103224052,2247,"Unspecified","","IC50","","","DRUGMATRIX: Peptidase, Angiotensin Converting Enzyme enzyme inhibition (substrate: FAPGG)","Confirmatory",""
625173,103224052,2247,"Unspecified","","Ki","","","DRUGMATRIX: Peptidase, Angiotensin Converting Enzyme enzyme inhibition (substrate: FAPGG)","Confirmatory",""
625173,103224166,4909,"Unspecified","","IC50","","","DRUGMATRIX: Peptidase, Angiotensin Converting Enzyme enzyme inhibition (substrate: FAPGG)","Confirmatory",""
625173,103224166,4909,"Unspecified","","Ki","","","DRUGMATRIX: Peptidase, Angiotensin Converting Enzyme enzyme inhibition (substrate: FAPGG)","Confirmatory",""
625173,103224449,3519,"Unspecified","","IC50","","","DRUGMATRIX: Peptidase, Angiotensin Converting Enzyme enzyme inhibition (substrate: FAPGG)","Confirmatory",""
625173,103224449,3519,"Unspecified","","Ki","","","DRUGMATRIX: Peptidase, Angiotensin Converting Enzyme enzyme inhibition (substrate: FAPGG)","Confirmatory",""
625173,103224659,442292,"Unspecified","","IC50","","","DRUGMATRIX: Peptidase, Angiotensin Converting Enzyme enzyme inhibition (substrate: FAPGG)","Confirmatory",""
625173,103224659,442292,"Unspecified","","Ki","","","DRUGMATRIX: Peptidase, Angiotensin Converting Enzyme enzyme inhibition (substrate: FAPGG)","Confirmatory",""
625173,103224720,1547484,"Unspecified","","IC50","","","DRUGMATRIX: Peptidase, Angiotensin Converting Enzyme enzyme inhibition (substrate: FAPGG)","Confirmatory",""
625173,103224720,1547484,"Unspecified","","Ki","","","DRUGMATRIX: Peptidase, Angiotensin Converting Enzyme enzyme inhibition (substrate: FAPGG)","Confirmatory",""
625173,103225393,119607,"Unspecified","","IC50","","","DRUGMATRIX: Peptidase, Angiotensin Converting Enzyme enzyme inhibition (substrate: FAPGG)","Confirmatory",""
625173,103225393,119607,"Unspecified","","Ki","","","DRUGMATRIX: Peptidase, Angiotensin Converting Enzyme enzyme inhibition (substrate: FAPGG)","Confirmatory",""
625173,103225961,14052,"Unspecified","","IC50","","","DRUGMATRIX: Peptidase, Angiotensin Converting Enzyme enzyme inhibition (substrate: FAPGG)","Confirmatory",""
625173,103225961,14052,"Unspecified","","Ki","","","DRUGMATRIX: Peptidase, Angiotensin Converting Enzyme enzyme inhibition (substrate: FAPGG)","Confirmatory",""
625173,103226142,5943,"Unspecified","","IC50","","","DRUGMATRIX: Peptidase, Angiotensin Converting Enzyme enzyme inhibition (substrate: FAPGG)","Confirmatory",""
625173,103226142,5943,"Unspecified","","Ki","","","DRUGMATRIX: Peptidase, Angiotensin Converting Enzyme enzyme inhibition (substrate: FAPGG)","Confirmatory",""
625173,103226170,6212,"Unspecified","","IC50","","","DRUGMATRIX: Peptidase, Angiotensin Converting Enzyme enzyme inhibition (substrate: FAPGG)","Confirmatory",""
625173,103226170,6212,"Unspecified","","Ki","","","DRUGMATRIX: Peptidase, Angiotensin Converting Enzyme enzyme inhibition (substrate: FAPGG)","Confirmatory",""
625173,103226686,446541,"Unspecified","","IC50","","","DRUGMATRIX: Peptidase, Angiotensin Converting Enzyme enzyme inhibition (substrate: FAPGG)","Confirmatory",""
625173,103226686,446541,"Unspecified","","Ki","","","DRUGMATRIX: Peptidase, Angiotensin Converting Enzyme enzyme inhibition (substrate: FAPGG)","Confirmatory",""
625173,103227310,276389,"Unspecified","","IC50","","","DRUGMATRIX: Peptidase, Angiotensin Converting Enzyme enzyme inhibition (substrate: FAPGG)","Confirmatory",""
625173,103227310,276389,"Unspecified","","Ki","","","DRUGMATRIX: Peptidase, Angiotensin Converting Enzyme enzyme inhibition (substrate: FAPGG)","Confirmatory",""
625173,103227365,1853,"Unspecified","","IC50","","","DRUGMATRIX: Peptidase, Angiotensin Converting Enzyme enzyme inhibition (substrate: FAPGG)","Confirmatory",""
625173,103227365,1853,"Unspecified","","Ki","","","DRUGMATRIX: Peptidase, Angiotensin Converting Enzyme enzyme inhibition (substrate: FAPGG)","Confirmatory",""
625173,103227652,5944,"Unspecified","","IC50","","","DRUGMATRIX: Peptidase, Angiotensin Converting Enzyme enzyme inhibition (substrate: FAPGG)","Confirmatory",""
625173,103227652,5944,"Unspecified","","Ki","","","DRUGMATRIX: Peptidase, Angiotensin Converting Enzyme enzyme inhibition (substrate: FAPGG)","Confirmatory",""
625173,103228261,14969,"Unspecified","","IC50","","","DRUGMATRIX: Peptidase, Angiotensin Converting Enzyme enzyme inhibition (substrate: FAPGG)","Confirmatory",""
625173,103228261,14969,"Unspecified","","Ki","","","DRUGMATRIX: Peptidase, Angiotensin Converting Enzyme enzyme inhibition (substrate: FAPGG)","Confirmatory",""
625173,103228757,2088,"Unspecified","","IC50","","","DRUGMATRIX: Peptidase, Angiotensin Converting Enzyme enzyme inhibition (substrate: FAPGG)","Confirmatory",""
625173,103228757,2088,"Unspecified","","Ki","","","DRUGMATRIX: Peptidase, Angiotensin Converting Enzyme enzyme inhibition (substrate: FAPGG)","Confirmatory",""
625173,103228758,3305,"Unspecified","","IC50","","","DRUGMATRIX: Peptidase, Angiotensin Converting Enzyme enzyme inhibition (substrate: FAPGG)","Confirmatory",""
625173,103228758,3305,"Unspecified","","Ki","","","DRUGMATRIX: Peptidase, Angiotensin Converting Enzyme enzyme inhibition (substrate: FAPGG)","Confirmatory",""
625173,103229487,13342,"Unspecified","","IC50","","","DRUGMATRIX: Peptidase, Angiotensin Converting Enzyme enzyme inhibition (substrate: FAPGG)","Confirmatory",""
625173,103229487,13342,"Unspecified","","Ki","","","DRUGMATRIX: Peptidase, Angiotensin Converting Enzyme enzyme inhibition (substrate: FAPGG)","Confirmatory",""
625173,103230651,5284373,"Unspecified","","IC50","","","DRUGMATRIX: Peptidase, Angiotensin Converting Enzyme enzyme inhibition (substrate: FAPGG)","Confirmatory",""
625173,103230651,5284373,"Unspecified","","Ki","","","DRUGMATRIX: Peptidase, Angiotensin Converting Enzyme enzyme inhibition (substrate: FAPGG)","Confirmatory",""
625173,103231281,5526,"Unspecified","","IC50","","","DRUGMATRIX: Peptidase, Angiotensin Converting Enzyme enzyme inhibition (substrate: FAPGG)","Confirmatory",""
625173,103231281,5526,"Unspecified","","Ki","","","DRUGMATRIX: Peptidase, Angiotensin Converting Enzyme enzyme inhibition (substrate: FAPGG)","Confirmatory",""
625173,103231282,4170,"Unspecified","","IC50","","","DRUGMATRIX: Peptidase, Angiotensin Converting Enzyme enzyme inhibition (substrate: FAPGG)","Confirmatory",""
625173,103231282,4170,"Unspecified","","Ki","","","DRUGMATRIX: Peptidase, Angiotensin Converting Enzyme enzyme inhibition (substrate: FAPGG)","Confirmatory",""
625173,103231964,3324,"Unspecified","","IC50","","","DRUGMATRIX: Peptidase, Angiotensin Converting Enzyme enzyme inhibition (substrate: FAPGG)","Confirmatory",""
625173,103231964,3324,"Unspecified","","Ki","","","DRUGMATRIX: Peptidase, Angiotensin Converting Enzyme enzyme inhibition (substrate: FAPGG)","Confirmatory",""
625173,103232332,2783,"Unspecified","","IC50","","","DRUGMATRIX: Peptidase, Angiotensin Converting Enzyme enzyme inhibition (substrate: FAPGG)","Confirmatory",""
625173,103232332,2783,"Unspecified","","Ki","","","DRUGMATRIX: Peptidase, Angiotensin Converting Enzyme enzyme inhibition (substrate: FAPGG)","Confirmatory",""
625173,103233471,60750,"Unspecified","","IC50","","","DRUGMATRIX: Peptidase, Angiotensin Converting Enzyme enzyme inhibition (substrate: FAPGG)","Confirmatory",""
625173,103233471,60750,"Unspecified","","Ki","","","DRUGMATRIX: Peptidase, Angiotensin Converting Enzyme enzyme inhibition (substrate: FAPGG)","Confirmatory",""
625173,103234269,6098,"Unspecified","","IC50","","","DRUGMATRIX: Peptidase, Angiotensin Converting Enzyme enzyme inhibition (substrate: FAPGG)","Confirmatory",""
625173,103234269,6098,"Unspecified","","Ki","","","DRUGMATRIX: Peptidase, Angiotensin Converting Enzyme enzyme inhibition (substrate: FAPGG)","Confirmatory",""
625173,103234592,444,"Unspecified","","IC50","","","DRUGMATRIX: Peptidase, Angiotensin Converting Enzyme enzyme inhibition (substrate: FAPGG)","Confirmatory",""
625173,103234592,444,"Unspecified","","Ki","","","DRUGMATRIX: Peptidase, Angiotensin Converting Enzyme enzyme inhibition (substrate: FAPGG)","Confirmatory",""
625173,103234593,10219,"Unspecified","","IC50","","","DRUGMATRIX: Peptidase, Angiotensin Converting Enzyme enzyme inhibition (substrate: FAPGG)","Confirmatory",""
625173,103234593,10219,"Unspecified","","Ki","","","DRUGMATRIX: Peptidase, Angiotensin Converting Enzyme enzyme inhibition (substrate: FAPGG)","Confirmatory",""
625173,103234668,5311304,"Unspecified","","IC50","","","DRUGMATRIX: Peptidase, Angiotensin Converting Enzyme enzyme inhibition (substrate: FAPGG)","Confirmatory",""
625173,103234668,5311304,"Unspecified","","Ki","","","DRUGMATRIX: Peptidase, Angiotensin Converting Enzyme enzyme inhibition (substrate: FAPGG)","Confirmatory",""
625173,103234890,5360696,"Unspecified","","IC50","","","DRUGMATRIX: Peptidase, Angiotensin Converting Enzyme enzyme inhibition (substrate: FAPGG)","Confirmatory",""
625173,103234890,5360696,"Unspecified","","Ki","","","DRUGMATRIX: Peptidase, Angiotensin Converting Enzyme enzyme inhibition (substrate: FAPGG)","Confirmatory",""
625173,103234908,4911,"Unspecified","","IC50","","","DRUGMATRIX: Peptidase, Angiotensin Converting Enzyme enzyme inhibition (substrate: FAPGG)","Confirmatory",""
625173,103234908,4911,"Unspecified","","Ki","","","DRUGMATRIX: Peptidase, Angiotensin Converting Enzyme enzyme inhibition (substrate: FAPGG)","Confirmatory",""
625173,103235071,3059,"Unspecified","","IC50","","","DRUGMATRIX: Peptidase, Angiotensin Converting Enzyme enzyme inhibition (substrate: FAPGG)","Confirmatory",""
625173,103235071,3059,"Unspecified","","Ki","","","DRUGMATRIX: Peptidase, Angiotensin Converting Enzyme enzyme inhibition (substrate: FAPGG)","Confirmatory",""
625173,103235190,4601,"Unspecified","","IC50","","","DRUGMATRIX: Peptidase, Angiotensin Converting Enzyme enzyme inhibition (substrate: FAPGG)","Confirmatory",""
625173,103235190,4601,"Unspecified","","Ki","","","DRUGMATRIX: Peptidase, Angiotensin Converting Enzyme enzyme inhibition (substrate: FAPGG)","Confirmatory",""
625173,103235689,5702160,"Unspecified","","IC50","","","DRUGMATRIX: Peptidase, Angiotensin Converting Enzyme enzyme inhibition (substrate: FAPGG)","Confirmatory",""
625173,103235689,5702160,"Unspecified","","Ki","","","DRUGMATRIX: Peptidase, Angiotensin Converting Enzyme enzyme inhibition (substrate: FAPGG)","Confirmatory",""
625173,103236900,8246,"Unspecified","","IC50","","","DRUGMATRIX: Peptidase, Angiotensin Converting Enzyme enzyme inhibition (substrate: FAPGG)","Confirmatory",""
625173,103236900,8246,"Unspecified","","Ki","","","DRUGMATRIX: Peptidase, Angiotensin Converting Enzyme enzyme inhibition (substrate: FAPGG)","Confirmatory",""
625173,103238871,3348,"Unspecified","","IC50","","","DRUGMATRIX: Peptidase, Angiotensin Converting Enzyme enzyme inhibition (substrate: FAPGG)","Confirmatory",""
625173,103238871,3348,"Unspecified","","Ki","","","DRUGMATRIX: Peptidase, Angiotensin Converting Enzyme enzyme inhibition (substrate: FAPGG)","Confirmatory",""
625173,103239041,637511,"Unspecified","","IC50","","","DRUGMATRIX: Peptidase, Angiotensin Converting Enzyme enzyme inhibition (substrate: FAPGG)","Confirmatory",""
625173,103239041,637511,"Unspecified","","Ki","","","DRUGMATRIX: Peptidase, Angiotensin Converting Enzyme enzyme inhibition (substrate: FAPGG)","Confirmatory",""
625173,103239458,25444,"Unspecified","","IC50","","","DRUGMATRIX: Peptidase, Angiotensin Converting Enzyme enzyme inhibition (substrate: FAPGG)","Confirmatory",""
625173,103239458,25444,"Unspecified","","Ki","","","DRUGMATRIX: Peptidase, Angiotensin Converting Enzyme enzyme inhibition (substrate: FAPGG)","Confirmatory",""
625173,103240093,5790,"Unspecified","","IC50","","","DRUGMATRIX: Peptidase, Angiotensin Converting Enzyme enzyme inhibition (substrate: FAPGG)","Confirmatory",""
625173,103240093,5790,"Unspecified","","Ki","","","DRUGMATRIX: Peptidase, Angiotensin Converting Enzyme enzyme inhibition (substrate: FAPGG)","Confirmatory",""
625173,103240106,4753,"Unspecified","","IC50","","","DRUGMATRIX: Peptidase, Angiotensin Converting Enzyme enzyme inhibition (substrate: FAPGG)","Confirmatory",""
625173,103240106,4753,"Unspecified","","Ki","","","DRUGMATRIX: Peptidase, Angiotensin Converting Enzyme enzyme inhibition (substrate: FAPGG)","Confirmatory",""
625173,103240839,5245,"Unspecified","","IC50","","","DRUGMATRIX: Peptidase, Angiotensin Converting Enzyme enzyme inhibition (substrate: FAPGG)","Confirmatory",""
625173,103240839,5245,"Unspecified","","Ki","","","DRUGMATRIX: Peptidase, Angiotensin Converting Enzyme enzyme inhibition (substrate: FAPGG)","Confirmatory",""
625173,103241510,36811,"Unspecified","","IC50","","","DRUGMATRIX: Peptidase, Angiotensin Converting Enzyme enzyme inhibition (substrate: FAPGG)","Confirmatory",""
625173,103241510,36811,"Unspecified","","Ki","","","DRUGMATRIX: Peptidase, Angiotensin Converting Enzyme enzyme inhibition (substrate: FAPGG)","Confirmatory",""
625173,103241784,64715,"Unspecified","","IC50","","","DRUGMATRIX: Peptidase, Angiotensin Converting Enzyme enzyme inhibition (substrate: FAPGG)","Confirmatory",""
625173,103241784,64715,"Unspecified","","Ki","","","DRUGMATRIX: Peptidase, Angiotensin Converting Enzyme enzyme inhibition (substrate: FAPGG)","Confirmatory",""
625173,103242469,4495,"Unspecified","","IC50","","","DRUGMATRIX: Peptidase, Angiotensin Converting Enzyme enzyme inhibition (substrate: FAPGG)","Confirmatory",""
625173,103242469,4495,"Unspecified","","Ki","","","DRUGMATRIX: Peptidase, Angiotensin Converting Enzyme enzyme inhibition (substrate: FAPGG)","Confirmatory",""
625173,103242914,3108,"Unspecified","","IC50","","","DRUGMATRIX: Peptidase, Angiotensin Converting Enzyme enzyme inhibition (substrate: FAPGG)","Confirmatory",""
625173,103242914,3108,"Unspecified","","Ki","","","DRUGMATRIX: Peptidase, Angiotensin Converting Enzyme enzyme inhibition (substrate: FAPGG)","Confirmatory",""
625173,103243148,4174,"Unspecified","","IC50","","","DRUGMATRIX: Peptidase, Angiotensin Converting Enzyme enzyme inhibition (substrate: FAPGG)","Confirmatory",""
625173,103243148,4174,"Unspecified","","Ki","","","DRUGMATRIX: Peptidase, Angiotensin Converting Enzyme enzyme inhibition (substrate: FAPGG)","Confirmatory",""
625173,103243329,3055,"Unspecified","","IC50","","","DRUGMATRIX: Peptidase, Angiotensin Converting Enzyme enzyme inhibition (substrate: FAPGG)","Confirmatory",""
625173,103243329,3055,"Unspecified","","Ki","","","DRUGMATRIX: Peptidase, Angiotensin Converting Enzyme enzyme inhibition (substrate: FAPGG)","Confirmatory",""
625173,103244854,392622,"Unspecified","","IC50","","","DRUGMATRIX: Peptidase, Angiotensin Converting Enzyme enzyme inhibition (substrate: FAPGG)","Confirmatory",""
625173,103244854,392622,"Unspecified","","Ki","","","DRUGMATRIX: Peptidase, Angiotensin Converting Enzyme enzyme inhibition (substrate: FAPGG)","Confirmatory",""
625173,103245064,3446,"Unspecified","","IC50","","","DRUGMATRIX: Peptidase, Angiotensin Converting Enzyme enzyme inhibition (substrate: FAPGG)","Confirmatory",""
625173,103245064,3446,"Unspecified","","Ki","","","DRUGMATRIX: Peptidase, Angiotensin Converting Enzyme enzyme inhibition (substrate: FAPGG)","Confirmatory",""
625173,103245381,14385,"Unspecified","","IC50","","","DRUGMATRIX: Peptidase, Angiotensin Converting Enzyme enzyme inhibition (substrate: FAPGG)","Confirmatory",""
625173,103245381,14385,"Unspecified","","Ki","","","DRUGMATRIX: Peptidase, Angiotensin Converting Enzyme enzyme inhibition (substrate: FAPGG)","Confirmatory",""
625173,103245522,5291,"Unspecified","","IC50","","","DRUGMATRIX: Peptidase, Angiotensin Converting Enzyme enzyme inhibition (substrate: FAPGG)","Confirmatory",""
625173,103245522,5291,"Unspecified","","Ki","","","DRUGMATRIX: Peptidase, Angiotensin Converting Enzyme enzyme inhibition (substrate: FAPGG)","Confirmatory",""
625173,103245564,2391,"Unspecified","","IC50","","","DRUGMATRIX: Peptidase, Angiotensin Converting Enzyme enzyme inhibition (substrate: FAPGG)","Confirmatory",""
625173,103245564,2391,"Unspecified","","Ki","","","DRUGMATRIX: Peptidase, Angiotensin Converting Enzyme enzyme inhibition (substrate: FAPGG)","Confirmatory",""
625173,103245600,1549120,"Unspecified","","IC50","","","DRUGMATRIX: Peptidase, Angiotensin Converting Enzyme enzyme inhibition (substrate: FAPGG)","Confirmatory",""
625173,103245600,1549120,"Unspecified","","Ki","","","DRUGMATRIX: Peptidase, Angiotensin Converting Enzyme enzyme inhibition (substrate: FAPGG)","Confirmatory",""
625173,103246205,16231,"Unspecified","","IC50","","","DRUGMATRIX: Peptidase, Angiotensin Converting Enzyme enzyme inhibition (substrate: FAPGG)","Confirmatory",""
625173,103246205,16231,"Unspecified","","Ki","","","DRUGMATRIX: Peptidase, Angiotensin Converting Enzyme enzyme inhibition (substrate: FAPGG)","Confirmatory",""
625173,103248360,1548943,"Unspecified","","IC50","","","DRUGMATRIX: Peptidase, Angiotensin Converting Enzyme enzyme inhibition (substrate: FAPGG)","Confirmatory",""
625173,103248360,1548943,"Unspecified","","Ki","","","DRUGMATRIX: Peptidase, Angiotensin Converting Enzyme enzyme inhibition (substrate: FAPGG)","Confirmatory",""
625173,103249489,1548953,"Unspecified","","IC50","","","DRUGMATRIX: Peptidase, Angiotensin Converting Enzyme enzyme inhibition (substrate: FAPGG)","Confirmatory",""
625173,103249489,1548953,"Unspecified","","Ki","","","DRUGMATRIX: Peptidase, Angiotensin Converting Enzyme enzyme inhibition (substrate: FAPGG)","Confirmatory",""
625173,103250293,5071,"Unspecified","","IC50","","","DRUGMATRIX: Peptidase, Angiotensin Converting Enzyme enzyme inhibition (substrate: FAPGG)","Confirmatory",""
625173,103250293,5071,"Unspecified","","Ki","","","DRUGMATRIX: Peptidase, Angiotensin Converting Enzyme enzyme inhibition (substrate: FAPGG)","Confirmatory",""
625173,103250329,3899,"Unspecified","","IC50","","","DRUGMATRIX: Peptidase, Angiotensin Converting Enzyme enzyme inhibition (substrate: FAPGG)","Confirmatory",""
625173,103250329,3899,"Unspecified","","Ki","","","DRUGMATRIX: Peptidase, Angiotensin Converting Enzyme enzyme inhibition (substrate: FAPGG)","Confirmatory",""
625173,103250362,5323,"Unspecified","","IC50","","","DRUGMATRIX: Peptidase, Angiotensin Converting Enzyme enzyme inhibition (substrate: FAPGG)","Confirmatory",""
625173,103250362,5323,"Unspecified","","Ki","","","DRUGMATRIX: Peptidase, Angiotensin Converting Enzyme enzyme inhibition (substrate: FAPGG)","Confirmatory",""
625173,103250420,119584,"Unspecified","","IC50","","","DRUGMATRIX: Peptidase, Angiotensin Converting Enzyme enzyme inhibition (substrate: FAPGG)","Confirmatory",""
625173,103250420,119584,"Unspecified","","Ki","","","DRUGMATRIX: Peptidase, Angiotensin Converting Enzyme enzyme inhibition (substrate: FAPGG)","Confirmatory",""
625173,103250959,3117,"Unspecified","","IC50","","","DRUGMATRIX: Peptidase, Angiotensin Converting Enzyme enzyme inhibition (substrate: FAPGG)","Confirmatory",""
625173,103250959,3117,"Unspecified","","Ki","","","DRUGMATRIX: Peptidase, Angiotensin Converting Enzyme enzyme inhibition (substrate: FAPGG)","Confirmatory",""
625173,103252336,26757,"Unspecified","","IC50","","","DRUGMATRIX: Peptidase, Angiotensin Converting Enzyme enzyme inhibition (substrate: FAPGG)","Confirmatory",""
625173,103252336,26757,"Unspecified","","Ki","","","DRUGMATRIX: Peptidase, Angiotensin Converting Enzyme enzyme inhibition (substrate: FAPGG)","Confirmatory",""
625173,103252877,23662354,"Unspecified","","IC50","","","DRUGMATRIX: Peptidase, Angiotensin Converting Enzyme enzyme inhibition (substrate: FAPGG)","Confirmatory",""
625173,103252877,23662354,"Unspecified","","Ki","","","DRUGMATRIX: Peptidase, Angiotensin Converting Enzyme enzyme inhibition (substrate: FAPGG)","Confirmatory",""
625173,103253261,4488,"Unspecified","","IC50","","","DRUGMATRIX: Peptidase, Angiotensin Converting Enzyme enzyme inhibition (substrate: FAPGG)","Confirmatory",""
625173,103253261,4488,"Unspecified","","Ki","","","DRUGMATRIX: Peptidase, Angiotensin Converting Enzyme enzyme inhibition (substrate: FAPGG)","Confirmatory",""
625173,103254526,11057,"Unspecified","","IC50","","","DRUGMATRIX: Peptidase, Angiotensin Converting Enzyme enzyme inhibition (substrate: FAPGG)","Confirmatory",""
625173,103254526,11057,"Unspecified","","Ki","","","DRUGMATRIX: Peptidase, Angiotensin Converting Enzyme enzyme inhibition (substrate: FAPGG)","Confirmatory",""
625173,103255183,4891,"Unspecified","","IC50","","","DRUGMATRIX: Peptidase, Angiotensin Converting Enzyme enzyme inhibition (substrate: FAPGG)","Confirmatory",""
625173,103255183,4891,"Unspecified","","Ki","","","DRUGMATRIX: Peptidase, Angiotensin Converting Enzyme enzyme inhibition (substrate: FAPGG)","Confirmatory",""
625173,103256288,3516,"Unspecified","","IC50","","","DRUGMATRIX: Peptidase, Angiotensin Converting Enzyme enzyme inhibition (substrate: FAPGG)","Confirmatory",""
625173,103256288,3516,"Unspecified","","Ki","","","DRUGMATRIX: Peptidase, Angiotensin Converting Enzyme enzyme inhibition (substrate: FAPGG)","Confirmatory",""
625173,103257884,22475,"Unspecified","","IC50","","","DRUGMATRIX: Peptidase, Angiotensin Converting Enzyme enzyme inhibition (substrate: FAPGG)","Confirmatory",""
625173,103257884,22475,"Unspecified","","Ki","","","DRUGMATRIX: Peptidase, Angiotensin Converting Enzyme enzyme inhibition (substrate: FAPGG)","Confirmatory",""
625173,103258899,56069,"Unspecified","","IC50","","","DRUGMATRIX: Peptidase, Angiotensin Converting Enzyme enzyme inhibition (substrate: FAPGG)","Confirmatory",""
625173,103258899,56069,"Unspecified","","Ki","","","DRUGMATRIX: Peptidase, Angiotensin Converting Enzyme enzyme inhibition (substrate: FAPGG)","Confirmatory",""
625173,103259583,445154,"Unspecified","","IC50","","","DRUGMATRIX: Peptidase, Angiotensin Converting Enzyme enzyme inhibition (substrate: FAPGG)","Confirmatory",""
625173,103259583,445154,"Unspecified","","Ki","","","DRUGMATRIX: Peptidase, Angiotensin Converting Enzyme enzyme inhibition (substrate: FAPGG)","Confirmatory",""
625173,103261079,6215,"Unspecified","","IC50","","","DRUGMATRIX: Peptidase, Angiotensin Converting Enzyme enzyme inhibition (substrate: FAPGG)","Confirmatory",""
625173,103261079,6215,"Unspecified","","Ki","","","DRUGMATRIX: Peptidase, Angiotensin Converting Enzyme enzyme inhibition (substrate: FAPGG)","Confirmatory",""
625173,103261258,2484,"Unspecified","","IC50","","","DRUGMATRIX: Peptidase, Angiotensin Converting Enzyme enzyme inhibition (substrate: FAPGG)","Confirmatory",""
625173,103261258,2484,"Unspecified","","Ki","","","DRUGMATRIX: Peptidase, Angiotensin Converting Enzyme enzyme inhibition (substrate: FAPGG)","Confirmatory",""
625173,103262836,18283,"Unspecified","","IC50","","","DRUGMATRIX: Peptidase, Angiotensin Converting Enzyme enzyme inhibition (substrate: FAPGG)","Confirmatory",""
625173,103262836,18283,"Unspecified","","Ki","","","DRUGMATRIX: Peptidase, Angiotensin Converting Enzyme enzyme inhibition (substrate: FAPGG)","Confirmatory",""
625173,103266319,3957,"Unspecified","","IC50","","","DRUGMATRIX: Peptidase, Angiotensin Converting Enzyme enzyme inhibition (substrate: FAPGG)","Confirmatory",""
625173,103266319,3957,"Unspecified","","Ki","","","DRUGMATRIX: Peptidase, Angiotensin Converting Enzyme enzyme inhibition (substrate: FAPGG)","Confirmatory",""
625173,103266539,3191,"Unspecified","","IC50","","","DRUGMATRIX: Peptidase, Angiotensin Converting Enzyme enzyme inhibition (substrate: FAPGG)","Confirmatory",""
625173,103266539,3191,"Unspecified","","Ki","","","DRUGMATRIX: Peptidase, Angiotensin Converting Enzyme enzyme inhibition (substrate: FAPGG)","Confirmatory",""
625173,103267492,2972,"Unspecified","","IC50","","","DRUGMATRIX: Peptidase, Angiotensin Converting Enzyme enzyme inhibition (substrate: FAPGG)","Confirmatory",""
625173,103267492,2972,"Unspecified","","Ki","","","DRUGMATRIX: Peptidase, Angiotensin Converting Enzyme enzyme inhibition (substrate: FAPGG)","Confirmatory",""
625173,103267861,2141,"Unspecified","","IC50","","","DRUGMATRIX: Peptidase, Angiotensin Converting Enzyme enzyme inhibition (substrate: FAPGG)","Confirmatory",""
625173,103267861,2141,"Unspecified","","Ki","","","DRUGMATRIX: Peptidase, Angiotensin Converting Enzyme enzyme inhibition (substrate: FAPGG)","Confirmatory",""
625173,103268014,6047,"Unspecified","","IC50","","","DRUGMATRIX: Peptidase, Angiotensin Converting Enzyme enzyme inhibition (substrate: FAPGG)","Confirmatory",""
625173,103268014,6047,"Unspecified","","Ki","","","DRUGMATRIX: Peptidase, Angiotensin Converting Enzyme enzyme inhibition (substrate: FAPGG)","Confirmatory",""
625173,103268555,"","Unspecified","","IC50","","","DRUGMATRIX: Peptidase, Angiotensin Converting Enzyme enzyme inhibition (substrate: FAPGG)","Confirmatory",""
625173,103268555,"","Unspecified","","Ki","","","DRUGMATRIX: Peptidase, Angiotensin Converting Enzyme enzyme inhibition (substrate: FAPGG)","Confirmatory",""
625173,103271913,2541,"Unspecified","","IC50","","","DRUGMATRIX: Peptidase, Angiotensin Converting Enzyme enzyme inhibition (substrate: FAPGG)","Confirmatory",""
625173,103271913,2541,"Unspecified","","Ki","","","DRUGMATRIX: Peptidase, Angiotensin Converting Enzyme enzyme inhibition (substrate: FAPGG)","Confirmatory",""
625173,103272743,667550,"Unspecified","","IC50","","","DRUGMATRIX: Peptidase, Angiotensin Converting Enzyme enzyme inhibition (substrate: FAPGG)","Confirmatory",""
625173,103272743,667550,"Unspecified","","Ki","","","DRUGMATRIX: Peptidase, Angiotensin Converting Enzyme enzyme inhibition (substrate: FAPGG)","Confirmatory",""
625173,103273527,5509,"Unspecified","","IC50","","","DRUGMATRIX: Peptidase, Angiotensin Converting Enzyme enzyme inhibition (substrate: FAPGG)","Confirmatory",""
625173,103273527,5509,"Unspecified","","Ki","","","DRUGMATRIX: Peptidase, Angiotensin Converting Enzyme enzyme inhibition (substrate: FAPGG)","Confirmatory",""
625173,103274161,4746,"Unspecified","","IC50","","","DRUGMATRIX: Peptidase, Angiotensin Converting Enzyme enzyme inhibition (substrate: FAPGG)","Confirmatory",""
625173,103274161,4746,"Unspecified","","Ki","","","DRUGMATRIX: Peptidase, Angiotensin Converting Enzyme enzyme inhibition (substrate: FAPGG)","Confirmatory",""
625173,103274172,4855,"Unspecified","","IC50","","","DRUGMATRIX: Peptidase, Angiotensin Converting Enzyme enzyme inhibition (substrate: FAPGG)","Confirmatory",""
625173,103274172,4855,"Unspecified","","Ki","","","DRUGMATRIX: Peptidase, Angiotensin Converting Enzyme enzyme inhibition (substrate: FAPGG)","Confirmatory",""
625173,103274495,3690,"Unspecified","","IC50","","","DRUGMATRIX: Peptidase, Angiotensin Converting Enzyme enzyme inhibition (substrate: FAPGG)","Confirmatory",""
625173,103274495,3690,"Unspecified","","Ki","","","DRUGMATRIX: Peptidase, Angiotensin Converting Enzyme enzyme inhibition (substrate: FAPGG)","Confirmatory",""
625173,103275455,1057,"Unspecified","","IC50","","","DRUGMATRIX: Peptidase, Angiotensin Converting Enzyme enzyme inhibition (substrate: FAPGG)","Confirmatory",""
625173,103275455,1057,"Unspecified","","Ki","","","DRUGMATRIX: Peptidase, Angiotensin Converting Enzyme enzyme inhibition (substrate: FAPGG)","Confirmatory",""
625173,103277459,2052,"Unspecified","","IC50","","","DRUGMATRIX: Peptidase, Angiotensin Converting Enzyme enzyme inhibition (substrate: FAPGG)","Confirmatory",""
625173,103277459,2052,"Unspecified","","Ki","","","DRUGMATRIX: Peptidase, Angiotensin Converting Enzyme enzyme inhibition (substrate: FAPGG)","Confirmatory",""
625173,103279849,5280795,"Unspecified","","IC50","","","DRUGMATRIX: Peptidase, Angiotensin Converting Enzyme enzyme inhibition (substrate: FAPGG)","Confirmatory",""
625173,103279849,5280795,"Unspecified","","Ki","","","DRUGMATRIX: Peptidase, Angiotensin Converting Enzyme enzyme inhibition (substrate: FAPGG)","Confirmatory",""
625173,103282209,564,"Unspecified","","IC50","","","DRUGMATRIX: Peptidase, Angiotensin Converting Enzyme enzyme inhibition (substrate: FAPGG)","Confirmatory",""
625173,103282209,564,"Unspecified","","Ki","","","DRUGMATRIX: Peptidase, Angiotensin Converting Enzyme enzyme inhibition (substrate: FAPGG)","Confirmatory",""
625173,103282519,7594,"Unspecified","","IC50","","","DRUGMATRIX: Peptidase, Angiotensin Converting Enzyme enzyme inhibition (substrate: FAPGG)","Confirmatory",""
625173,103282519,7594,"Unspecified","","Ki","","","DRUGMATRIX: Peptidase, Angiotensin Converting Enzyme enzyme inhibition (substrate: FAPGG)","Confirmatory",""
625173,103282650,1645,"Unspecified","","IC50","","","DRUGMATRIX: Peptidase, Angiotensin Converting Enzyme enzyme inhibition (substrate: FAPGG)","Confirmatory",""
625173,103282650,1645,"Unspecified","","Ki","","","DRUGMATRIX: Peptidase, Angiotensin Converting Enzyme enzyme inhibition (substrate: FAPGG)","Confirmatory",""
625173,103284327,1923,"Unspecified","","IC50","","","DRUGMATRIX: Peptidase, Angiotensin Converting Enzyme enzyme inhibition (substrate: FAPGG)","Confirmatory",""
625173,103284327,1923,"Unspecified","","Ki","","","DRUGMATRIX: Peptidase, Angiotensin Converting Enzyme enzyme inhibition (substrate: FAPGG)","Confirmatory",""
625173,103287107,5467,"Unspecified","","IC50","","","DRUGMATRIX: Peptidase, Angiotensin Converting Enzyme enzyme inhibition (substrate: FAPGG)","Confirmatory",""
625173,103287107,5467,"Unspecified","","Ki","","","DRUGMATRIX: Peptidase, Angiotensin Converting Enzyme enzyme inhibition (substrate: FAPGG)","Confirmatory",""
625173,103288110,5510,"Unspecified","","IC50","","","DRUGMATRIX: Peptidase, Angiotensin Converting Enzyme enzyme inhibition (substrate: FAPGG)","Confirmatory",""
625173,103288110,5510,"Unspecified","","Ki","","","DRUGMATRIX: Peptidase, Angiotensin Converting Enzyme enzyme inhibition (substrate: FAPGG)","Confirmatory",""
625173,103288149,5897,"Unspecified","","IC50","","","DRUGMATRIX: Peptidase, Angiotensin Converting Enzyme enzyme inhibition (substrate: FAPGG)","Confirmatory",""
625173,103288149,5897,"Unspecified","","Ki","","","DRUGMATRIX: Peptidase, Angiotensin Converting Enzyme enzyme inhibition (substrate: FAPGG)","Confirmatory",""
625173,103288166,5560,"Unspecified","","IC50","","","DRUGMATRIX: Peptidase, Angiotensin Converting Enzyme enzyme inhibition (substrate: FAPGG)","Confirmatory",""
625173,103288166,5560,"Unspecified","","Ki","","","DRUGMATRIX: Peptidase, Angiotensin Converting Enzyme enzyme inhibition (substrate: FAPGG)","Confirmatory",""
625173,103288373,2732,"Unspecified","","IC50","","","DRUGMATRIX: Peptidase, Angiotensin Converting Enzyme enzyme inhibition (substrate: FAPGG)","Confirmatory",""
625173,103288373,2732,"Unspecified","","Ki","","","DRUGMATRIX: Peptidase, Angiotensin Converting Enzyme enzyme inhibition (substrate: FAPGG)","Confirmatory",""
625173,103288539,7577,"Unspecified","","IC50","","","DRUGMATRIX: Peptidase, Angiotensin Converting Enzyme enzyme inhibition (substrate: FAPGG)","Confirmatory",""
625173,103288539,7577,"Unspecified","","Ki","","","DRUGMATRIX: Peptidase, Angiotensin Converting Enzyme enzyme inhibition (substrate: FAPGG)","Confirmatory",""
625173,103288972,16850,"Unspecified","","IC50","","","DRUGMATRIX: Peptidase, Angiotensin Converting Enzyme enzyme inhibition (substrate: FAPGG)","Confirmatory",""
625173,103288972,16850,"Unspecified","","Ki","","","DRUGMATRIX: Peptidase, Angiotensin Converting Enzyme enzyme inhibition (substrate: FAPGG)","Confirmatory",""
625173,103291064,5879,"Unspecified","","IC50","","","DRUGMATRIX: Peptidase, Angiotensin Converting Enzyme enzyme inhibition (substrate: FAPGG)","Confirmatory",""
625173,103291064,5879,"Unspecified","","Ki","","","DRUGMATRIX: Peptidase, Angiotensin Converting Enzyme enzyme inhibition (substrate: FAPGG)","Confirmatory",""
625173,103291866,4156,"Unspecified","","IC50","","","DRUGMATRIX: Peptidase, Angiotensin Converting Enzyme enzyme inhibition (substrate: FAPGG)","Confirmatory",""
625173,103291866,4156,"Unspecified","","Ki","","","DRUGMATRIX: Peptidase, Angiotensin Converting Enzyme enzyme inhibition (substrate: FAPGG)","Confirmatory",""
625173,103291875,6238,"Unspecified","","IC50","","","DRUGMATRIX: Peptidase, Angiotensin Converting Enzyme enzyme inhibition (substrate: FAPGG)","Confirmatory",""
625173,103291875,6238,"Unspecified","","Ki","","","DRUGMATRIX: Peptidase, Angiotensin Converting Enzyme enzyme inhibition (substrate: FAPGG)","Confirmatory",""
625173,103292372,54454,"Unspecified","","IC50","","","DRUGMATRIX: Peptidase, Angiotensin Converting Enzyme enzyme inhibition (substrate: FAPGG)","Confirmatory",""
625173,103292372,54454,"Unspecified","","Ki","","","DRUGMATRIX: Peptidase, Angiotensin Converting Enzyme enzyme inhibition (substrate: FAPGG)","Confirmatory",""
625173,103292415,9681,"Unspecified","","IC50","","","DRUGMATRIX: Peptidase, Angiotensin Converting Enzyme enzyme inhibition (substrate: FAPGG)","Confirmatory",""
625173,103292415,9681,"Unspecified","","Ki","","","DRUGMATRIX: Peptidase, Angiotensin Converting Enzyme enzyme inhibition (substrate: FAPGG)","Confirmatory",""
625173,103292787,34312,"Unspecified","","IC50","","","DRUGMATRIX: Peptidase, Angiotensin Converting Enzyme enzyme inhibition (substrate: FAPGG)","Confirmatory",""
625173,103292787,34312,"Unspecified","","Ki","","","DRUGMATRIX: Peptidase, Angiotensin Converting Enzyme enzyme inhibition (substrate: FAPGG)","Confirmatory",""
625173,103292815,60846,"Unspecified","","IC50","","","DRUGMATRIX: Peptidase, Angiotensin Converting Enzyme enzyme inhibition (substrate: FAPGG)","Confirmatory",""
625173,103292815,60846,"Unspecified","","Ki","","","DRUGMATRIX: Peptidase, Angiotensin Converting Enzyme enzyme inhibition (substrate: FAPGG)","Confirmatory",""
625173,103292864,4235,"Unspecified","","IC50","","","DRUGMATRIX: Peptidase, Angiotensin Converting Enzyme enzyme inhibition (substrate: FAPGG)","Confirmatory",""
625173,103292864,4235,"Unspecified","","Ki","","","DRUGMATRIX: Peptidase, Angiotensin Converting Enzyme enzyme inhibition (substrate: FAPGG)","Confirmatory",""
625173,103292969,4409,"Unspecified","","IC50","","","DRUGMATRIX: Peptidase, Angiotensin Converting Enzyme enzyme inhibition (substrate: FAPGG)","Confirmatory",""
625173,103292969,4409,"Unspecified","","Ki","","","DRUGMATRIX: Peptidase, Angiotensin Converting Enzyme enzyme inhibition (substrate: FAPGG)","Confirmatory",""
625173,103292984,4614,"Unspecified","","IC50","","","DRUGMATRIX: Peptidase, Angiotensin Converting Enzyme enzyme inhibition (substrate: FAPGG)","Confirmatory",""
625173,103292984,4614,"Unspecified","","Ki","","","DRUGMATRIX: Peptidase, Angiotensin Converting Enzyme enzyme inhibition (substrate: FAPGG)","Confirmatory",""
625173,103293005,3728,"Active","","IC50","=",0.906,"DRUGMATRIX: Peptidase, Angiotensin Converting Enzyme enzyme inhibition (substrate: FAPGG)","Confirmatory",""
625173,103293005,3728,"Unspecified","","Ki","","","DRUGMATRIX: Peptidase, Angiotensin Converting Enzyme enzyme inhibition (substrate: FAPGG)","Confirmatory",""
625173,103293043,3478,"Unspecified","","IC50","","","DRUGMATRIX: Peptidase, Angiotensin Converting Enzyme enzyme inhibition (substrate: FAPGG)","Confirmatory",""
625173,103293043,3478,"Unspecified","","Ki","","","DRUGMATRIX: Peptidase, Angiotensin Converting Enzyme enzyme inhibition (substrate: FAPGG)","Confirmatory",""
625173,103293849,60726,"Unspecified","","IC50","","","DRUGMATRIX: Peptidase, Angiotensin Converting Enzyme enzyme inhibition (substrate: FAPGG)","Confirmatory",""
625173,103293849,60726,"Unspecified","","Ki","","","DRUGMATRIX: Peptidase, Angiotensin Converting Enzyme enzyme inhibition (substrate: FAPGG)","Confirmatory",""
625173,103296891,33613,"Unspecified","","IC50","","","DRUGMATRIX: Peptidase, Angiotensin Converting Enzyme enzyme inhibition (substrate: FAPGG)","Confirmatory",""
625173,103296891,33613,"Unspecified","","Ki","","","DRUGMATRIX: Peptidase, Angiotensin Converting Enzyme enzyme inhibition (substrate: FAPGG)","Confirmatory",""
625173,103301299,4062,"Unspecified","","IC50","","","DRUGMATRIX: Peptidase, Angiotensin Converting Enzyme enzyme inhibition (substrate: FAPGG)","Confirmatory",""
625173,103301299,4062,"Unspecified","","Ki","","","DRUGMATRIX: Peptidase, Angiotensin Converting Enzyme enzyme inhibition (substrate: FAPGG)","Confirmatory",""
625173,103301334,3675,"Unspecified","","IC50","","","DRUGMATRIX: Peptidase, Angiotensin Converting Enzyme enzyme inhibition (substrate: FAPGG)","Confirmatory",""
625173,103301334,3675,"Unspecified","","Ki","","","DRUGMATRIX: Peptidase, Angiotensin Converting Enzyme enzyme inhibition (substrate: FAPGG)","Confirmatory",""
625173,103303791,71771,"Unspecified","","IC50","","","DRUGMATRIX: Peptidase, Angiotensin Converting Enzyme enzyme inhibition (substrate: FAPGG)","Confirmatory",""
625173,103303791,71771,"Unspecified","","Ki","","","DRUGMATRIX: Peptidase, Angiotensin Converting Enzyme enzyme inhibition (substrate: FAPGG)","Confirmatory",""
625173,103303946,3748,"Unspecified","","IC50","","","DRUGMATRIX: Peptidase, Angiotensin Converting Enzyme enzyme inhibition (substrate: FAPGG)","Confirmatory",""
625173,103303946,3748,"Unspecified","","Ki","","","DRUGMATRIX: Peptidase, Angiotensin Converting Enzyme enzyme inhibition (substrate: FAPGG)","Confirmatory",""
625173,103304486,5323714,"Unspecified","","IC50","","","DRUGMATRIX: Peptidase, Angiotensin Converting Enzyme enzyme inhibition (substrate: FAPGG)","Confirmatory",""
625173,103304486,5323714,"Unspecified","","Ki","","","DRUGMATRIX: Peptidase, Angiotensin Converting Enzyme enzyme inhibition (substrate: FAPGG)","Confirmatory",""
625173,103304594,32176,"Unspecified","","IC50","","","DRUGMATRIX: Peptidase, Angiotensin Converting Enzyme enzyme inhibition (substrate: FAPGG)","Confirmatory",""
625173,103304594,32176,"Unspecified","","Ki","","","DRUGMATRIX: Peptidase, Angiotensin Converting Enzyme enzyme inhibition (substrate: FAPGG)","Confirmatory",""
625173,103305076,3332,"Unspecified","","IC50","","","DRUGMATRIX: Peptidase, Angiotensin Converting Enzyme enzyme inhibition (substrate: FAPGG)","Confirmatory",""
625173,103305076,3332,"Unspecified","","Ki","","","DRUGMATRIX: Peptidase, Angiotensin Converting Enzyme enzyme inhibition (substrate: FAPGG)","Confirmatory",""
625173,103305836,3168,"Unspecified","","IC50","","","DRUGMATRIX: Peptidase, Angiotensin Converting Enzyme enzyme inhibition (substrate: FAPGG)","Confirmatory",""
625173,103305836,3168,"Unspecified","","Ki","","","DRUGMATRIX: Peptidase, Angiotensin Converting Enzyme enzyme inhibition (substrate: FAPGG)","Confirmatory",""
625173,103306370,5335,"Unspecified","","IC50","","","DRUGMATRIX: Peptidase, Angiotensin Converting Enzyme enzyme inhibition (substrate: FAPGG)","Confirmatory",""
625173,103306370,5335,"Unspecified","","Ki","","","DRUGMATRIX: Peptidase, Angiotensin Converting Enzyme enzyme inhibition (substrate: FAPGG)","Confirmatory",""
625173,103306382,2099,"Unspecified","","IC50","","","DRUGMATRIX: Peptidase, Angiotensin Converting Enzyme enzyme inhibition (substrate: FAPGG)","Confirmatory",""
625173,103306382,2099,"Unspecified","","Ki","","","DRUGMATRIX: Peptidase, Angiotensin Converting Enzyme enzyme inhibition (substrate: FAPGG)","Confirmatory",""
625173,103306510,4922,"Unspecified","","IC50","","","DRUGMATRIX: Peptidase, Angiotensin Converting Enzyme enzyme inhibition (substrate: FAPGG)","Confirmatory",""
625173,103306510,4922,"Unspecified","","Ki","","","DRUGMATRIX: Peptidase, Angiotensin Converting Enzyme enzyme inhibition (substrate: FAPGG)","Confirmatory",""
625173,103307981,2170,"Unspecified","","IC50","","","DRUGMATRIX: Peptidase, Angiotensin Converting Enzyme enzyme inhibition (substrate: FAPGG)","Confirmatory",""
625173,103307981,2170,"Unspecified","","Ki","","","DRUGMATRIX: Peptidase, Angiotensin Converting Enzyme enzyme inhibition (substrate: FAPGG)","Confirmatory",""
625173,103308477,6623,"Unspecified","","IC50","","","DRUGMATRIX: Peptidase, Angiotensin Converting Enzyme enzyme inhibition (substrate: FAPGG)","Confirmatory",""
625173,103308477,6623,"Unspecified","","Ki","","","DRUGMATRIX: Peptidase, Angiotensin Converting Enzyme enzyme inhibition (substrate: FAPGG)","Confirmatory",""
625173,103309971,3973,"Unspecified","","IC50","","","DRUGMATRIX: Peptidase, Angiotensin Converting Enzyme enzyme inhibition (substrate: FAPGG)","Confirmatory",""
625173,103309971,3973,"Unspecified","","Ki","","","DRUGMATRIX: Peptidase, Angiotensin Converting Enzyme enzyme inhibition (substrate: FAPGG)","Confirmatory",""
625173,103311042,42890,"Unspecified","","IC50","","","DRUGMATRIX: Peptidase, Angiotensin Converting Enzyme enzyme inhibition (substrate: FAPGG)","Confirmatory",""
625173,103311042,42890,"Unspecified","","Ki","","","DRUGMATRIX: Peptidase, Angiotensin Converting Enzyme enzyme inhibition (substrate: FAPGG)","Confirmatory",""
625173,103311080,3496,"Unspecified","","IC50","","","DRUGMATRIX: Peptidase, Angiotensin Converting Enzyme enzyme inhibition (substrate: FAPGG)","Confirmatory",""
625173,103311080,3496,"Unspecified","","Ki","","","DRUGMATRIX: Peptidase, Angiotensin Converting Enzyme enzyme inhibition (substrate: FAPGG)","Confirmatory",""
625173,103318016,3042,"Unspecified","","IC50","","","DRUGMATRIX: Peptidase, Angiotensin Converting Enzyme enzyme inhibition (substrate: FAPGG)","Confirmatory",""
625173,103318016,3042,"Unspecified","","Ki","","","DRUGMATRIX: Peptidase, Angiotensin Converting Enzyme enzyme inhibition (substrate: FAPGG)","Confirmatory",""
625173,103318474,1367,"Unspecified","","IC50","","","DRUGMATRIX: Peptidase, Angiotensin Converting Enzyme enzyme inhibition (substrate: FAPGG)","Confirmatory",""
625173,103318474,1367,"Unspecified","","Ki","","","DRUGMATRIX: Peptidase, Angiotensin Converting Enzyme enzyme inhibition (substrate: FAPGG)","Confirmatory",""
625173,103321248,18343,"Unspecified","","IC50","","","DRUGMATRIX: Peptidase, Angiotensin Converting Enzyme enzyme inhibition (substrate: FAPGG)","Confirmatory",""
625173,103321248,18343,"Unspecified","","Ki","","","DRUGMATRIX: Peptidase, Angiotensin Converting Enzyme enzyme inhibition (substrate: FAPGG)","Confirmatory",""
625173,103323115,5281787,"Unspecified","","IC50","","","DRUGMATRIX: Peptidase, Angiotensin Converting Enzyme enzyme inhibition (substrate: FAPGG)","Confirmatory",""
625173,103323115,5281787,"Unspecified","","Ki","","","DRUGMATRIX: Peptidase, Angiotensin Converting Enzyme enzyme inhibition (substrate: FAPGG)","Confirmatory",""
625173,103326781,936,"Unspecified","","IC50","","","DRUGMATRIX: Peptidase, Angiotensin Converting Enzyme enzyme inhibition (substrate: FAPGG)","Confirmatory",""
625173,103326781,936,"Unspecified","","Ki","","","DRUGMATRIX: Peptidase, Angiotensin Converting Enzyme enzyme inhibition (substrate: FAPGG)","Confirmatory",""
625173,103329683,4133,"Unspecified","","IC50","","","DRUGMATRIX: Peptidase, Angiotensin Converting Enzyme enzyme inhibition (substrate: FAPGG)","Confirmatory",""
625173,103329683,4133,"Unspecified","","Ki","","","DRUGMATRIX: Peptidase, Angiotensin Converting Enzyme enzyme inhibition (substrate: FAPGG)","Confirmatory",""
625173,103329864,7456,"Unspecified","","IC50","","","DRUGMATRIX: Peptidase, Angiotensin Converting Enzyme enzyme inhibition (substrate: FAPGG)","Confirmatory",""
625173,103329864,7456,"Unspecified","","Ki","","","DRUGMATRIX: Peptidase, Angiotensin Converting Enzyme enzyme inhibition (substrate: FAPGG)","Confirmatory",""
625173,103330746,5282230,"Unspecified","","IC50","","","DRUGMATRIX: Peptidase, Angiotensin Converting Enzyme enzyme inhibition (substrate: FAPGG)","Confirmatory",""
625173,103330746,5282230,"Unspecified","","Ki","","","DRUGMATRIX: Peptidase, Angiotensin Converting Enzyme enzyme inhibition (substrate: FAPGG)","Confirmatory",""
625173,103331451,41781,"Unspecified","","IC50","","","DRUGMATRIX: Peptidase, Angiotensin Converting Enzyme enzyme inhibition (substrate: FAPGG)","Confirmatory",""
625173,103331451,41781,"Unspecified","","Ki","","","DRUGMATRIX: Peptidase, Angiotensin Converting Enzyme enzyme inhibition (substrate: FAPGG)","Confirmatory",""
625173,103332887,10917,"Unspecified","","IC50","","","DRUGMATRIX: Peptidase, Angiotensin Converting Enzyme enzyme inhibition (substrate: FAPGG)","Confirmatory",""
625173,103332887,10917,"Unspecified","","Ki","","","DRUGMATRIX: Peptidase, Angiotensin Converting Enzyme enzyme inhibition (substrate: FAPGG)","Confirmatory",""
625173,103333818,9324,"Unspecified","","IC50","","","DRUGMATRIX: Peptidase, Angiotensin Converting Enzyme enzyme inhibition (substrate: FAPGG)","Confirmatory",""
625173,103333818,9324,"Unspecified","","Ki","","","DRUGMATRIX: Peptidase, Angiotensin Converting Enzyme enzyme inhibition (substrate: FAPGG)","Confirmatory",""
625173,103336971,9819053,"Unspecified","","IC50","","","DRUGMATRIX: Peptidase, Angiotensin Converting Enzyme enzyme inhibition (substrate: FAPGG)","Confirmatory",""
625173,103336971,9819053,"Unspecified","","Ki","","","DRUGMATRIX: Peptidase, Angiotensin Converting Enzyme enzyme inhibition (substrate: FAPGG)","Confirmatory",""
625173,103338617,6230,"Unspecified","","IC50","","","DRUGMATRIX: Peptidase, Angiotensin Converting Enzyme enzyme inhibition (substrate: FAPGG)","Confirmatory",""
625173,103338617,6230,"Unspecified","","Ki","","","DRUGMATRIX: Peptidase, Angiotensin Converting Enzyme enzyme inhibition (substrate: FAPGG)","Confirmatory",""
625173,103339676,15541,"Unspecified","","IC50","","","DRUGMATRIX: Peptidase, Angiotensin Converting Enzyme enzyme inhibition (substrate: FAPGG)","Confirmatory",""
625173,103339676,15541,"Unspecified","","Ki","","","DRUGMATRIX: Peptidase, Angiotensin Converting Enzyme enzyme inhibition (substrate: FAPGG)","Confirmatory",""
625173,103339774,5362129,"Unspecified","","IC50","","","DRUGMATRIX: Peptidase, Angiotensin Converting Enzyme enzyme inhibition (substrate: FAPGG)","Confirmatory",""
625173,103339774,5362129,"Unspecified","","Ki","","","DRUGMATRIX: Peptidase, Angiotensin Converting Enzyme enzyme inhibition (substrate: FAPGG)","Confirmatory",""
625173,103340603,688095,"Unspecified","","IC50","","","DRUGMATRIX: Peptidase, Angiotensin Converting Enzyme enzyme inhibition (substrate: FAPGG)","Confirmatory",""
625173,103340603,688095,"Unspecified","","Ki","","","DRUGMATRIX: Peptidase, Angiotensin Converting Enzyme enzyme inhibition (substrate: FAPGG)","Confirmatory",""
625173,103340993,4649,"Unspecified","","IC50","","","DRUGMATRIX: Peptidase, Angiotensin Converting Enzyme enzyme inhibition (substrate: FAPGG)","Confirmatory",""
625173,103340993,4649,"Unspecified","","Ki","","","DRUGMATRIX: Peptidase, Angiotensin Converting Enzyme enzyme inhibition (substrate: FAPGG)","Confirmatory",""
625173,103341726,124087,"Unspecified","","IC50","","","DRUGMATRIX: Peptidase, Angiotensin Converting Enzyme enzyme inhibition (substrate: FAPGG)","Confirmatory",""
625173,103341726,124087,"Unspecified","","Ki","","","DRUGMATRIX: Peptidase, Angiotensin Converting Enzyme enzyme inhibition (substrate: FAPGG)","Confirmatory",""
625173,103343350,4723,"Unspecified","","IC50","","","DRUGMATRIX: Peptidase, Angiotensin Converting Enzyme enzyme inhibition (substrate: FAPGG)","Confirmatory",""
625173,103343350,4723,"Unspecified","","Ki","","","DRUGMATRIX: Peptidase, Angiotensin Converting Enzyme enzyme inhibition (substrate: FAPGG)","Confirmatory",""
625173,103343477,5620,"Unspecified","","IC50","","","DRUGMATRIX: Peptidase, Angiotensin Converting Enzyme enzyme inhibition (substrate: FAPGG)","Confirmatory",""
625173,103343477,5620,"Unspecified","","Ki","","","DRUGMATRIX: Peptidase, Angiotensin Converting Enzyme enzyme inhibition (substrate: FAPGG)","Confirmatory",""
625173,103344166,3038525,"Unspecified","","IC50","","","DRUGMATRIX: Peptidase, Angiotensin Converting Enzyme enzyme inhibition (substrate: FAPGG)","Confirmatory",""
625173,103344166,3038525,"Unspecified","","Ki","","","DRUGMATRIX: Peptidase, Angiotensin Converting Enzyme enzyme inhibition (substrate: FAPGG)","Confirmatory",""
625173,103345443,8816,"Unspecified","","IC50","","","DRUGMATRIX: Peptidase, Angiotensin Converting Enzyme enzyme inhibition (substrate: FAPGG)","Confirmatory",""
625173,103345443,8816,"Unspecified","","Ki","","","DRUGMATRIX: Peptidase, Angiotensin Converting Enzyme enzyme inhibition (substrate: FAPGG)","Confirmatory",""
625173,103346479,443884,"Unspecified","","IC50","","","DRUGMATRIX: Peptidase, Angiotensin Converting Enzyme enzyme inhibition (substrate: FAPGG)","Confirmatory",""
625173,103346479,443884,"Unspecified","","Ki","","","DRUGMATRIX: Peptidase, Angiotensin Converting Enzyme enzyme inhibition (substrate: FAPGG)","Confirmatory",""
625173,103348651,6197,"Unspecified","","IC50","","","DRUGMATRIX: Peptidase, Angiotensin Converting Enzyme enzyme inhibition (substrate: FAPGG)","Confirmatory",""
625173,103348651,6197,"Unspecified","","Ki","","","DRUGMATRIX: Peptidase, Angiotensin Converting Enzyme enzyme inhibition (substrate: FAPGG)","Confirmatory",""
625173,103353725,5328,"Unspecified","","IC50","","","DRUGMATRIX: Peptidase, Angiotensin Converting Enzyme enzyme inhibition (substrate: FAPGG)","Confirmatory",""
625173,103353725,5328,"Unspecified","","Ki","","","DRUGMATRIX: Peptidase, Angiotensin Converting Enzyme enzyme inhibition (substrate: FAPGG)","Confirmatory",""
625173,103355081,1720,"Unspecified","","IC50","","","DRUGMATRIX: Peptidase, Angiotensin Converting Enzyme enzyme inhibition (substrate: FAPGG)","Confirmatory",""
625173,103355081,1720,"Unspecified","","Ki","","","DRUGMATRIX: Peptidase, Angiotensin Converting Enzyme enzyme inhibition (substrate: FAPGG)","Confirmatory",""
625173,103357947,4906,"Unspecified","","IC50","","","DRUGMATRIX: Peptidase, Angiotensin Converting Enzyme enzyme inhibition (substrate: FAPGG)","Confirmatory",""
625173,103357947,4906,"Unspecified","","Ki","","","DRUGMATRIX: Peptidase, Angiotensin Converting Enzyme enzyme inhibition (substrate: FAPGG)","Confirmatory",""
625173,103358193,4935,"Unspecified","","IC50","","","DRUGMATRIX: Peptidase, Angiotensin Converting Enzyme enzyme inhibition (substrate: FAPGG)","Confirmatory",""
625173,103358193,4935,"Unspecified","","Ki","","","DRUGMATRIX: Peptidase, Angiotensin Converting Enzyme enzyme inhibition (substrate: FAPGG)","Confirmatory",""
625173,103358404,4886,"Unspecified","","IC50","","","DRUGMATRIX: Peptidase, Angiotensin Converting Enzyme enzyme inhibition (substrate: FAPGG)","Confirmatory",""
625173,103358404,4886,"Unspecified","","Ki","","","DRUGMATRIX: Peptidase, Angiotensin Converting Enzyme enzyme inhibition (substrate: FAPGG)","Confirmatory",""
625173,103359097,2482,"Unspecified","","IC50","","","DRUGMATRIX: Peptidase, Angiotensin Converting Enzyme enzyme inhibition (substrate: FAPGG)","Confirmatory",""
625173,103359097,2482,"Unspecified","","Ki","","","DRUGMATRIX: Peptidase, Angiotensin Converting Enzyme enzyme inhibition (substrate: FAPGG)","Confirmatory",""
625173,103367920,39941,"Unspecified","","IC50","","","DRUGMATRIX: Peptidase, Angiotensin Converting Enzyme enzyme inhibition (substrate: FAPGG)","Confirmatory",""
625173,103367920,39941,"Unspecified","","Ki","","","DRUGMATRIX: Peptidase, Angiotensin Converting Enzyme enzyme inhibition (substrate: FAPGG)","Confirmatory",""
625173,103370406,5029,"Unspecified","","IC50","","","DRUGMATRIX: Peptidase, Angiotensin Converting Enzyme enzyme inhibition (substrate: FAPGG)","Confirmatory",""
625173,103370406,5029,"Unspecified","","Ki","","","DRUGMATRIX: Peptidase, Angiotensin Converting Enzyme enzyme inhibition (substrate: FAPGG)","Confirmatory",""
625173,103370789,5479,"Unspecified","","IC50","","","DRUGMATRIX: Peptidase, Angiotensin Converting Enzyme enzyme inhibition (substrate: FAPGG)","Confirmatory",""
625173,103370789,5479,"Unspecified","","Ki","","","DRUGMATRIX: Peptidase, Angiotensin Converting Enzyme enzyme inhibition (substrate: FAPGG)","Confirmatory",""
625173,103371832,5318,"Unspecified","","IC50","","","DRUGMATRIX: Peptidase, Angiotensin Converting Enzyme enzyme inhibition (substrate: FAPGG)","Confirmatory",""
625173,103371832,5318,"Unspecified","","Ki","","","DRUGMATRIX: Peptidase, Angiotensin Converting Enzyme enzyme inhibition (substrate: FAPGG)","Confirmatory",""
625173,103374532,"","Unspecified","","IC50","","","DRUGMATRIX: Peptidase, Angiotensin Converting Enzyme enzyme inhibition (substrate: FAPGG)","Confirmatory",""
625173,103374532,"","Unspecified","","Ki","","","DRUGMATRIX: Peptidase, Angiotensin Converting Enzyme enzyme inhibition (substrate: FAPGG)","Confirmatory",""
625173,103376533,4634,"Unspecified","","IC50","","","DRUGMATRIX: Peptidase, Angiotensin Converting Enzyme enzyme inhibition (substrate: FAPGG)","Confirmatory",""
625173,103376533,4634,"Unspecified","","Ki","","","DRUGMATRIX: Peptidase, Angiotensin Converting Enzyme enzyme inhibition (substrate: FAPGG)","Confirmatory",""
625173,103377543,5624,"Unspecified","","IC50","","","DRUGMATRIX: Peptidase, Angiotensin Converting Enzyme enzyme inhibition (substrate: FAPGG)","Confirmatory",""
625173,103377543,5624,"Unspecified","","Ki","","","DRUGMATRIX: Peptidase, Angiotensin Converting Enzyme enzyme inhibition (substrate: FAPGG)","Confirmatory",""
625173,103378026,5362119,"Active","","IC50","=",0.006038,"DRUGMATRIX: Peptidase, Angiotensin Converting Enzyme enzyme inhibition (substrate: FAPGG)","Confirmatory",""
625173,103378026,5362119,"Unspecified","","Ki","","","DRUGMATRIX: Peptidase, Angiotensin Converting Enzyme enzyme inhibition (substrate: FAPGG)","Confirmatory",""
625173,103380806,5319,"Unspecified","","IC50","","","DRUGMATRIX: Peptidase, Angiotensin Converting Enzyme enzyme inhibition (substrate: FAPGG)","Confirmatory",""
625173,103380806,5319,"Unspecified","","Ki","","","DRUGMATRIX: Peptidase, Angiotensin Converting Enzyme enzyme inhibition (substrate: FAPGG)","Confirmatory",""
625173,103382993,9880,"Unspecified","","IC50","","","DRUGMATRIX: Peptidase, Angiotensin Converting Enzyme enzyme inhibition (substrate: FAPGG)","Confirmatory",""
625173,103382993,9880,"Unspecified","","Ki","","","DRUGMATRIX: Peptidase, Angiotensin Converting Enzyme enzyme inhibition (substrate: FAPGG)","Confirmatory",""
625173,103385271,253602,"Unspecified","","IC50","","","DRUGMATRIX: Peptidase, Angiotensin Converting Enzyme enzyme inhibition (substrate: FAPGG)","Confirmatory",""
625173,103385271,253602,"Unspecified","","Ki","","","DRUGMATRIX: Peptidase, Angiotensin Converting Enzyme enzyme inhibition (substrate: FAPGG)","Confirmatory",""
625173,103387432,311,"Unspecified","","IC50","","","DRUGMATRIX: Peptidase, Angiotensin Converting Enzyme enzyme inhibition (substrate: FAPGG)","Confirmatory",""
625173,103387432,311,"Unspecified","","Ki","","","DRUGMATRIX: Peptidase, Angiotensin Converting Enzyme enzyme inhibition (substrate: FAPGG)","Confirmatory",""
625173,103388855,5353853,"Unspecified","","IC50","","","DRUGMATRIX: Peptidase, Angiotensin Converting Enzyme enzyme inhibition (substrate: FAPGG)","Confirmatory",""
625173,103388855,5353853,"Unspecified","","Ki","","","DRUGMATRIX: Peptidase, Angiotensin Converting Enzyme enzyme inhibition (substrate: FAPGG)","Confirmatory",""
625173,103389584,"","Unspecified","","IC50","","","DRUGMATRIX: Peptidase, Angiotensin Converting Enzyme enzyme inhibition (substrate: FAPGG)","Confirmatory",""
625173,103389584,"","Unspecified","","Ki","","","DRUGMATRIX: Peptidase, Angiotensin Converting Enzyme enzyme inhibition (substrate: FAPGG)","Confirmatory",""
625173,103391063,6518171,"Unspecified","","IC50","","","DRUGMATRIX: Peptidase, Angiotensin Converting Enzyme enzyme inhibition (substrate: FAPGG)","Confirmatory",""
625173,103391063,6518171,"Unspecified","","Ki","","","DRUGMATRIX: Peptidase, Angiotensin Converting Enzyme enzyme inhibition (substrate: FAPGG)","Confirmatory",""
625173,103396795,57469,"Unspecified","","IC50","","","DRUGMATRIX: Peptidase, Angiotensin Converting Enzyme enzyme inhibition (substrate: FAPGG)","Confirmatory",""
625173,103396795,57469,"Unspecified","","Ki","","","DRUGMATRIX: Peptidase, Angiotensin Converting Enzyme enzyme inhibition (substrate: FAPGG)","Confirmatory",""
625173,103398356,1752,"Unspecified","","IC50","","","DRUGMATRIX: Peptidase, Angiotensin Converting Enzyme enzyme inhibition (substrate: FAPGG)","Confirmatory",""
625173,103398356,1752,"Unspecified","","Ki","","","DRUGMATRIX: Peptidase, Angiotensin Converting Enzyme enzyme inhibition (substrate: FAPGG)","Confirmatory",""
625173,103399308,2132,"Unspecified","","IC50","","","DRUGMATRIX: Peptidase, Angiotensin Converting Enzyme enzyme inhibition (substrate: FAPGG)","Confirmatory",""
625173,103399308,2132,"Unspecified","","Ki","","","DRUGMATRIX: Peptidase, Angiotensin Converting Enzyme enzyme inhibition (substrate: FAPGG)","Confirmatory",""
625173,103399575,3561,"Unspecified","","IC50","","","DRUGMATRIX: Peptidase, Angiotensin Converting Enzyme enzyme inhibition (substrate: FAPGG)","Confirmatory",""
625173,103399575,3561,"Unspecified","","Ki","","","DRUGMATRIX: Peptidase, Angiotensin Converting Enzyme enzyme inhibition (substrate: FAPGG)","Confirmatory",""
625173,103401015,44112,"Unspecified","","IC50","","","DRUGMATRIX: Peptidase, Angiotensin Converting Enzyme enzyme inhibition (substrate: FAPGG)","Confirmatory",""
625173,103401015,44112,"Unspecified","","Ki","","","DRUGMATRIX: Peptidase, Angiotensin Converting Enzyme enzyme inhibition (substrate: FAPGG)","Confirmatory",""
625173,103401161,5161,"Unspecified","","IC50","","","DRUGMATRIX: Peptidase, Angiotensin Converting Enzyme enzyme inhibition (substrate: FAPGG)","Confirmatory",""
625173,103401161,5161,"Unspecified","","Ki","","","DRUGMATRIX: Peptidase, Angiotensin Converting Enzyme enzyme inhibition (substrate: FAPGG)","Confirmatory",""
625173,103401163,3342,"Unspecified","","IC50","","","DRUGMATRIX: Peptidase, Angiotensin Converting Enzyme enzyme inhibition (substrate: FAPGG)","Confirmatory",""
625173,103401163,3342,"Unspecified","","Ki","","","DRUGMATRIX: Peptidase, Angiotensin Converting Enzyme enzyme inhibition (substrate: FAPGG)","Confirmatory",""
625173,103406603,71335,"Unspecified","","IC50","","","DRUGMATRIX: Peptidase, Angiotensin Converting Enzyme enzyme inhibition (substrate: FAPGG)","Confirmatory",""
625173,103406603,71335,"Unspecified","","Ki","","","DRUGMATRIX: Peptidase, Angiotensin Converting Enzyme enzyme inhibition (substrate: FAPGG)","Confirmatory",""
625173,103406649,3406,"Unspecified","","IC50","","","DRUGMATRIX: Peptidase, Angiotensin Converting Enzyme enzyme inhibition (substrate: FAPGG)","Confirmatory",""
625173,103406649,3406,"Unspecified","","Ki","","","DRUGMATRIX: Peptidase, Angiotensin Converting Enzyme enzyme inhibition (substrate: FAPGG)","Confirmatory",""
625173,103407502,6366,"Unspecified","","IC50","","","DRUGMATRIX: Peptidase, Angiotensin Converting Enzyme enzyme inhibition (substrate: FAPGG)","Confirmatory",""
625173,103407502,6366,"Unspecified","","Ki","","","DRUGMATRIX: Peptidase, Angiotensin Converting Enzyme enzyme inhibition (substrate: FAPGG)","Confirmatory",""
625173,103408740,28864,"Unspecified","","IC50","","","DRUGMATRIX: Peptidase, Angiotensin Converting Enzyme enzyme inhibition (substrate: FAPGG)","Confirmatory",""
625173,103408740,28864,"Unspecified","","Ki","","","DRUGMATRIX: Peptidase, Angiotensin Converting Enzyme enzyme inhibition (substrate: FAPGG)","Confirmatory",""
625173,103411217,4915,"Unspecified","","IC50","","","DRUGMATRIX: Peptidase, Angiotensin Converting Enzyme enzyme inhibition (substrate: FAPGG)","Confirmatory",""
625173,103411217,4915,"Unspecified","","Ki","","","DRUGMATRIX: Peptidase, Angiotensin Converting Enzyme enzyme inhibition (substrate: FAPGG)","Confirmatory",""
625173,103418150,3747,"Unspecified","","IC50","","","DRUGMATRIX: Peptidase, Angiotensin Converting Enzyme enzyme inhibition (substrate: FAPGG)","Confirmatory",""
625173,103418150,3747,"Unspecified","","Ki","","","DRUGMATRIX: Peptidase, Angiotensin Converting Enzyme enzyme inhibition (substrate: FAPGG)","Confirmatory",""
625173,103419062,5921,"Unspecified","","IC50","","","DRUGMATRIX: Peptidase, Angiotensin Converting Enzyme enzyme inhibition (substrate: FAPGG)","Confirmatory",""
625173,103419062,5921,"Unspecified","","Ki","","","DRUGMATRIX: Peptidase, Angiotensin Converting Enzyme enzyme inhibition (substrate: FAPGG)","Confirmatory",""
625173,103422115,3039,"Unspecified","","IC50","","","DRUGMATRIX: Peptidase, Angiotensin Converting Enzyme enzyme inhibition (substrate: FAPGG)","Confirmatory",""
625173,103422115,3039,"Unspecified","","Ki","","","DRUGMATRIX: Peptidase, Angiotensin Converting Enzyme enzyme inhibition (substrate: FAPGG)","Confirmatory",""
625173,103440109,135398742,"Unspecified","","IC50","","","DRUGMATRIX: Peptidase, Angiotensin Converting Enzyme enzyme inhibition (substrate: FAPGG)","Confirmatory",""
625173,103440109,135398742,"Unspecified","","Ki","","","DRUGMATRIX: Peptidase, Angiotensin Converting Enzyme enzyme inhibition (substrate: FAPGG)","Confirmatory",""
625173,103442627,"","Unspecified","","IC50","","","DRUGMATRIX: Peptidase, Angiotensin Converting Enzyme enzyme inhibition (substrate: FAPGG)","Confirmatory",""
625173,103442627,"","Unspecified","","Ki","","","DRUGMATRIX: Peptidase, Angiotensin Converting Enzyme enzyme inhibition (substrate: FAPGG)","Confirmatory",""
625173,103444098,"","Unspecified","","IC50","","","DRUGMATRIX: Peptidase, Angiotensin Converting Enzyme enzyme inhibition (substrate: FAPGG)","Confirmatory",""
625173,103444098,"","Unspecified","","Ki","","","DRUGMATRIX: Peptidase, Angiotensin Converting Enzyme enzyme inhibition (substrate: FAPGG)","Confirmatory",""
625173,103447888,6249,"Unspecified","","IC50","","","DRUGMATRIX: Peptidase, Angiotensin Converting Enzyme enzyme inhibition (substrate: FAPGG)","Confirmatory",""
625173,103447888,6249,"Unspecified","","Ki","","","DRUGMATRIX: Peptidase, Angiotensin Converting Enzyme enzyme inhibition (substrate: FAPGG)","Confirmatory",""
625173,103451136,"","Unspecified","","IC50","","","DRUGMATRIX: Peptidase, Angiotensin Converting Enzyme enzyme inhibition (substrate: FAPGG)","Confirmatory",""
625173,103451136,"","Unspecified","","Ki","","","DRUGMATRIX: Peptidase, Angiotensin Converting Enzyme enzyme inhibition (substrate: FAPGG)","Confirmatory",""
625173,103455384,5281004,"Unspecified","","IC50","","","DRUGMATRIX: Peptidase, Angiotensin Converting Enzyme enzyme inhibition (substrate: FAPGG)","Confirmatory",""
625173,103455384,5281004,"Unspecified","","Ki","","","DRUGMATRIX: Peptidase, Angiotensin Converting Enzyme enzyme inhibition (substrate: FAPGG)","Confirmatory",""
625173,103456563,1981,"Unspecified","","IC50","","","DRUGMATRIX: Peptidase, Angiotensin Converting Enzyme enzyme inhibition (substrate: FAPGG)","Confirmatory",""
625173,103456563,1981,"Unspecified","","Ki","","","DRUGMATRIX: Peptidase, Angiotensin Converting Enzyme enzyme inhibition (substrate: FAPGG)","Confirmatory",""
625173,103457055,2733,"Unspecified","","IC50","","","DRUGMATRIX: Peptidase, Angiotensin Converting Enzyme enzyme inhibition (substrate: FAPGG)","Confirmatory",""
625173,103457055,2733,"Unspecified","","Ki","","","DRUGMATRIX: Peptidase, Angiotensin Converting Enzyme enzyme inhibition (substrate: FAPGG)","Confirmatory",""
625173,103458417,2467,"Unspecified","","IC50","","","DRUGMATRIX: Peptidase, Angiotensin Converting Enzyme enzyme inhibition (substrate: FAPGG)","Confirmatory",""
625173,103458417,2467,"Unspecified","","Ki","","","DRUGMATRIX: Peptidase, Angiotensin Converting Enzyme enzyme inhibition (substrate: FAPGG)","Confirmatory",""
625173,103458646,65359,"Unspecified","","IC50","","","DRUGMATRIX: Peptidase, Angiotensin Converting Enzyme enzyme inhibition (substrate: FAPGG)","Confirmatory",""
625173,103458646,65359,"Unspecified","","Ki","","","DRUGMATRIX: Peptidase, Angiotensin Converting Enzyme enzyme inhibition (substrate: FAPGG)","Confirmatory",""
625173,103458965,4236,"Unspecified","","IC50","","","DRUGMATRIX: Peptidase, Angiotensin Converting Enzyme enzyme inhibition (substrate: FAPGG)","Confirmatory",""
625173,103458965,4236,"Unspecified","","Ki","","","DRUGMATRIX: Peptidase, Angiotensin Converting Enzyme enzyme inhibition (substrate: FAPGG)","Confirmatory",""
625173,103459707,39912,"Unspecified","","IC50","","","DRUGMATRIX: Peptidase, Angiotensin Converting Enzyme enzyme inhibition (substrate: FAPGG)","Confirmatory",""
625173,103459707,39912,"Unspecified","","Ki","","","DRUGMATRIX: Peptidase, Angiotensin Converting Enzyme enzyme inhibition (substrate: FAPGG)","Confirmatory",""
625173,103459872,114864,"Unspecified","","IC50","","","DRUGMATRIX: Peptidase, Angiotensin Converting Enzyme enzyme inhibition (substrate: FAPGG)","Confirmatory",""
625173,103459872,114864,"Unspecified","","Ki","","","DRUGMATRIX: Peptidase, Angiotensin Converting Enzyme enzyme inhibition (substrate: FAPGG)","Confirmatory",""
625173,103462008,275196,"Unspecified","","IC50","","","DRUGMATRIX: Peptidase, Angiotensin Converting Enzyme enzyme inhibition (substrate: FAPGG)","Confirmatory",""
625173,103462008,275196,"Unspecified","","Ki","","","DRUGMATRIX: Peptidase, Angiotensin Converting Enzyme enzyme inhibition (substrate: FAPGG)","Confirmatory",""
625173,103466522,6032,"Unspecified","","IC50","","","DRUGMATRIX: Peptidase, Angiotensin Converting Enzyme enzyme inhibition (substrate: FAPGG)","Confirmatory",""
625173,103466522,6032,"Unspecified","","Ki","","","DRUGMATRIX: Peptidase, Angiotensin Converting Enzyme enzyme inhibition (substrate: FAPGG)","Confirmatory",""
625173,103469293,"","Unspecified","","IC50","","","DRUGMATRIX: Peptidase, Angiotensin Converting Enzyme enzyme inhibition (substrate: FAPGG)","Confirmatory",""
625173,103469293,"","Unspecified","","Ki","","","DRUGMATRIX: Peptidase, Angiotensin Converting Enzyme enzyme inhibition (substrate: FAPGG)","Confirmatory",""
625173,103469357,5756,"Unspecified","","IC50","","","DRUGMATRIX: Peptidase, Angiotensin Converting Enzyme enzyme inhibition (substrate: FAPGG)","Confirmatory",""
625173,103469357,5756,"Unspecified","","Ki","","","DRUGMATRIX: Peptidase, Angiotensin Converting Enzyme enzyme inhibition (substrate: FAPGG)","Confirmatory",""
625173,103469360,15730,"Unspecified","","IC50","","","DRUGMATRIX: Peptidase, Angiotensin Converting Enzyme enzyme inhibition (substrate: FAPGG)","Confirmatory",""
625173,103469360,15730,"Unspecified","","Ki","","","DRUGMATRIX: Peptidase, Angiotensin Converting Enzyme enzyme inhibition (substrate: FAPGG)","Confirmatory",""
625173,103469378,7638,"Unspecified","","IC50","","","DRUGMATRIX: Peptidase, Angiotensin Converting Enzyme enzyme inhibition (substrate: FAPGG)","Confirmatory",""
625173,103469378,7638,"Unspecified","","Ki","","","DRUGMATRIX: Peptidase, Angiotensin Converting Enzyme enzyme inhibition (substrate: FAPGG)","Confirmatory",""
625173,103469393,10631,"Unspecified","","IC50","","","DRUGMATRIX: Peptidase, Angiotensin Converting Enzyme enzyme inhibition (substrate: FAPGG)","Confirmatory",""
625173,103469393,10631,"Unspecified","","Ki","","","DRUGMATRIX: Peptidase, Angiotensin Converting Enzyme enzyme inhibition (substrate: FAPGG)","Confirmatory",""
625173,103469419,5833,"Unspecified","","IC50","","","DRUGMATRIX: Peptidase, Angiotensin Converting Enzyme enzyme inhibition (substrate: FAPGG)","Confirmatory",""
625173,103469419,5833,"Unspecified","","Ki","","","DRUGMATRIX: Peptidase, Angiotensin Converting Enzyme enzyme inhibition (substrate: FAPGG)","Confirmatory",""
625173,103469610,6010,"Unspecified","","IC50","","","DRUGMATRIX: Peptidase, Angiotensin Converting Enzyme enzyme inhibition (substrate: FAPGG)","Confirmatory",""
625173,103469610,6010,"Unspecified","","Ki","","","DRUGMATRIX: Peptidase, Angiotensin Converting Enzyme enzyme inhibition (substrate: FAPGG)","Confirmatory",""
625173,103477782,30323,"Unspecified","","IC50","","","DRUGMATRIX: Peptidase, Angiotensin Converting Enzyme enzyme inhibition (substrate: FAPGG)","Confirmatory",""
625173,103477782,30323,"Unspecified","","Ki","","","DRUGMATRIX: Peptidase, Angiotensin Converting Enzyme enzyme inhibition (substrate: FAPGG)","Confirmatory",""
625173,103478231,2187,"Unspecified","","IC50","","","DRUGMATRIX: Peptidase, Angiotensin Converting Enzyme enzyme inhibition (substrate: FAPGG)","Confirmatory",""
625173,103478231,2187,"Unspecified","","Ki","","","DRUGMATRIX: Peptidase, Angiotensin Converting Enzyme enzyme inhibition (substrate: FAPGG)","Confirmatory",""
625173,103482102,21109,"Unspecified","","IC50","","","DRUGMATRIX: Peptidase, Angiotensin Converting Enzyme enzyme inhibition (substrate: FAPGG)","Confirmatory",""
625173,103482102,21109,"Unspecified","","Ki","","","DRUGMATRIX: Peptidase, Angiotensin Converting Enzyme enzyme inhibition (substrate: FAPGG)","Confirmatory",""
625173,103482708,92142,"Unspecified","","IC50","","","DRUGMATRIX: Peptidase, Angiotensin Converting Enzyme enzyme inhibition (substrate: FAPGG)","Confirmatory",""
625173,103482708,92142,"Unspecified","","Ki","","","DRUGMATRIX: Peptidase, Angiotensin Converting Enzyme enzyme inhibition (substrate: FAPGG)","Confirmatory",""
625173,103483583,5870,"Unspecified","","IC50","","","DRUGMATRIX: Peptidase, Angiotensin Converting Enzyme enzyme inhibition (substrate: FAPGG)","Confirmatory",""
625173,103483583,5870,"Unspecified","","Ki","","","DRUGMATRIX: Peptidase, Angiotensin Converting Enzyme enzyme inhibition (substrate: FAPGG)","Confirmatory",""
625173,103484622,221493,"Unspecified","","IC50","","","DRUGMATRIX: Peptidase, Angiotensin Converting Enzyme enzyme inhibition (substrate: FAPGG)","Confirmatory",""
625173,103484622,221493,"Unspecified","","Ki","","","DRUGMATRIX: Peptidase, Angiotensin Converting Enzyme enzyme inhibition (substrate: FAPGG)","Confirmatory",""
625173,103487489,3475,"Unspecified","","IC50","","","DRUGMATRIX: Peptidase, Angiotensin Converting Enzyme enzyme inhibition (substrate: FAPGG)","Confirmatory",""
625173,103487489,3475,"Unspecified","","Ki","","","DRUGMATRIX: Peptidase, Angiotensin Converting Enzyme enzyme inhibition (substrate: FAPGG)","Confirmatory",""
625173,103493432,2749,"Unspecified","","IC50","","","DRUGMATRIX: Peptidase, Angiotensin Converting Enzyme enzyme inhibition (substrate: FAPGG)","Confirmatory",""
625173,103493432,2749,"Unspecified","","Ki","","","DRUGMATRIX: Peptidase, Angiotensin Converting Enzyme enzyme inhibition (substrate: FAPGG)","Confirmatory",""
625173,103494075,14957,"Unspecified","","IC50","","","DRUGMATRIX: Peptidase, Angiotensin Converting Enzyme enzyme inhibition (substrate: FAPGG)","Confirmatory",""
625173,103494075,14957,"Unspecified","","Ki","","","DRUGMATRIX: Peptidase, Angiotensin Converting Enzyme enzyme inhibition (substrate: FAPGG)","Confirmatory",""
625173,103498411,5210,"Unspecified","","IC50","","","DRUGMATRIX: Peptidase, Angiotensin Converting Enzyme enzyme inhibition (substrate: FAPGG)","Confirmatory",""
625173,103498411,5210,"Unspecified","","Ki","","","DRUGMATRIX: Peptidase, Angiotensin Converting Enzyme enzyme inhibition (substrate: FAPGG)","Confirmatory",""
625173,103503926,667490,"Unspecified","","IC50","","","DRUGMATRIX: Peptidase, Angiotensin Converting Enzyme enzyme inhibition (substrate: FAPGG)","Confirmatory",""
625173,103503926,667490,"Unspecified","","Ki","","","DRUGMATRIX: Peptidase, Angiotensin Converting Enzyme enzyme inhibition (substrate: FAPGG)","Confirmatory",""
625173,103503975,3151,"Unspecified","","IC50","","","DRUGMATRIX: Peptidase, Angiotensin Converting Enzyme enzyme inhibition (substrate: FAPGG)","Confirmatory",""
625173,103503975,3151,"Unspecified","","Ki","","","DRUGMATRIX: Peptidase, Angiotensin Converting Enzyme enzyme inhibition (substrate: FAPGG)","Confirmatory",""
625173,103504084,3019,"Unspecified","","IC50","","","DRUGMATRIX: Peptidase, Angiotensin Converting Enzyme enzyme inhibition (substrate: FAPGG)","Confirmatory",""
625173,103504084,3019,"Unspecified","","Ki","","","DRUGMATRIX: Peptidase, Angiotensin Converting Enzyme enzyme inhibition (substrate: FAPGG)","Confirmatory",""
625173,103504457,4497,"Unspecified","","IC50","","","DRUGMATRIX: Peptidase, Angiotensin Converting Enzyme enzyme inhibition (substrate: FAPGG)","Confirmatory",""
625173,103504457,4497,"Unspecified","","Ki","","","DRUGMATRIX: Peptidase, Angiotensin Converting Enzyme enzyme inhibition (substrate: FAPGG)","Confirmatory",""
625173,103504490,135398740,"Unspecified","","IC50","","","DRUGMATRIX: Peptidase, Angiotensin Converting Enzyme enzyme inhibition (substrate: FAPGG)","Confirmatory",""
625173,103504490,135398740,"Unspecified","","Ki","","","DRUGMATRIX: Peptidase, Angiotensin Converting Enzyme enzyme inhibition (substrate: FAPGG)","Confirmatory",""
625173,103504725,135398513,"Unspecified","","IC50","","","DRUGMATRIX: Peptidase, Angiotensin Converting Enzyme enzyme inhibition (substrate: FAPGG)","Confirmatory",""
625173,103504725,135398513,"Unspecified","","Ki","","","DRUGMATRIX: Peptidase, Angiotensin Converting Enzyme enzyme inhibition (substrate: FAPGG)","Confirmatory",""
625173,103507191,8478,"Unspecified","","IC50","","","DRUGMATRIX: Peptidase, Angiotensin Converting Enzyme enzyme inhibition (substrate: FAPGG)","Confirmatory",""
625173,103507191,8478,"Unspecified","","Ki","","","DRUGMATRIX: Peptidase, Angiotensin Converting Enzyme enzyme inhibition (substrate: FAPGG)","Confirmatory",""
625173,103507642,3385,"Unspecified","","IC50","","","DRUGMATRIX: Peptidase, Angiotensin Converting Enzyme enzyme inhibition (substrate: FAPGG)","Confirmatory",""
625173,103507642,3385,"Unspecified","","Ki","","","DRUGMATRIX: Peptidase, Angiotensin Converting Enzyme enzyme inhibition (substrate: FAPGG)","Confirmatory",""
625173,103508277,5852,"Unspecified","","IC50","","","DRUGMATRIX: Peptidase, Angiotensin Converting Enzyme enzyme inhibition (substrate: FAPGG)","Confirmatory",""
625173,103508277,5852,"Unspecified","","Ki","","","DRUGMATRIX: Peptidase, Angiotensin Converting Enzyme enzyme inhibition (substrate: FAPGG)","Confirmatory",""
625173,103508547,4091,"Unspecified","","IC50","","","DRUGMATRIX: Peptidase, Angiotensin Converting Enzyme enzyme inhibition (substrate: FAPGG)","Confirmatory",""
625173,103508547,4091,"Unspecified","","Ki","","","DRUGMATRIX: Peptidase, Angiotensin Converting Enzyme enzyme inhibition (substrate: FAPGG)","Confirmatory",""
625173,103511767,439501,"Unspecified","","IC50","","","DRUGMATRIX: Peptidase, Angiotensin Converting Enzyme enzyme inhibition (substrate: FAPGG)","Confirmatory",""
625173,103511767,439501,"Unspecified","","Ki","","","DRUGMATRIX: Peptidase, Angiotensin Converting Enzyme enzyme inhibition (substrate: FAPGG)","Confirmatory",""
625173,103512866,54675776,"Unspecified","","IC50","","","DRUGMATRIX: Peptidase, Angiotensin Converting Enzyme enzyme inhibition (substrate: FAPGG)","Confirmatory",""
625173,103512866,54675776,"Unspecified","","Ki","","","DRUGMATRIX: Peptidase, Angiotensin Converting Enzyme enzyme inhibition (substrate: FAPGG)","Confirmatory",""
625173,103512892,169371,"Unspecified","","IC50","","","DRUGMATRIX: Peptidase, Angiotensin Converting Enzyme enzyme inhibition (substrate: FAPGG)","Confirmatory",""
625173,103512892,169371,"Unspecified","","Ki","","","DRUGMATRIX: Peptidase, Angiotensin Converting Enzyme enzyme inhibition (substrate: FAPGG)","Confirmatory",""
625173,103513016,2333,"Unspecified","","IC50","","","DRUGMATRIX: Peptidase, Angiotensin Converting Enzyme enzyme inhibition (substrate: FAPGG)","Confirmatory",""
625173,103513016,2333,"Unspecified","","Ki","","","DRUGMATRIX: Peptidase, Angiotensin Converting Enzyme enzyme inhibition (substrate: FAPGG)","Confirmatory",""
625173,103513368,3902,"Unspecified","","IC50","","","DRUGMATRIX: Peptidase, Angiotensin Converting Enzyme enzyme inhibition (substrate: FAPGG)","Confirmatory",""
625173,103513368,3902,"Unspecified","","Ki","","","DRUGMATRIX: Peptidase, Angiotensin Converting Enzyme enzyme inhibition (substrate: FAPGG)","Confirmatory",""
625173,103515892,441071,"Unspecified","","IC50","","","DRUGMATRIX: Peptidase, Angiotensin Converting Enzyme enzyme inhibition (substrate: FAPGG)","Confirmatory",""
625173,103515892,441071,"Unspecified","","Ki","","","DRUGMATRIX: Peptidase, Angiotensin Converting Enzyme enzyme inhibition (substrate: FAPGG)","Confirmatory",""
625173,103516887,3000540,"Unspecified","","IC50","","","DRUGMATRIX: Peptidase, Angiotensin Converting Enzyme enzyme inhibition (substrate: FAPGG)","Confirmatory",""
625173,103516887,3000540,"Unspecified","","Ki","","","DRUGMATRIX: Peptidase, Angiotensin Converting Enzyme enzyme inhibition (substrate: FAPGG)","Confirmatory",""
625173,103519121,4197,"Unspecified","","IC50","","","DRUGMATRIX: Peptidase, Angiotensin Converting Enzyme enzyme inhibition (substrate: FAPGG)","Confirmatory",""
625173,103519121,4197,"Unspecified","","Ki","","","DRUGMATRIX: Peptidase, Angiotensin Converting Enzyme enzyme inhibition (substrate: FAPGG)","Confirmatory",""
625173,103520216,31307,"Unspecified","","IC50","","","DRUGMATRIX: Peptidase, Angiotensin Converting Enzyme enzyme inhibition (substrate: FAPGG)","Confirmatory",""
625173,103520216,31307,"Unspecified","","Ki","","","DRUGMATRIX: Peptidase, Angiotensin Converting Enzyme enzyme inhibition (substrate: FAPGG)","Confirmatory",""
625173,103523408,26879,"Unspecified","","IC50","","","DRUGMATRIX: Peptidase, Angiotensin Converting Enzyme enzyme inhibition (substrate: FAPGG)","Confirmatory",""
625173,103523408,26879,"Unspecified","","Ki","","","DRUGMATRIX: Peptidase, Angiotensin Converting Enzyme enzyme inhibition (substrate: FAPGG)","Confirmatory",""
625173,103524732,5144,"Unspecified","","IC50","","","DRUGMATRIX: Peptidase, Angiotensin Converting Enzyme enzyme inhibition (substrate: FAPGG)","Confirmatory",""
625173,103524732,5144,"Unspecified","","Ki","","","DRUGMATRIX: Peptidase, Angiotensin Converting Enzyme enzyme inhibition (substrate: FAPGG)","Confirmatory",""
625173,103524762,2123,"Unspecified","","IC50","","","DRUGMATRIX: Peptidase, Angiotensin Converting Enzyme enzyme inhibition (substrate: FAPGG)","Confirmatory",""
625173,103524762,2123,"Unspecified","","Ki","","","DRUGMATRIX: Peptidase, Angiotensin Converting Enzyme enzyme inhibition (substrate: FAPGG)","Confirmatory",""
625173,103524891,5281078,"Unspecified","","IC50","","","DRUGMATRIX: Peptidase, Angiotensin Converting Enzyme enzyme inhibition (substrate: FAPGG)","Confirmatory",""
625173,103524891,5281078,"Unspecified","","Ki","","","DRUGMATRIX: Peptidase, Angiotensin Converting Enzyme enzyme inhibition (substrate: FAPGG)","Confirmatory",""
625173,103529091,135398739,"Unspecified","","IC50","","","DRUGMATRIX: Peptidase, Angiotensin Converting Enzyme enzyme inhibition (substrate: FAPGG)","Confirmatory",""
625173,103529091,135398739,"Unspecified","","Ki","","","DRUGMATRIX: Peptidase, Angiotensin Converting Enzyme enzyme inhibition (substrate: FAPGG)","Confirmatory",""
625173,103529950,854026,"Unspecified","","IC50","","","DRUGMATRIX: Peptidase, Angiotensin Converting Enzyme enzyme inhibition (substrate: FAPGG)","Confirmatory",""
625173,103529950,854026,"Unspecified","","Ki","","","DRUGMATRIX: Peptidase, Angiotensin Converting Enzyme enzyme inhibition (substrate: FAPGG)","Confirmatory",""
625173,103532096,3366,"Unspecified","","IC50","","","DRUGMATRIX: Peptidase, Angiotensin Converting Enzyme enzyme inhibition (substrate: FAPGG)","Confirmatory",""
625173,103532096,3366,"Unspecified","","Ki","","","DRUGMATRIX: Peptidase, Angiotensin Converting Enzyme enzyme inhibition (substrate: FAPGG)","Confirmatory",""
625173,103532317,54678486,"Unspecified","","IC50","","","DRUGMATRIX: Peptidase, Angiotensin Converting Enzyme enzyme inhibition (substrate: FAPGG)","Confirmatory",""
625173,103532317,54678486,"Unspecified","","Ki","","","DRUGMATRIX: Peptidase, Angiotensin Converting Enzyme enzyme inhibition (substrate: FAPGG)","Confirmatory",""
625173,103532383,54676038,"Unspecified","","IC50","","","DRUGMATRIX: Peptidase, Angiotensin Converting Enzyme enzyme inhibition (substrate: FAPGG)","Confirmatory",""
625173,103532383,54676038,"Unspecified","","Ki","","","DRUGMATRIX: Peptidase, Angiotensin Converting Enzyme enzyme inhibition (substrate: FAPGG)","Confirmatory",""
625173,103532939,7858,"Unspecified","","IC50","","","DRUGMATRIX: Peptidase, Angiotensin Converting Enzyme enzyme inhibition (substrate: FAPGG)","Confirmatory",""
625173,103532939,7858,"Unspecified","","Ki","","","DRUGMATRIX: Peptidase, Angiotensin Converting Enzyme enzyme inhibition (substrate: FAPGG)","Confirmatory",""
625173,103533189,44431027,"Unspecified","","IC50","","","DRUGMATRIX: Peptidase, Angiotensin Converting Enzyme enzyme inhibition (substrate: FAPGG)","Confirmatory",""
625173,103533189,44431027,"Unspecified","","Ki","","","DRUGMATRIX: Peptidase, Angiotensin Converting Enzyme enzyme inhibition (substrate: FAPGG)","Confirmatory",""
625173,103533730,135401907,"Unspecified","","IC50","","","DRUGMATRIX: Peptidase, Angiotensin Converting Enzyme enzyme inhibition (substrate: FAPGG)","Confirmatory",""
625173,103533730,135401907,"Unspecified","","Ki","","","DRUGMATRIX: Peptidase, Angiotensin Converting Enzyme enzyme inhibition (substrate: FAPGG)","Confirmatory",""
625173,103534218,6075,"Unspecified","","IC50","","","DRUGMATRIX: Peptidase, Angiotensin Converting Enzyme enzyme inhibition (substrate: FAPGG)","Confirmatory",""
625173,103534218,6075,"Unspecified","","Ki","","","DRUGMATRIX: Peptidase, Angiotensin Converting Enzyme enzyme inhibition (substrate: FAPGG)","Confirmatory",""
625173,103535182,135415564,"Unspecified","","IC50","","","DRUGMATRIX: Peptidase, Angiotensin Converting Enzyme enzyme inhibition (substrate: FAPGG)","Confirmatory",""
625173,103535182,135415564,"Unspecified","","Ki","","","DRUGMATRIX: Peptidase, Angiotensin Converting Enzyme enzyme inhibition (substrate: FAPGG)","Confirmatory",""
625173,103540543,5585,"Unspecified","","IC50","","","DRUGMATRIX: Peptidase, Angiotensin Converting Enzyme enzyme inhibition (substrate: FAPGG)","Confirmatory",""
625173,103540543,5585,"Unspecified","","Ki","","","DRUGMATRIX: Peptidase, Angiotensin Converting Enzyme enzyme inhibition (substrate: FAPGG)","Confirmatory",""
625173,103541455,446156,"Unspecified","","IC50","","","DRUGMATRIX: Peptidase, Angiotensin Converting Enzyme enzyme inhibition (substrate: FAPGG)","Confirmatory",""
625173,103541455,446156,"Unspecified","","Ki","","","DRUGMATRIX: Peptidase, Angiotensin Converting Enzyme enzyme inhibition (substrate: FAPGG)","Confirmatory",""
625173,103543149,28417,"Unspecified","","IC50","","","DRUGMATRIX: Peptidase, Angiotensin Converting Enzyme enzyme inhibition (substrate: FAPGG)","Confirmatory",""
625173,103543149,28417,"Unspecified","","Ki","","","DRUGMATRIX: Peptidase, Angiotensin Converting Enzyme enzyme inhibition (substrate: FAPGG)","Confirmatory",""
625173,103543150,3333,"Unspecified","","IC50","","","DRUGMATRIX: Peptidase, Angiotensin Converting Enzyme enzyme inhibition (substrate: FAPGG)","Confirmatory",""
625173,103543150,3333,"Unspecified","","Ki","","","DRUGMATRIX: Peptidase, Angiotensin Converting Enzyme enzyme inhibition (substrate: FAPGG)","Confirmatory",""
625173,103543151,3476,"Unspecified","","IC50","","","DRUGMATRIX: Peptidase, Angiotensin Converting Enzyme enzyme inhibition (substrate: FAPGG)","Confirmatory",""
625173,103543151,3476,"Unspecified","","Ki","","","DRUGMATRIX: Peptidase, Angiotensin Converting Enzyme enzyme inhibition (substrate: FAPGG)","Confirmatory",""
625173,103544139,667749,"Unspecified","","IC50","","","DRUGMATRIX: Peptidase, Angiotensin Converting Enzyme enzyme inhibition (substrate: FAPGG)","Confirmatory",""
625173,103544139,667749,"Unspecified","","Ki","","","DRUGMATRIX: Peptidase, Angiotensin Converting Enzyme enzyme inhibition (substrate: FAPGG)","Confirmatory",""
625173,103544522,2082,"Unspecified","","IC50","","","DRUGMATRIX: Peptidase, Angiotensin Converting Enzyme enzyme inhibition (substrate: FAPGG)","Confirmatory",""
625173,103544522,2082,"Unspecified","","Ki","","","DRUGMATRIX: Peptidase, Angiotensin Converting Enzyme enzyme inhibition (substrate: FAPGG)","Confirmatory",""
625173,103545170,5284557,"Unspecified","","IC50","","","DRUGMATRIX: Peptidase, Angiotensin Converting Enzyme enzyme inhibition (substrate: FAPGG)","Confirmatory",""
625173,103545170,5284557,"Unspecified","","Ki","","","DRUGMATRIX: Peptidase, Angiotensin Converting Enzyme enzyme inhibition (substrate: FAPGG)","Confirmatory",""
625173,103545435,440473,"Unspecified","","IC50","","","DRUGMATRIX: Peptidase, Angiotensin Converting Enzyme enzyme inhibition (substrate: FAPGG)","Confirmatory",""
625173,103545435,440473,"Unspecified","","Ki","","","DRUGMATRIX: Peptidase, Angiotensin Converting Enzyme enzyme inhibition (substrate: FAPGG)","Confirmatory",""
625173,103546496,3961,"Unspecified","","IC50","","","DRUGMATRIX: Peptidase, Angiotensin Converting Enzyme enzyme inhibition (substrate: FAPGG)","Confirmatory",""
625173,103546496,3961,"Unspecified","","Ki","","","DRUGMATRIX: Peptidase, Angiotensin Converting Enzyme enzyme inhibition (substrate: FAPGG)","Confirmatory",""
625173,103548420,135398744,"Unspecified","","IC50","","","DRUGMATRIX: Peptidase, Angiotensin Converting Enzyme enzyme inhibition (substrate: FAPGG)","Confirmatory",""
625173,103548420,135398744,"Unspecified","","Ki","","","DRUGMATRIX: Peptidase, Angiotensin Converting Enzyme enzyme inhibition (substrate: FAPGG)","Confirmatory",""
625173,103554720,60823,"Unspecified","","IC50","","","DRUGMATRIX: Peptidase, Angiotensin Converting Enzyme enzyme inhibition (substrate: FAPGG)","Confirmatory",""
625173,103554720,60823,"Unspecified","","Ki","","","DRUGMATRIX: Peptidase, Angiotensin Converting Enzyme enzyme inhibition (substrate: FAPGG)","Confirmatory",""
625173,103555920,9444,"Unspecified","","IC50","","","DRUGMATRIX: Peptidase, Angiotensin Converting Enzyme enzyme inhibition (substrate: FAPGG)","Confirmatory",""
625173,103555920,9444,"Unspecified","","Ki","","","DRUGMATRIX: Peptidase, Angiotensin Converting Enzyme enzyme inhibition (substrate: FAPGG)","Confirmatory",""
625173,103555930,5572,"Unspecified","","IC50","","","DRUGMATRIX: Peptidase, Angiotensin Converting Enzyme enzyme inhibition (substrate: FAPGG)","Confirmatory",""
625173,103555930,5572,"Unspecified","","Ki","","","DRUGMATRIX: Peptidase, Angiotensin Converting Enzyme enzyme inhibition (substrate: FAPGG)","Confirmatory",""
625173,103555936,2442,"Unspecified","","IC50","","","DRUGMATRIX: Peptidase, Angiotensin Converting Enzyme enzyme inhibition (substrate: FAPGG)","Confirmatory",""
625173,103555936,2442,"Unspecified","","Ki","","","DRUGMATRIX: Peptidase, Angiotensin Converting Enzyme enzyme inhibition (substrate: FAPGG)","Confirmatory",""
625173,103555996,3354,"Unspecified","","IC50","","","DRUGMATRIX: Peptidase, Angiotensin Converting Enzyme enzyme inhibition (substrate: FAPGG)","Confirmatory",""
625173,103555996,3354,"Unspecified","","Ki","","","DRUGMATRIX: Peptidase, Angiotensin Converting Enzyme enzyme inhibition (substrate: FAPGG)","Confirmatory",""
625173,103556002,5354,"Unspecified","","IC50","","","DRUGMATRIX: Peptidase, Angiotensin Converting Enzyme enzyme inhibition (substrate: FAPGG)","Confirmatory",""
625173,103556002,5354,"Unspecified","","Ki","","","DRUGMATRIX: Peptidase, Angiotensin Converting Enzyme enzyme inhibition (substrate: FAPGG)","Confirmatory",""
625173,103556242,3686,"Unspecified","","IC50","","","DRUGMATRIX: Peptidase, Angiotensin Converting Enzyme enzyme inhibition (substrate: FAPGG)","Confirmatory",""
625173,103556242,3686,"Unspecified","","Ki","","","DRUGMATRIX: Peptidase, Angiotensin Converting Enzyme enzyme inhibition (substrate: FAPGG)","Confirmatory",""
625173,103556420,5901,"Unspecified","","IC50","","","DRUGMATRIX: Peptidase, Angiotensin Converting Enzyme enzyme inhibition (substrate: FAPGG)","Confirmatory",""
625173,103556420,5901,"Unspecified","","Ki","","","DRUGMATRIX: Peptidase, Angiotensin Converting Enzyme enzyme inhibition (substrate: FAPGG)","Confirmatory",""
625173,103556901,2723,"Unspecified","","IC50","","","DRUGMATRIX: Peptidase, Angiotensin Converting Enzyme enzyme inhibition (substrate: FAPGG)","Confirmatory",""
625173,103556901,2723,"Unspecified","","Ki","","","DRUGMATRIX: Peptidase, Angiotensin Converting Enzyme enzyme inhibition (substrate: FAPGG)","Confirmatory",""
625173,103556931,222786,"Unspecified","","IC50","","","DRUGMATRIX: Peptidase, Angiotensin Converting Enzyme enzyme inhibition (substrate: FAPGG)","Confirmatory",""
625173,103556931,222786,"Unspecified","","Ki","","","DRUGMATRIX: Peptidase, Angiotensin Converting Enzyme enzyme inhibition (substrate: FAPGG)","Confirmatory",""
625173,103556970,441207,"Unspecified","","IC50","","","DRUGMATRIX: Peptidase, Angiotensin Converting Enzyme enzyme inhibition (substrate: FAPGG)","Confirmatory",""
625173,103556970,441207,"Unspecified","","Ki","","","DRUGMATRIX: Peptidase, Angiotensin Converting Enzyme enzyme inhibition (substrate: FAPGG)","Confirmatory",""
625173,103556997,9642,"Unspecified","","IC50","","","DRUGMATRIX: Peptidase, Angiotensin Converting Enzyme enzyme inhibition (substrate: FAPGG)","Confirmatory",""
625173,103556997,9642,"Unspecified","","Ki","","","DRUGMATRIX: Peptidase, Angiotensin Converting Enzyme enzyme inhibition (substrate: FAPGG)","Confirmatory",""
625173,103557025,757,"Unspecified","","IC50","","","DRUGMATRIX: Peptidase, Angiotensin Converting Enzyme enzyme inhibition (substrate: FAPGG)","Confirmatory",""
625173,103557025,757,"Unspecified","","Ki","","","DRUGMATRIX: Peptidase, Angiotensin Converting Enzyme enzyme inhibition (substrate: FAPGG)","Confirmatory",""
625173,103557046,4485,"Unspecified","","IC50","","","DRUGMATRIX: Peptidase, Angiotensin Converting Enzyme enzyme inhibition (substrate: FAPGG)","Confirmatory",""
625173,103557046,4485,"Unspecified","","Ki","","","DRUGMATRIX: Peptidase, Angiotensin Converting Enzyme enzyme inhibition (substrate: FAPGG)","Confirmatory",""
625173,103557047,4679,"Unspecified","","IC50","","","DRUGMATRIX: Peptidase, Angiotensin Converting Enzyme enzyme inhibition (substrate: FAPGG)","Confirmatory",""
625173,103557047,4679,"Unspecified","","Ki","","","DRUGMATRIX: Peptidase, Angiotensin Converting Enzyme enzyme inhibition (substrate: FAPGG)","Confirmatory",""
625173,103557049,4594,"Unspecified","","IC50","","","DRUGMATRIX: Peptidase, Angiotensin Converting Enzyme enzyme inhibition (substrate: FAPGG)","Confirmatory",""
625173,103557049,4594,"Unspecified","","Ki","","","DRUGMATRIX: Peptidase, Angiotensin Converting Enzyme enzyme inhibition (substrate: FAPGG)","Confirmatory",""
625173,103557069,6436,"Unspecified","","IC50","","","DRUGMATRIX: Peptidase, Angiotensin Converting Enzyme enzyme inhibition (substrate: FAPGG)","Confirmatory",""
625173,103557069,6436,"Unspecified","","Ki","","","DRUGMATRIX: Peptidase, Angiotensin Converting Enzyme enzyme inhibition (substrate: FAPGG)","Confirmatory",""
625173,103558436,82153,"Unspecified","","IC50","","","DRUGMATRIX: Peptidase, Angiotensin Converting Enzyme enzyme inhibition (substrate: FAPGG)","Confirmatory",""
625173,103558436,82153,"Unspecified","","Ki","","","DRUGMATRIX: Peptidase, Angiotensin Converting Enzyme enzyme inhibition (substrate: FAPGG)","Confirmatory",""
625173,103558443,3749,"Unspecified","","IC50","","","DRUGMATRIX: Peptidase, Angiotensin Converting Enzyme enzyme inhibition (substrate: FAPGG)","Confirmatory",""
625173,103558443,3749,"Unspecified","","Ki","","","DRUGMATRIX: Peptidase, Angiotensin Converting Enzyme enzyme inhibition (substrate: FAPGG)","Confirmatory",""
625173,103558466,1349907,"Unspecified","","IC50","","","DRUGMATRIX: Peptidase, Angiotensin Converting Enzyme enzyme inhibition (substrate: FAPGG)","Confirmatory",""
625173,103558466,1349907,"Unspecified","","Ki","","","DRUGMATRIX: Peptidase, Angiotensin Converting Enzyme enzyme inhibition (substrate: FAPGG)","Confirmatory",""
625173,103558530,54675779,"Unspecified","","IC50","","","DRUGMATRIX: Peptidase, Angiotensin Converting Enzyme enzyme inhibition (substrate: FAPGG)","Confirmatory",""
625173,103558530,54675779,"Unspecified","","Ki","","","DRUGMATRIX: Peptidase, Angiotensin Converting Enzyme enzyme inhibition (substrate: FAPGG)","Confirmatory",""
625173,103558581,657298,"Unspecified","","IC50","","","DRUGMATRIX: Peptidase, Angiotensin Converting Enzyme enzyme inhibition (substrate: FAPGG)","Confirmatory",""
625173,103558581,657298,"Unspecified","","Ki","","","DRUGMATRIX: Peptidase, Angiotensin Converting Enzyme enzyme inhibition (substrate: FAPGG)","Confirmatory",""
625173,103558584,5284613,"Unspecified","","IC50","","","DRUGMATRIX: Peptidase, Angiotensin Converting Enzyme enzyme inhibition (substrate: FAPGG)","Confirmatory",""
625173,103558584,5284613,"Unspecified","","Ki","","","DRUGMATRIX: Peptidase, Angiotensin Converting Enzyme enzyme inhibition (substrate: FAPGG)","Confirmatory",""
625173,103558703,5719,"Unspecified","","IC50","","","DRUGMATRIX: Peptidase, Angiotensin Converting Enzyme enzyme inhibition (substrate: FAPGG)","Confirmatory",""
625173,103558703,5719,"Unspecified","","Ki","","","DRUGMATRIX: Peptidase, Angiotensin Converting Enzyme enzyme inhibition (substrate: FAPGG)","Confirmatory",""
625173,103558716,66265,"Unspecified","","IC50","","","DRUGMATRIX: Peptidase, Angiotensin Converting Enzyme enzyme inhibition (substrate: FAPGG)","Confirmatory",""
625173,103558716,66265,"Unspecified","","Ki","","","DRUGMATRIX: Peptidase, Angiotensin Converting Enzyme enzyme inhibition (substrate: FAPGG)","Confirmatory",""
625173,103566848,3652,"Unspecified","","IC50","","","DRUGMATRIX: Peptidase, Angiotensin Converting Enzyme enzyme inhibition (substrate: FAPGG)","Confirmatory",""
625173,103566848,3652,"Unspecified","","Ki","","","DRUGMATRIX: Peptidase, Angiotensin Converting Enzyme enzyme inhibition (substrate: FAPGG)","Confirmatory",""
625173,103567215,5280793,"Unspecified","","IC50","","","DRUGMATRIX: Peptidase, Angiotensin Converting Enzyme enzyme inhibition (substrate: FAPGG)","Confirmatory",""
625173,103567215,5280793,"Unspecified","","Ki","","","DRUGMATRIX: Peptidase, Angiotensin Converting Enzyme enzyme inhibition (substrate: FAPGG)","Confirmatory",""
625173,103567551,6479523,"Unspecified","","IC50","","","DRUGMATRIX: Peptidase, Angiotensin Converting Enzyme enzyme inhibition (substrate: FAPGG)","Confirmatory",""
625173,103567551,6479523,"Unspecified","","Ki","","","DRUGMATRIX: Peptidase, Angiotensin Converting Enzyme enzyme inhibition (substrate: FAPGG)","Confirmatory",""
625173,103567590,17134,"Unspecified","","IC50","","","DRUGMATRIX: Peptidase, Angiotensin Converting Enzyme enzyme inhibition (substrate: FAPGG)","Confirmatory",""
625173,103567590,17134,"Unspecified","","Ki","","","DRUGMATRIX: Peptidase, Angiotensin Converting Enzyme enzyme inhibition (substrate: FAPGG)","Confirmatory",""
625173,103567639,135398748,"Unspecified","","IC50","","","DRUGMATRIX: Peptidase, Angiotensin Converting Enzyme enzyme inhibition (substrate: FAPGG)","Confirmatory",""
625173,103567639,135398748,"Unspecified","","Ki","","","DRUGMATRIX: Peptidase, Angiotensin Converting Enzyme enzyme inhibition (substrate: FAPGG)","Confirmatory",""
625173,103568173,2265,"Unspecified","","IC50","","","DRUGMATRIX: Peptidase, Angiotensin Converting Enzyme enzyme inhibition (substrate: FAPGG)","Confirmatory",""
625173,103568173,2265,"Unspecified","","Ki","","","DRUGMATRIX: Peptidase, Angiotensin Converting Enzyme enzyme inhibition (substrate: FAPGG)","Confirmatory",""
625173,103570000,5920,"Unspecified","","IC50","","","DRUGMATRIX: Peptidase, Angiotensin Converting Enzyme enzyme inhibition (substrate: FAPGG)","Confirmatory",""
625173,103570000,5920,"Unspecified","","Ki","","","DRUGMATRIX: Peptidase, Angiotensin Converting Enzyme enzyme inhibition (substrate: FAPGG)","Confirmatory",""
625173,103572434,7057919,"Unspecified","","IC50","","","DRUGMATRIX: Peptidase, Angiotensin Converting Enzyme enzyme inhibition (substrate: FAPGG)","Confirmatory",""
625173,103572434,7057919,"Unspecified","","Ki","","","DRUGMATRIX: Peptidase, Angiotensin Converting Enzyme enzyme inhibition (substrate: FAPGG)","Confirmatory",""
625173,103577988,5353432,"Unspecified","","IC50","","","DRUGMATRIX: Peptidase, Angiotensin Converting Enzyme enzyme inhibition (substrate: FAPGG)","Confirmatory",""
625173,103577988,5353432,"Unspecified","","Ki","","","DRUGMATRIX: Peptidase, Angiotensin Converting Enzyme enzyme inhibition (substrate: FAPGG)","Confirmatory",""
625173,103579573,457193,"Unspecified","","IC50","","","DRUGMATRIX: Peptidase, Angiotensin Converting Enzyme enzyme inhibition (substrate: FAPGG)","Confirmatory",""
625173,103579573,457193,"Unspecified","","Ki","","","DRUGMATRIX: Peptidase, Angiotensin Converting Enzyme enzyme inhibition (substrate: FAPGG)","Confirmatory",""
625173,103579966,54670067,"Unspecified","","IC50","","","DRUGMATRIX: Peptidase, Angiotensin Converting Enzyme enzyme inhibition (substrate: FAPGG)","Confirmatory",""
625173,103579966,54670067,"Unspecified","","Ki","","","DRUGMATRIX: Peptidase, Angiotensin Converting Enzyme enzyme inhibition (substrate: FAPGG)","Confirmatory",""
625173,103581295,44093,"Active","","IC50","=",0.13,"DRUGMATRIX: Peptidase, Angiotensin Converting Enzyme enzyme inhibition (substrate: FAPGG)","Confirmatory",""
625173,103581295,44093,"Unspecified","","Ki","","","DRUGMATRIX: Peptidase, Angiotensin Converting Enzyme enzyme inhibition (substrate: FAPGG)","Confirmatory",""
625173,103582308,"","Unspecified","","IC50","","","DRUGMATRIX: Peptidase, Angiotensin Converting Enzyme enzyme inhibition (substrate: FAPGG)","Confirmatory",""
625173,103582308,"","Unspecified","","Ki","","","DRUGMATRIX: Peptidase, Angiotensin Converting Enzyme enzyme inhibition (substrate: FAPGG)","Confirmatory",""
625173,103588113,522325,"Unspecified","","IC50","","","DRUGMATRIX: Peptidase, Angiotensin Converting Enzyme enzyme inhibition (substrate: FAPGG)","Confirmatory",""
625173,103588113,522325,"Unspecified","","Ki","","","DRUGMATRIX: Peptidase, Angiotensin Converting Enzyme enzyme inhibition (substrate: FAPGG)","Confirmatory",""
625173,103588722,657237,"Unspecified","","IC50","","","DRUGMATRIX: Peptidase, Angiotensin Converting Enzyme enzyme inhibition (substrate: FAPGG)","Confirmatory",""
625173,103588722,657237,"Unspecified","","Ki","","","DRUGMATRIX: Peptidase, Angiotensin Converting Enzyme enzyme inhibition (substrate: FAPGG)","Confirmatory",""
625173,103588726,5641,"Unspecified","","IC50","","","DRUGMATRIX: Peptidase, Angiotensin Converting Enzyme enzyme inhibition (substrate: FAPGG)","Confirmatory",""
625173,103588726,5641,"Unspecified","","Ki","","","DRUGMATRIX: Peptidase, Angiotensin Converting Enzyme enzyme inhibition (substrate: FAPGG)","Confirmatory",""
625173,103589702,7516,"Unspecified","","IC50","","","DRUGMATRIX: Peptidase, Angiotensin Converting Enzyme enzyme inhibition (substrate: FAPGG)","Confirmatory",""
625173,103589702,7516,"Unspecified","","Ki","","","DRUGMATRIX: Peptidase, Angiotensin Converting Enzyme enzyme inhibition (substrate: FAPGG)","Confirmatory",""
625173,103589714,5311217,"Unspecified","","IC50","","","DRUGMATRIX: Peptidase, Angiotensin Converting Enzyme enzyme inhibition (substrate: FAPGG)","Confirmatory",""
625173,103589714,5311217,"Unspecified","","Ki","","","DRUGMATRIX: Peptidase, Angiotensin Converting Enzyme enzyme inhibition (substrate: FAPGG)","Confirmatory",""
625173,103589735,4507,"Unspecified","","IC50","","","DRUGMATRIX: Peptidase, Angiotensin Converting Enzyme enzyme inhibition (substrate: FAPGG)","Confirmatory",""
625173,103589735,4507,"Unspecified","","Ki","","","DRUGMATRIX: Peptidase, Angiotensin Converting Enzyme enzyme inhibition (substrate: FAPGG)","Confirmatory",""
625173,103589812,16574,"Unspecified","","IC50","","","DRUGMATRIX: Peptidase, Angiotensin Converting Enzyme enzyme inhibition (substrate: FAPGG)","Confirmatory",""
625173,103589812,16574,"Unspecified","","Ki","","","DRUGMATRIX: Peptidase, Angiotensin Converting Enzyme enzyme inhibition (substrate: FAPGG)","Confirmatory",""
625173,103589983,54766,"Unspecified","","IC50","","","DRUGMATRIX: Peptidase, Angiotensin Converting Enzyme enzyme inhibition (substrate: FAPGG)","Confirmatory",""
625173,103589983,54766,"Unspecified","","Ki","","","DRUGMATRIX: Peptidase, Angiotensin Converting Enzyme enzyme inhibition (substrate: FAPGG)","Confirmatory",""
625173,103589984,20469,"Unspecified","","IC50","","","DRUGMATRIX: Peptidase, Angiotensin Converting Enzyme enzyme inhibition (substrate: FAPGG)","Confirmatory",""
625173,103589984,20469,"Unspecified","","Ki","","","DRUGMATRIX: Peptidase, Angiotensin Converting Enzyme enzyme inhibition (substrate: FAPGG)","Confirmatory",""
625173,103590286,54892,"Active","","IC50","=",4.008,"DRUGMATRIX: Peptidase, Angiotensin Converting Enzyme enzyme inhibition (substrate: FAPGG)","Confirmatory",""
625173,103590286,54892,"Unspecified","","Ki","","","DRUGMATRIX: Peptidase, Angiotensin Converting Enzyme enzyme inhibition (substrate: FAPGG)","Confirmatory",""
625173,103590321,91536,"Unspecified","","IC50","","","DRUGMATRIX: Peptidase, Angiotensin Converting Enzyme enzyme inhibition (substrate: FAPGG)","Confirmatory",""
625173,103590321,91536,"Unspecified","","Ki","","","DRUGMATRIX: Peptidase, Angiotensin Converting Enzyme enzyme inhibition (substrate: FAPGG)","Confirmatory",""
625173,103590513,2577,"Unspecified","","IC50","","","DRUGMATRIX: Peptidase, Angiotensin Converting Enzyme enzyme inhibition (substrate: FAPGG)","Confirmatory",""
625173,103590513,2577,"Unspecified","","Ki","","","DRUGMATRIX: Peptidase, Angiotensin Converting Enzyme enzyme inhibition (substrate: FAPGG)","Confirmatory",""
625173,103590644,656516,"Unspecified","","IC50","","","DRUGMATRIX: Peptidase, Angiotensin Converting Enzyme enzyme inhibition (substrate: FAPGG)","Confirmatory",""
625173,103590644,656516,"Unspecified","","Ki","","","DRUGMATRIX: Peptidase, Angiotensin Converting Enzyme enzyme inhibition (substrate: FAPGG)","Confirmatory",""
625173,103597669,34001,"Unspecified","","IC50","","","DRUGMATRIX: Peptidase, Angiotensin Converting Enzyme enzyme inhibition (substrate: FAPGG)","Confirmatory",""
625173,103597669,34001,"Unspecified","","Ki","","","DRUGMATRIX: Peptidase, Angiotensin Converting Enzyme enzyme inhibition (substrate: FAPGG)","Confirmatory",""
625173,103598676,451415,"Unspecified","","IC50","","","DRUGMATRIX: Peptidase, Angiotensin Converting Enzyme enzyme inhibition (substrate: FAPGG)","Confirmatory",""
625173,103598676,451415,"Unspecified","","Ki","","","DRUGMATRIX: Peptidase, Angiotensin Converting Enzyme enzyme inhibition (substrate: FAPGG)","Confirmatory",""
625173,103600468,16129778,"Unspecified","","IC50","","","DRUGMATRIX: Peptidase, Angiotensin Converting Enzyme enzyme inhibition (substrate: FAPGG)","Confirmatory",""
625173,103600468,16129778,"Unspecified","","Ki","","","DRUGMATRIX: Peptidase, Angiotensin Converting Enzyme enzyme inhibition (substrate: FAPGG)","Confirmatory",""
625173,103601826,174,"Unspecified","","IC50","","","DRUGMATRIX: Peptidase, Angiotensin Converting Enzyme enzyme inhibition (substrate: FAPGG)","Confirmatory",""
625173,103601826,174,"Unspecified","","Ki","","","DRUGMATRIX: Peptidase, Angiotensin Converting Enzyme enzyme inhibition (substrate: FAPGG)","Confirmatory",""
625173,103602152,54680783,"Unspecified","","IC50","","","DRUGMATRIX: Peptidase, Angiotensin Converting Enzyme enzyme inhibition (substrate: FAPGG)","Confirmatory",""
625173,103602152,54680783,"Unspecified","","Ki","","","DRUGMATRIX: Peptidase, Angiotensin Converting Enzyme enzyme inhibition (substrate: FAPGG)","Confirmatory",""
625173,103602769,20279,"Unspecified","","IC50","","","DRUGMATRIX: Peptidase, Angiotensin Converting Enzyme enzyme inhibition (substrate: FAPGG)","Confirmatory",""
625173,103602769,20279,"Unspecified","","Ki","","","DRUGMATRIX: Peptidase, Angiotensin Converting Enzyme enzyme inhibition (substrate: FAPGG)","Confirmatory",""
625173,103605085,26987,"Unspecified","","IC50","","","DRUGMATRIX: Peptidase, Angiotensin Converting Enzyme enzyme inhibition (substrate: FAPGG)","Confirmatory",""
625173,103605085,26987,"Unspecified","","Ki","","","DRUGMATRIX: Peptidase, Angiotensin Converting Enzyme enzyme inhibition (substrate: FAPGG)","Confirmatory",""
625173,103611913,8447,"Unspecified","","IC50","","","DRUGMATRIX: Peptidase, Angiotensin Converting Enzyme enzyme inhibition (substrate: FAPGG)","Confirmatory",""
625173,103611913,8447,"Unspecified","","Ki","","","DRUGMATRIX: Peptidase, Angiotensin Converting Enzyme enzyme inhibition (substrate: FAPGG)","Confirmatory",""
625173,103616777,1549041,"Unspecified","","IC50","","","DRUGMATRIX: Peptidase, Angiotensin Converting Enzyme enzyme inhibition (substrate: FAPGG)","Confirmatory",""
625173,103616777,1549041,"Unspecified","","Ki","","","DRUGMATRIX: Peptidase, Angiotensin Converting Enzyme enzyme inhibition (substrate: FAPGG)","Confirmatory",""
625173,103618143,4728,"Unspecified","","IC50","","","DRUGMATRIX: Peptidase, Angiotensin Converting Enzyme enzyme inhibition (substrate: FAPGG)","Confirmatory",""
625173,103618143,4728,"Unspecified","","Ki","","","DRUGMATRIX: Peptidase, Angiotensin Converting Enzyme enzyme inhibition (substrate: FAPGG)","Confirmatory",""
625173,103618328,44575838,"Unspecified","","IC50","","","DRUGMATRIX: Peptidase, Angiotensin Converting Enzyme enzyme inhibition (substrate: FAPGG)","Confirmatory",""
625173,103618328,44575838,"Unspecified","","Ki","","","DRUGMATRIX: Peptidase, Angiotensin Converting Enzyme enzyme inhibition (substrate: FAPGG)","Confirmatory",""
625173,103618726,2758,"Unspecified","","IC50","","","DRUGMATRIX: Peptidase, Angiotensin Converting Enzyme enzyme inhibition (substrate: FAPGG)","Confirmatory",""
625173,103618726,2758,"Unspecified","","Ki","","","DRUGMATRIX: Peptidase, Angiotensin Converting Enzyme enzyme inhibition (substrate: FAPGG)","Confirmatory",""
625173,103619997,37542,"Unspecified","","IC50","","","DRUGMATRIX: Peptidase, Angiotensin Converting Enzyme enzyme inhibition (substrate: FAPGG)","Confirmatory",""
625173,103619997,37542,"Unspecified","","Ki","","","DRUGMATRIX: Peptidase, Angiotensin Converting Enzyme enzyme inhibition (substrate: FAPGG)","Confirmatory",""
625173,103621816,5745,"Unspecified","","IC50","","","DRUGMATRIX: Peptidase, Angiotensin Converting Enzyme enzyme inhibition (substrate: FAPGG)","Confirmatory",""
625173,103621816,5745,"Unspecified","","Ki","","","DRUGMATRIX: Peptidase, Angiotensin Converting Enzyme enzyme inhibition (substrate: FAPGG)","Confirmatory",""
625173,103630533,15938,"Unspecified","","IC50","","","DRUGMATRIX: Peptidase, Angiotensin Converting Enzyme enzyme inhibition (substrate: FAPGG)","Confirmatory",""
625173,103630533,15938,"Unspecified","","Ki","","","DRUGMATRIX: Peptidase, Angiotensin Converting Enzyme enzyme inhibition (substrate: FAPGG)","Confirmatory",""
625173,103630897,135403821,"Unspecified","","IC50","","","DRUGMATRIX: Peptidase, Angiotensin Converting Enzyme enzyme inhibition (substrate: FAPGG)","Confirmatory",""
625173,103630897,135403821,"Unspecified","","Ki","","","DRUGMATRIX: Peptidase, Angiotensin Converting Enzyme enzyme inhibition (substrate: FAPGG)","Confirmatory",""
625173,103631353,71815,"Unspecified","","IC50","","","DRUGMATRIX: Peptidase, Angiotensin Converting Enzyme enzyme inhibition (substrate: FAPGG)","Confirmatory",""
625173,103631353,71815,"Unspecified","","Ki","","","DRUGMATRIX: Peptidase, Angiotensin Converting Enzyme enzyme inhibition (substrate: FAPGG)","Confirmatory",""
625173,103637443,4211,"Unspecified","","IC50","","","DRUGMATRIX: Peptidase, Angiotensin Converting Enzyme enzyme inhibition (substrate: FAPGG)","Confirmatory",""
625173,103637443,4211,"Unspecified","","Ki","","","DRUGMATRIX: Peptidase, Angiotensin Converting Enzyme enzyme inhibition (substrate: FAPGG)","Confirmatory",""
625173,103642911,135403648,"Unspecified","","IC50","","","DRUGMATRIX: Peptidase, Angiotensin Converting Enzyme enzyme inhibition (substrate: FAPGG)","Confirmatory",""
625173,103642911,135403648,"Unspecified","","Ki","","","DRUGMATRIX: Peptidase, Angiotensin Converting Enzyme enzyme inhibition (substrate: FAPGG)","Confirmatory",""
625173,103646320,9570327,"Unspecified","","IC50","","","DRUGMATRIX: Peptidase, Angiotensin Converting Enzyme enzyme inhibition (substrate: FAPGG)","Confirmatory",""
625173,103646320,9570327,"Unspecified","","Ki","","","DRUGMATRIX: Peptidase, Angiotensin Converting Enzyme enzyme inhibition (substrate: FAPGG)","Confirmatory",""
625173,103649168,31072,"Unspecified","","IC50","","","DRUGMATRIX: Peptidase, Angiotensin Converting Enzyme enzyme inhibition (substrate: FAPGG)","Confirmatory",""
625173,103649168,31072,"Unspecified","","Ki","","","DRUGMATRIX: Peptidase, Angiotensin Converting Enzyme enzyme inhibition (substrate: FAPGG)","Confirmatory",""
625173,103654274,9917490,"Unspecified","","IC50","","","DRUGMATRIX: Peptidase, Angiotensin Converting Enzyme enzyme inhibition (substrate: FAPGG)","Confirmatory",""
625173,103654274,9917490,"Unspecified","","Ki","","","DRUGMATRIX: Peptidase, Angiotensin Converting Enzyme enzyme inhibition (substrate: FAPGG)","Confirmatory",""
625173,103680984,4499,"Unspecified","","IC50","","","DRUGMATRIX: Peptidase, Angiotensin Converting Enzyme enzyme inhibition (substrate: FAPGG)","Confirmatory",""
625173,103680984,4499,"Unspecified","","Ki","","","DRUGMATRIX: Peptidase, Angiotensin Converting Enzyme enzyme inhibition (substrate: FAPGG)","Confirmatory",""
625173,103682056,27447,"Unspecified","","IC50","","","DRUGMATRIX: Peptidase, Angiotensin Converting Enzyme enzyme inhibition (substrate: FAPGG)","Confirmatory",""
625173,103682056,27447,"Unspecified","","Ki","","","DRUGMATRIX: Peptidase, Angiotensin Converting Enzyme enzyme inhibition (substrate: FAPGG)","Confirmatory",""
625173,103684622,10531,"Unspecified","","IC50","","","DRUGMATRIX: Peptidase, Angiotensin Converting Enzyme enzyme inhibition (substrate: FAPGG)","Confirmatory",""
625173,103684622,10531,"Unspecified","","Ki","","","DRUGMATRIX: Peptidase, Angiotensin Converting Enzyme enzyme inhibition (substrate: FAPGG)","Confirmatory",""
625173,103687860,75792,"Unspecified","","IC50","","","DRUGMATRIX: Peptidase, Angiotensin Converting Enzyme enzyme inhibition (substrate: FAPGG)","Confirmatory",""
625173,103687860,75792,"Unspecified","","Ki","","","DRUGMATRIX: Peptidase, Angiotensin Converting Enzyme enzyme inhibition (substrate: FAPGG)","Confirmatory",""
625173,103689672,2763,"Unspecified","","IC50","","","DRUGMATRIX: Peptidase, Angiotensin Converting Enzyme enzyme inhibition (substrate: FAPGG)","Confirmatory",""
625173,103689672,2763,"Unspecified","","Ki","","","DRUGMATRIX: Peptidase, Angiotensin Converting Enzyme enzyme inhibition (substrate: FAPGG)","Confirmatory",""
625173,103696081,84029,"Unspecified","","IC50","","","DRUGMATRIX: Peptidase, Angiotensin Converting Enzyme enzyme inhibition (substrate: FAPGG)","Confirmatory",""
625173,103696081,84029,"Unspecified","","Ki","","","DRUGMATRIX: Peptidase, Angiotensin Converting Enzyme enzyme inhibition (substrate: FAPGG)","Confirmatory",""
625173,103703382,36294,"Unspecified","","IC50","","","DRUGMATRIX: Peptidase, Angiotensin Converting Enzyme enzyme inhibition (substrate: FAPGG)","Confirmatory",""
625173,103703382,36294,"Unspecified","","Ki","","","DRUGMATRIX: Peptidase, Angiotensin Converting Enzyme enzyme inhibition (substrate: FAPGG)","Confirmatory",""
625173,103706605,14049689,"Unspecified","","IC50","","","DRUGMATRIX: Peptidase, Angiotensin Converting Enzyme enzyme inhibition (substrate: FAPGG)","Confirmatory",""
625173,103706605,14049689,"Unspecified","","Ki","","","DRUGMATRIX: Peptidase, Angiotensin Converting Enzyme enzyme inhibition (substrate: FAPGG)","Confirmatory",""
625173,103707689,2724385,"Unspecified","","IC50","","","DRUGMATRIX: Peptidase, Angiotensin Converting Enzyme enzyme inhibition (substrate: FAPGG)","Confirmatory",""
625173,103707689,2724385,"Unspecified","","Ki","","","DRUGMATRIX: Peptidase, Angiotensin Converting Enzyme enzyme inhibition (substrate: FAPGG)","Confirmatory",""
625173,103707694,3182,"Unspecified","","IC50","","","DRUGMATRIX: Peptidase, Angiotensin Converting Enzyme enzyme inhibition (substrate: FAPGG)","Confirmatory",""
625173,103707694,3182,"Unspecified","","Ki","","","DRUGMATRIX: Peptidase, Angiotensin Converting Enzyme enzyme inhibition (substrate: FAPGG)","Confirmatory",""
625173,103707721,3156,"Unspecified","","IC50","","","DRUGMATRIX: Peptidase, Angiotensin Converting Enzyme enzyme inhibition (substrate: FAPGG)","Confirmatory",""
625173,103707721,3156,"Unspecified","","Ki","","","DRUGMATRIX: Peptidase, Angiotensin Converting Enzyme enzyme inhibition (substrate: FAPGG)","Confirmatory",""
625173,103709193,5403,"Unspecified","","IC50","","","DRUGMATRIX: Peptidase, Angiotensin Converting Enzyme enzyme inhibition (substrate: FAPGG)","Confirmatory",""
625173,103709193,5403,"Unspecified","","Ki","","","DRUGMATRIX: Peptidase, Angiotensin Converting Enzyme enzyme inhibition (substrate: FAPGG)","Confirmatory",""
625173,103716863,5311067,"Unspecified","","IC50","","","DRUGMATRIX: Peptidase, Angiotensin Converting Enzyme enzyme inhibition (substrate: FAPGG)","Confirmatory",""
625173,103716863,5311067,"Unspecified","","Ki","","","DRUGMATRIX: Peptidase, Angiotensin Converting Enzyme enzyme inhibition (substrate: FAPGG)","Confirmatory",""
625173,103724173,60606,"Unspecified","","IC50","","","DRUGMATRIX: Peptidase, Angiotensin Converting Enzyme enzyme inhibition (substrate: FAPGG)","Confirmatory",""
625173,103724173,60606,"Unspecified","","Ki","","","DRUGMATRIX: Peptidase, Angiotensin Converting Enzyme enzyme inhibition (substrate: FAPGG)","Confirmatory",""
625173,103737203,5511,"Unspecified","","IC50","","","DRUGMATRIX: Peptidase, Angiotensin Converting Enzyme enzyme inhibition (substrate: FAPGG)","Confirmatory",""
625173,103737203,5511,"Unspecified","","Ki","","","DRUGMATRIX: Peptidase, Angiotensin Converting Enzyme enzyme inhibition (substrate: FAPGG)","Confirmatory",""
625173,103755607,460129,"Unspecified","","IC50","","","DRUGMATRIX: Peptidase, Angiotensin Converting Enzyme enzyme inhibition (substrate: FAPGG)","Confirmatory",""
625173,103755607,460129,"Unspecified","","Ki","","","DRUGMATRIX: Peptidase, Angiotensin Converting Enzyme enzyme inhibition (substrate: FAPGG)","Confirmatory",""
625173,103759736,32798,"Unspecified","","IC50","","","DRUGMATRIX: Peptidase, Angiotensin Converting Enzyme enzyme inhibition (substrate: FAPGG)","Confirmatory",""
625173,103759736,32798,"Unspecified","","Ki","","","DRUGMATRIX: Peptidase, Angiotensin Converting Enzyme enzyme inhibition (substrate: FAPGG)","Confirmatory",""
625173,103770374,6503,"Unspecified","","IC50","","","DRUGMATRIX: Peptidase, Angiotensin Converting Enzyme enzyme inhibition (substrate: FAPGG)","Confirmatory",""
625173,103770374,6503,"Unspecified","","Ki","","","DRUGMATRIX: Peptidase, Angiotensin Converting Enzyme enzyme inhibition (substrate: FAPGG)","Confirmatory",""
625173,103770379,64737,"Unspecified","","IC50","","","DRUGMATRIX: Peptidase, Angiotensin Converting Enzyme enzyme inhibition (substrate: FAPGG)","Confirmatory",""
625173,103770379,64737,"Unspecified","","Ki","","","DRUGMATRIX: Peptidase, Angiotensin Converting Enzyme enzyme inhibition (substrate: FAPGG)","Confirmatory",""
625173,103770389,10660,"Unspecified","","IC50","","","DRUGMATRIX: Peptidase, Angiotensin Converting Enzyme enzyme inhibition (substrate: FAPGG)","Confirmatory",""
625173,103770389,10660,"Unspecified","","Ki","","","DRUGMATRIX: Peptidase, Angiotensin Converting Enzyme enzyme inhibition (substrate: FAPGG)","Confirmatory",""
625173,103770414,"","Unspecified","","IC50","","","DRUGMATRIX: Peptidase, Angiotensin Converting Enzyme enzyme inhibition (substrate: FAPGG)","Confirmatory",""
625173,103770414,"","Unspecified","","Ki","","","DRUGMATRIX: Peptidase, Angiotensin Converting Enzyme enzyme inhibition (substrate: FAPGG)","Confirmatory",""
625173,103770511,"","Unspecified","","IC50","","","DRUGMATRIX: Peptidase, Angiotensin Converting Enzyme enzyme inhibition (substrate: FAPGG)","Confirmatory",""
625173,103770511,"","Unspecified","","Ki","","","DRUGMATRIX: Peptidase, Angiotensin Converting Enzyme enzyme inhibition (substrate: FAPGG)","Confirmatory",""
625173,103770528,71414,"Unspecified","","IC50","","","DRUGMATRIX: Peptidase, Angiotensin Converting Enzyme enzyme inhibition (substrate: FAPGG)","Confirmatory",""
625173,103770528,71414,"Unspecified","","Ki","","","DRUGMATRIX: Peptidase, Angiotensin Converting Enzyme enzyme inhibition (substrate: FAPGG)","Confirmatory",""
625173,103770541,10909430,"Unspecified","","IC50","","","DRUGMATRIX: Peptidase, Angiotensin Converting Enzyme enzyme inhibition (substrate: FAPGG)","Confirmatory",""
625173,103770541,10909430,"Unspecified","","Ki","","","DRUGMATRIX: Peptidase, Angiotensin Converting Enzyme enzyme inhibition (substrate: FAPGG)","Confirmatory",""
625173,103770542,612,"Unspecified","","IC50","","","DRUGMATRIX: Peptidase, Angiotensin Converting Enzyme enzyme inhibition (substrate: FAPGG)","Confirmatory",""
625173,103770542,612,"Unspecified","","Ki","","","DRUGMATRIX: Peptidase, Angiotensin Converting Enzyme enzyme inhibition (substrate: FAPGG)","Confirmatory",""
625173,103770568,5281034,"Unspecified","","IC50","","","DRUGMATRIX: Peptidase, Angiotensin Converting Enzyme enzyme inhibition (substrate: FAPGG)","Confirmatory",""
625173,103770568,5281034,"Unspecified","","Ki","","","DRUGMATRIX: Peptidase, Angiotensin Converting Enzyme enzyme inhibition (substrate: FAPGG)","Confirmatory",""
625173,103770583,9878,"Unspecified","","IC50","","","DRUGMATRIX: Peptidase, Angiotensin Converting Enzyme enzyme inhibition (substrate: FAPGG)","Confirmatory",""
625173,103770583,9878,"Unspecified","","Ki","","","DRUGMATRIX: Peptidase, Angiotensin Converting Enzyme enzyme inhibition (substrate: FAPGG)","Confirmatory",""
625173,103770587,5593,"Unspecified","","IC50","","","DRUGMATRIX: Peptidase, Angiotensin Converting Enzyme enzyme inhibition (substrate: FAPGG)","Confirmatory",""
625173,103770587,5593,"Unspecified","","Ki","","","DRUGMATRIX: Peptidase, Angiotensin Converting Enzyme enzyme inhibition (substrate: FAPGG)","Confirmatory",""
625173,103770606,13765,"Unspecified","","IC50","","","DRUGMATRIX: Peptidase, Angiotensin Converting Enzyme enzyme inhibition (substrate: FAPGG)","Confirmatory",""
625173,103770606,13765,"Unspecified","","Ki","","","DRUGMATRIX: Peptidase, Angiotensin Converting Enzyme enzyme inhibition (substrate: FAPGG)","Confirmatory",""
625173,103770607,9270,"Unspecified","","IC50","","","DRUGMATRIX: Peptidase, Angiotensin Converting Enzyme enzyme inhibition (substrate: FAPGG)","Confirmatory",""
625173,103770607,9270,"Unspecified","","Ki","","","DRUGMATRIX: Peptidase, Angiotensin Converting Enzyme enzyme inhibition (substrate: FAPGG)","Confirmatory",""
625173,103770612,39764,"Unspecified","","IC50","","","DRUGMATRIX: Peptidase, Angiotensin Converting Enzyme enzyme inhibition (substrate: FAPGG)","Confirmatory",""
625173,103770612,39764,"Unspecified","","Ki","","","DRUGMATRIX: Peptidase, Angiotensin Converting Enzyme enzyme inhibition (substrate: FAPGG)","Confirmatory",""
625173,103770639,5284447,"Unspecified","","IC50","","","DRUGMATRIX: Peptidase, Angiotensin Converting Enzyme enzyme inhibition (substrate: FAPGG)","Confirmatory",""
625173,103770639,5284447,"Unspecified","","Ki","","","DRUGMATRIX: Peptidase, Angiotensin Converting Enzyme enzyme inhibition (substrate: FAPGG)","Confirmatory",""
625173,103770662,3007855,"Unspecified","","IC50","","","DRUGMATRIX: Peptidase, Angiotensin Converting Enzyme enzyme inhibition (substrate: FAPGG)","Confirmatory",""
625173,103770662,3007855,"Unspecified","","Ki","","","DRUGMATRIX: Peptidase, Angiotensin Converting Enzyme enzyme inhibition (substrate: FAPGG)","Confirmatory",""
625173,103770676,"","Unspecified","","IC50","","","DRUGMATRIX: Peptidase, Angiotensin Converting Enzyme enzyme inhibition (substrate: FAPGG)","Confirmatory",""
625173,103770676,"","Unspecified","","Ki","","","DRUGMATRIX: Peptidase, Angiotensin Converting Enzyme enzyme inhibition (substrate: FAPGG)","Confirmatory",""
625173,103770682,54684461,"Unspecified","","IC50","","","DRUGMATRIX: Peptidase, Angiotensin Converting Enzyme enzyme inhibition (substrate: FAPGG)","Confirmatory",""
625173,103770682,54684461,"Unspecified","","Ki","","","DRUGMATRIX: Peptidase, Angiotensin Converting Enzyme enzyme inhibition (substrate: FAPGG)","Confirmatory",""
625173,103770731,38101,"Unspecified","","IC50","","","DRUGMATRIX: Peptidase, Angiotensin Converting Enzyme enzyme inhibition (substrate: FAPGG)","Confirmatory",""
625173,103770731,38101,"Unspecified","","Ki","","","DRUGMATRIX: Peptidase, Angiotensin Converting Enzyme enzyme inhibition (substrate: FAPGG)","Confirmatory",""
625173,103770828,443943,"Unspecified","","IC50","","","DRUGMATRIX: Peptidase, Angiotensin Converting Enzyme enzyme inhibition (substrate: FAPGG)","Confirmatory",""
625173,103770828,443943,"Unspecified","","Ki","","","DRUGMATRIX: Peptidase, Angiotensin Converting Enzyme enzyme inhibition (substrate: FAPGG)","Confirmatory",""
625173,103770845,441350,"Unspecified","","IC50","","","DRUGMATRIX: Peptidase, Angiotensin Converting Enzyme enzyme inhibition (substrate: FAPGG)","Confirmatory",""
625173,103770845,441350,"Unspecified","","Ki","","","DRUGMATRIX: Peptidase, Angiotensin Converting Enzyme enzyme inhibition (substrate: FAPGG)","Confirmatory",""
625173,103770976,6172,"Unspecified","","IC50","","","DRUGMATRIX: Peptidase, Angiotensin Converting Enzyme enzyme inhibition (substrate: FAPGG)","Confirmatory",""
625173,103770976,6172,"Unspecified","","Ki","","","DRUGMATRIX: Peptidase, Angiotensin Converting Enzyme enzyme inhibition (substrate: FAPGG)","Confirmatory",""
625173,103770993,225609,"Unspecified","","IC50","","","DRUGMATRIX: Peptidase, Angiotensin Converting Enzyme enzyme inhibition (substrate: FAPGG)","Confirmatory",""
625173,103770993,225609,"Unspecified","","Ki","","","DRUGMATRIX: Peptidase, Angiotensin Converting Enzyme enzyme inhibition (substrate: FAPGG)","Confirmatory",""
625173,103770995,15209,"Unspecified","","IC50","","","DRUGMATRIX: Peptidase, Angiotensin Converting Enzyme enzyme inhibition (substrate: FAPGG)","Confirmatory",""
625173,103770995,15209,"Unspecified","","Ki","","","DRUGMATRIX: Peptidase, Angiotensin Converting Enzyme enzyme inhibition (substrate: FAPGG)","Confirmatory",""
625173,103771100,4107,"Unspecified","","IC50","","","DRUGMATRIX: Peptidase, Angiotensin Converting Enzyme enzyme inhibition (substrate: FAPGG)","Confirmatory",""
625173,103771100,4107,"Unspecified","","Ki","","","DRUGMATRIX: Peptidase, Angiotensin Converting Enzyme enzyme inhibition (substrate: FAPGG)","Confirmatory",""
625173,103771122,11683,"Unspecified","","IC50","","","DRUGMATRIX: Peptidase, Angiotensin Converting Enzyme enzyme inhibition (substrate: FAPGG)","Confirmatory",""
625173,103771122,11683,"Unspecified","","Ki","","","DRUGMATRIX: Peptidase, Angiotensin Converting Enzyme enzyme inhibition (substrate: FAPGG)","Confirmatory",""
625173,103771129,5832,"Unspecified","","IC50","","","DRUGMATRIX: Peptidase, Angiotensin Converting Enzyme enzyme inhibition (substrate: FAPGG)","Confirmatory",""
625173,103771129,5832,"Unspecified","","Ki","","","DRUGMATRIX: Peptidase, Angiotensin Converting Enzyme enzyme inhibition (substrate: FAPGG)","Confirmatory",""
625173,103771134,6291,"Unspecified","","IC50","","","DRUGMATRIX: Peptidase, Angiotensin Converting Enzyme enzyme inhibition (substrate: FAPGG)","Confirmatory",""
625173,103771134,6291,"Unspecified","","Ki","","","DRUGMATRIX: Peptidase, Angiotensin Converting Enzyme enzyme inhibition (substrate: FAPGG)","Confirmatory",""
625173,103771332,"","Unspecified","","IC50","","","DRUGMATRIX: Peptidase, Angiotensin Converting Enzyme enzyme inhibition (substrate: FAPGG)","Confirmatory",""
625173,103771332,"","Unspecified","","Ki","","","DRUGMATRIX: Peptidase, Angiotensin Converting Enzyme enzyme inhibition (substrate: FAPGG)","Confirmatory",""
625173,103771366,"","Unspecified","","IC50","","","DRUGMATRIX: Peptidase, Angiotensin Converting Enzyme enzyme inhibition (substrate: FAPGG)","Confirmatory",""
625173,103771366,"","Unspecified","","Ki","","","DRUGMATRIX: Peptidase, Angiotensin Converting Enzyme enzyme inhibition (substrate: FAPGG)","Confirmatory",""
625173,104234145,2520,"Unspecified","","IC50","","","DRUGMATRIX: Peptidase, Angiotensin Converting Enzyme enzyme inhibition (substrate: FAPGG)","Confirmatory",""
625173,104234145,2520,"Unspecified","","Ki","","","DRUGMATRIX: Peptidase, Angiotensin Converting Enzyme enzyme inhibition (substrate: FAPGG)","Confirmatory",""
625173,104234146,62959,"Unspecified","","IC50","","","DRUGMATRIX: Peptidase, Angiotensin Converting Enzyme enzyme inhibition (substrate: FAPGG)","Confirmatory",""
625173,104234146,62959,"Unspecified","","Ki","","","DRUGMATRIX: Peptidase, Angiotensin Converting Enzyme enzyme inhibition (substrate: FAPGG)","Confirmatory",""
625173,104234147,3779,"Unspecified","","IC50","","","DRUGMATRIX: Peptidase, Angiotensin Converting Enzyme enzyme inhibition (substrate: FAPGG)","Confirmatory",""
625173,104234147,3779,"Unspecified","","Ki","","","DRUGMATRIX: Peptidase, Angiotensin Converting Enzyme enzyme inhibition (substrate: FAPGG)","Confirmatory",""
625173,104234148,8223,"Unspecified","","IC50","","","DRUGMATRIX: Peptidase, Angiotensin Converting Enzyme enzyme inhibition (substrate: FAPGG)","Confirmatory",""
625173,104234148,8223,"Unspecified","","Ki","","","DRUGMATRIX: Peptidase, Angiotensin Converting Enzyme enzyme inhibition (substrate: FAPGG)","Confirmatory",""
625173,104234151,43815,"Unspecified","","IC50","","","DRUGMATRIX: Peptidase, Angiotensin Converting Enzyme enzyme inhibition (substrate: FAPGG)","Confirmatory",""
625173,104234151,43815,"Unspecified","","Ki","","","DRUGMATRIX: Peptidase, Angiotensin Converting Enzyme enzyme inhibition (substrate: FAPGG)","Confirmatory",""
625173,104234156,64143,"Unspecified","","IC50","","","DRUGMATRIX: Peptidase, Angiotensin Converting Enzyme enzyme inhibition (substrate: FAPGG)","Confirmatory",""
625173,104234156,64143,"Unspecified","","Ki","","","DRUGMATRIX: Peptidase, Angiotensin Converting Enzyme enzyme inhibition (substrate: FAPGG)","Confirmatory",""
625173,104234163,43672,"Unspecified","","IC50","","","DRUGMATRIX: Peptidase, Angiotensin Converting Enzyme enzyme inhibition (substrate: FAPGG)","Confirmatory",""
625173,104234163,43672,"Unspecified","","Ki","","","DRUGMATRIX: Peptidase, Angiotensin Converting Enzyme enzyme inhibition (substrate: FAPGG)","Confirmatory",""
625173,104234169,126941,"Unspecified","","IC50","","","DRUGMATRIX: Peptidase, Angiotensin Converting Enzyme enzyme inhibition (substrate: FAPGG)","Confirmatory",""
625173,104234169,126941,"Unspecified","","Ki","","","DRUGMATRIX: Peptidase, Angiotensin Converting Enzyme enzyme inhibition (substrate: FAPGG)","Confirmatory",""
625173,104234176,36462,"Unspecified","","IC50","","","DRUGMATRIX: Peptidase, Angiotensin Converting Enzyme enzyme inhibition (substrate: FAPGG)","Confirmatory",""
625173,104234176,36462,"Unspecified","","Ki","","","DRUGMATRIX: Peptidase, Angiotensin Converting Enzyme enzyme inhibition (substrate: FAPGG)","Confirmatory",""
625173,104234183,656665,"Unspecified","","IC50","","","DRUGMATRIX: Peptidase, Angiotensin Converting Enzyme enzyme inhibition (substrate: FAPGG)","Confirmatory",""
625173,104234183,656665,"Unspecified","","Ki","","","DRUGMATRIX: Peptidase, Angiotensin Converting Enzyme enzyme inhibition (substrate: FAPGG)","Confirmatory",""
625173,104234199,54687,"Unspecified","","IC50","","","DRUGMATRIX: Peptidase, Angiotensin Converting Enzyme enzyme inhibition (substrate: FAPGG)","Confirmatory",""
625173,104234199,54687,"Unspecified","","Ki","","","DRUGMATRIX: Peptidase, Angiotensin Converting Enzyme enzyme inhibition (substrate: FAPGG)","Confirmatory",""
625173,104234226,37768,"Unspecified","","IC50","","","DRUGMATRIX: Peptidase, Angiotensin Converting Enzyme enzyme inhibition (substrate: FAPGG)","Confirmatory",""
625173,104234226,37768,"Unspecified","","Ki","","","DRUGMATRIX: Peptidase, Angiotensin Converting Enzyme enzyme inhibition (substrate: FAPGG)","Confirmatory",""
625173,104234228,6013,"Unspecified","","IC50","","","DRUGMATRIX: Peptidase, Angiotensin Converting Enzyme enzyme inhibition (substrate: FAPGG)","Confirmatory",""
625173,104234228,6013,"Unspecified","","Ki","","","DRUGMATRIX: Peptidase, Angiotensin Converting Enzyme enzyme inhibition (substrate: FAPGG)","Confirmatory",""
625173,104234229,5743,"Unspecified","","IC50","","","DRUGMATRIX: Peptidase, Angiotensin Converting Enzyme enzyme inhibition (substrate: FAPGG)","Confirmatory",""
625173,104234229,5743,"Unspecified","","Ki","","","DRUGMATRIX: Peptidase, Angiotensin Converting Enzyme enzyme inhibition (substrate: FAPGG)","Confirmatory",""
625173,104234238,5754,"Unspecified","","IC50","","","DRUGMATRIX: Peptidase, Angiotensin Converting Enzyme enzyme inhibition (substrate: FAPGG)","Confirmatory",""
625173,104234238,5754,"Unspecified","","Ki","","","DRUGMATRIX: Peptidase, Angiotensin Converting Enzyme enzyme inhibition (substrate: FAPGG)","Confirmatory",""
625173,104234242,444041,"Unspecified","","IC50","","","DRUGMATRIX: Peptidase, Angiotensin Converting Enzyme enzyme inhibition (substrate: FAPGG)","Confirmatory",""
625173,104234242,444041,"Unspecified","","Ki","","","DRUGMATRIX: Peptidase, Angiotensin Converting Enzyme enzyme inhibition (substrate: FAPGG)","Confirmatory",""
625173,104234246,2162,"Unspecified","","IC50","","","DRUGMATRIX: Peptidase, Angiotensin Converting Enzyme enzyme inhibition (substrate: FAPGG)","Confirmatory",""
625173,104234246,2162,"Unspecified","","Ki","","","DRUGMATRIX: Peptidase, Angiotensin Converting Enzyme enzyme inhibition (substrate: FAPGG)","Confirmatory",""
625173,104234255,439530,"Unspecified","","IC50","","","DRUGMATRIX: Peptidase, Angiotensin Converting Enzyme enzyme inhibition (substrate: FAPGG)","Confirmatory",""
625173,104234255,439530,"Unspecified","","Ki","","","DRUGMATRIX: Peptidase, Angiotensin Converting Enzyme enzyme inhibition (substrate: FAPGG)","Confirmatory",""
625173,104234256,441306,"Unspecified","","IC50","","","DRUGMATRIX: Peptidase, Angiotensin Converting Enzyme enzyme inhibition (substrate: FAPGG)","Confirmatory",""
625173,104234256,441306,"Unspecified","","Ki","","","DRUGMATRIX: Peptidase, Angiotensin Converting Enzyme enzyme inhibition (substrate: FAPGG)","Confirmatory",""
625173,104234271,448042,"Unspecified","","IC50","","","DRUGMATRIX: Peptidase, Angiotensin Converting Enzyme enzyme inhibition (substrate: FAPGG)","Confirmatory",""
625173,104234271,448042,"Unspecified","","Ki","","","DRUGMATRIX: Peptidase, Angiotensin Converting Enzyme enzyme inhibition (substrate: FAPGG)","Confirmatory",""
625173,104234273,38945,"Unspecified","","IC50","","","DRUGMATRIX: Peptidase, Angiotensin Converting Enzyme enzyme inhibition (substrate: FAPGG)","Confirmatory",""
625173,104234273,38945,"Unspecified","","Ki","","","DRUGMATRIX: Peptidase, Angiotensin Converting Enzyme enzyme inhibition (substrate: FAPGG)","Confirmatory",""
625173,104234352,33036,"Unspecified","","IC50","","","DRUGMATRIX: Peptidase, Angiotensin Converting Enzyme enzyme inhibition (substrate: FAPGG)","Confirmatory",""
625173,104234352,33036,"Unspecified","","Ki","","","DRUGMATRIX: Peptidase, Angiotensin Converting Enzyme enzyme inhibition (substrate: FAPGG)","Confirmatory",""
625173,104240364,6915744,"Unspecified","","IC50","","","DRUGMATRIX: Peptidase, Angiotensin Converting Enzyme enzyme inhibition (substrate: FAPGG)","Confirmatory",""
625173,104240364,6915744,"Unspecified","","Ki","","","DRUGMATRIX: Peptidase, Angiotensin Converting Enzyme enzyme inhibition (substrate: FAPGG)","Confirmatory",""
625173,104242266,6918276,"Unspecified","","IC50","","","DRUGMATRIX: Peptidase, Angiotensin Converting Enzyme enzyme inhibition (substrate: FAPGG)","Confirmatory",""
625173,104242266,6918276,"Unspecified","","Ki","","","DRUGMATRIX: Peptidase, Angiotensin Converting Enzyme enzyme inhibition (substrate: FAPGG)","Confirmatory",""
625173,104246526,78386,"Unspecified","","IC50","","","DRUGMATRIX: Peptidase, Angiotensin Converting Enzyme enzyme inhibition (substrate: FAPGG)","Confirmatory",""
625173,104246526,78386,"Unspecified","","Ki","","","DRUGMATRIX: Peptidase, Angiotensin Converting Enzyme enzyme inhibition (substrate: FAPGG)","Confirmatory",""
625173,104247004,444913,"Unspecified","","IC50","","","DRUGMATRIX: Peptidase, Angiotensin Converting Enzyme enzyme inhibition (substrate: FAPGG)","Confirmatory",""
625173,104247004,444913,"Unspecified","","Ki","","","DRUGMATRIX: Peptidase, Angiotensin Converting Enzyme enzyme inhibition (substrate: FAPGG)","Confirmatory",""
625173,104247295,47866,"Unspecified","","IC50","","","DRUGMATRIX: Peptidase, Angiotensin Converting Enzyme enzyme inhibition (substrate: FAPGG)","Confirmatory",""
625173,104247295,47866,"Unspecified","","Ki","","","DRUGMATRIX: Peptidase, Angiotensin Converting Enzyme enzyme inhibition (substrate: FAPGG)","Confirmatory",""
625173,104247713,71651,"Unspecified","","IC50","","","DRUGMATRIX: Peptidase, Angiotensin Converting Enzyme enzyme inhibition (substrate: FAPGG)","Confirmatory",""
625173,104247713,71651,"Unspecified","","Ki","","","DRUGMATRIX: Peptidase, Angiotensin Converting Enzyme enzyme inhibition (substrate: FAPGG)","Confirmatory",""
625173,104251392,716312,"Unspecified","","IC50","","","DRUGMATRIX: Peptidase, Angiotensin Converting Enzyme enzyme inhibition (substrate: FAPGG)","Confirmatory",""
625173,104251392,716312,"Unspecified","","Ki","","","DRUGMATRIX: Peptidase, Angiotensin Converting Enzyme enzyme inhibition (substrate: FAPGG)","Confirmatory",""
625173,104252420,27200,"Unspecified","","IC50","","","DRUGMATRIX: Peptidase, Angiotensin Converting Enzyme enzyme inhibition (substrate: FAPGG)","Confirmatory",""
625173,104252420,27200,"Unspecified","","Ki","","","DRUGMATRIX: Peptidase, Angiotensin Converting Enzyme enzyme inhibition (substrate: FAPGG)","Confirmatory",""
625173,123083185,77999,"Unspecified","","IC50","","","DRUGMATRIX: Peptidase, Angiotensin Converting Enzyme enzyme inhibition (substrate: FAPGG)","Confirmatory",""
625173,123083185,77999,"Unspecified","","Ki","","","DRUGMATRIX: Peptidase, Angiotensin Converting Enzyme enzyme inhibition (substrate: FAPGG)","Confirmatory",""
625173,123083191,1201549,"Unspecified","","IC50","","","DRUGMATRIX: Peptidase, Angiotensin Converting Enzyme enzyme inhibition (substrate: FAPGG)","Confirmatory",""
625173,123083191,1201549,"Unspecified","","Ki","","","DRUGMATRIX: Peptidase, Angiotensin Converting Enzyme enzyme inhibition (substrate: FAPGG)","Confirmatory",""
625173,123083206,5523,"Unspecified","","IC50","","","DRUGMATRIX: Peptidase, Angiotensin Converting Enzyme enzyme inhibition (substrate: FAPGG)","Confirmatory",""
625173,123083206,5523,"Unspecified","","Ki","","","DRUGMATRIX: Peptidase, Angiotensin Converting Enzyme enzyme inhibition (substrate: FAPGG)","Confirmatory",""
625173,123084917,176517398,"Unspecified","","IC50","","","DRUGMATRIX: Peptidase, Angiotensin Converting Enzyme enzyme inhibition (substrate: FAPGG)","Confirmatory",""
625173,123084917,176517398,"Unspecified","","Ki","","","DRUGMATRIX: Peptidase, Angiotensin Converting Enzyme enzyme inhibition (substrate: FAPGG)","Confirmatory",""
625173,123085230,4098,"Unspecified","","IC50","","","DRUGMATRIX: Peptidase, Angiotensin Converting Enzyme enzyme inhibition (substrate: FAPGG)","Confirmatory",""
625173,123085230,4098,"Unspecified","","Ki","","","DRUGMATRIX: Peptidase, Angiotensin Converting Enzyme enzyme inhibition (substrate: FAPGG)","Confirmatory",""
625173,123085521,8226,"Unspecified","","IC50","","","DRUGMATRIX: Peptidase, Angiotensin Converting Enzyme enzyme inhibition (substrate: FAPGG)","Confirmatory",""
625173,123085521,8226,"Unspecified","","Ki","","","DRUGMATRIX: Peptidase, Angiotensin Converting Enzyme enzyme inhibition (substrate: FAPGG)","Confirmatory",""
625173,123086577,55245,"Unspecified","","IC50","","","DRUGMATRIX: Peptidase, Angiotensin Converting Enzyme enzyme inhibition (substrate: FAPGG)","Confirmatory",""
625173,123086577,55245,"Unspecified","","Ki","","","DRUGMATRIX: Peptidase, Angiotensin Converting Enzyme enzyme inhibition (substrate: FAPGG)","Confirmatory",""
625173,123087788,2882,"Unspecified","","IC50","","","DRUGMATRIX: Peptidase, Angiotensin Converting Enzyme enzyme inhibition (substrate: FAPGG)","Confirmatory",""
625173,123087788,2882,"Unspecified","","Ki","","","DRUGMATRIX: Peptidase, Angiotensin Converting Enzyme enzyme inhibition (substrate: FAPGG)","Confirmatory",""
625173,123087792,42008,"Unspecified","","IC50","","","DRUGMATRIX: Peptidase, Angiotensin Converting Enzyme enzyme inhibition (substrate: FAPGG)","Confirmatory",""
625173,123087792,42008,"Unspecified","","Ki","","","DRUGMATRIX: Peptidase, Angiotensin Converting Enzyme enzyme inhibition (substrate: FAPGG)","Confirmatory",""
625173,123089405,444034,"Unspecified","","IC50","","","DRUGMATRIX: Peptidase, Angiotensin Converting Enzyme enzyme inhibition (substrate: FAPGG)","Confirmatory",""
625173,123089405,444034,"Unspecified","","Ki","","","DRUGMATRIX: Peptidase, Angiotensin Converting Enzyme enzyme inhibition (substrate: FAPGG)","Confirmatory",""
625173,123090165,2769,"Unspecified","","IC50","","","DRUGMATRIX: Peptidase, Angiotensin Converting Enzyme enzyme inhibition (substrate: FAPGG)","Confirmatory",""
625173,123090165,2769,"Unspecified","","Ki","","","DRUGMATRIX: Peptidase, Angiotensin Converting Enzyme enzyme inhibition (substrate: FAPGG)","Confirmatory",""
625173,123092331,9321,"Unspecified","","IC50","","","DRUGMATRIX: Peptidase, Angiotensin Converting Enzyme enzyme inhibition (substrate: FAPGG)","Confirmatory",""
625173,123092331,9321,"Unspecified","","Ki","","","DRUGMATRIX: Peptidase, Angiotensin Converting Enzyme enzyme inhibition (substrate: FAPGG)","Confirmatory",""
625173,123092444,92253,"Unspecified","","IC50","","","DRUGMATRIX: Peptidase, Angiotensin Converting Enzyme enzyme inhibition (substrate: FAPGG)","Confirmatory",""
625173,123092444,92253,"Unspecified","","Ki","","","DRUGMATRIX: Peptidase, Angiotensin Converting Enzyme enzyme inhibition (substrate: FAPGG)","Confirmatory",""
625173,123094713,446598,"Unspecified","","IC50","","","DRUGMATRIX: Peptidase, Angiotensin Converting Enzyme enzyme inhibition (substrate: FAPGG)","Confirmatory",""
625173,123094713,446598,"Unspecified","","Ki","","","DRUGMATRIX: Peptidase, Angiotensin Converting Enzyme enzyme inhibition (substrate: FAPGG)","Confirmatory",""
625173,123094714,2140,"Unspecified","","IC50","","","DRUGMATRIX: Peptidase, Angiotensin Converting Enzyme enzyme inhibition (substrate: FAPGG)","Confirmatory",""
625173,123094714,2140,"Unspecified","","Ki","","","DRUGMATRIX: Peptidase, Angiotensin Converting Enzyme enzyme inhibition (substrate: FAPGG)","Confirmatory",""
625173,123094719,54585,"Unspecified","","IC50","","","DRUGMATRIX: Peptidase, Angiotensin Converting Enzyme enzyme inhibition (substrate: FAPGG)","Confirmatory",""
625173,123094719,54585,"Unspecified","","Ki","","","DRUGMATRIX: Peptidase, Angiotensin Converting Enzyme enzyme inhibition (substrate: FAPGG)","Confirmatory",""
625173,123096749,11080,"Unspecified","","IC50","","","DRUGMATRIX: Peptidase, Angiotensin Converting Enzyme enzyme inhibition (substrate: FAPGG)","Confirmatory",""
625173,123096749,11080,"Unspecified","","Ki","","","DRUGMATRIX: Peptidase, Angiotensin Converting Enzyme enzyme inhibition (substrate: FAPGG)","Confirmatory",""
625173,123096753,68869,"Unspecified","","IC50","","","DRUGMATRIX: Peptidase, Angiotensin Converting Enzyme enzyme inhibition (substrate: FAPGG)","Confirmatory",""
625173,123096753,68869,"Unspecified","","Ki","","","DRUGMATRIX: Peptidase, Angiotensin Converting Enzyme enzyme inhibition (substrate: FAPGG)","Confirmatory",""
625173,123097006,8378,"Unspecified","","IC50","","","DRUGMATRIX: Peptidase, Angiotensin Converting Enzyme enzyme inhibition (substrate: FAPGG)","Confirmatory",""
625173,123097006,8378,"Unspecified","","Ki","","","DRUGMATRIX: Peptidase, Angiotensin Converting Enzyme enzyme inhibition (substrate: FAPGG)","Confirmatory",""
625173,123097009,5742673,"Unspecified","","IC50","","","DRUGMATRIX: Peptidase, Angiotensin Converting Enzyme enzyme inhibition (substrate: FAPGG)","Confirmatory",""
625173,123097009,5742673,"Unspecified","","Ki","","","DRUGMATRIX: Peptidase, Angiotensin Converting Enzyme enzyme inhibition (substrate: FAPGG)","Confirmatory",""
625173,123097261,31703,"Unspecified","","IC50","","","DRUGMATRIX: Peptidase, Angiotensin Converting Enzyme enzyme inhibition (substrate: FAPGG)","Confirmatory",""
625173,123097261,31703,"Unspecified","","Ki","","","DRUGMATRIX: Peptidase, Angiotensin Converting Enzyme enzyme inhibition (substrate: FAPGG)","Confirmatory",""
625173,123099348,10635,"Unspecified","","IC50","","","DRUGMATRIX: Peptidase, Angiotensin Converting Enzyme enzyme inhibition (substrate: FAPGG)","Confirmatory",""
625173,123099348,10635,"Unspecified","","Ki","","","DRUGMATRIX: Peptidase, Angiotensin Converting Enzyme enzyme inhibition (substrate: FAPGG)","Confirmatory",""
625173,123099352,39468,"Unspecified","","IC50","","","DRUGMATRIX: Peptidase, Angiotensin Converting Enzyme enzyme inhibition (substrate: FAPGG)","Confirmatory",""
625173,123099352,39468,"Unspecified","","Ki","","","DRUGMATRIX: Peptidase, Angiotensin Converting Enzyme enzyme inhibition (substrate: FAPGG)","Confirmatory",""
625173,123100235,3085092,"Unspecified","","IC50","","","DRUGMATRIX: Peptidase, Angiotensin Converting Enzyme enzyme inhibition (substrate: FAPGG)","Confirmatory",""
625173,123100235,3085092,"Unspecified","","Ki","","","DRUGMATRIX: Peptidase, Angiotensin Converting Enzyme enzyme inhibition (substrate: FAPGG)","Confirmatory",""
625173,123100913,4284720,"Unspecified","","IC50","","","DRUGMATRIX: Peptidase, Angiotensin Converting Enzyme enzyme inhibition (substrate: FAPGG)","Confirmatory",""
625173,123100913,4284720,"Unspecified","","Ki","","","DRUGMATRIX: Peptidase, Angiotensin Converting Enzyme enzyme inhibition (substrate: FAPGG)","Confirmatory",""
625173,124958057,73453,"Unspecified","","IC50","","","DRUGMATRIX: Peptidase, Angiotensin Converting Enzyme enzyme inhibition (substrate: FAPGG)","Confirmatory",""
625173,124958057,73453,"Unspecified","","Ki","","","DRUGMATRIX: Peptidase, Angiotensin Converting Enzyme enzyme inhibition (substrate: FAPGG)","Confirmatory",""
625173,124958489,104903,"Unspecified","","IC50","","","DRUGMATRIX: Peptidase, Angiotensin Converting Enzyme enzyme inhibition (substrate: FAPGG)","Confirmatory",""
625173,124958489,104903,"Unspecified","","Ki","","","DRUGMATRIX: Peptidase, Angiotensin Converting Enzyme enzyme inhibition (substrate: FAPGG)","Confirmatory",""
625173,124960987,9576413,"Unspecified","","IC50","","","DRUGMATRIX: Peptidase, Angiotensin Converting Enzyme enzyme inhibition (substrate: FAPGG)","Confirmatory",""
625173,124960987,9576413,"Unspecified","","Ki","","","DRUGMATRIX: Peptidase, Angiotensin Converting Enzyme enzyme inhibition (substrate: FAPGG)","Confirmatory",""
625173,124963552,3033538,"Unspecified","","IC50","","","DRUGMATRIX: Peptidase, Angiotensin Converting Enzyme enzyme inhibition (substrate: FAPGG)","Confirmatory",""
625173,124963552,3033538,"Unspecified","","Ki","","","DRUGMATRIX: Peptidase, Angiotensin Converting Enzyme enzyme inhibition (substrate: FAPGG)","Confirmatory",""
625173,124963825,3510,"Unspecified","","IC50","","","DRUGMATRIX: Peptidase, Angiotensin Converting Enzyme enzyme inhibition (substrate: FAPGG)","Confirmatory",""
625173,124963825,3510,"Unspecified","","Ki","","","DRUGMATRIX: Peptidase, Angiotensin Converting Enzyme enzyme inhibition (substrate: FAPGG)","Confirmatory",""
625173,124966204,107782,"Unspecified","","IC50","","","DRUGMATRIX: Peptidase, Angiotensin Converting Enzyme enzyme inhibition (substrate: FAPGG)","Confirmatory",""
625173,124966204,107782,"Unspecified","","Ki","","","DRUGMATRIX: Peptidase, Angiotensin Converting Enzyme enzyme inhibition (substrate: FAPGG)","Confirmatory",""
625173,124966219,15032,"Unspecified","","IC50","","","DRUGMATRIX: Peptidase, Angiotensin Converting Enzyme enzyme inhibition (substrate: FAPGG)","Confirmatory",""
625173,124966219,15032,"Unspecified","","Ki","","","DRUGMATRIX: Peptidase, Angiotensin Converting Enzyme enzyme inhibition (substrate: FAPGG)","Confirmatory",""
625173,124966244,50942,"Unspecified","","IC50","","","DRUGMATRIX: Peptidase, Angiotensin Converting Enzyme enzyme inhibition (substrate: FAPGG)","Confirmatory",""
625173,124966244,50942,"Unspecified","","Ki","","","DRUGMATRIX: Peptidase, Angiotensin Converting Enzyme enzyme inhibition (substrate: FAPGG)","Confirmatory",""
625173,124968171,186907,"Unspecified","","IC50","","","DRUGMATRIX: Peptidase, Angiotensin Converting Enzyme enzyme inhibition (substrate: FAPGG)","Confirmatory",""
625173,124968171,186907,"Unspecified","","Ki","","","DRUGMATRIX: Peptidase, Angiotensin Converting Enzyme enzyme inhibition (substrate: FAPGG)","Confirmatory",""
625173,124971543,36324,"Unspecified","","IC50","","","DRUGMATRIX: Peptidase, Angiotensin Converting Enzyme enzyme inhibition (substrate: FAPGG)","Confirmatory",""
625173,124971543,36324,"Unspecified","","Ki","","","DRUGMATRIX: Peptidase, Angiotensin Converting Enzyme enzyme inhibition (substrate: FAPGG)","Confirmatory",""
625173,124971557,2893,"Unspecified","","IC50","","","DRUGMATRIX: Peptidase, Angiotensin Converting Enzyme enzyme inhibition (substrate: FAPGG)","Confirmatory",""
625173,124971557,2893,"Unspecified","","Ki","","","DRUGMATRIX: Peptidase, Angiotensin Converting Enzyme enzyme inhibition (substrate: FAPGG)","Confirmatory",""
625173,124971685,71851,"Unspecified","","IC50","","","DRUGMATRIX: Peptidase, Angiotensin Converting Enzyme enzyme inhibition (substrate: FAPGG)","Confirmatory",""
625173,124971685,71851,"Unspecified","","Ki","","","DRUGMATRIX: Peptidase, Angiotensin Converting Enzyme enzyme inhibition (substrate: FAPGG)","Confirmatory",""
625173,124972228,3158,"Unspecified","","IC50","","","DRUGMATRIX: Peptidase, Angiotensin Converting Enzyme enzyme inhibition (substrate: FAPGG)","Confirmatory",""
625173,124972228,3158,"Unspecified","","Ki","","","DRUGMATRIX: Peptidase, Angiotensin Converting Enzyme enzyme inhibition (substrate: FAPGG)","Confirmatory",""
625173,124974065,36314,"Unspecified","","IC50","","","DRUGMATRIX: Peptidase, Angiotensin Converting Enzyme enzyme inhibition (substrate: FAPGG)","Confirmatory",""
625173,124974065,36314,"Unspecified","","Ki","","","DRUGMATRIX: Peptidase, Angiotensin Converting Enzyme enzyme inhibition (substrate: FAPGG)","Confirmatory",""
625173,124974109,"","Unspecified","","IC50","","","DRUGMATRIX: Peptidase, Angiotensin Converting Enzyme enzyme inhibition (substrate: FAPGG)","Confirmatory",""
625173,124974109,"","Unspecified","","Ki","","","DRUGMATRIX: Peptidase, Angiotensin Converting Enzyme enzyme inhibition (substrate: FAPGG)","Confirmatory",""
625173,124974125,2447,"Unspecified","","IC50","","","DRUGMATRIX: Peptidase, Angiotensin Converting Enzyme enzyme inhibition (substrate: FAPGG)","Confirmatory",""
625173,124974125,2447,"Unspecified","","Ki","","","DRUGMATRIX: Peptidase, Angiotensin Converting Enzyme enzyme inhibition (substrate: FAPGG)","Confirmatory",""
625173,131279812,688272,"Unspecified","","IC50","","","DRUGMATRIX: Peptidase, Angiotensin Converting Enzyme enzyme inhibition (substrate: FAPGG)","Confirmatory",""
625173,131279812,688272,"Unspecified","","Ki","","","DRUGMATRIX: Peptidase, Angiotensin Converting Enzyme enzyme inhibition (substrate: FAPGG)","Confirmatory",""
625173,131279814,4411,"Unspecified","","IC50","","","DRUGMATRIX: Peptidase, Angiotensin Converting Enzyme enzyme inhibition (substrate: FAPGG)","Confirmatory",""
625173,131279814,4411,"Unspecified","","Ki","","","DRUGMATRIX: Peptidase, Angiotensin Converting Enzyme enzyme inhibition (substrate: FAPGG)","Confirmatory",""
625173,131279821,5459110,"Unspecified","","IC50","","","DRUGMATRIX: Peptidase, Angiotensin Converting Enzyme enzyme inhibition (substrate: FAPGG)","Confirmatory",""
625173,131279821,5459110,"Unspecified","","Ki","","","DRUGMATRIX: Peptidase, Angiotensin Converting Enzyme enzyme inhibition (substrate: FAPGG)","Confirmatory",""
625173,131283791,5360515,"Unspecified","","IC50","","","DRUGMATRIX: Peptidase, Angiotensin Converting Enzyme enzyme inhibition (substrate: FAPGG)","Confirmatory",""
625173,131283791,5360515,"Unspecified","","Ki","","","DRUGMATRIX: Peptidase, Angiotensin Converting Enzyme enzyme inhibition (substrate: FAPGG)","Confirmatory",""
625173,134437966,5039,"Unspecified","","IC50","","","DRUGMATRIX: Peptidase, Angiotensin Converting Enzyme enzyme inhibition (substrate: FAPGG)","Confirmatory",""
625173,134437966,5039,"Unspecified","","Ki","","","DRUGMATRIX: Peptidase, Angiotensin Converting Enzyme enzyme inhibition (substrate: FAPGG)","Confirmatory",""
625173,134453344,68911,"Unspecified","","IC50","","","DRUGMATRIX: Peptidase, Angiotensin Converting Enzyme enzyme inhibition (substrate: FAPGG)","Confirmatory",""
625173,134453344,68911,"Unspecified","","Ki","","","DRUGMATRIX: Peptidase, Angiotensin Converting Enzyme enzyme inhibition (substrate: FAPGG)","Confirmatory",""
625173,136920449,"","Unspecified","","IC50","","","DRUGMATRIX: Peptidase, Angiotensin Converting Enzyme enzyme inhibition (substrate: FAPGG)","Confirmatory",""
625173,136920449,"","Unspecified","","Ki","","","DRUGMATRIX: Peptidase, Angiotensin Converting Enzyme enzyme inhibition (substrate: FAPGG)","Confirmatory",""
625173,136920451,5541,"Unspecified","","IC50","","","DRUGMATRIX: Peptidase, Angiotensin Converting Enzyme enzyme inhibition (substrate: FAPGG)","Confirmatory",""
625173,136920451,5541,"Unspecified","","Ki","","","DRUGMATRIX: Peptidase, Angiotensin Converting Enzyme enzyme inhibition (substrate: FAPGG)","Confirmatory",""
625173,136920460,7000,"Unspecified","","IC50","","","DRUGMATRIX: Peptidase, Angiotensin Converting Enzyme enzyme inhibition (substrate: FAPGG)","Confirmatory",""
625173,136920460,7000,"Unspecified","","Ki","","","DRUGMATRIX: Peptidase, Angiotensin Converting Enzyme enzyme inhibition (substrate: FAPGG)","Confirmatory",""
625173,136921833,667590,"Unspecified","","IC50","","","DRUGMATRIX: Peptidase, Angiotensin Converting Enzyme enzyme inhibition (substrate: FAPGG)","Confirmatory",""
625173,136921833,667590,"Unspecified","","Ki","","","DRUGMATRIX: Peptidase, Angiotensin Converting Enzyme enzyme inhibition (substrate: FAPGG)","Confirmatory",""
625173,136921834,"","Unspecified","","IC50","","","DRUGMATRIX: Peptidase, Angiotensin Converting Enzyme enzyme inhibition (substrate: FAPGG)","Confirmatory",""
625173,136921834,"","Unspecified","","Ki","","","DRUGMATRIX: Peptidase, Angiotensin Converting Enzyme enzyme inhibition (substrate: FAPGG)","Confirmatory",""
625173,136921835,"","Unspecified","","IC50","","","DRUGMATRIX: Peptidase, Angiotensin Converting Enzyme enzyme inhibition (substrate: FAPGG)","Confirmatory",""
625173,136921835,"","Unspecified","","Ki","","","DRUGMATRIX: Peptidase, Angiotensin Converting Enzyme enzyme inhibition (substrate: FAPGG)","Confirmatory",""
625173,136921836,7043232,"Unspecified","","IC50","","","DRUGMATRIX: Peptidase, Angiotensin Converting Enzyme enzyme inhibition (substrate: FAPGG)","Confirmatory",""
625173,136921836,7043232,"Unspecified","","Ki","","","DRUGMATRIX: Peptidase, Angiotensin Converting Enzyme enzyme inhibition (substrate: FAPGG)","Confirmatory",""
625173,136923736,6319,"Unspecified","","IC50","","","DRUGMATRIX: Peptidase, Angiotensin Converting Enzyme enzyme inhibition (substrate: FAPGG)","Confirmatory",""
625173,136923736,6319,"Unspecified","","Ki","","","DRUGMATRIX: Peptidase, Angiotensin Converting Enzyme enzyme inhibition (substrate: FAPGG)","Confirmatory",""
625173,136923740,5104,"Unspecified","","IC50","","","DRUGMATRIX: Peptidase, Angiotensin Converting Enzyme enzyme inhibition (substrate: FAPGG)","Confirmatory",""
625173,136923740,5104,"Unspecified","","Ki","","","DRUGMATRIX: Peptidase, Angiotensin Converting Enzyme enzyme inhibition (substrate: FAPGG)","Confirmatory",""
625173,136923751,35802,"Unspecified","","IC50","","","DRUGMATRIX: Peptidase, Angiotensin Converting Enzyme enzyme inhibition (substrate: FAPGG)","Confirmatory",""
625173,136923751,35802,"Unspecified","","Ki","","","DRUGMATRIX: Peptidase, Angiotensin Converting Enzyme enzyme inhibition (substrate: FAPGG)","Confirmatory",""
625173,136925133,17683252,"Unspecified","","IC50","","","DRUGMATRIX: Peptidase, Angiotensin Converting Enzyme enzyme inhibition (substrate: FAPGG)","Confirmatory",""
625173,136925133,17683252,"Unspecified","","Ki","","","DRUGMATRIX: Peptidase, Angiotensin Converting Enzyme enzyme inhibition (substrate: FAPGG)","Confirmatory",""
625173,136925135,"","Unspecified","","IC50","","","DRUGMATRIX: Peptidase, Angiotensin Converting Enzyme enzyme inhibition (substrate: FAPGG)","Confirmatory",""
625173,136925135,"","Unspecified","","Ki","","","DRUGMATRIX: Peptidase, Angiotensin Converting Enzyme enzyme inhibition (substrate: FAPGG)","Confirmatory",""
625173,136925136,"","Unspecified","","IC50","","","DRUGMATRIX: Peptidase, Angiotensin Converting Enzyme enzyme inhibition (substrate: FAPGG)","Confirmatory",""
625173,136925136,"","Unspecified","","Ki","","","DRUGMATRIX: Peptidase, Angiotensin Converting Enzyme enzyme inhibition (substrate: FAPGG)","Confirmatory",""
625173,136925223,3236,"Unspecified","","IC50","","","DRUGMATRIX: Peptidase, Angiotensin Converting Enzyme enzyme inhibition (substrate: FAPGG)","Confirmatory",""
625173,136925223,3236,"Unspecified","","Ki","","","DRUGMATRIX: Peptidase, Angiotensin Converting Enzyme enzyme inhibition (substrate: FAPGG)","Confirmatory",""
625173,136926966,135398735,"Unspecified","","IC50","","","DRUGMATRIX: Peptidase, Angiotensin Converting Enzyme enzyme inhibition (substrate: FAPGG)","Confirmatory",""
625173,136926966,135398735,"Unspecified","","Ki","","","DRUGMATRIX: Peptidase, Angiotensin Converting Enzyme enzyme inhibition (substrate: FAPGG)","Confirmatory",""
625173,136926996,657272,"Unspecified","","IC50","","","DRUGMATRIX: Peptidase, Angiotensin Converting Enzyme enzyme inhibition (substrate: FAPGG)","Confirmatory",""
625173,136926996,657272,"Unspecified","","Ki","","","DRUGMATRIX: Peptidase, Angiotensin Converting Enzyme enzyme inhibition (substrate: FAPGG)","Confirmatory",""
625173,136928378,667750,"Unspecified","","IC50","","","DRUGMATRIX: Peptidase, Angiotensin Converting Enzyme enzyme inhibition (substrate: FAPGG)","Confirmatory",""
625173,136928378,667750,"Unspecified","","Ki","","","DRUGMATRIX: Peptidase, Angiotensin Converting Enzyme enzyme inhibition (substrate: FAPGG)","Confirmatory",""
625173,136928379,196129,"Unspecified","","IC50","","","DRUGMATRIX: Peptidase, Angiotensin Converting Enzyme enzyme inhibition (substrate: FAPGG)","Confirmatory",""
625173,136928379,196129,"Unspecified","","Ki","","","DRUGMATRIX: Peptidase, Angiotensin Converting Enzyme enzyme inhibition (substrate: FAPGG)","Confirmatory",""
625173,136928380,6761,"Unspecified","","IC50","","","DRUGMATRIX: Peptidase, Angiotensin Converting Enzyme enzyme inhibition (substrate: FAPGG)","Confirmatory",""
625173,136928380,6761,"Unspecified","","Ki","","","DRUGMATRIX: Peptidase, Angiotensin Converting Enzyme enzyme inhibition (substrate: FAPGG)","Confirmatory",""
625173,136928510,2810,"Unspecified","","IC50","","","DRUGMATRIX: Peptidase, Angiotensin Converting Enzyme enzyme inhibition (substrate: FAPGG)","Confirmatory",""
625173,136928510,2810,"Unspecified","","Ki","","","DRUGMATRIX: Peptidase, Angiotensin Converting Enzyme enzyme inhibition (substrate: FAPGG)","Confirmatory",""
625173,136930151,5597,"Unspecified","","IC50","","","DRUGMATRIX: Peptidase, Angiotensin Converting Enzyme enzyme inhibition (substrate: FAPGG)","Confirmatory",""
625173,136930151,5597,"Unspecified","","Ki","","","DRUGMATRIX: Peptidase, Angiotensin Converting Enzyme enzyme inhibition (substrate: FAPGG)","Confirmatory",""
625173,136931592,"","Unspecified","","IC50","","","DRUGMATRIX: Peptidase, Angiotensin Converting Enzyme enzyme inhibition (substrate: FAPGG)","Confirmatory",""
625173,136931592,"","Unspecified","","Ki","","","DRUGMATRIX: Peptidase, Angiotensin Converting Enzyme enzyme inhibition (substrate: FAPGG)","Confirmatory",""
625173,136931594,19592,"Unspecified","","IC50","","","DRUGMATRIX: Peptidase, Angiotensin Converting Enzyme enzyme inhibition (substrate: FAPGG)","Confirmatory",""
625173,136931594,19592,"Unspecified","","Ki","","","DRUGMATRIX: Peptidase, Angiotensin Converting Enzyme enzyme inhibition (substrate: FAPGG)","Confirmatory",""
625173,136933682,2264,"Unspecified","","IC50","","","DRUGMATRIX: Peptidase, Angiotensin Converting Enzyme enzyme inhibition (substrate: FAPGG)","Confirmatory",""
625173,136933682,2264,"Unspecified","","Ki","","","DRUGMATRIX: Peptidase, Angiotensin Converting Enzyme enzyme inhibition (substrate: FAPGG)","Confirmatory",""
625173,136935046,"","Unspecified","","IC50","","","DRUGMATRIX: Peptidase, Angiotensin Converting Enzyme enzyme inhibition (substrate: FAPGG)","Confirmatory",""
625173,136935046,"","Unspecified","","Ki","","","DRUGMATRIX: Peptidase, Angiotensin Converting Enzyme enzyme inhibition (substrate: FAPGG)","Confirmatory",""
625173,136935047,168088,"Unspecified","","IC50","","","DRUGMATRIX: Peptidase, Angiotensin Converting Enzyme enzyme inhibition (substrate: FAPGG)","Confirmatory",""
625173,136935047,168088,"Unspecified","","Ki","","","DRUGMATRIX: Peptidase, Angiotensin Converting Enzyme enzyme inhibition (substrate: FAPGG)","Confirmatory",""
625173,136938154,"","Unspecified","","IC50","","","DRUGMATRIX: Peptidase, Angiotensin Converting Enzyme enzyme inhibition (substrate: FAPGG)","Confirmatory",""
625173,136938154,"","Unspecified","","Ki","","","DRUGMATRIX: Peptidase, Angiotensin Converting Enzyme enzyme inhibition (substrate: FAPGG)","Confirmatory",""
625173,136938155,"","Unspecified","","IC50","","","DRUGMATRIX: Peptidase, Angiotensin Converting Enzyme enzyme inhibition (substrate: FAPGG)","Confirmatory",""
625173,136938155,"","Unspecified","","Ki","","","DRUGMATRIX: Peptidase, Angiotensin Converting Enzyme enzyme inhibition (substrate: FAPGG)","Confirmatory",""
625173,136938156,"","Unspecified","","IC50","","","DRUGMATRIX: Peptidase, Angiotensin Converting Enzyme enzyme inhibition (substrate: FAPGG)","Confirmatory",""
625173,136938156,"","Unspecified","","Ki","","","DRUGMATRIX: Peptidase, Angiotensin Converting Enzyme enzyme inhibition (substrate: FAPGG)","Confirmatory",""
625173,136938157,"","Unspecified","","IC50","","","DRUGMATRIX: Peptidase, Angiotensin Converting Enzyme enzyme inhibition (substrate: FAPGG)","Confirmatory",""
625173,136938157,"","Unspecified","","Ki","","","DRUGMATRIX: Peptidase, Angiotensin Converting Enzyme enzyme inhibition (substrate: FAPGG)","Confirmatory",""
625173,136939962,36119,"Unspecified","","IC50","","","DRUGMATRIX: Peptidase, Angiotensin Converting Enzyme enzyme inhibition (substrate: FAPGG)","Confirmatory",""
625173,136939962,36119,"Unspecified","","Ki","","","DRUGMATRIX: Peptidase, Angiotensin Converting Enzyme enzyme inhibition (substrate: FAPGG)","Confirmatory",""
625173,136939978,9128,"Unspecified","","IC50","","","DRUGMATRIX: Peptidase, Angiotensin Converting Enzyme enzyme inhibition (substrate: FAPGG)","Confirmatory",""
625173,136939978,9128,"Unspecified","","Ki","","","DRUGMATRIX: Peptidase, Angiotensin Converting Enzyme enzyme inhibition (substrate: FAPGG)","Confirmatory",""
625173,136941379,1379258,"Unspecified","","IC50","","","DRUGMATRIX: Peptidase, Angiotensin Converting Enzyme enzyme inhibition (substrate: FAPGG)","Confirmatory",""
625173,136941379,1379258,"Unspecified","","Ki","","","DRUGMATRIX: Peptidase, Angiotensin Converting Enzyme enzyme inhibition (substrate: FAPGG)","Confirmatory",""
625173,136941380,"","Unspecified","","IC50","","","DRUGMATRIX: Peptidase, Angiotensin Converting Enzyme enzyme inhibition (substrate: FAPGG)","Confirmatory",""
625173,136941380,"","Unspecified","","Ki","","","DRUGMATRIX: Peptidase, Angiotensin Converting Enzyme enzyme inhibition (substrate: FAPGG)","Confirmatory",""
625173,136941383,"","Unspecified","","IC50","","","DRUGMATRIX: Peptidase, Angiotensin Converting Enzyme enzyme inhibition (substrate: FAPGG)","Confirmatory",""
625173,136941383,"","Unspecified","","Ki","","","DRUGMATRIX: Peptidase, Angiotensin Converting Enzyme enzyme inhibition (substrate: FAPGG)","Confirmatory",""
625173,136941384,"","Unspecified","","IC50","","","DRUGMATRIX: Peptidase, Angiotensin Converting Enzyme enzyme inhibition (substrate: FAPGG)","Confirmatory",""
625173,136941384,"","Unspecified","","Ki","","","DRUGMATRIX: Peptidase, Angiotensin Converting Enzyme enzyme inhibition (substrate: FAPGG)","Confirmatory",""
625173,136944588,443495,"Unspecified","","IC50","","","DRUGMATRIX: Peptidase, Angiotensin Converting Enzyme enzyme inhibition (substrate: FAPGG)","Confirmatory",""
625173,136944588,443495,"Unspecified","","Ki","","","DRUGMATRIX: Peptidase, Angiotensin Converting Enzyme enzyme inhibition (substrate: FAPGG)","Confirmatory",""
625173,136944589,"","Unspecified","","IC50","","","DRUGMATRIX: Peptidase, Angiotensin Converting Enzyme enzyme inhibition (substrate: FAPGG)","Confirmatory",""
625173,136944589,"","Unspecified","","Ki","","","DRUGMATRIX: Peptidase, Angiotensin Converting Enzyme enzyme inhibition (substrate: FAPGG)","Confirmatory",""
625173,136944590,6101868,"Unspecified","","IC50","","","DRUGMATRIX: Peptidase, Angiotensin Converting Enzyme enzyme inhibition (substrate: FAPGG)","Confirmatory",""
625173,136944590,6101868,"Unspecified","","Ki","","","DRUGMATRIX: Peptidase, Angiotensin Converting Enzyme enzyme inhibition (substrate: FAPGG)","Confirmatory",""
625173,160671354,5282322,"Unspecified","","IC50","","","DRUGMATRIX: Peptidase, Angiotensin Converting Enzyme enzyme inhibition (substrate: FAPGG)","Confirmatory",""
625173,160671354,5282322,"Unspecified","","Ki","","","DRUGMATRIX: Peptidase, Angiotensin Converting Enzyme enzyme inhibition (substrate: FAPGG)","Confirmatory",""
625173,160671847,9433,"Unspecified","","IC50","","","DRUGMATRIX: Peptidase, Angiotensin Converting Enzyme enzyme inhibition (substrate: FAPGG)","Confirmatory",""
625173,160671847,9433,"Unspecified","","Ki","","","DRUGMATRIX: Peptidase, Angiotensin Converting Enzyme enzyme inhibition (substrate: FAPGG)","Confirmatory",""
625173,160671902,2176,"Unspecified","","IC50","","","DRUGMATRIX: Peptidase, Angiotensin Converting Enzyme enzyme inhibition (substrate: FAPGG)","Confirmatory",""
625173,160671902,2176,"Unspecified","","Ki","","","DRUGMATRIX: Peptidase, Angiotensin Converting Enzyme enzyme inhibition (substrate: FAPGG)","Confirmatory",""
625173,160671910,5282181,"Unspecified","","IC50","","","DRUGMATRIX: Peptidase, Angiotensin Converting Enzyme enzyme inhibition (substrate: FAPGG)","Confirmatory",""
625173,160671910,5282181,"Unspecified","","Ki","","","DRUGMATRIX: Peptidase, Angiotensin Converting Enzyme enzyme inhibition (substrate: FAPGG)","Confirmatory",""
625173,160671983,60712,"Unspecified","","IC50","","","DRUGMATRIX: Peptidase, Angiotensin Converting Enzyme enzyme inhibition (substrate: FAPGG)","Confirmatory",""
625173,160671983,60712,"Unspecified","","Ki","","","DRUGMATRIX: Peptidase, Angiotensin Converting Enzyme enzyme inhibition (substrate: FAPGG)","Confirmatory",""
625173,160676922,"","Unspecified","","IC50","","","DRUGMATRIX: Peptidase, Angiotensin Converting Enzyme enzyme inhibition (substrate: FAPGG)","Confirmatory",""
625173,160676922,"","Unspecified","","Ki","","","DRUGMATRIX: Peptidase, Angiotensin Converting Enzyme enzyme inhibition (substrate: FAPGG)","Confirmatory",""
625173,160677133,5978,"Unspecified","","IC50","","","DRUGMATRIX: Peptidase, Angiotensin Converting Enzyme enzyme inhibition (substrate: FAPGG)","Confirmatory",""
625173,160677133,5978,"Unspecified","","Ki","","","DRUGMATRIX: Peptidase, Angiotensin Converting Enzyme enzyme inhibition (substrate: FAPGG)","Confirmatory",""
625173,160687250,68595,"Unspecified","","IC50","","","DRUGMATRIX: Peptidase, Angiotensin Converting Enzyme enzyme inhibition (substrate: FAPGG)","Confirmatory",""
625173,160687250,68595,"Unspecified","","Ki","","","DRUGMATRIX: Peptidase, Angiotensin Converting Enzyme enzyme inhibition (substrate: FAPGG)","Confirmatory",""
625173,160692461,444008,"Unspecified","","IC50","","","DRUGMATRIX: Peptidase, Angiotensin Converting Enzyme enzyme inhibition (substrate: FAPGG)","Confirmatory",""
625173,160692461,444008,"Unspecified","","Ki","","","DRUGMATRIX: Peptidase, Angiotensin Converting Enzyme enzyme inhibition (substrate: FAPGG)","Confirmatory",""
625173,160693248,68827,"Unspecified","","IC50","","","DRUGMATRIX: Peptidase, Angiotensin Converting Enzyme enzyme inhibition (substrate: FAPGG)","Confirmatory",""
625173,160693248,68827,"Unspecified","","Ki","","","DRUGMATRIX: Peptidase, Angiotensin Converting Enzyme enzyme inhibition (substrate: FAPGG)","Confirmatory",""
625173,160693281,6419941,"Unspecified","","IC50","","","DRUGMATRIX: Peptidase, Angiotensin Converting Enzyme enzyme inhibition (substrate: FAPGG)","Confirmatory",""
625173,160693281,6419941,"Unspecified","","Ki","","","DRUGMATRIX: Peptidase, Angiotensin Converting Enzyme enzyme inhibition (substrate: FAPGG)","Confirmatory",""
625173,160693300,4678,"Unspecified","","IC50","","","DRUGMATRIX: Peptidase, Angiotensin Converting Enzyme enzyme inhibition (substrate: FAPGG)","Confirmatory",""
625173,160693300,4678,"Unspecified","","Ki","","","DRUGMATRIX: Peptidase, Angiotensin Converting Enzyme enzyme inhibition (substrate: FAPGG)","Confirmatory",""
625173,160693426,969491,"Unspecified","","IC50","","","DRUGMATRIX: Peptidase, Angiotensin Converting Enzyme enzyme inhibition (substrate: FAPGG)","Confirmatory",""
625173,160693426,969491,"Unspecified","","Ki","","","DRUGMATRIX: Peptidase, Angiotensin Converting Enzyme enzyme inhibition (substrate: FAPGG)","Confirmatory",""
625173,160698338,16051930,"Unspecified","","IC50","","","DRUGMATRIX: Peptidase, Angiotensin Converting Enzyme enzyme inhibition (substrate: FAPGG)","Confirmatory",""
625173,160698338,16051930,"Unspecified","","Ki","","","DRUGMATRIX: Peptidase, Angiotensin Converting Enzyme enzyme inhibition (substrate: FAPGG)","Confirmatory",""
625173,160698611,5472495,"Unspecified","","IC50","","","DRUGMATRIX: Peptidase, Angiotensin Converting Enzyme enzyme inhibition (substrate: FAPGG)","Confirmatory",""
625173,160698611,5472495,"Unspecified","","Ki","","","DRUGMATRIX: Peptidase, Angiotensin Converting Enzyme enzyme inhibition (substrate: FAPGG)","Confirmatory",""
625173,160698676,134551,"Unspecified","","IC50","","","DRUGMATRIX: Peptidase, Angiotensin Converting Enzyme enzyme inhibition (substrate: FAPGG)","Confirmatory",""
625173,160698676,134551,"Unspecified","","Ki","","","DRUGMATRIX: Peptidase, Angiotensin Converting Enzyme enzyme inhibition (substrate: FAPGG)","Confirmatory",""
625173,160703992,"","Unspecified","","IC50","","","DRUGMATRIX: Peptidase, Angiotensin Converting Enzyme enzyme inhibition (substrate: FAPGG)","Confirmatory",""
625173,160703992,"","Unspecified","","Ki","","","DRUGMATRIX: Peptidase, Angiotensin Converting Enzyme enzyme inhibition (substrate: FAPGG)","Confirmatory",""
625173,160703994,54677971,"Unspecified","","IC50","","","DRUGMATRIX: Peptidase, Angiotensin Converting Enzyme enzyme inhibition (substrate: FAPGG)","Confirmatory",""
625173,160703994,54677971,"Unspecified","","Ki","","","DRUGMATRIX: Peptidase, Angiotensin Converting Enzyme enzyme inhibition (substrate: FAPGG)","Confirmatory",""
625173,160703999,14982,"Unspecified","","IC50","","","DRUGMATRIX: Peptidase, Angiotensin Converting Enzyme enzyme inhibition (substrate: FAPGG)","Confirmatory",""
625173,160703999,14982,"Unspecified","","Ki","","","DRUGMATRIX: Peptidase, Angiotensin Converting Enzyme enzyme inhibition (substrate: FAPGG)","Confirmatory",""
625173,160708999,7010,"Unspecified","","IC50","","","DRUGMATRIX: Peptidase, Angiotensin Converting Enzyme enzyme inhibition (substrate: FAPGG)","Confirmatory",""
625173,160708999,7010,"Unspecified","","Ki","","","DRUGMATRIX: Peptidase, Angiotensin Converting Enzyme enzyme inhibition (substrate: FAPGG)","Confirmatory",""
625173,163312392,174174,"Unspecified","","IC50","","","DRUGMATRIX: Peptidase, Angiotensin Converting Enzyme enzyme inhibition (substrate: FAPGG)","Confirmatory",""
625173,163312392,174174,"Unspecified","","Ki","","","DRUGMATRIX: Peptidase, Angiotensin Converting Enzyme enzyme inhibition (substrate: FAPGG)","Confirmatory",""
625173,163312394,5311497,"Unspecified","","IC50","","","DRUGMATRIX: Peptidase, Angiotensin Converting Enzyme enzyme inhibition (substrate: FAPGG)","Confirmatory",""
625173,163312394,5311497,"Unspecified","","Ki","","","DRUGMATRIX: Peptidase, Angiotensin Converting Enzyme enzyme inhibition (substrate: FAPGG)","Confirmatory",""
625173,163315720,3823,"Unspecified","","IC50","","","DRUGMATRIX: Peptidase, Angiotensin Converting Enzyme enzyme inhibition (substrate: FAPGG)","Confirmatory",""
625173,163315720,3823,"Unspecified","","Ki","","","DRUGMATRIX: Peptidase, Angiotensin Converting Enzyme enzyme inhibition (substrate: FAPGG)","Confirmatory",""
625173,164144498,71277,"Unspecified","","IC50","","","DRUGMATRIX: Peptidase, Angiotensin Converting Enzyme enzyme inhibition (substrate: FAPGG)","Confirmatory",""
625173,164144498,71277,"Unspecified","","Ki","","","DRUGMATRIX: Peptidase, Angiotensin Converting Enzyme enzyme inhibition (substrate: FAPGG)","Confirmatory",""
625173,174489643,54675777,"Unspecified","","IC50","","","DRUGMATRIX: Peptidase, Angiotensin Converting Enzyme enzyme inhibition (substrate: FAPGG)","Confirmatory",""
625173,174489643,54675777,"Unspecified","","Ki","","","DRUGMATRIX: Peptidase, Angiotensin Converting Enzyme enzyme inhibition (substrate: FAPGG)","Confirmatory",""
625173,174494812,73348316,"Unspecified","","IC50","","","DRUGMATRIX: Peptidase, Angiotensin Converting Enzyme enzyme inhibition (substrate: FAPGG)","Confirmatory",""
625173,174494812,73348316,"Unspecified","","Ki","","","DRUGMATRIX: Peptidase, Angiotensin Converting Enzyme enzyme inhibition (substrate: FAPGG)","Confirmatory",""
625173,194134279,3793,"Unspecified","","IC50","","","DRUGMATRIX: Peptidase, Angiotensin Converting Enzyme enzyme inhibition (substrate: FAPGG)","Confirmatory",""
625173,194134279,3793,"Unspecified","","Ki","","","DRUGMATRIX: Peptidase, Angiotensin Converting Enzyme enzyme inhibition (substrate: FAPGG)","Confirmatory",""
625173,194134381,25249,"Unspecified","","IC50","","","DRUGMATRIX: Peptidase, Angiotensin Converting Enzyme enzyme inhibition (substrate: FAPGG)","Confirmatory",""
625173,194134381,25249,"Unspecified","","Ki","","","DRUGMATRIX: Peptidase, Angiotensin Converting Enzyme enzyme inhibition (substrate: FAPGG)","Confirmatory",""
625173,194179209,5284517,"Unspecified","","IC50","","","DRUGMATRIX: Peptidase, Angiotensin Converting Enzyme enzyme inhibition (substrate: FAPGG)","Confirmatory",""
625173,194179209,5284517,"Unspecified","","Ki","","","DRUGMATRIX: Peptidase, Angiotensin Converting Enzyme enzyme inhibition (substrate: FAPGG)","Confirmatory",""
625173,194183610,444294,"Unspecified","","IC50","","","DRUGMATRIX: Peptidase, Angiotensin Converting Enzyme enzyme inhibition (substrate: FAPGG)","Confirmatory",""
625173,194183610,444294,"Unspecified","","Ki","","","DRUGMATRIX: Peptidase, Angiotensin Converting Enzyme enzyme inhibition (substrate: FAPGG)","Confirmatory",""
625173,242084574,176517432,"Unspecified","","IC50","","","DRUGMATRIX: Peptidase, Angiotensin Converting Enzyme enzyme inhibition (substrate: FAPGG)","Confirmatory",""
625173,242084574,176517432,"Unspecified","","Ki","","","DRUGMATRIX: Peptidase, Angiotensin Converting Enzyme enzyme inhibition (substrate: FAPGG)","Confirmatory",""
625173,242084613,41774,"Unspecified","","IC50","","","DRUGMATRIX: Peptidase, Angiotensin Converting Enzyme enzyme inhibition (substrate: FAPGG)","Confirmatory",""
625173,242084613,41774,"Unspecified","","Ki","","","DRUGMATRIX: Peptidase, Angiotensin Converting Enzyme enzyme inhibition (substrate: FAPGG)","Confirmatory",""
625173,242167147,91268,"Unspecified","","IC50","","","DRUGMATRIX: Peptidase, Angiotensin Converting Enzyme enzyme inhibition (substrate: FAPGG)","Confirmatory",""
625173,242167147,91268,"Unspecified","","Ki","","","DRUGMATRIX: Peptidase, Angiotensin Converting Enzyme enzyme inhibition (substrate: FAPGG)","Confirmatory",""
625173,242430918,5282435,"Unspecified","","IC50","","","DRUGMATRIX: Peptidase, Angiotensin Converting Enzyme enzyme inhibition (substrate: FAPGG)","Confirmatory",""
625173,242430918,5282435,"Unspecified","","Ki","","","DRUGMATRIX: Peptidase, Angiotensin Converting Enzyme enzyme inhibition (substrate: FAPGG)","Confirmatory",""
625173,242432496,5404,"Unspecified","","IC50","","","DRUGMATRIX: Peptidase, Angiotensin Converting Enzyme enzyme inhibition (substrate: FAPGG)","Confirmatory",""
625173,242432496,5404,"Unspecified","","Ki","","","DRUGMATRIX: Peptidase, Angiotensin Converting Enzyme enzyme inhibition (substrate: FAPGG)","Confirmatory",""
625173,242501998,644020,"Unspecified","","IC50","","","DRUGMATRIX: Peptidase, Angiotensin Converting Enzyme enzyme inhibition (substrate: FAPGG)","Confirmatory",""
625173,242501998,644020,"Unspecified","","Ki","","","DRUGMATRIX: Peptidase, Angiotensin Converting Enzyme enzyme inhibition (substrate: FAPGG)","Confirmatory",""
625173,242516097,23615975,"Unspecified","","IC50","","","DRUGMATRIX: Peptidase, Angiotensin Converting Enzyme enzyme inhibition (substrate: FAPGG)","Confirmatory",""
625173,242516097,23615975,"Unspecified","","Ki","","","DRUGMATRIX: Peptidase, Angiotensin Converting Enzyme enzyme inhibition (substrate: FAPGG)","Confirmatory",""
625173,242566490,5353627,"Unspecified","","IC50","","","DRUGMATRIX: Peptidase, Angiotensin Converting Enzyme enzyme inhibition (substrate: FAPGG)","Confirmatory",""
625173,242566490,5353627,"Unspecified","","Ki","","","DRUGMATRIX: Peptidase, Angiotensin Converting Enzyme enzyme inhibition (substrate: FAPGG)","Confirmatory",""
625173,242586088,4513,"Unspecified","","IC50","","","DRUGMATRIX: Peptidase, Angiotensin Converting Enzyme enzyme inhibition (substrate: FAPGG)","Confirmatory",""
625173,242586088,4513,"Unspecified","","Ki","","","DRUGMATRIX: Peptidase, Angiotensin Converting Enzyme enzyme inhibition (substrate: FAPGG)","Confirmatory",""
625173,242586453,2883,"Unspecified","","IC50","","","DRUGMATRIX: Peptidase, Angiotensin Converting Enzyme enzyme inhibition (substrate: FAPGG)","Confirmatory",""
625173,242586453,2883,"Unspecified","","Ki","","","DRUGMATRIX: Peptidase, Angiotensin Converting Enzyme enzyme inhibition (substrate: FAPGG)","Confirmatory",""
625173,242610449,9920327,"Unspecified","","IC50","","","DRUGMATRIX: Peptidase, Angiotensin Converting Enzyme enzyme inhibition (substrate: FAPGG)","Confirmatory",""
625173,242610449,9920327,"Unspecified","","Ki","","","DRUGMATRIX: Peptidase, Angiotensin Converting Enzyme enzyme inhibition (substrate: FAPGG)","Confirmatory",""
625173,312365533,13690207,"Unspecified","","IC50","","","DRUGMATRIX: Peptidase, Angiotensin Converting Enzyme enzyme inhibition (substrate: FAPGG)","Confirmatory",""
625173,312365533,13690207,"Unspecified","","Ki","","","DRUGMATRIX: Peptidase, Angiotensin Converting Enzyme enzyme inhibition (substrate: FAPGG)","Confirmatory",""
625173,312468102,148123,"Unspecified","","IC50","","","DRUGMATRIX: Peptidase, Angiotensin Converting Enzyme enzyme inhibition (substrate: FAPGG)","Confirmatory",""
625173,312468102,148123,"Unspecified","","Ki","","","DRUGMATRIX: Peptidase, Angiotensin Converting Enzyme enzyme inhibition (substrate: FAPGG)","Confirmatory",""
625173,312479156,"","Unspecified","","IC50","","","DRUGMATRIX: Peptidase, Angiotensin Converting Enzyme enzyme inhibition (substrate: FAPGG)","Confirmatory",""
625173,312479156,"","Unspecified","","Ki","","","DRUGMATRIX: Peptidase, Angiotensin Converting Enzyme enzyme inhibition (substrate: FAPGG)","Confirmatory",""
625173,374263482,11643449,"Unspecified","","IC50","","","DRUGMATRIX: Peptidase, Angiotensin Converting Enzyme enzyme inhibition (substrate: FAPGG)","Confirmatory",""
625173,374263482,11643449,"Unspecified","","Ki","","","DRUGMATRIX: Peptidase, Angiotensin Converting Enzyme enzyme inhibition (substrate: FAPGG)","Confirmatory",""
625173,442046374,156009462,"Active","","IC50","=",0.588,"DRUGMATRIX: Peptidase, Angiotensin Converting Enzyme enzyme inhibition (substrate: FAPGG)","Confirmatory",""
625173,442046374,156009462,"Unspecified","","Ki","","","DRUGMATRIX: Peptidase, Angiotensin Converting Enzyme enzyme inhibition (substrate: FAPGG)","Confirmatory",""
625173,494428864,3033924,"Unspecified","","IC50","","","DRUGMATRIX: Peptidase, Angiotensin Converting Enzyme enzyme inhibition (substrate: FAPGG)","Confirmatory",""
625173,494428864,3033924,"Unspecified","","Ki","","","DRUGMATRIX: Peptidase, Angiotensin Converting Enzyme enzyme inhibition (substrate: FAPGG)","Confirmatory",""
625173,494429426,3000261,"Unspecified","","IC50","","","DRUGMATRIX: Peptidase, Angiotensin Converting Enzyme enzyme inhibition (substrate: FAPGG)","Confirmatory",""
625173,494429426,3000261,"Unspecified","","Ki","","","DRUGMATRIX: Peptidase, Angiotensin Converting Enzyme enzyme inhibition (substrate: FAPGG)","Confirmatory",""
625173,494430630,24832676,"Unspecified","","IC50","","","DRUGMATRIX: Peptidase, Angiotensin Converting Enzyme enzyme inhibition (substrate: FAPGG)","Confirmatory",""
625173,494430630,24832676,"Unspecified","","Ki","","","DRUGMATRIX: Peptidase, Angiotensin Converting Enzyme enzyme inhibition (substrate: FAPGG)","Confirmatory",""
625173,504793523,5484730,"Unspecified","","IC50","","","DRUGMATRIX: Peptidase, Angiotensin Converting Enzyme enzyme inhibition (substrate: FAPGG)","Confirmatory",""
625173,504793523,5484730,"Unspecified","","Ki","","","DRUGMATRIX: Peptidase, Angiotensin Converting Enzyme enzyme inhibition (substrate: FAPGG)","Confirmatory",""
625173,504843665,"","Unspecified","","IC50","","","DRUGMATRIX: Peptidase, Angiotensin Converting Enzyme enzyme inhibition (substrate: FAPGG)","Confirmatory",""
625173,504843665,"","Unspecified","","Ki","","","DRUGMATRIX: Peptidase, Angiotensin Converting Enzyme enzyme inhibition (substrate: FAPGG)","Confirmatory",""
625173,520376795,23631982,"Unspecified","","IC50","","","DRUGMATRIX: Peptidase, Angiotensin Converting Enzyme enzyme inhibition (substrate: FAPGG)","Confirmatory",""
625173,520376795,23631982,"Unspecified","","Ki","","","DRUGMATRIX: Peptidase, Angiotensin Converting Enzyme enzyme inhibition (substrate: FAPGG)","Confirmatory",""
625173,520377642,"","Unspecified","","IC50","","","DRUGMATRIX: Peptidase, Angiotensin Converting Enzyme enzyme inhibition (substrate: FAPGG)","Confirmatory",""
625173,520377642,"","Unspecified","","Ki","","","DRUGMATRIX: Peptidase, Angiotensin Converting Enzyme enzyme inhibition (substrate: FAPGG)","Confirmatory",""
625173,520377861,"","Unspecified","","IC50","","","DRUGMATRIX: Peptidase, Angiotensin Converting Enzyme enzyme inhibition (substrate: FAPGG)","Confirmatory",""
625173,520377861,"","Unspecified","","Ki","","","DRUGMATRIX: Peptidase, Angiotensin Converting Enzyme enzyme inhibition (substrate: FAPGG)","Confirmatory",""
625173,520378351,"","Unspecified","","IC50","","","DRUGMATRIX: Peptidase, Angiotensin Converting Enzyme enzyme inhibition (substrate: FAPGG)","Confirmatory",""
625173,520378351,"","Unspecified","","Ki","","","DRUGMATRIX: Peptidase, Angiotensin Converting Enzyme enzyme inhibition (substrate: FAPGG)","Confirmatory",""
763534,103220490,5362124,"Active",100009274,"IC50","=",0.212,"Inhibition of rabbit lung ACE assessed as hydrolysis of hippuryl-histidyl-leucine to hippuric acid and histidyl-leucine after 30 mins","Confirmatory",23777825
763534,103339774,5362129,"Active",100009274,"IC50","=",0.253,"Inhibition of rabbit lung ACE assessed as hydrolysis of hippuryl-histidyl-leucine to hippuric acid and histidyl-leucine after 30 mins","Confirmatory",23777825
763534,103378026,5362119,"Active",100009274,"IC50","=",0.262,"Inhibition of rabbit lung ACE assessed as hydrolysis of hippuryl-histidyl-leucine to hippuric acid and histidyl-leucine after 30 mins","Confirmatory",23777825
763534,174502921,71727878,"Active",100009274,"IC50","=",0.418,"Inhibition of rabbit lung ACE assessed as hydrolysis of hippuryl-histidyl-leucine to hippuric acid and histidyl-leucine after 30 mins","Confirmatory",23777825
763534,174508092,16101927,"Active",100009274,"IC50","=",0.376,"Inhibition of rabbit lung ACE assessed as hydrolysis of hippuryl-histidyl-leucine to hippuric acid and histidyl-leucine after 30 mins","Confirmatory",23777825
763534,174523489,71728125,"Active",100009274,"IC50","=",0.272,"Inhibition of rabbit lung ACE assessed as hydrolysis of hippuryl-histidyl-leucine to hippuric acid and histidyl-leucine after 30 mins","Confirmatory",23777825
763534,174523493,71727879,"Active",100009274,"IC50","=",0.658,"Inhibition of rabbit lung ACE assessed as hydrolysis of hippuryl-histidyl-leucine to hippuric acid and histidyl-leucine after 30 mins","Confirmatory",23777825
763535,174492557,71728007,"Unspecified",100009274,"","","","Inhibition of rabbit lung ACE assessed as hydrolysis of hippuryl-histidyl-leucine to hippuric acid and histidyl-leucine at 1 uM after 30 mins relative to control","Other",23777825
763535,174492558,71728011,"Unspecified",100009274,"","","","Inhibition of rabbit lung ACE assessed as hydrolysis of hippuryl-histidyl-leucine to hippuric acid and histidyl-leucine at 1 uM after 30 mins relative to control","Other",23777825
763535,174497678,71727881,"Unspecified",100009274,"","","","Inhibition of rabbit lung ACE assessed as hydrolysis of hippuryl-histidyl-leucine to hippuric acid and histidyl-leucine at 1 uM after 30 mins relative to control","Other",23777825
763535,174497679,71728124,"Unspecified",100009274,"","","","Inhibition of rabbit lung ACE assessed as hydrolysis of hippuryl-histidyl-leucine to hippuric acid and histidyl-leucine at 1 uM after 30 mins relative to control","Other",23777825
763535,174502920,2755917,"Unspecified",100009274,"","","","Inhibition of rabbit lung ACE assessed as hydrolysis of hippuryl-histidyl-leucine to hippuric acid and histidyl-leucine at 1 uM after 30 mins relative to control","Other",23777825
763535,174502921,71727878,"Unspecified",100009274,"","","","Inhibition of rabbit lung ACE assessed as hydrolysis of hippuryl-histidyl-leucine to hippuric acid and histidyl-leucine at 1 uM after 30 mins relative to control","Other",23777825
763535,174502922,16101923,"Unspecified",100009274,"","","","Inhibition of rabbit lung ACE assessed as hydrolysis of hippuryl-histidyl-leucine to hippuric acid and histidyl-leucine at 1 uM after 30 mins relative to control","Other",23777825
763535,174502923,71728009,"Unspecified",100009274,"","","","Inhibition of rabbit lung ACE assessed as hydrolysis of hippuryl-histidyl-leucine to hippuric acid and histidyl-leucine at 1 uM after 30 mins relative to control","Other",23777825
763535,174508091,59684139,"Unspecified",100009274,"","","","Inhibition of rabbit lung ACE assessed as hydrolysis of hippuryl-histidyl-leucine to hippuric acid and histidyl-leucine at 1 uM after 30 mins relative to control","Other",23777825
763535,174508092,16101927,"Unspecified",100009274,"","","","Inhibition of rabbit lung ACE assessed as hydrolysis of hippuryl-histidyl-leucine to hippuric acid and histidyl-leucine at 1 uM after 30 mins relative to control","Other",23777825
763535,174513231,16101964,"Unspecified",100009274,"","","","Inhibition of rabbit lung ACE assessed as hydrolysis of hippuryl-histidyl-leucine to hippuric acid and histidyl-leucine at 1 uM after 30 mins relative to control","Other",23777825
763535,174513232,71728008,"Unspecified",100009274,"","","","Inhibition of rabbit lung ACE assessed as hydrolysis of hippuryl-histidyl-leucine to hippuric acid and histidyl-leucine at 1 uM after 30 mins relative to control","Other",23777825
763535,174513233,71728010,"Unspecified",100009274,"","","","Inhibition of rabbit lung ACE assessed as hydrolysis of hippuryl-histidyl-leucine to hippuric acid and histidyl-leucine at 1 uM after 30 mins relative to control","Other",23777825
763535,174518254,71727877,"Unspecified",100009274,"","","","Inhibition of rabbit lung ACE assessed as hydrolysis of hippuryl-histidyl-leucine to hippuric acid and histidyl-leucine at 1 uM after 30 mins relative to control","Other",23777825
763535,174518255,71727880,"Unspecified",100009274,"","","","Inhibition of rabbit lung ACE assessed as hydrolysis of hippuryl-histidyl-leucine to hippuric acid and histidyl-leucine at 1 uM after 30 mins relative to control","Other",23777825
763535,174518256,73355151,"Unspecified",100009274,"","","","Inhibition of rabbit lung ACE assessed as hydrolysis of hippuryl-histidyl-leucine to hippuric acid and histidyl-leucine at 1 uM after 30 mins relative to control","Other",23777825
763535,174518257,71727882,"Unspecified",100009274,"","","","Inhibition of rabbit lung ACE assessed as hydrolysis of hippuryl-histidyl-leucine to hippuric acid and histidyl-leucine at 1 uM after 30 mins relative to control","Other",23777825
763535,174518258,71727883,"Unspecified",100009274,"","","","Inhibition of rabbit lung ACE assessed as hydrolysis of hippuryl-histidyl-leucine to hippuric acid and histidyl-leucine at 1 uM after 30 mins relative to control","Other",23777825
763535,174518259,71728012,"Unspecified",100009274,"","","","Inhibition of rabbit lung ACE assessed as hydrolysis of hippuryl-histidyl-leucine to hippuric acid and histidyl-leucine at 1 uM after 30 mins relative to control","Other",23777825
763535,174523489,71728125,"Unspecified",100009274,"","","","Inhibition of rabbit lung ACE assessed as hydrolysis of hippuryl-histidyl-leucine to hippuric acid and histidyl-leucine at 1 uM after 30 mins relative to control","Other",23777825
763535,174523490,71728126,"Unspecified",100009274,"","","","Inhibition of rabbit lung ACE assessed as hydrolysis of hippuryl-histidyl-leucine to hippuric acid and histidyl-leucine at 1 uM after 30 mins relative to control","Other",23777825
763535,174523491,14430625,"Unspecified",100009274,"","","","Inhibition of rabbit lung ACE assessed as hydrolysis of hippuryl-histidyl-leucine to hippuric acid and histidyl-leucine at 1 uM after 30 mins relative to control","Other",23777825
763535,174523492,51815191,"Unspecified",100009274,"","","","Inhibition of rabbit lung ACE assessed as hydrolysis of hippuryl-histidyl-leucine to hippuric acid and histidyl-leucine at 1 uM after 30 mins relative to control","Other",23777825
763535,174523493,71727879,"Unspecified",100009274,"","","","Inhibition of rabbit lung ACE assessed as hydrolysis of hippuryl-histidyl-leucine to hippuric acid and histidyl-leucine at 1 uM after 30 mins relative to control","Other",23777825
1137669,104249963,18608377,"Active",100009274,"IC50","=",0.025,"Inhibition of rabbit lung somatic ACE using FAPGG substrate","Confirmatory",24900839
1137669,242637246,90655800,"Active",100009274,"IC50","=",0.37,"Inhibition of rabbit lung somatic ACE using FAPGG substrate","Confirmatory",24900839
1137669,242637247,90655799,"Active",100009274,"IC50","=",0.14,"Inhibition of rabbit lung somatic ACE using FAPGG substrate","Confirmatory",24900839
1137669,242637248,90655798,"Active",100009274,"IC50","=",0.1,"Inhibition of rabbit lung somatic ACE using FAPGG substrate","Confirmatory",24900839
1137669,242637249,18608376,"Active",100009274,"IC50","=",0.035,"Inhibition of rabbit lung somatic ACE using FAPGG substrate","Confirmatory",24900839
1137669,242637599,90655801,"Active",100009274,"IC50","=",5.2,"Inhibition of rabbit lung somatic ACE using FAPGG substrate","Confirmatory",24900839
1156815,103378026,5362119,"Unspecified",100009274,"","","","Inhibition of rabbit lung ACE assessed as inhibition of hippuryl-histidyl-leucine substrate hydrolysis at 1 uM pretreated for 10 mins followed by addition of 5 mM HHL substrate for 30 mins measured as hippuric acid release","Other",24980116
1156815,242648689,90681966,"Unspecified",100009274,"","","","Inhibition of rabbit lung ACE assessed as inhibition of hippuryl-histidyl-leucine substrate hydrolysis at 1 uM pretreated for 10 mins followed by addition of 5 mM HHL substrate for 30 mins measured as hippuric acid release","Other",24980116
1156815,242648690,90681967,"Unspecified",100009274,"","","","Inhibition of rabbit lung ACE assessed as inhibition of hippuryl-histidyl-leucine substrate hydrolysis at 1 uM pretreated for 10 mins followed by addition of 5 mM HHL substrate for 30 mins measured as hippuric acid release","Other",24980116
1156815,242648691,90681968,"Unspecified",100009274,"","","","Inhibition of rabbit lung ACE assessed as inhibition of hippuryl-histidyl-leucine substrate hydrolysis at 1 uM pretreated for 10 mins followed by addition of 5 mM HHL substrate for 30 mins measured as hippuric acid release","Other",24980116
1156815,242648692,90681969,"Unspecified",100009274,"","","","Inhibition of rabbit lung ACE assessed as inhibition of hippuryl-histidyl-leucine substrate hydrolysis at 1 uM pretreated for 10 mins followed by addition of 5 mM HHL substrate for 30 mins measured as hippuric acid release","Other",24980116
1156815,242648693,71741176,"Unspecified",100009274,"","","","Inhibition of rabbit lung ACE assessed as inhibition of hippuryl-histidyl-leucine substrate hydrolysis at 1 uM pretreated for 10 mins followed by addition of 5 mM HHL substrate for 30 mins measured as hippuric acid release","Other",24980116
1156815,242648694,90681970,"Unspecified",100009274,"","","","Inhibition of rabbit lung ACE assessed as inhibition of hippuryl-histidyl-leucine substrate hydrolysis at 1 uM pretreated for 10 mins followed by addition of 5 mM HHL substrate for 30 mins measured as hippuric acid release","Other",24980116
1156815,242648695,90681971,"Unspecified",100009274,"","","","Inhibition of rabbit lung ACE assessed as inhibition of hippuryl-histidyl-leucine substrate hydrolysis at 1 uM pretreated for 10 mins followed by addition of 5 mM HHL substrate for 30 mins measured as hippuric acid release","Other",24980116
1156815,242648696,90681972,"Unspecified",100009274,"","","","Inhibition of rabbit lung ACE assessed as inhibition of hippuryl-histidyl-leucine substrate hydrolysis at 1 uM pretreated for 10 mins followed by addition of 5 mM HHL substrate for 30 mins measured as hippuric acid release","Other",24980116
1156815,242648697,90681973,"Unspecified",100009274,"","","","Inhibition of rabbit lung ACE assessed as inhibition of hippuryl-histidyl-leucine substrate hydrolysis at 1 uM pretreated for 10 mins followed by addition of 5 mM HHL substrate for 30 mins measured as hippuric acid release","Other",24980116
1156815,242648698,90681974,"Unspecified",100009274,"","","","Inhibition of rabbit lung ACE assessed as inhibition of hippuryl-histidyl-leucine substrate hydrolysis at 1 uM pretreated for 10 mins followed by addition of 5 mM HHL substrate for 30 mins measured as hippuric acid release","Other",24980116
1156815,242648699,90681975,"Unspecified",100009274,"","","","Inhibition of rabbit lung ACE assessed as inhibition of hippuryl-histidyl-leucine substrate hydrolysis at 1 uM pretreated for 10 mins followed by addition of 5 mM HHL substrate for 30 mins measured as hippuric acid release","Other",24980116
1156815,242648700,90681976,"Unspecified",100009274,"","","","Inhibition of rabbit lung ACE assessed as inhibition of hippuryl-histidyl-leucine substrate hydrolysis at 1 uM pretreated for 10 mins followed by addition of 5 mM HHL substrate for 30 mins measured as hippuric acid release","Other",24980116
1156815,242648701,90681977,"Unspecified",100009274,"","","","Inhibition of rabbit lung ACE assessed as inhibition of hippuryl-histidyl-leucine substrate hydrolysis at 1 uM pretreated for 10 mins followed by addition of 5 mM HHL substrate for 30 mins measured as hippuric acid release","Other",24980116
1156815,242648702,90681978,"Unspecified",100009274,"","","","Inhibition of rabbit lung ACE assessed as inhibition of hippuryl-histidyl-leucine substrate hydrolysis at 1 uM pretreated for 10 mins followed by addition of 5 mM HHL substrate for 30 mins measured as hippuric acid release","Other",24980116
1156815,242648703,90681979,"Unspecified",100009274,"","","","Inhibition of rabbit lung ACE assessed as inhibition of hippuryl-histidyl-leucine substrate hydrolysis at 1 uM pretreated for 10 mins followed by addition of 5 mM HHL substrate for 30 mins measured as hippuric acid release","Other",24980116
1156815,242648704,90681980,"Unspecified",100009274,"","","","Inhibition of rabbit lung ACE assessed as inhibition of hippuryl-histidyl-leucine substrate hydrolysis at 1 uM pretreated for 10 mins followed by addition of 5 mM HHL substrate for 30 mins measured as hippuric acid release","Other",24980116
1156815,242648705,90681981,"Unspecified",100009274,"","","","Inhibition of rabbit lung ACE assessed as inhibition of hippuryl-histidyl-leucine substrate hydrolysis at 1 uM pretreated for 10 mins followed by addition of 5 mM HHL substrate for 30 mins measured as hippuric acid release","Other",24980116
1156815,242648706,90681982,"Unspecified",100009274,"","","","Inhibition of rabbit lung ACE assessed as inhibition of hippuryl-histidyl-leucine substrate hydrolysis at 1 uM pretreated for 10 mins followed by addition of 5 mM HHL substrate for 30 mins measured as hippuric acid release","Other",24980116
1156815,242648707,23649593,"Unspecified",100009274,"","","","Inhibition of rabbit lung ACE assessed as inhibition of hippuryl-histidyl-leucine substrate hydrolysis at 1 uM pretreated for 10 mins followed by addition of 5 mM HHL substrate for 30 mins measured as hippuric acid release","Other",24980116
1156815,242648708,90681983,"Unspecified",100009274,"","","","Inhibition of rabbit lung ACE assessed as inhibition of hippuryl-histidyl-leucine substrate hydrolysis at 1 uM pretreated for 10 mins followed by addition of 5 mM HHL substrate for 30 mins measured as hippuric acid release","Other",24980116
1156815,242648709,90681984,"Unspecified",100009274,"","","","Inhibition of rabbit lung ACE assessed as inhibition of hippuryl-histidyl-leucine substrate hydrolysis at 1 uM pretreated for 10 mins followed by addition of 5 mM HHL substrate for 30 mins measured as hippuric acid release","Other",24980116
1156815,242648710,90681985,"Unspecified",100009274,"","","","Inhibition of rabbit lung ACE assessed as inhibition of hippuryl-histidyl-leucine substrate hydrolysis at 1 uM pretreated for 10 mins followed by addition of 5 mM HHL substrate for 30 mins measured as hippuric acid release","Other",24980116
1156815,242648711,90681986,"Unspecified",100009274,"","","","Inhibition of rabbit lung ACE assessed as inhibition of hippuryl-histidyl-leucine substrate hydrolysis at 1 uM pretreated for 10 mins followed by addition of 5 mM HHL substrate for 30 mins measured as hippuric acid release","Other",24980116
1156815,242648712,90681987,"Unspecified",100009274,"","","","Inhibition of rabbit lung ACE assessed as inhibition of hippuryl-histidyl-leucine substrate hydrolysis at 1 uM pretreated for 10 mins followed by addition of 5 mM HHL substrate for 30 mins measured as hippuric acid release","Other",24980116
1156815,242648713,90681988,"Unspecified",100009274,"","","","Inhibition of rabbit lung ACE assessed as inhibition of hippuryl-histidyl-leucine substrate hydrolysis at 1 uM pretreated for 10 mins followed by addition of 5 mM HHL substrate for 30 mins measured as hippuric acid release","Other",24980116
1156815,242648714,90681989,"Unspecified",100009274,"","","","Inhibition of rabbit lung ACE assessed as inhibition of hippuryl-histidyl-leucine substrate hydrolysis at 1 uM pretreated for 10 mins followed by addition of 5 mM HHL substrate for 30 mins measured as hippuric acid release","Other",24980116
1156815,242648715,90681990,"Unspecified",100009274,"","","","Inhibition of rabbit lung ACE assessed as inhibition of hippuryl-histidyl-leucine substrate hydrolysis at 1 uM pretreated for 10 mins followed by addition of 5 mM HHL substrate for 30 mins measured as hippuric acid release","Other",24980116
1156815,242648716,90681991,"Unspecified",100009274,"","","","Inhibition of rabbit lung ACE assessed as inhibition of hippuryl-histidyl-leucine substrate hydrolysis at 1 uM pretreated for 10 mins followed by addition of 5 mM HHL substrate for 30 mins measured as hippuric acid release","Other",24980116
1156815,242648717,90681992,"Unspecified",100009274,"","","","Inhibition of rabbit lung ACE assessed as inhibition of hippuryl-histidyl-leucine substrate hydrolysis at 1 uM pretreated for 10 mins followed by addition of 5 mM HHL substrate for 30 mins measured as hippuric acid release","Other",24980116
1156815,242648718,90681993,"Unspecified",100009274,"","","","Inhibition of rabbit lung ACE assessed as inhibition of hippuryl-histidyl-leucine substrate hydrolysis at 1 uM pretreated for 10 mins followed by addition of 5 mM HHL substrate for 30 mins measured as hippuric acid release","Other",24980116
1156815,242648719,90681994,"Unspecified",100009274,"","","","Inhibition of rabbit lung ACE assessed as inhibition of hippuryl-histidyl-leucine substrate hydrolysis at 1 uM pretreated for 10 mins followed by addition of 5 mM HHL substrate for 30 mins measured as hippuric acid release","Other",24980116
1156815,242648720,90681995,"Unspecified",100009274,"","","","Inhibition of rabbit lung ACE assessed as inhibition of hippuryl-histidyl-leucine substrate hydrolysis at 1 uM pretreated for 10 mins followed by addition of 5 mM HHL substrate for 30 mins measured as hippuric acid release","Other",24980116
1156815,242648721,90681996,"Unspecified",100009274,"","","","Inhibition of rabbit lung ACE assessed as inhibition of hippuryl-histidyl-leucine substrate hydrolysis at 1 uM pretreated for 10 mins followed by addition of 5 mM HHL substrate for 30 mins measured as hippuric acid release","Other",24980116
1156815,242648722,90681997,"Unspecified",100009274,"","","","Inhibition of rabbit lung ACE assessed as inhibition of hippuryl-histidyl-leucine substrate hydrolysis at 1 uM pretreated for 10 mins followed by addition of 5 mM HHL substrate for 30 mins measured as hippuric acid release","Other",24980116
1156815,242648723,90681998,"Unspecified",100009274,"","","","Inhibition of rabbit lung ACE assessed as inhibition of hippuryl-histidyl-leucine substrate hydrolysis at 1 uM pretreated for 10 mins followed by addition of 5 mM HHL substrate for 30 mins measured as hippuric acid release","Other",24980116
1156815,242648724,90681999,"Unspecified",100009274,"","","","Inhibition of rabbit lung ACE assessed as inhibition of hippuryl-histidyl-leucine substrate hydrolysis at 1 uM pretreated for 10 mins followed by addition of 5 mM HHL substrate for 30 mins measured as hippuric acid release","Other",24980116
1156815,242648725,90682000,"Unspecified",100009274,"","","","Inhibition of rabbit lung ACE assessed as inhibition of hippuryl-histidyl-leucine substrate hydrolysis at 1 uM pretreated for 10 mins followed by addition of 5 mM HHL substrate for 30 mins measured as hippuric acid release","Other",24980116
1156815,242648726,90682001,"Unspecified",100009274,"","","","Inhibition of rabbit lung ACE assessed as inhibition of hippuryl-histidyl-leucine substrate hydrolysis at 1 uM pretreated for 10 mins followed by addition of 5 mM HHL substrate for 30 mins measured as hippuric acid release","Other",24980116
1156815,242648727,90682002,"Unspecified",100009274,"","","","Inhibition of rabbit lung ACE assessed as inhibition of hippuryl-histidyl-leucine substrate hydrolysis at 1 uM pretreated for 10 mins followed by addition of 5 mM HHL substrate for 30 mins measured as hippuric acid release","Other",24980116
1156815,242648728,90645105,"Unspecified",100009274,"","","","Inhibition of rabbit lung ACE assessed as inhibition of hippuryl-histidyl-leucine substrate hydrolysis at 1 uM pretreated for 10 mins followed by addition of 5 mM HHL substrate for 30 mins measured as hippuric acid release","Other",24980116
1156815,242648729,90682003,"Unspecified",100009274,"","","","Inhibition of rabbit lung ACE assessed as inhibition of hippuryl-histidyl-leucine substrate hydrolysis at 1 uM pretreated for 10 mins followed by addition of 5 mM HHL substrate for 30 mins measured as hippuric acid release","Other",24980116
1156815,242648730,90682004,"Unspecified",100009274,"","","","Inhibition of rabbit lung ACE assessed as inhibition of hippuryl-histidyl-leucine substrate hydrolysis at 1 uM pretreated for 10 mins followed by addition of 5 mM HHL substrate for 30 mins measured as hippuric acid release","Other",24980116
1156816,103359379,5281222,"Unspecified",100009274,"IC50","=",730000,"Inhibition of rabbit lung ACE assessed as inhibition of hippuryl-histidyl-leucine substrate hydrolysis pretreated for 10 mins followed by addition of 5 mM HHL substrate for 30 mins measured as hippuric acid release","Confirmatory",24980116
1156816,242648707,23649593,"Active",100009274,"IC50","=",0.837,"Inhibition of rabbit lung ACE assessed as inhibition of hippuryl-histidyl-leucine substrate hydrolysis pretreated for 10 mins followed by addition of 5 mM HHL substrate for 30 mins measured as hippuric acid release","Confirmatory",24980116
1156816,242648728,90645105,"Active",100009274,"IC50","=",0.607,"Inhibition of rabbit lung ACE assessed as inhibition of hippuryl-histidyl-leucine substrate hydrolysis pretreated for 10 mins followed by addition of 5 mM HHL substrate for 30 mins measured as hippuric acid release","Confirmatory",24980116
1168279,103378026,5362119,"Active","","IC50","=",0.281,"Inhibition of rabbit lung ACE using hippuryl-histidyl-leucine as substrate assessed as release of hippuric acid incubated for 10 mins prior to substrate addition measured after 30 mins by spectrophotometry","Confirmatory",25300819
1168279,312363412,118717519,"Unspecified","","Inhibition","","","Inhibition of rabbit lung ACE using hippuryl-histidyl-leucine as substrate assessed as release of hippuric acid incubated for 10 mins prior to substrate addition measured after 30 mins by spectrophotometry","Confirmatory",25300819
1168279,312363413,118717520,"Unspecified","","Inhibition","","","Inhibition of rabbit lung ACE using hippuryl-histidyl-leucine as substrate assessed as release of hippuric acid incubated for 10 mins prior to substrate addition measured after 30 mins by spectrophotometry","Confirmatory",25300819
1168279,312363414,118717521,"Unspecified","","Inhibition","","","Inhibition of rabbit lung ACE using hippuryl-histidyl-leucine as substrate assessed as release of hippuric acid incubated for 10 mins prior to substrate addition measured after 30 mins by spectrophotometry","Confirmatory",25300819
1168279,312363415,118717522,"Unspecified","","Inhibition","","","Inhibition of rabbit lung ACE using hippuryl-histidyl-leucine as substrate assessed as release of hippuric acid incubated for 10 mins prior to substrate addition measured after 30 mins by spectrophotometry","Confirmatory",25300819
1168279,312363429,118717525,"Unspecified","","Inhibition","","","Inhibition of rabbit lung ACE using hippuryl-histidyl-leucine as substrate assessed as release of hippuric acid incubated for 10 mins prior to substrate addition measured after 30 mins by spectrophotometry","Confirmatory",25300819
1168279,312363430,118717526,"Unspecified","","Inhibition","","","Inhibition of rabbit lung ACE using hippuryl-histidyl-leucine as substrate assessed as release of hippuric acid incubated for 10 mins prior to substrate addition measured after 30 mins by spectrophotometry","Confirmatory",25300819
1168279,312363431,118717527,"Unspecified","","Inhibition","","","Inhibition of rabbit lung ACE using hippuryl-histidyl-leucine as substrate assessed as release of hippuric acid incubated for 10 mins prior to substrate addition measured after 30 mins by spectrophotometry","Confirmatory",25300819
1168279,312363432,118717528,"Active","","IC50","=",0.713,"Inhibition of rabbit lung ACE using hippuryl-histidyl-leucine as substrate assessed as release of hippuric acid incubated for 10 mins prior to substrate addition measured after 30 mins by spectrophotometry","Confirmatory",25300819
1168279,312363432,118717528,"Unspecified","","Inhibition","","","Inhibition of rabbit lung ACE using hippuryl-histidyl-leucine as substrate assessed as release of hippuric acid incubated for 10 mins prior to substrate addition measured after 30 mins by spectrophotometry","Confirmatory",25300819
1168279,312363433,118717529,"Active","","IC50","=",0.409,"Inhibition of rabbit lung ACE using hippuryl-histidyl-leucine as substrate assessed as release of hippuric acid incubated for 10 mins prior to substrate addition measured after 30 mins by spectrophotometry","Confirmatory",25300819
1168279,312363433,118717529,"Unspecified","","Inhibition","","","Inhibition of rabbit lung ACE using hippuryl-histidyl-leucine as substrate assessed as release of hippuric acid incubated for 10 mins prior to substrate addition measured after 30 mins by spectrophotometry","Confirmatory",25300819
1168279,312363434,118717530,"Active","","IC50","=",0.653,"Inhibition of rabbit lung ACE using hippuryl-histidyl-leucine as substrate assessed as release of hippuric acid incubated for 10 mins prior to substrate addition measured after 30 mins by spectrophotometry","Confirmatory",25300819
1168279,312363434,118717530,"Unspecified","","Inhibition","","","Inhibition of rabbit lung ACE using hippuryl-histidyl-leucine as substrate assessed as release of hippuric acid incubated for 10 mins prior to substrate addition measured after 30 mins by spectrophotometry","Confirmatory",25300819
1168279,312363435,118717531,"Unspecified","","Inhibition","","","Inhibition of rabbit lung ACE using hippuryl-histidyl-leucine as substrate assessed as release of hippuric acid incubated for 10 mins prior to substrate addition measured after 30 mins by spectrophotometry","Confirmatory",25300819
1168279,312363436,118717532,"Unspecified","","Inhibition","","","Inhibition of rabbit lung ACE using hippuryl-histidyl-leucine as substrate assessed as release of hippuric acid incubated for 10 mins prior to substrate addition measured after 30 mins by spectrophotometry","Confirmatory",25300819
1168279,312363437,118717533,"Active","","IC50","=",0.928,"Inhibition of rabbit lung ACE using hippuryl-histidyl-leucine as substrate assessed as release of hippuric acid incubated for 10 mins prior to substrate addition measured after 30 mins by spectrophotometry","Confirmatory",25300819
1168279,312363437,118717533,"Unspecified","","Inhibition","","","Inhibition of rabbit lung ACE using hippuryl-histidyl-leucine as substrate assessed as release of hippuric acid incubated for 10 mins prior to substrate addition measured after 30 mins by spectrophotometry","Confirmatory",25300819
1168279,312363438,118717534,"Unspecified","","Inhibition","","","Inhibition of rabbit lung ACE using hippuryl-histidyl-leucine as substrate assessed as release of hippuric acid incubated for 10 mins prior to substrate addition measured after 30 mins by spectrophotometry","Confirmatory",25300819
1168279,312363439,118717535,"Unspecified","","Inhibition","","","Inhibition of rabbit lung ACE using hippuryl-histidyl-leucine as substrate assessed as release of hippuric acid incubated for 10 mins prior to substrate addition measured after 30 mins by spectrophotometry","Confirmatory",25300819
1168279,312363440,118717536,"Unspecified","","Inhibition","","","Inhibition of rabbit lung ACE using hippuryl-histidyl-leucine as substrate assessed as release of hippuric acid incubated for 10 mins prior to substrate addition measured after 30 mins by spectrophotometry","Confirmatory",25300819
1168279,312363441,118717537,"Unspecified","","Inhibition","","","Inhibition of rabbit lung ACE using hippuryl-histidyl-leucine as substrate assessed as release of hippuric acid incubated for 10 mins prior to substrate addition measured after 30 mins by spectrophotometry","Confirmatory",25300819
1168279,312363442,118717538,"Unspecified","","Inhibition","","","Inhibition of rabbit lung ACE using hippuryl-histidyl-leucine as substrate assessed as release of hippuric acid incubated for 10 mins prior to substrate addition measured after 30 mins by spectrophotometry","Confirmatory",25300819
1168279,312363443,118717539,"Unspecified","","Inhibition","","","Inhibition of rabbit lung ACE using hippuryl-histidyl-leucine as substrate assessed as release of hippuric acid incubated for 10 mins prior to substrate addition measured after 30 mins by spectrophotometry","Confirmatory",25300819
1168279,312363444,118717540,"Unspecified","","Inhibition","","","Inhibition of rabbit lung ACE using hippuryl-histidyl-leucine as substrate assessed as release of hippuric acid incubated for 10 mins prior to substrate addition measured after 30 mins by spectrophotometry","Confirmatory",25300819
1168279,312363445,118717541,"Unspecified","","Inhibition","","","Inhibition of rabbit lung ACE using hippuryl-histidyl-leucine as substrate assessed as release of hippuric acid incubated for 10 mins prior to substrate addition measured after 30 mins by spectrophotometry","Confirmatory",25300819
1231569,318374824,122179862,"Unspecified",100009274,"","","","Inhibition of rabbit lung ACE assessed as hippuryl-histidyl-leucine hydrolysis at 1 uM after 30 mins by colorimetric method","Other",25922179
1231569,318374825,122179863,"Unspecified",100009274,"","","","Inhibition of rabbit lung ACE assessed as hippuryl-histidyl-leucine hydrolysis at 1 uM after 30 mins by colorimetric method","Other",25922179
1231569,318374826,122179864,"Unspecified",100009274,"","","","Inhibition of rabbit lung ACE assessed as hippuryl-histidyl-leucine hydrolysis at 1 uM after 30 mins by colorimetric method","Other",25922179
1231569,318374827,122179865,"Unspecified",100009274,"","","","Inhibition of rabbit lung ACE assessed as hippuryl-histidyl-leucine hydrolysis at 1 uM after 30 mins by colorimetric method","Other",25922179
1231569,318374828,122179866,"Unspecified",100009274,"","","","Inhibition of rabbit lung ACE assessed as hippuryl-histidyl-leucine hydrolysis at 1 uM after 30 mins by colorimetric method","Other",25922179
1231569,318374829,122179867,"Unspecified",100009274,"","","","Inhibition of rabbit lung ACE assessed as hippuryl-histidyl-leucine hydrolysis at 1 uM after 30 mins by colorimetric method","Other",25922179
1231569,318374830,122179868,"Unspecified",100009274,"","","","Inhibition of rabbit lung ACE assessed as hippuryl-histidyl-leucine hydrolysis at 1 uM after 30 mins by colorimetric method","Other",25922179
1231569,318374831,122179869,"Unspecified",100009274,"","","","Inhibition of rabbit lung ACE assessed as hippuryl-histidyl-leucine hydrolysis at 1 uM after 30 mins by colorimetric method","Other",25922179
1231569,318374832,122179870,"Unspecified",100009274,"","","","Inhibition of rabbit lung ACE assessed as hippuryl-histidyl-leucine hydrolysis at 1 uM after 30 mins by colorimetric method","Other",25922179
1231569,318374833,122179871,"Unspecified",100009274,"","","","Inhibition of rabbit lung ACE assessed as hippuryl-histidyl-leucine hydrolysis at 1 uM after 30 mins by colorimetric method","Other",25922179
1231569,318374834,122179872,"Unspecified",100009274,"","","","Inhibition of rabbit lung ACE assessed as hippuryl-histidyl-leucine hydrolysis at 1 uM after 30 mins by colorimetric method","Other",25922179
1231569,318374835,122179873,"Unspecified",100009274,"","","","Inhibition of rabbit lung ACE assessed as hippuryl-histidyl-leucine hydrolysis at 1 uM after 30 mins by colorimetric method","Other",25922179
1231569,318374836,122179874,"Unspecified",100009274,"","","","Inhibition of rabbit lung ACE assessed as hippuryl-histidyl-leucine hydrolysis at 1 uM after 30 mins by colorimetric method","Other",25922179
1231569,318374837,122179875,"Unspecified",100009274,"","","","Inhibition of rabbit lung ACE assessed as hippuryl-histidyl-leucine hydrolysis at 1 uM after 30 mins by colorimetric method","Other",25922179
1231569,318374838,122179876,"Unspecified",100009274,"","","","Inhibition of rabbit lung ACE assessed as hippuryl-histidyl-leucine hydrolysis at 1 uM after 30 mins by colorimetric method","Other",25922179
1231569,318374839,122179877,"Unspecified",100009274,"","","","Inhibition of rabbit lung ACE assessed as hippuryl-histidyl-leucine hydrolysis at 1 uM after 30 mins by colorimetric method","Other",25922179
1231569,318374840,122179878,"Unspecified",100009274,"","","","Inhibition of rabbit lung ACE assessed as hippuryl-histidyl-leucine hydrolysis at 1 uM after 30 mins by colorimetric method","Other",25922179
1231569,318374841,122179879,"Unspecified",100009274,"","","","Inhibition of rabbit lung ACE assessed as hippuryl-histidyl-leucine hydrolysis at 1 uM after 30 mins by colorimetric method","Other",25922179
1231569,318374842,122179880,"Unspecified",100009274,"","","","Inhibition of rabbit lung ACE assessed as hippuryl-histidyl-leucine hydrolysis at 1 uM after 30 mins by colorimetric method","Other",25922179
1231569,318374843,122179881,"Unspecified",100009274,"","","","Inhibition of rabbit lung ACE assessed as hippuryl-histidyl-leucine hydrolysis at 1 uM after 30 mins by colorimetric method","Other",25922179
1231569,318374844,122179882,"Unspecified",100009274,"","","","Inhibition of rabbit lung ACE assessed as hippuryl-histidyl-leucine hydrolysis at 1 uM after 30 mins by colorimetric method","Other",25922179
1231569,318374845,122179883,"Unspecified",100009274,"","","","Inhibition of rabbit lung ACE assessed as hippuryl-histidyl-leucine hydrolysis at 1 uM after 30 mins by colorimetric method","Other",25922179
1231572,103179319,5388962,"Active",100009274,"IC50","=",0.123,"Inhibition of rabbit lung ACE assessed as hippuryl-histidyl-leucine hydrolysis after 30 mins by colorimetric method","Confirmatory",25922179
1231572,103220490,5362124,"Active",100009274,"IC50","=",0.1,"Inhibition of rabbit lung ACE assessed as hippuryl-histidyl-leucine hydrolysis after 30 mins by colorimetric method","Confirmatory",25922179
1231572,103339774,5362129,"Active",100009274,"IC50","=",0.253,"Inhibition of rabbit lung ACE assessed as hippuryl-histidyl-leucine hydrolysis after 30 mins by colorimetric method","Confirmatory",25922179
1231572,103378026,5362119,"Active",100009274,"IC50","=",0.318,"Inhibition of rabbit lung ACE assessed as hippuryl-histidyl-leucine hydrolysis after 30 mins by colorimetric method","Confirmatory",25922179
1231572,103590286,54892,"Active",100009274,"IC50","=",0.11,"Inhibition of rabbit lung ACE assessed as hippuryl-histidyl-leucine hydrolysis after 30 mins by colorimetric method","Confirmatory",25922179
1231572,318374832,122179870,"Active",100009274,"IC50","=",0.647,"Inhibition of rabbit lung ACE assessed as hippuryl-histidyl-leucine hydrolysis after 30 mins by colorimetric method","Confirmatory",25922179
1231572,318374834,122179872,"Active",100009274,"IC50","=",0.531,"Inhibition of rabbit lung ACE assessed as hippuryl-histidyl-leucine hydrolysis after 30 mins by colorimetric method","Confirmatory",25922179
1231572,318374839,122179877,"Active",100009274,"IC50","=",1.12,"Inhibition of rabbit lung ACE assessed as hippuryl-histidyl-leucine hydrolysis after 30 mins by colorimetric method","Confirmatory",25922179
1231572,318374842,122179880,"Active",100009274,"IC50","=",0.657,"Inhibition of rabbit lung ACE assessed as hippuryl-histidyl-leucine hydrolysis after 30 mins by colorimetric method","Confirmatory",25922179
1231572,318374843,122179881,"Active",100009274,"IC50","=",0.1,"Inhibition of rabbit lung ACE assessed as hippuryl-histidyl-leucine hydrolysis after 30 mins by colorimetric method","Confirmatory",25922179
1265666,336890159,127040520,"Unspecified",100009274,"","","","Inhibition of rabbit lung ACE using hippuryl-histidyl-leucine as substrate assessed as hippuric acid formation at 10 mM by UPLC-MS analysis","Other",26562611
1393280,163322718,11191083,"Active",100009274,"IC50","=",0.0038,"Inhibition of rabbit lung ACE using N-[3-(2-furyl)acryloyl]-Phe-Gly-Gly as substrate","Confirmatory",29039662
1719655,461514698,135336783,"Unspecified",100009274,"Ki",">",57,"Inhibition of rabbit ACE using Abz-FRK(DNP)-P as substrate measured for every 30 sec for 5 mins by UV-fluorescence based assay","Confirmatory",33603968
1719655,461514699,135337134,"Unspecified",100009274,"Ki",">",57,"Inhibition of rabbit ACE using Abz-FRK(DNP)-P as substrate measured for every 30 sec for 5 mins by UV-fluorescence based assay","Confirmatory",33603968
1719655,461515244,135338802,"Unspecified",100009274,"Ki",">",57,"Inhibition of rabbit ACE using Abz-FRK(DNP)-P as substrate measured for every 30 sec for 5 mins by UV-fluorescence based assay","Confirmatory",33603968
1719655,461518012,162645456,"Unspecified",100009274,"Ki",">",57,"Inhibition of rabbit ACE using Abz-FRK(DNP)-P as substrate measured for every 30 sec for 5 mins by UV-fluorescence based assay","Confirmatory",33603968
1719655,461520835,135336665,"Unspecified",100009274,"Ki",">",57,"Inhibition of rabbit ACE using Abz-FRK(DNP)-P as substrate measured for every 30 sec for 5 mins by UV-fluorescence based assay","Confirmatory",33603968
1719655,461521364,162647851,"Inconclusive",100009274,"Ki","","","Inhibition of rabbit ACE using Abz-FRK(DNP)-P as substrate measured for every 30 sec for 5 mins by UV-fluorescence based assay","Confirmatory",33603968
1719655,461521997,135336824,"Unspecified",100009274,"Ki",">",57,"Inhibition of rabbit ACE using Abz-FRK(DNP)-P as substrate measured for every 30 sec for 5 mins by UV-fluorescence based assay","Confirmatory",33603968
1719655,461522215,135336639,"Unspecified",100009274,"Ki",">",57,"Inhibition of rabbit ACE using Abz-FRK(DNP)-P as substrate measured for every 30 sec for 5 mins by UV-fluorescence based assay","Confirmatory",33603968
1719655,461523021,146452443,"Unspecified",100009274,"Ki",">",57,"Inhibition of rabbit ACE using Abz-FRK(DNP)-P as substrate measured for every 30 sec for 5 mins by UV-fluorescence based assay","Confirmatory",33603968
1719655,461524943,135338716,"Unspecified",100009274,"Ki",">",57,"Inhibition of rabbit ACE using Abz-FRK(DNP)-P as substrate measured for every 30 sec for 5 mins by UV-fluorescence based assay","Confirmatory",33603968
1719655,461525053,146564844,"Unspecified",100009274,"Ki",">",57,"Inhibition of rabbit ACE using Abz-FRK(DNP)-P as substrate measured for every 30 sec for 5 mins by UV-fluorescence based assay","Confirmatory",33603968
1719655,461527138,135337060,"Unspecified",100009274,"Ki",">",57,"Inhibition of rabbit ACE using Abz-FRK(DNP)-P as substrate measured for every 30 sec for 5 mins by UV-fluorescence based assay","Confirmatory",33603968
1719655,461527335,135337104,"Unspecified",100009274,"Ki",">",57,"Inhibition of rabbit ACE using Abz-FRK(DNP)-P as substrate measured for every 30 sec for 5 mins by UV-fluorescence based assay","Confirmatory",33603968
1719655,461527443,135337379,"Unspecified",100009274,"Ki",">",57,"Inhibition of rabbit ACE using Abz-FRK(DNP)-P as substrate measured for every 30 sec for 5 mins by UV-fluorescence based assay","Confirmatory",33603968
1719655,461529056,47067323,"Unspecified",100009274,"Ki",">",57,"Inhibition of rabbit ACE using Abz-FRK(DNP)-P as substrate measured for every 30 sec for 5 mins by UV-fluorescence based assay","Confirmatory",33603968
1719655,461533019,135338751,"Unspecified",100009274,"Ki",">",57,"Inhibition of rabbit ACE using Abz-FRK(DNP)-P as substrate measured for every 30 sec for 5 mins by UV-fluorescence based assay","Confirmatory",33603968
1719655,461534963,146452207,"Unspecified",100009274,"Ki",">",57,"Inhibition of rabbit ACE using Abz-FRK(DNP)-P as substrate measured for every 30 sec for 5 mins by UV-fluorescence based assay","Confirmatory",33603968
1719655,461535781,135336630,"Unspecified",100009274,"Ki",">",57,"Inhibition of rabbit ACE using Abz-FRK(DNP)-P as substrate measured for every 30 sec for 5 mins by UV-fluorescence based assay","Confirmatory",33603968
1719655,461536881,135336706,"Unspecified",100009274,"Ki","=",31.3,"Inhibition of rabbit ACE using Abz-FRK(DNP)-P as substrate measured for every 30 sec for 5 mins by UV-fluorescence based assay","Confirmatory",33603968
1719655,461537542,135336732,"Unspecified",100009274,"Ki",">",57,"Inhibition of rabbit ACE using Abz-FRK(DNP)-P as substrate measured for every 30 sec for 5 mins by UV-fluorescence based assay","Confirmatory",33603968
1719655,461537948,135338696,"Unspecified",100009274,"Ki","=",18,"Inhibition of rabbit ACE using Abz-FRK(DNP)-P as substrate measured for every 30 sec for 5 mins by UV-fluorescence based assay","Confirmatory",33603968
1719655,461538959,142433133,"Unspecified",100009274,"Ki",">",57,"Inhibition of rabbit ACE using Abz-FRK(DNP)-P as substrate measured for every 30 sec for 5 mins by UV-fluorescence based assay","Confirmatory",33603968
1719655,461541883,135336668,"Unspecified",100009274,"Ki","=",40.6,"Inhibition of rabbit ACE using Abz-FRK(DNP)-P as substrate measured for every 30 sec for 5 mins by UV-fluorescence based assay","Confirmatory",33603968
1719655,461546681,135337241,"Unspecified",100009274,"Ki",">",57,"Inhibition of rabbit ACE using Abz-FRK(DNP)-P as substrate measured for every 30 sec for 5 mins by UV-fluorescence based assay","Confirmatory",33603968
1719655,461557476,119108636,"Unspecified",100009274,"Ki",">",57,"Inhibition of rabbit ACE using Abz-FRK(DNP)-P as substrate measured for every 30 sec for 5 mins by UV-fluorescence based assay","Confirmatory",33603968
1719655,461557638,146564890,"Unspecified",100009274,"Ki",">",57,"Inhibition of rabbit ACE using Abz-FRK(DNP)-P as substrate measured for every 30 sec for 5 mins by UV-fluorescence based assay","Confirmatory",33603968
1719655,461558682,135338949,"Unspecified",100009274,"Ki",">",57,"Inhibition of rabbit ACE using Abz-FRK(DNP)-P as substrate measured for every 30 sec for 5 mins by UV-fluorescence based assay","Confirmatory",33603968
1719655,461560041,119212459,"Unspecified",100009274,"Ki",">",57,"Inhibition of rabbit ACE using Abz-FRK(DNP)-P as substrate measured for every 30 sec for 5 mins by UV-fluorescence based assay","Confirmatory",33603968
1719655,461560290,162675151,"Unspecified",100009274,"Ki",">",57,"Inhibition of rabbit ACE using Abz-FRK(DNP)-P as substrate measured for every 30 sec for 5 mins by UV-fluorescence based assay","Confirmatory",33603968
1786143,440164983,23652660,"Inactive",100009274,"","","","ANGIOCONVENZ Eurofins SafetyScreen44 (BI)","Other",""
1790413,312372725,44543970,"Inactive",100009274,"","","","ANGIOCONVENZ Eurofins-Panlabs selectivity data (BI)","Other",""
1790760,440157493,57861407,"Inactive",100009274,"","","","ANGIOCONVENZ Eurofins-Panlabs selectivity data (BI)","Other",""
1954025,103235000,14390729,"Active",100009274,"IC50","=",0.004,"Inhibition of rabbit lung angiotensin-converting enzyme","Confirmatory",27690430
1954025,494405889,10070021,"Active",100009274,"IC50","=",0.0052,"Inhibition of rabbit lung angiotensin-converting enzyme","Confirmatory",27690430
1954027,494401491,11464790,"Active",100009274,"Ki","=",0.0045,"Binding affinity to angiotensin-converting enzyme in rabbit lung assessed as inhibition constant","Confirmatory",27690430
1954027,494417643,133986,"Active",100009274,"Ki","=",0.00011,"Binding affinity to angiotensin-converting enzyme in rabbit lung assessed as inhibition constant","Confirmatory",27690430
1962495,494423007,171358032,"Unspecified",100009274,"","","","Peptidase, Angiotensin Converting Enzyme Eurofins Panlabs panel","Other",""
1973031,103581295,44093,"Unspecified",100009274,"","","","Inhibition of rabbit lung angiotensin-converting enzyme at 100 nM using Abz-Gly-Phe-(NO2)-Pro as substrate by fluorescence based microplate reader analysis relative to control","Other",36030663
1973032,242256688,660524,"Unspecified","","","","","Inhibition of rabbit lung angiotensin-converting enzyme at 100 uM using Abz-Gly-Phe-(NO2)-Pro as substrate by fluorescence based microplate reader analysis relative to control","Other",36030663
1973032,504793960,172439124,"Unspecified","","","","","Inhibition of rabbit lung angiotensin-converting enzyme at 100 uM using Abz-Gly-Phe-(NO2)-Pro as substrate by fluorescence based microplate reader analysis relative to control","Other",36030663
1973032,504824206,146562863,"Unspecified","","","","","Inhibition of rabbit lung angiotensin-converting enzyme at 100 uM using Abz-Gly-Phe-(NO2)-Pro as substrate by fluorescence based microplate reader analysis relative to control","Other",36030663
1973032,504827543,162425186,"Unspecified","","","","","Inhibition of rabbit lung angiotensin-converting enzyme at 100 uM using Abz-Gly-Phe-(NO2)-Pro as substrate by fluorescence based microplate reader analysis relative to control","Other",36030663
1973032,504829009,60906386,"Unspecified","","","","","Inhibition of rabbit lung angiotensin-converting enzyme at 100 uM using Abz-Gly-Phe-(NO2)-Pro as substrate by fluorescence based microplate reader analysis relative to control","Other",36030663
1973033,504827543,162425186,"Unspecified",100009274,"Ki","=",55,"Binding affinity to rabbit lung angiotensin-converting enzyme assessed as inhibition constant","Confirmatory",36030663
1973033,504829009,60906386,"Unspecified",100009274,"Ki","=",30,"Binding affinity to rabbit lung angiotensin-converting enzyme assessed as inhibition constant","Confirmatory",36030663
2041744,504841888,172472598,"Unspecified",100009274,"","","","Inhibition of Peptidase, Angiotensin Converting Enzyme at 10.0 µM in the Eurofins Panlabs Safety Screen","Other",""
2041865,504841889,172472599,"Unspecified",100009274,"","","","Inhibition of Peptidase, Angiotensin Converting Enzyme at 10.0 µM in the Eurofins Panlabs Safety Screen","Other",""
2282031,528386515,132022014,"Inactive","","","","","Inhibiton of ANGIOCONVENZ at compound concentration of 30.0 uM using a Eurofins SafetyScreen44 (BI) by Photometry","Other",""
