"AID","SID","CID","Activity Outcome","Target GeneID","Activity Name","Activity Qualifier","Activity Value [uM]","Assay Name","Assay Type","PubMed ID"
9849,103169954,3132,"Active",1636,"IC50","=",0.14,"Inhibitory activity against angiotensin-converting enzyme (ACE).","Confirmatory",10669559
9850,103338885,5311337,"Unspecified",1636,"","","","oral activity against angiotensin -converting enzyme ( ACE) and neutral endopeptidase in mouse.","Other",10669559
37635,103201712,9840601,"Active",1636,"IC50","=",1.4,"Compound is evaluated for the inhibition of porcine plasma Angiotensin I converting enzyme","Confirmatory",6256550
37635,103202021,5748613,"Active",1636,"IC50","=",0.73,"Compound is evaluated for the inhibition of porcine plasma Angiotensin I converting enzyme","Confirmatory",6256550
37635,103202295,443376,"Active",1636,"IC50","=",0.22,"Compound is evaluated for the inhibition of porcine plasma Angiotensin I converting enzyme","Confirmatory",6256550
37635,103202321,130842,"Active",1636,"IC50","=",9.4,"Compound is evaluated for the inhibition of porcine plasma Angiotensin I converting enzyme","Confirmatory",6256550
37635,103202323,156271,"Active",1636,"IC50","=",0.07,"Compound is evaluated for the inhibition of porcine plasma Angiotensin I converting enzyme","Confirmatory",6256550
37635,103202324,44278891,"Unspecified",1636,"IC50","=",67,"Compound is evaluated for the inhibition of porcine plasma Angiotensin I converting enzyme","Confirmatory",6256550
37635,103202405,11989733,"Unspecified",1636,"IC50","=",20,"Compound is evaluated for the inhibition of porcine plasma Angiotensin I converting enzyme","Confirmatory",6256550
37635,103581295,44093,"Active",1636,"IC50","=",0.3,"Compound is evaluated for the inhibition of porcine plasma Angiotensin I converting enzyme","Confirmatory",6256550
37636,103170132,44266572,"Active",1636,"IC50","=",0.003,"Compound was evaluated for inhibition of porcine plasma Angiotensin I converting enzyme by using fluorometric assay","Confirmatory",2991517
37636,103170165,44266590,"Active",1636,"IC50","=",0.007,"Compound was evaluated for inhibition of porcine plasma Angiotensin I converting enzyme by using fluorometric assay","Confirmatory",2991517
37636,103202323,156271,"Active",1636,"IC50","=",0.07,"Compound was evaluated for inhibition of porcine plasma Angiotensin I converting enzyme by using fluorometric assay","Confirmatory",2991517
37636,103581295,44093,"Active",1636,"IC50","=",0.3,"Compound was evaluated for inhibition of porcine plasma Angiotensin I converting enzyme by using fluorometric assay","Confirmatory",2991517
37637,103170165,44266590,"Active",1636,"IC50","=",0.0076,"Inhibitory activity against porcine plasma Angiotensin I converting enzyme","Confirmatory",2991518
37637,103170727,44266803,"Active",1636,"IC50","=",1.6,"Inhibitory activity against porcine plasma Angiotensin I converting enzyme","Confirmatory",2991518
37637,103170735,44266804,"Unspecified",1636,"IC50","=",100,"Inhibitory activity against porcine plasma Angiotensin I converting enzyme","Confirmatory",2991518
37637,103170755,12854254,"Active",1636,"IC50","=",0.07,"Inhibitory activity against porcine plasma Angiotensin I converting enzyme","Confirmatory",2991518
37637,103170842,44266842,"Active",1636,"IC50","=",0.011,"Inhibitory activity against porcine plasma Angiotensin I converting enzyme","Confirmatory",2991518
37637,103170869,44266856,"Unspecified",1636,"IC50","=",22,"Inhibitory activity against porcine plasma Angiotensin I converting enzyme","Confirmatory",2991518
37638,103301949,168182,"Active",1636,"IC50","=",1.6,"Inhibitory activity on Angiotensin I converting enzyme (ACE) obtained from pig renal cortex and hippuryl-histidyl-leucine as substrate","Confirmatory",2913292
37638,103316829,13456394,"Active",1636,"IC50","=",0.0021,"Inhibitory activity on Angiotensin I converting enzyme (ACE) obtained from pig renal cortex and hippuryl-histidyl-leucine as substrate","Confirmatory",2913292
37638,103316990,5464343,"Active",1636,"IC50","=",9.9,"Inhibitory activity on Angiotensin I converting enzyme (ACE) obtained from pig renal cortex and hippuryl-histidyl-leucine as substrate","Confirmatory",2913292
37638,103317019,44331737,"Active",1636,"IC50","=",10,"Inhibitory activity on Angiotensin I converting enzyme (ACE) obtained from pig renal cortex and hippuryl-histidyl-leucine as substrate","Confirmatory",2913292
37638,103317020,44331738,"Active",1636,"IC50","=",1.5,"Inhibitory activity on Angiotensin I converting enzyme (ACE) obtained from pig renal cortex and hippuryl-histidyl-leucine as substrate","Confirmatory",2913292
37639,103179234,5462501,"Active",1636,"IC50","=",0.0029,"Inhibition of Angiotensin I converting enzyme from pig renal cortex, hippuryl-histidyl-leucine as substrate","Confirmatory",2913292
37639,103205181,83525,"Unspecified",1636,"IC50","=",110,"Inhibition of Angiotensin I converting enzyme from pig renal cortex, hippuryl-histidyl-leucine as substrate","Confirmatory",2913292
37639,103316909,13456353,"Active",1636,"IC50","=",5.1,"Inhibition of Angiotensin I converting enzyme from pig renal cortex, hippuryl-histidyl-leucine as substrate","Confirmatory",2913292
37639,103316928,13477728,"Active",1636,"IC50","=",2.2,"Inhibition of Angiotensin I converting enzyme from pig renal cortex, hippuryl-histidyl-leucine as substrate","Confirmatory",2913292
37639,103316944,13456404,"Active",1636,"IC50","=",0.0023,"Inhibition of Angiotensin I converting enzyme from pig renal cortex, hippuryl-histidyl-leucine as substrate","Confirmatory",2913292
37639,103316945,13456344,"Active",1636,"IC50","=",0.0017,"Inhibition of Angiotensin I converting enzyme from pig renal cortex, hippuryl-histidyl-leucine as substrate","Confirmatory",2913292
37639,103316953,44331702,"Active",1636,"IC50","=",0.0035,"Inhibition of Angiotensin I converting enzyme from pig renal cortex, hippuryl-histidyl-leucine as substrate","Confirmatory",2913292
37639,103316954,13456380,"Active",1636,"IC50","=",0.0021,"Inhibition of Angiotensin I converting enzyme from pig renal cortex, hippuryl-histidyl-leucine as substrate","Confirmatory",2913292
37639,103316955,13456371,"Active",1636,"IC50","=",7.9,"Inhibition of Angiotensin I converting enzyme from pig renal cortex, hippuryl-histidyl-leucine as substrate","Confirmatory",2913292
37639,103316972,13456346,"Active",1636,"IC50","=",2.4,"Inhibition of Angiotensin I converting enzyme from pig renal cortex, hippuryl-histidyl-leucine as substrate","Confirmatory",2913292
37639,103317013,13456389,"Active",1636,"IC50","=",0.011,"Inhibition of Angiotensin I converting enzyme from pig renal cortex, hippuryl-histidyl-leucine as substrate","Confirmatory",2913292
37639,103317040,13456375,"Active",1636,"IC50","=",0.0015,"Inhibition of Angiotensin I converting enzyme from pig renal cortex, hippuryl-histidyl-leucine as substrate","Confirmatory",2913292
37639,103317041,13456384,"Active",1636,"IC50","=",0.0033,"Inhibition of Angiotensin I converting enzyme from pig renal cortex, hippuryl-histidyl-leucine as substrate","Confirmatory",2913292
37639,103317059,13456423,"Active",1636,"IC50","=",0.0067,"Inhibition of Angiotensin I converting enzyme from pig renal cortex, hippuryl-histidyl-leucine as substrate","Confirmatory",2913292
37639,103317060,13456368,"Active",1636,"IC50","=",2.4,"Inhibition of Angiotensin I converting enzyme from pig renal cortex, hippuryl-histidyl-leucine as substrate","Confirmatory",2913292
37639,103317102,5464344,"Active",1636,"IC50","=",0.0017,"Inhibition of Angiotensin I converting enzyme from pig renal cortex, hippuryl-histidyl-leucine as substrate","Confirmatory",2913292
37639,103317127,13456366,"Active",1636,"IC50","=",0.0016,"Inhibition of Angiotensin I converting enzyme from pig renal cortex, hippuryl-histidyl-leucine as substrate","Confirmatory",2913292
37639,103317128,13456399,"Active",1636,"IC50","=",0.0024,"Inhibition of Angiotensin I converting enzyme from pig renal cortex, hippuryl-histidyl-leucine as substrate","Confirmatory",2913292
37784,103285232,44461233,"Active",1636,"IC50","=",0.29,"Tested in vitro for its inhibitory activity against neutral endopeptidase (NEP)","Confirmatory",8057292
37784,103285270,10093438,"Active",1636,"IC50","=",0.46,"Tested in vitro for its inhibitory activity against neutral endopeptidase (NEP)","Confirmatory",8057292
37784,103285452,44461318,"Active",1636,"IC50","=",3.1,"Tested in vitro for its inhibitory activity against neutral endopeptidase (NEP)","Confirmatory",8057292
37947,103220730,14253297,"Unspecified",1636,"","","","Time to inhibit maximum Angiotensin I converting enzyme in Hog plasma","Other",2160536
38454,103218773,9998020,"Active",1636,"IC50","=",0.03,"Tested in vitro for inhibition of Angiotensin converting enzyme (ACE)","Confirmatory",""
38454,103235000,14390729,"Active",1636,"IC50","=",0.004,"Tested in vitro for inhibition of Angiotensin converting enzyme (ACE)","Confirmatory",""
38454,103235121,15380813,"Active",1636,"IC50","=",0.013,"Tested in vitro for inhibition of Angiotensin converting enzyme (ACE)","Confirmatory",""
38454,103235122,10047309,"Active",1636,"IC50","=",0.0048,"Tested in vitro for inhibition of Angiotensin converting enzyme (ACE)","Confirmatory",""
38454,103235123,9801007,"Active",1636,"IC50","=",0.012,"Tested in vitro for inhibition of Angiotensin converting enzyme (ACE)","Confirmatory",""
38454,103235148,15380810,"Active",1636,"IC50","=",0.017,"Tested in vitro for inhibition of Angiotensin converting enzyme (ACE)","Confirmatory",""
38454,103235464,44295879,"Active",1636,"IC50","=",0.014,"Tested in vitro for inhibition of Angiotensin converting enzyme (ACE)","Confirmatory",""
38454,103235496,44295891,"Active",1636,"IC50","=",0.036,"Tested in vitro for inhibition of Angiotensin converting enzyme (ACE)","Confirmatory",""
38454,103235498,44295892,"Active",1636,"IC50","=",0.036,"Tested in vitro for inhibition of Angiotensin converting enzyme (ACE)","Confirmatory",""
38454,103235499,44295893,"Active",1636,"IC50","=",0.036,"Tested in vitro for inhibition of Angiotensin converting enzyme (ACE)","Confirmatory",""
38454,103235783,44296019,"Active",1636,"IC50","=",0.018,"Tested in vitro for inhibition of Angiotensin converting enzyme (ACE)","Confirmatory",""
38454,103235811,15380821,"Active",1636,"IC50","=",0.028,"Tested in vitro for inhibition of Angiotensin converting enzyme (ACE)","Confirmatory",""
38454,103235812,44296036,"Active",1636,"IC50","=",0.013,"Tested in vitro for inhibition of Angiotensin converting enzyme (ACE)","Confirmatory",""
38454,103235814,44296037,"Active",1636,"IC50","=",0.031,"Tested in vitro for inhibition of Angiotensin converting enzyme (ACE)","Confirmatory",""
38454,103235855,15380820,"Active",1636,"IC50","=",0.0044,"Tested in vitro for inhibition of Angiotensin converting enzyme (ACE)","Confirmatory",""
38455,103235123,9801007,"Active",1636,"IC50","=",0.012,"In vitro inhibitory activity against angiotensin converting enzyme (ACE) in rat was determined","Confirmatory",""
38455,103255792,44305121,"Active",1636,"IC50","=",0.016,"In vitro inhibitory activity against angiotensin converting enzyme (ACE) in rat was determined","Confirmatory",""
38455,103255831,44305131,"Active",1636,"IC50","=",0.006,"In vitro inhibitory activity against angiotensin converting enzyme (ACE) in rat was determined","Confirmatory",""
38455,103255833,44305132,"Active",1636,"IC50","=",0.01,"In vitro inhibitory activity against angiotensin converting enzyme (ACE) in rat was determined","Confirmatory",""
38455,103255866,44305140,"Active",1636,"IC50","=",0.06,"In vitro inhibitory activity against angiotensin converting enzyme (ACE) in rat was determined","Confirmatory",""
38455,103255975,44305173,"Active",1636,"IC50","=",0.02,"In vitro inhibitory activity against angiotensin converting enzyme (ACE) in rat was determined","Confirmatory",""
38455,103256016,44305193,"Active",1636,"IC50","=",0.007,"In vitro inhibitory activity against angiotensin converting enzyme (ACE) in rat was determined","Confirmatory",""
38455,103256448,44305370,"Active",1636,"IC50","=",0.008,"In vitro inhibitory activity against angiotensin converting enzyme (ACE) in rat was determined","Confirmatory",""
38455,103256450,44305372,"Active",1636,"IC50","=",0.012,"In vitro inhibitory activity against angiotensin converting enzyme (ACE) in rat was determined","Confirmatory",""
38455,103256483,44305391,"Active",1636,"IC50","=",0.016,"In vitro inhibitory activity against angiotensin converting enzyme (ACE) in rat was determined","Confirmatory",""
38456,103325312,44336332,"Active",1636,"Ki","=",0.01,"Inhibitory constant angiotensin converting enzyme","Confirmatory",""
38457,103179319,5388962,"Active",1636,"IC50","=",0.0012,"In vitro inhibition against angiotensin converting enzyme (ACE)","Confirmatory",""
38457,103581295,44093,"Active",1636,"IC50","=",0.023,"In vitro inhibition against angiotensin converting enzyme (ACE)","Confirmatory",""
38458,103295435,10071569,"Active",1636,"IC50","=",0.025,"In vitro inhibitory concentration against angiotensin-converting enzyme","Confirmatory",""
38458,103301202,44324428,"Unspecified",1636,"IC50",">",1,"In vitro inhibitory concentration against angiotensin-converting enzyme","Confirmatory",""
38458,103301659,44324644,"Unspecified",1636,"IC50",">",1,"In vitro inhibitory concentration against angiotensin-converting enzyme","Confirmatory",""
38458,103301660,44324645,"Active",1636,"IC50","=",0.385,"In vitro inhibitory concentration against angiotensin-converting enzyme","Confirmatory",""
38458,103301683,44324653,"Unspecified",1636,"IC50",">",1,"In vitro inhibitory concentration against angiotensin-converting enzyme","Confirmatory",""
38458,103302088,44324830,"Active",1636,"IC50","=",0.023,"In vitro inhibitory concentration against angiotensin-converting enzyme","Confirmatory",""
38458,103302089,44324831,"Active",1636,"IC50","=",0.022,"In vitro inhibitory concentration against angiotensin-converting enzyme","Confirmatory",""
38458,103302173,44324877,"Active",1636,"IC50","=",0.05,"In vitro inhibitory concentration against angiotensin-converting enzyme","Confirmatory",""
38458,103302435,44325010,"Unspecified",1636,"IC50",">",1,"In vitro inhibitory concentration against angiotensin-converting enzyme","Confirmatory",""
38458,103302494,44325039,"Active",1636,"IC50","=",0.66,"In vitro inhibitory concentration against angiotensin-converting enzyme","Confirmatory",""
38458,103302539,44325055,"Active",1636,"IC50","=",0.1,"In vitro inhibitory concentration against angiotensin-converting enzyme","Confirmatory",""
38458,103302603,44325081,"Active",1636,"IC50","=",0.147,"In vitro inhibitory concentration against angiotensin-converting enzyme","Confirmatory",""
38458,103302604,44325082,"Active",1636,"IC50","=",0.414,"In vitro inhibitory concentration against angiotensin-converting enzyme","Confirmatory",""
38458,103302612,44325086,"Active",1636,"IC50","=",0.24,"In vitro inhibitory concentration against angiotensin-converting enzyme","Confirmatory",""
38458,103302613,44325087,"Active",1636,"IC50","=",0.122,"In vitro inhibitory concentration against angiotensin-converting enzyme","Confirmatory",""
38458,103302620,44325092,"Active",1636,"IC50","=",0.117,"In vitro inhibitory concentration against angiotensin-converting enzyme","Confirmatory",""
38458,103302622,44325093,"Active",1636,"IC50","=",0.731,"In vitro inhibitory concentration against angiotensin-converting enzyme","Confirmatory",""
38458,103302623,44325094,"Unspecified",1636,"IC50",">",1,"In vitro inhibitory concentration against angiotensin-converting enzyme","Confirmatory",""
38458,103302624,44325095,"Active",1636,"IC50","=",0.665,"In vitro inhibitory concentration against angiotensin-converting enzyme","Confirmatory",""
38458,103302638,44325102,"Active",1636,"IC50","=",0.065,"In vitro inhibitory concentration against angiotensin-converting enzyme","Confirmatory",""
38458,103302799,44325166,"Active",1636,"IC50","=",0.053,"In vitro inhibitory concentration against angiotensin-converting enzyme","Confirmatory",""
38458,103302811,44325169,"Active",1636,"IC50","=",0.473,"In vitro inhibitory concentration against angiotensin-converting enzyme","Confirmatory",""
38458,103302845,10432045,"Active",1636,"IC50","=",0.092,"In vitro inhibitory concentration against angiotensin-converting enzyme","Confirmatory",""
38458,103302911,44325207,"Active",1636,"IC50","=",0.044,"In vitro inhibitory concentration against angiotensin-converting enzyme","Confirmatory",""
38458,103302946,44325221,"Unspecified",1636,"IC50",">",1,"In vitro inhibitory concentration against angiotensin-converting enzyme","Confirmatory",""
38458,103302947,44325222,"Active",1636,"IC50","=",0.138,"In vitro inhibitory concentration against angiotensin-converting enzyme","Confirmatory",""
38458,103302949,44325223,"Unspecified",1636,"IC50",">",1,"In vitro inhibitory concentration against angiotensin-converting enzyme","Confirmatory",""
38458,103302975,44325232,"Active",1636,"IC50","=",0.16,"In vitro inhibitory concentration against angiotensin-converting enzyme","Confirmatory",""
38458,103302996,44325246,"Unspecified",1636,"IC50",">",1,"In vitro inhibitory concentration against angiotensin-converting enzyme","Confirmatory",""
38458,103302997,44325247,"Active",1636,"IC50","=",0.498,"In vitro inhibitory concentration against angiotensin-converting enzyme","Confirmatory",""
38458,103303105,44325303,"Unspecified",1636,"IC50",">",1,"In vitro inhibitory concentration against angiotensin-converting enzyme","Confirmatory",""
38458,103437995,44386919,"Active",1636,"IC50","=",0.656,"In vitro inhibitory concentration against angiotensin-converting enzyme","Confirmatory",""
38458,103581295,44093,"Active",1636,"IC50","=",0.01,"In vitro inhibitory concentration against angiotensin-converting enzyme","Confirmatory",""
38459,103202321,130842,"Active",1636,"IC50","=",9.4,"Inhibitory activity against angiotensin converting enzyme","Confirmatory",""
38459,103309343,44328238,"Active",1636,"IC50","=",0.07,"Inhibitory activity against angiotensin converting enzyme","Confirmatory",""
38460,103298185,44323100,"Active",1636,"IC50","=",0.043,"In vitro inhibition against angiotensin converting enzyme (ACE)","Confirmatory",""
38460,103298186,44323101,"Active",1636,"IC50","=",0.253,"In vitro inhibition against angiotensin converting enzyme (ACE)","Confirmatory",""
38460,103298217,44323117,"Active",1636,"IC50","=",0.042,"In vitro inhibition against angiotensin converting enzyme (ACE)","Confirmatory",""
38460,103298224,44323123,"Active",1636,"IC50","=",0.506,"In vitro inhibition against angiotensin converting enzyme (ACE)","Confirmatory",""
38460,103298381,44323191,"Active",1636,"IC50","=",0.147,"In vitro inhibition against angiotensin converting enzyme (ACE)","Confirmatory",""
38460,103298383,44323192,"Active",1636,"IC50","=",0.018,"In vitro inhibition against angiotensin converting enzyme (ACE)","Confirmatory",""
38460,103298593,44323289,"Active",1636,"IC50","=",0.696,"In vitro inhibition against angiotensin converting enzyme (ACE)","Confirmatory",""
38460,103298885,9822849,"Active",1636,"IC50","=",0.087,"In vitro inhibition against angiotensin converting enzyme (ACE)","Confirmatory",""
38461,103391367,44364646,"Active",1636,"IC50","=",0.062,"Inhibition of angiotensin converting enzyme (ACE)","Confirmatory",""
38461,103415867,10458734,"Active",1636,"IC50","=",0.057,"Inhibition of angiotensin converting enzyme (ACE)","Confirmatory",""
38461,103416035,44376644,"Active",1636,"IC50","=",0.319,"Inhibition of angiotensin converting enzyme (ACE)","Confirmatory",""
38461,103416065,44376661,"Active",1636,"IC50","=",0.175,"Inhibition of angiotensin converting enzyme (ACE)","Confirmatory",""
38461,103416072,44376665,"Active",1636,"IC50","=",0.1,"Inhibition of angiotensin converting enzyme (ACE)","Confirmatory",""
38461,103416119,44376688,"Active",1636,"IC50","=",0.183,"Inhibition of angiotensin converting enzyme (ACE)","Confirmatory",""
38461,103416147,44376704,"Active",1636,"IC50","=",0.018,"Inhibition of angiotensin converting enzyme (ACE)","Confirmatory",""
38461,103416148,44376705,"Active",1636,"IC50","=",0.014,"Inhibition of angiotensin converting enzyme (ACE)","Confirmatory",""
38461,103416472,44376860,"Active",1636,"IC50","=",0.027,"Inhibition of angiotensin converting enzyme (ACE)","Confirmatory",""
38461,103416503,44376881,"Active",1636,"IC50","=",0.304,"Inhibition of angiotensin converting enzyme (ACE)","Confirmatory",""
38461,103416549,44376922,"Active",1636,"IC50","=",0.378,"Inhibition of angiotensin converting enzyme (ACE)","Confirmatory",""
38461,103416587,44376945,"Active",1636,"IC50","=",0.229,"Inhibition of angiotensin converting enzyme (ACE)","Confirmatory",""
38461,103416919,44377126,"Active",1636,"IC50","=",0.08,"Inhibition of angiotensin converting enzyme (ACE)","Confirmatory",""
38461,103416944,44377139,"Active",1636,"IC50","=",0.688,"Inhibition of angiotensin converting enzyme (ACE)","Confirmatory",""
38462,103220730,14253297,"Unspecified",1636,"","","","Time during which ACE inhibition is greater than or equal to 30% in Hog plasma","Other",2160536
38463,103165488,5311447,"Unspecified",1636,"","","","Compound was tested for inhibitory activity against angiotensin converting enzyme when administered intraperitoneally to anesthetized dogs","Other",2544729
38849,103169954,3132,"Active",1636,"IC50","=",0.31623,"Inhibition of angiotensin I converting enzyme in silico","Confirmatory",9379435
38849,103170078,335542,"Active",1636,"IC50","=",0.01,"Inhibition of angiotensin I converting enzyme in silico","Confirmatory",9379435
38849,103179234,5462501,"Active",1636,"IC50","=",0.003981,"Inhibition of angiotensin I converting enzyme in silico","Confirmatory",9379435
38849,103191484,494324,"Active",1636,"IC50","=",0.01259,"Inhibition of angiotensin I converting enzyme in silico","Confirmatory",9379435
38849,103219102,4802,"Active",1636,"IC50","=",0.005012,"Inhibition of angiotensin I converting enzyme in silico","Confirmatory",9379435
38849,103219715,133842,"Unspecified",1636,"IC50","=",1e+06,"Inhibition of angiotensin I converting enzyme in silico","Confirmatory",9379435
38849,103255320,14212863,"Active",1636,"IC50","=",0.02512,"Inhibition of angiotensin I converting enzyme in silico","Confirmatory",9379435
38849,103280982,10475845,"Active",1636,"IC50","=",0.01,"Inhibition of angiotensin I converting enzyme in silico","Confirmatory",9379435
38849,103328098,44337491,"Active",1636,"IC50","=",0.005012,"Inhibition of angiotensin I converting enzyme in silico","Confirmatory",9379435
38849,103328099,137365,"Active",1636,"IC50","=",0.03162,"Inhibition of angiotensin I converting enzyme in silico","Confirmatory",9379435
38849,103328416,13136851,"Active",1636,"IC50","=",0.01259,"Inhibition of angiotensin I converting enzyme in silico","Confirmatory",9379435
38849,103328417,13749504,"Active",1636,"IC50","=",0.01,"Inhibition of angiotensin I converting enzyme in silico","Confirmatory",9379435
38849,103328448,13241661,"Active",1636,"IC50","=",0.001995,"Inhibition of angiotensin I converting enzyme in silico","Confirmatory",9379435
38849,103328458,20557515,"Active",1636,"IC50","=",0.003162,"Inhibition of angiotensin I converting enzyme in silico","Confirmatory",9379435
38849,103328663,13144519,"Active",1636,"IC50","=",2.51189,"Inhibition of angiotensin I converting enzyme in silico","Confirmatory",9379435
38849,103328672,44337754,"Active",1636,"IC50","=",0.003162,"Inhibition of angiotensin I converting enzyme in silico","Confirmatory",9379435
38849,103328695,44337769,"Active",1636,"IC50","=",0.0007943,"Inhibition of angiotensin I converting enzyme in silico","Confirmatory",9379435
38849,103328700,13652520,"Active",1636,"IC50","=",0.01,"Inhibition of angiotensin I converting enzyme in silico","Confirmatory",9379435
38849,103328709,122113,"Active",1636,"IC50","=",0.01995,"Inhibition of angiotensin I converting enzyme in silico","Confirmatory",9379435
38849,103328718,20430901,"Active",1636,"IC50","=",0.15849,"Inhibition of angiotensin I converting enzyme in silico","Confirmatory",9379435
38849,103328732,3937,"Active",1636,"IC50","=",0.003981,"Inhibition of angiotensin I converting enzyme in silico","Confirmatory",9379435
38849,103328745,20430913,"Active",1636,"IC50","=",0.12589,"Inhibition of angiotensin I converting enzyme in silico","Confirmatory",9379435
38849,103328746,20445899,"Active",1636,"IC50","=",0.007943,"Inhibition of angiotensin I converting enzyme in silico","Confirmatory",9379435
38849,103328756,44337791,"Unspecified",1636,"IC50","=",1e+06,"Inhibition of angiotensin I converting enzyme in silico","Confirmatory",9379435
38849,103328757,20430909,"Active",1636,"IC50","=",0.0631,"Inhibition of angiotensin I converting enzyme in silico","Confirmatory",9379435
38849,103328768,13144530,"Active",1636,"IC50","=",3.16228,"Inhibition of angiotensin I converting enzyme in silico","Confirmatory",9379435
38849,103328769,13144539,"Active",1636,"IC50","=",0.12589,"Inhibition of angiotensin I converting enzyme in silico","Confirmatory",9379435
38849,103328788,13335293,"Active",1636,"IC50","=",0.03981,"Inhibition of angiotensin I converting enzyme in silico","Confirmatory",9379435
38849,103328811,23330158,"Active",1636,"IC50","=",0.03162,"Inhibition of angiotensin I converting enzyme in silico","Confirmatory",9379435
38849,103581295,44093,"Active",1636,"IC50","=",0.07943,"Inhibition of angiotensin I converting enzyme in silico","Confirmatory",9379435
38850,103170762,99978,"Unspecified",1636,"IC50","=",1800,"Inhibition of Angiotensin I converting enzyme","Confirmatory",2983076
38850,103214636,13375125,"Active",1636,"IC50","=",0.003,"Inhibition of Angiotensin I converting enzyme","Confirmatory",2983076
38850,103280618,44317006,"Active",1636,"IC50","=",0.2,"Inhibition of Angiotensin I converting enzyme","Confirmatory",2983076
38850,103281056,44317203,"Active",1636,"IC50","=",0.009,"Inhibition of Angiotensin I converting enzyme","Confirmatory",2983076
38850,103328709,122113,"Active",1636,"IC50","=",0.065,"Inhibition of Angiotensin I converting enzyme","Confirmatory",2983076
38850,103362593,44352073,"Active",1636,"IC50","=",0.0006,"Inhibition of Angiotensin I converting enzyme","Confirmatory",2983076
38850,103362613,114973,"Active",1636,"IC50","=",0.0032,"Inhibition of Angiotensin I converting enzyme","Confirmatory",2983076
38850,103362633,44352086,"Active",1636,"IC50","=",0.65,"Inhibition of Angiotensin I converting enzyme","Confirmatory",2983076
38850,103581295,44093,"Active",1636,"IC50","=",0.02,"Inhibition of Angiotensin I converting enzyme","Confirmatory",2983076
38850,103734870,22818650,"Active",1636,"IC50","=",0.0037,"Inhibition of Angiotensin I converting enzyme","Confirmatory",2983076
38850,164139023,71718514,"Active",1636,"IC50","=",0.0012,"Inhibition of Angiotensin I converting enzyme","Confirmatory",2983076
38851,103235075,15380817,"Active",1636,"IC50","=",0.284,"Inhibition of Angiotensin I converting enzyme","Confirmatory",""
38851,103235076,15838530,"Active",1636,"IC50","=",0.025,"Inhibition of Angiotensin I converting enzyme","Confirmatory",""
38851,103235123,9801007,"Active",1636,"IC50","=",0.012,"Inhibition of Angiotensin I converting enzyme","Confirmatory",""
38851,103235279,15838528,"Active",1636,"IC50","=",0.033,"Inhibition of Angiotensin I converting enzyme","Confirmatory",""
38851,103235315,11792153,"Active",1636,"IC50","=",0.022,"Inhibition of Angiotensin I converting enzyme","Confirmatory",""
38851,103235564,44295920,"Active",1636,"IC50","=",0.063,"Inhibition of Angiotensin I converting enzyme","Confirmatory",""
38851,103235564,44295920,"Active",1636,"IC50","=",0.183,"Inhibition of Angiotensin I converting enzyme","Confirmatory",""
38851,103235600,44295939,"Active",1636,"IC50","=",0.0063,"Inhibition of Angiotensin I converting enzyme","Confirmatory",""
38851,103235602,44295941,"Active",1636,"IC50","=",0.024,"Inhibition of Angiotensin I converting enzyme","Confirmatory",""
38851,103235615,15380816,"Active",1636,"IC50","=",0.306,"Inhibition of Angiotensin I converting enzyme","Confirmatory",""
38851,103235637,44295958,"Active",1636,"IC50","=",0.0054,"Inhibition of Angiotensin I converting enzyme","Confirmatory",""
38851,103235650,44295966,"Active",1636,"IC50","=",0.014,"Inhibition of Angiotensin I converting enzyme","Confirmatory",""
38851,103235695,44295979,"Active",1636,"IC50","=",0.022,"Inhibition of Angiotensin I converting enzyme","Confirmatory",""
38852,103179234,5462501,"Active",1636,"IC50","=",0.0012,"In vitro inhibitory activity against Angiotensin I converting enzyme","Confirmatory",2984419
38852,103201712,9840601,"Active",1636,"IC50","=",1.4,"In vitro inhibitory activity against Angiotensin I converting enzyme","Confirmatory",2984419
38852,103202323,156271,"Active",1636,"IC50","=",0.012,"In vitro inhibitory activity against Angiotensin I converting enzyme","Confirmatory",2984419
38852,103375669,44358246,"Active",1636,"IC50","=",0.0029,"In vitro inhibitory activity against Angiotensin I converting enzyme","Confirmatory",2984419
38852,103375694,44358261,"Active",1636,"IC50","=",0.0085,"In vitro inhibitory activity against Angiotensin I converting enzyme","Confirmatory",2984419
38852,103375763,44358282,"Active",1636,"IC50","=",0.0054,"In vitro inhibitory activity against Angiotensin I converting enzyme","Confirmatory",2984419
38852,103376079,44358403,"Unspecified",1636,"IC50","=",2600,"In vitro inhibitory activity against Angiotensin I converting enzyme","Confirmatory",2984419
38852,103376120,44358418,"Active",1636,"IC50","=",0.0029,"In vitro inhibitory activity against Angiotensin I converting enzyme","Confirmatory",2984419
38852,103376168,44358438,"Active",1636,"IC50","=",0.006,"In vitro inhibitory activity against Angiotensin I converting enzyme","Confirmatory",2984419
38852,103376169,44358439,"Active",1636,"IC50","=",0.0094,"In vitro inhibitory activity against Angiotensin I converting enzyme","Confirmatory",2984419
38852,103581295,44093,"Active",1636,"IC50","=",0.02,"In vitro inhibitory activity against Angiotensin I converting enzyme","Confirmatory",2984419
38852,163312499,71449055,"Active",1636,"IC50","=",0.04,"In vitro inhibitory activity against Angiotensin I converting enzyme","Confirmatory",2984419
38852,163312500,71449056,"Active",1636,"IC50","=",1.4,"In vitro inhibitory activity against Angiotensin I converting enzyme","Confirmatory",2984419
38852,163322775,71454428,"Active",1636,"IC50","=",0.0048,"In vitro inhibitory activity against Angiotensin I converting enzyme","Confirmatory",2984419
38852,163322886,54039314,"Active",1636,"IC50","=",0.0077,"In vitro inhibitory activity against Angiotensin I converting enzyme","Confirmatory",2984419
38852,163326306,54082602,"Active",1636,"IC50","=",0.017,"In vitro inhibitory activity against Angiotensin I converting enzyme","Confirmatory",2984419
38852,163329692,54560245,"Active",1636,"IC50","=",0.003,"In vitro inhibitory activity against Angiotensin I converting enzyme","Confirmatory",2984419
38852,174494564,54395218,"Active",1636,"IC50","=",0.7,"In vitro inhibitory activity against Angiotensin I converting enzyme","Confirmatory",2984419
38852,174500356,10393285,"Active",1636,"IC50","=",0.05,"In vitro inhibitory activity against Angiotensin I converting enzyme","Confirmatory",2984419
38852,174505514,114973,"Active",1636,"IC50","=",2.7,"In vitro inhibitory activity against Angiotensin I converting enzyme","Confirmatory",2984419
38852,174520918,54268836,"Unspecified",1636,"IC50","=",330,"In vitro inhibitory activity against Angiotensin I converting enzyme","Confirmatory",2984419
38853,103179234,5462501,"Active",1636,"IC50","=",0.0026,"Compound tested in vitro for inhibition of Angiotensin I converting enzyme","Confirmatory",2544729
38853,103179319,5388962,"Active",1636,"IC50","=",1.273,"Compound tested in vitro for inhibition of Angiotensin I converting enzyme","Confirmatory",2544729
38853,103179421,3033702,"Active",1636,"IC50","=",0.0008,"Compound tested in vitro for inhibition of Angiotensin I converting enzyme","Confirmatory",2544729
38853,103220190,14540994,"Active",1636,"IC50","=",0.2,"Compound tested in vitro for inhibition of Angiotensin I converting enzyme","Confirmatory",2544729
38853,103220226,14540996,"Active",1636,"IC50","=",0.0005,"Compound tested in vitro for inhibition of Angiotensin I converting enzyme","Confirmatory",2544729
38853,103581295,44093,"Active",1636,"IC50","=",0.0129,"Compound tested in vitro for inhibition of Angiotensin I converting enzyme","Confirmatory",2544729
38854,103581295,44093,"Active",1636,"IC50","=",0.03,"Compound was tested for inhibitory activity against Angiotensin I converting enzyme","Confirmatory",""
38855,103275522,443600,"Unspecified",1636,"IC50",">",100,"Compound was tested for its inhibitory activity against Angiotensin I converting enzyme","Confirmatory",11551755
38855,103294319,159596,"Unspecified",1636,"IC50",">",100,"Compound was tested for its inhibitory activity against Angiotensin I converting enzyme","Confirmatory",11551755
38856,103294320,22096205,"Inconclusive",1636,"","","","Compound was tested for its inhibitory activity against Angiotensin I converting enzyme; ND=Not determined","Other",11551755
38857,103179319,5388962,"Active",1636,"IC50","=",0.14,"Compound was tested for its inhibitory potency against Angiotensin I converting enzyme","Confirmatory",1995872
38858,103687918,107994,"Active",1636,"IC50","=",0.0029,"Compound was tested for its inhibitory potency against angiotensin I converting enzyme","Confirmatory",1995872
38859,103179234,5462501,"Active",1636,"IC50","=",0.0031,"Compound was tested for its inhibitory potency against angiotensin I converting enzyme.","Confirmatory",1995872
38859,103590286,54892,"Active",1636,"IC50","=",0.0083,"Compound was tested for its inhibitory potency against angiotensin I converting enzyme.","Confirmatory",1995872
38860,103179319,5388962,"Active",1636,"IC50","=",0.0045,"In vitro inhibitory activity against Angiotensin I converting enzyme","Confirmatory",2999394
38860,103220004,13500781,"Inconclusive",1636,"IC50","","","In vitro inhibitory activity against Angiotensin I converting enzyme","Confirmatory",2999394
38860,103220041,13500803,"Inconclusive",1636,"IC50","","","In vitro inhibitory activity against Angiotensin I converting enzyme","Confirmatory",2999394
38860,103220043,13339952,"Active",1636,"IC50","=",0.013,"In vitro inhibitory activity against Angiotensin I converting enzyme","Confirmatory",2999394
38860,103220235,13500795,"Active",1636,"IC50","=",0.005,"In vitro inhibitory activity against Angiotensin I converting enzyme","Confirmatory",2999394
38860,103220264,71320,"Active",1636,"IC50","=",0.007,"In vitro inhibitory activity against Angiotensin I converting enzyme","Confirmatory",2999394
38860,103220265,13500793,"Active",1636,"IC50","=",1,"In vitro inhibitory activity against Angiotensin I converting enzyme","Confirmatory",2999394
38860,103220290,13500790,"Active",1636,"IC50","=",0.045,"In vitro inhibitory activity against Angiotensin I converting enzyme","Confirmatory",2999394
38860,103220292,13500798,"Active",1636,"IC50","=",2.6,"In vitro inhibitory activity against Angiotensin I converting enzyme","Confirmatory",2999394
38860,103220319,13500788,"Active",1636,"IC50","=",0.54,"In vitro inhibitory activity against Angiotensin I converting enzyme","Confirmatory",2999394
38860,103220321,44288065,"Active",1636,"IC50","=",0.013,"In vitro inhibitory activity against Angiotensin I converting enzyme","Confirmatory",2999394
38860,103220358,13500778,"Active",1636,"IC50","=",0.0085,"In vitro inhibitory activity against Angiotensin I converting enzyme","Confirmatory",2999394
38860,103220427,13500752,"Active",1636,"IC50","=",0.015,"In vitro inhibitory activity against Angiotensin I converting enzyme","Confirmatory",2999394
38860,103220492,13500805,"Active",1636,"IC50","=",0.006,"In vitro inhibitory activity against Angiotensin I converting enzyme","Confirmatory",2999394
38860,103220506,13500754,"Active",1636,"IC50","=",0.004,"In vitro inhibitory activity against Angiotensin I converting enzyme","Confirmatory",2999394
38860,103220528,13500800,"Active",1636,"IC50","=",0.0065,"In vitro inhibitory activity against Angiotensin I converting enzyme","Confirmatory",2999394
38860,103220544,13500765,"Active",1636,"IC50","=",0.0029,"In vitro inhibitory activity against Angiotensin I converting enzyme","Confirmatory",2999394
38860,103220545,18601751,"Active",1636,"IC50","=",0.01,"In vitro inhibitory activity against Angiotensin I converting enzyme","Confirmatory",2999394
38860,103220546,13500748,"Active",1636,"IC50","=",0.04,"In vitro inhibitory activity against Angiotensin I converting enzyme","Confirmatory",2999394
38860,103220801,13500773,"Active",1636,"IC50","=",0.004,"In vitro inhibitory activity against Angiotensin I converting enzyme","Confirmatory",2999394
38860,103220803,13500770,"Active",1636,"IC50","=",0.007,"In vitro inhibitory activity against Angiotensin I converting enzyme","Confirmatory",2999394
38860,103220832,13500776,"Inconclusive",1636,"IC50","","","In vitro inhibitory activity against Angiotensin I converting enzyme","Confirmatory",2999394
38860,103220834,44288362,"Inconclusive",1636,"IC50","","","In vitro inhibitory activity against Angiotensin I converting enzyme","Confirmatory",2999394
38860,103220884,44288391,"Inconclusive",1636,"IC50","","","In vitro inhibitory activity against Angiotensin I converting enzyme","Confirmatory",2999394
38860,103220914,13500757,"Inconclusive",1636,"IC50","","","In vitro inhibitory activity against Angiotensin I converting enzyme","Confirmatory",2999394
38860,103220938,13500808,"Inconclusive",1636,"IC50","","","In vitro inhibitory activity against Angiotensin I converting enzyme","Confirmatory",2999394
38860,103581295,44093,"Active",1636,"IC50","=",0.015,"In vitro inhibitory activity against Angiotensin I converting enzyme","Confirmatory",2999394
38861,103231075,10718956,"Unspecified",1636,"IC50",">",1,"Inhibitory activity against Angiotensin I converting enzyme","Confirmatory",9484512
38861,103408486,9959014,"Unspecified",1636,"IC50",">",1,"Inhibitory activity against Angiotensin I converting enzyme","Confirmatory",9484512
38861,103408825,11797382,"Unspecified",1636,"IC50",">",1,"Inhibitory activity against Angiotensin I converting enzyme","Confirmatory",9484512
38861,103408849,9870100,"Unspecified",1636,"IC50",">",1,"Inhibitory activity against Angiotensin I converting enzyme","Confirmatory",9484512
38861,103409037,10789594,"Unspecified",1636,"IC50",">",1,"Inhibitory activity against Angiotensin I converting enzyme","Confirmatory",9484512
38861,103409183,10785969,"Unspecified",1636,"IC50",">",1,"Inhibitory activity against Angiotensin I converting enzyme","Confirmatory",9484512
38862,103294329,44321145,"Unspecified",1636,"IC50","=",12,"Inhibitory concentration (isomer A) against Angiotensin I converting enzyme","Confirmatory",3005569
38862,103294366,13749498,"Active",1636,"IC50","=",0.7,"Inhibitory concentration (isomer A) against Angiotensin I converting enzyme","Confirmatory",3005569
38862,103294971,23322524,"Active",1636,"IC50","=",1.7,"Inhibitory concentration (isomer A) against Angiotensin I converting enzyme","Confirmatory",3005569
38862,103294998,13608331,"Active",1636,"IC50","=",1.3,"Inhibitory concentration (isomer A) against Angiotensin I converting enzyme","Confirmatory",3005569
38862,103295036,44321532,"Active",1636,"IC50","=",0.43,"Inhibitory concentration (isomer A) against Angiotensin I converting enzyme","Confirmatory",3005569
38863,103294329,44321145,"Unspecified",1636,"IC50","=",19,"Inhibitory concentration (isomer B) against Angiotensin I converting enzyme","Confirmatory",3005569
38863,103294366,13749498,"Active",1636,"IC50","=",0.019,"Inhibitory concentration (isomer B) against Angiotensin I converting enzyme","Confirmatory",3005569
38863,103294971,23322524,"Active",1636,"IC50","=",0.0048,"Inhibitory concentration (isomer B) against Angiotensin I converting enzyme","Confirmatory",3005569
38863,103294998,13608331,"Active",1636,"IC50","=",0.0081,"Inhibitory concentration (isomer B) against Angiotensin I converting enzyme","Confirmatory",3005569
38863,103295036,44321532,"Active",1636,"IC50","=",1.7,"Inhibitory concentration (isomer B) against Angiotensin I converting enzyme","Confirmatory",3005569
38863,163316118,54311655,"Active",1636,"IC50","=",0.002,"Inhibitory concentration (isomer B) against Angiotensin I converting enzyme","Confirmatory",3005569
38863,312365786,118718824,"Active",1636,"IC50","=",0.092,"Inhibitory concentration (isomer B) against Angiotensin I converting enzyme","Confirmatory",3005569
38864,103179234,5462501,"Active",1636,"IC50","=",0.0012,"Inhibitory concentration against Angiotensin I converting enzyme","Confirmatory",3005569
38864,103205181,83525,"Unspecified",1636,"IC50","=",42,"Inhibitory concentration against Angiotensin I converting enzyme","Confirmatory",3005569
38864,103294175,13608313,"Unspecified",1636,"IC50","=",440,"Inhibitory concentration against Angiotensin I converting enzyme","Confirmatory",3005569
38864,103294176,13749496,"Unspecified",1636,"IC50","=",480,"Inhibitory concentration against Angiotensin I converting enzyme","Confirmatory",3005569
38864,103294177,18542459,"Unspecified",1636,"IC50","=",1700,"Inhibitory concentration against Angiotensin I converting enzyme","Confirmatory",3005569
38865,103294970,11579172,"Unspecified","","","","","Inhibitory concentration against Angiotensin I converting enzyme; IA is Inactive with 0% inhibition at 3.3 x 10e-4;","Other",3005569
38866,103391825,10664538,"Active",1636,"IC50","=",0.725,"Inhibitory concentration required to inhibit Angiotensin I converting enzyme (ACE)","Confirmatory",9046341
38866,103391850,44364784,"Unspecified",1636,"IC50",">",10,"Inhibitory concentration required to inhibit Angiotensin I converting enzyme (ACE)","Confirmatory",9046341
38866,103391877,10735551,"Unspecified",1636,"IC50",">",10,"Inhibitory concentration required to inhibit Angiotensin I converting enzyme (ACE)","Confirmatory",9046341
38866,103392220,10494952,"Unspecified",1636,"IC50",">",10,"Inhibitory concentration required to inhibit Angiotensin I converting enzyme (ACE)","Confirmatory",9046341
38866,103392221,10829618,"Active",1636,"IC50","=",8,"Inhibitory concentration required to inhibit Angiotensin I converting enzyme (ACE)","Confirmatory",9046341
38866,103392247,9839564,"Unspecified",1636,"IC50",">",10,"Inhibitory concentration required to inhibit Angiotensin I converting enzyme (ACE)","Confirmatory",9046341
38866,103392249,10496022,"Active",1636,"IC50","=",2,"Inhibitory concentration required to inhibit Angiotensin I converting enzyme (ACE)","Confirmatory",9046341
38866,103392303,44364906,"Active",1636,"IC50","=",6,"Inhibitory concentration required to inhibit Angiotensin I converting enzyme (ACE)","Confirmatory",9046341
38866,103392323,44364917,"Active",1636,"IC50","=",0.47,"Inhibitory concentration required to inhibit Angiotensin I converting enzyme (ACE)","Confirmatory",9046341
38866,103392325,10759256,"Unspecified",1636,"IC50",">",10,"Inhibitory concentration required to inhibit Angiotensin I converting enzyme (ACE)","Confirmatory",9046341
38866,103393021,44365196,"Active",1636,"IC50","=",0.5,"Inhibitory concentration required to inhibit Angiotensin I converting enzyme (ACE)","Confirmatory",9046341
38866,103393166,10710922,"Active",1636,"IC50","=",1.4,"Inhibitory concentration required to inhibit Angiotensin I converting enzyme (ACE)","Confirmatory",9046341
38866,103393564,9840687,"Active",1636,"IC50","=",0.175,"Inhibitory concentration required to inhibit Angiotensin I converting enzyme (ACE)","Confirmatory",9046341
38866,103393696,10041763,"Active",1636,"IC50","=",0.004,"Inhibitory concentration required to inhibit Angiotensin I converting enzyme (ACE)","Confirmatory",9046341
38866,103393697,10759255,"Active",1636,"IC50","=",0.118,"Inhibitory concentration required to inhibit Angiotensin I converting enzyme (ACE)","Confirmatory",9046341
38867,103392299,10689164,"Inconclusive",1636,"","","","Inhibitory concentration required to inhibit Angiotensin I converting enzyme (ACE); Not tested","Other",9046341
38868,103301843,7408195,"Active",1636,"IC50","=",3.7,"Inhibition against ACE.","Confirmatory",7966160
38868,103301949,168182,"Active",1636,"IC50","=",1.7,"Inhibition against ACE.","Confirmatory",7966160
38868,103363306,44352389,"Active",1636,"IC50","=",4.2,"Inhibition against ACE.","Confirmatory",7966160
38868,103363325,44352399,"Active",1636,"IC50","=",0.7,"Inhibition against ACE.","Confirmatory",7966160
38868,103363334,7408255,"Active",1636,"IC50","=",2.3,"Inhibition against ACE.","Confirmatory",7966160
38868,103363374,44352420,"Unspecified",1636,"IC50","=",78,"Inhibition against ACE.","Confirmatory",7966160
38868,103363527,44352485,"Unspecified",1636,"IC50","=",16,"Inhibition against ACE.","Confirmatory",7966160
38869,174520918,54268836,"Unspecified",1636,"","","","In vitro inhibitory activity against Angiotensin I converting enzyme","Other",2984419
38870,103276403,44314997,"Unspecified",1636,"Ki","=",50,"Binding affinity against Angiotensin I converting enzyme","Confirmatory",""
38871,103280133,14212864,"Active",1636,"Ki","=",0.0005,"Compound was evaluated for the inhibition of Angiotensin I converting enzyme","Confirmatory",2983076
38871,103761108,5490790,"Active",1636,"Ki","=",0.0014,"Compound was evaluated for the inhibition of Angiotensin I converting enzyme","Confirmatory",2983076
38872,103170755,12854254,"Active",1636,"Ki","=",0.1,"Compound was evaluated for the inhibition of Angiotensin I converting enzyme","Confirmatory",2566685
38873,103394129,44365739,"Active",1636,"Ki","=",0.0012,"Compound was tested for its inhibitory potency against angiotensin I converting enzyme.","Confirmatory",1995872
38874,131287209,54587395,"Active",1636,"Ki","=",0.00016,"Enzyme inhibitory activity towards Angiotensin I converting enzyme","Confirmatory",10508425
38875,103205181,83525,"Unspecified",1636,"Ki","=",50,"Inhibitory activity against Angiotensin I converting enzyme","Confirmatory",""
38875,103348162,44346192,"Active",1636,"Ki","=",0.1,"Inhibitory activity against Angiotensin I converting enzyme","Confirmatory",""
38875,103421671,44379187,"Active",1636,"Ki","=",0.0017,"Inhibitory activity against Angiotensin I converting enzyme","Confirmatory",""
38876,103167246,6993120,"Unspecified",1636,"IC50","=",52.4808,"Biological activity was measured against Angiotensin I converting enzyme","Confirmatory",7629809
38876,103182067,5491963,"Unspecified",1636,"IC50","=",3801.89,"Biological activity was measured against Angiotensin I converting enzyme","Confirmatory",7629809
38876,103182068,5484352,"Unspecified",1636,"IC50","=",616.595,"Biological activity was measured against Angiotensin I converting enzyme","Confirmatory",7629809
38876,103239670,92953,"Unspecified",1636,"IC50","=",630.957,"Biological activity was measured against Angiotensin I converting enzyme","Confirmatory",7629809
38876,103241520,6992869,"Unspecified",1636,"IC50","=",1202.26,"Biological activity was measured against Angiotensin I converting enzyme","Confirmatory",7629809
38876,103241548,2724807,"Unspecified",1636,"IC50","=",4570.88,"Biological activity was measured against Angiotensin I converting enzyme","Confirmatory",7629809
38876,103241574,88079,"Unspecified",1636,"IC50","=",1202.26,"Biological activity was measured against Angiotensin I converting enzyme","Confirmatory",7629809
38876,103241864,7019085,"Active",1636,"IC50","=",1.99526,"Biological activity was measured against Angiotensin I converting enzyme","Confirmatory",7629809
38876,103241906,92829,"Unspecified",1636,"IC50","=",208.93,"Biological activity was measured against Angiotensin I converting enzyme","Confirmatory",7629809
38876,103241907,92181,"Unspecified",1636,"IC50","=",30.1995,"Biological activity was measured against Angiotensin I converting enzyme","Confirmatory",7629809
38876,103242200,6426709,"Unspecified",1636,"IC50","=",16982.4,"Biological activity was measured against Angiotensin I converting enzyme","Confirmatory",7629809
38876,103242244,92843,"Unspecified",1636,"IC50","=",2511.89,"Biological activity was measured against Angiotensin I converting enzyme","Confirmatory",7629809
38876,103242284,11163,"Unspecified",1636,"IC50","=",7244.36,"Biological activity was measured against Angiotensin I converting enzyme","Confirmatory",7629809
38876,103242311,6993111,"Unspecified",1636,"IC50","=",1096.48,"Biological activity was measured against Angiotensin I converting enzyme","Confirmatory",7629809
38876,103242343,96814,"Unspecified",1636,"IC50","=",190.546,"Biological activity was measured against Angiotensin I converting enzyme","Confirmatory",7629809
38876,103242455,81721,"Unspecified",1636,"IC50","=",309.03,"Biological activity was measured against Angiotensin I converting enzyme","Confirmatory",7629809
38876,103242456,97364,"Unspecified",1636,"IC50","=",8709.64,"Biological activity was measured against Angiotensin I converting enzyme","Confirmatory",7629809
38876,103260947,150903,"Unspecified",1636,"IC50","=",912.011,"Biological activity was measured against Angiotensin I converting enzyme","Confirmatory",7629809
38876,103280146,9837272,"Unspecified",1636,"IC50","=",416.869,"Biological activity was measured against Angiotensin I converting enzyme","Confirmatory",7629809
38876,103280451,3013625,"Unspecified",1636,"IC50","=",446.684,"Biological activity was measured against Angiotensin I converting enzyme","Confirmatory",7629809
38876,103300981,6427052,"Unspecified",1636,"IC50","=",10000,"Biological activity was measured against Angiotensin I converting enzyme","Confirmatory",7629809
38876,103300982,97363,"Unspecified",1636,"IC50","=",9120.11,"Biological activity was measured against Angiotensin I converting enzyme","Confirmatory",7629809
38876,103301151,7009644,"Unspecified",1636,"IC50","=",8511.38,"Biological activity was measured against Angiotensin I converting enzyme","Confirmatory",7629809
38876,103301152,6992691,"Unspecified",1636,"IC50","=",7413.1,"Biological activity was measured against Angiotensin I converting enzyme","Confirmatory",7629809
38876,103301153,123913,"Unspecified",1636,"IC50","=",7079.46,"Biological activity was measured against Angiotensin I converting enzyme","Confirmatory",7629809
38876,103301154,101179,"Unspecified",1636,"IC50","=",6309.57,"Biological activity was measured against Angiotensin I converting enzyme","Confirmatory",7629809
38876,103301164,150964,"Unspecified",1636,"IC50","=",229.087,"Biological activity was measured against Angiotensin I converting enzyme","Confirmatory",7629809
38876,103301192,85362,"Active",1636,"IC50","=",10,"Biological activity was measured against Angiotensin I converting enzyme","Confirmatory",7629809
38876,103301193,111257,"Unspecified",1636,"IC50","=",5754.4,"Biological activity was measured against Angiotensin I converting enzyme","Confirmatory",7629809
38876,103301197,3080576,"Unspecified",1636,"IC50","=",5370.32,"Biological activity was measured against Angiotensin I converting enzyme","Confirmatory",7629809
38876,103301198,73086,"Unspecified",1636,"IC50","=",3801.89,"Biological activity was measured against Angiotensin I converting enzyme","Confirmatory",7629809
38876,103301529,5496455,"Unspecified",1636,"IC50","=",457.088,"Biological activity was measured against Angiotensin I converting enzyme","Confirmatory",7629809
38876,103301570,7010504,"Unspecified",1636,"IC50","=",380.189,"Biological activity was measured against Angiotensin I converting enzyme","Confirmatory",7629809
38876,103301580,151148,"Unspecified",1636,"IC50","=",14125.4,"Biological activity was measured against Angiotensin I converting enzyme","Confirmatory",7629809
38876,103301599,44324624,"Unspecified",1636,"IC50","=",181.97,"Biological activity was measured against Angiotensin I converting enzyme","Confirmatory",7629809
38876,103301640,6992873,"Unspecified",1636,"IC50","=",128.825,"Biological activity was measured against Angiotensin I converting enzyme","Confirmatory",7629809
38876,103301641,92946,"Unspecified",1636,"IC50","=",87.0964,"Biological activity was measured against Angiotensin I converting enzyme","Confirmatory",7629809
38876,103301721,7022320,"Unspecified",1636,"IC50","=",3235.94,"Biological activity was measured against Angiotensin I converting enzyme","Confirmatory",7629809
38876,103301722,6426706,"Unspecified",1636,"IC50","=",3235.94,"Biological activity was measured against Angiotensin I converting enzyme","Confirmatory",7629809
38876,103301723,6998029,"Unspecified",1636,"IC50","=",2511.89,"Biological activity was measured against Angiotensin I converting enzyme","Confirmatory",7629809
38876,103301732,7009555,"Unspecified",1636,"IC50","=",21.8776,"Biological activity was measured against Angiotensin I converting enzyme","Confirmatory",7629809
38876,103301751,97054,"Unspecified",1636,"IC50","=",5888.44,"Biological activity was measured against Angiotensin I converting enzyme","Confirmatory",7629809
38876,103301762,6992930,"Unspecified",1636,"IC50","=",4786.3,"Biological activity was measured against Angiotensin I converting enzyme","Confirmatory",7629809
38876,103301765,1551643,"Unspecified",1636,"IC50","=",1995.26,"Biological activity was measured against Angiotensin I converting enzyme","Confirmatory",7629809
38876,103301766,151282,"Unspecified",1636,"IC50","=",1412.54,"Biological activity was measured against Angiotensin I converting enzyme","Confirmatory",7629809
38876,103301796,7021854,"Unspecified",1636,"IC50","=",1995.26,"Biological activity was measured against Angiotensin I converting enzyme","Confirmatory",7629809
38876,103301819,6992506,"Unspecified",1636,"IC50","=",10000,"Biological activity was measured against Angiotensin I converting enzyme","Confirmatory",7629809
38876,103301840,108985,"Unspecified",1636,"IC50","=",229.087,"Biological activity was measured against Angiotensin I converting enzyme","Confirmatory",7629809
38876,103301843,7408195,"Active",1636,"IC50","=",3.71535,"Biological activity was measured against Angiotensin I converting enzyme","Confirmatory",7629809
38876,103301857,189008,"Unspecified",1636,"IC50","=",3235.94,"Biological activity was measured against Angiotensin I converting enzyme","Confirmatory",7629809
38876,103301858,7020333,"Unspecified",1636,"IC50","=",457.088,"Biological activity was measured against Angiotensin I converting enzyme","Confirmatory",7629809
38876,103301859,7009596,"Unspecified",1636,"IC50","=",933.254,"Biological activity was measured against Angiotensin I converting enzyme","Confirmatory",7629809
38876,103301875,6427013,"Unspecified",1636,"IC50","=",10000,"Biological activity was measured against Angiotensin I converting enzyme","Confirmatory",7629809
38876,103301876,99278,"Unspecified",1636,"IC50","=",5370.32,"Biological activity was measured against Angiotensin I converting enzyme","Confirmatory",7629809
38876,103301905,7023107,"Unspecified",1636,"IC50","=",3090.3,"Biological activity was measured against Angiotensin I converting enzyme","Confirmatory",7629809
38876,103301948,7009653,"Unspecified",1636,"IC50","=",15.8489,"Biological activity was measured against Angiotensin I converting enzyme","Confirmatory",7629809
38876,103301949,168182,"Active",1636,"IC50","=",1.58489,"Biological activity was measured against Angiotensin I converting enzyme","Confirmatory",7629809
38877,103311366,22874524,"Active",1636,"IC50","=",0.089,"Inhibition of Angiotensin I converting enzyme","Confirmatory",""
38877,103311574,44329218,"Unspecified",1636,"IC50",">",1,"Inhibition of Angiotensin I converting enzyme","Confirmatory",""
38877,103311839,44329350,"Unspecified",1636,"IC50",">",1,"Inhibition of Angiotensin I converting enzyme","Confirmatory",""
38877,103312046,44329454,"Active",1636,"IC50","=",0.165,"Inhibition of Angiotensin I converting enzyme","Confirmatory",""
38877,103312075,22874526,"Active",1636,"IC50","=",0.03,"Inhibition of Angiotensin I converting enzyme","Confirmatory",""
38877,103312132,22874530,"Active",1636,"IC50","=",0.041,"Inhibition of Angiotensin I converting enzyme","Confirmatory",""
38877,103312184,22874522,"Active",1636,"IC50","<",0.1,"Inhibition of Angiotensin I converting enzyme","Confirmatory",""
38877,103312234,22874513,"Active",1636,"IC50","=",0.253,"Inhibition of Angiotensin I converting enzyme","Confirmatory",""
38877,103312235,22874515,"Active",1636,"IC50","=",0.283,"Inhibition of Angiotensin I converting enzyme","Confirmatory",""
38877,163312554,71449083,"Active",1636,"IC50","=",0.077,"Inhibition of Angiotensin I converting enzyme","Confirmatory",""
38877,163312554,71449083,"Active",1636,"IC50","=",1.12,"Inhibition of Angiotensin I converting enzyme","Confirmatory",""
38877,163326155,71456155,"Active",1636,"IC50","=",0.062,"Inhibition of Angiotensin I converting enzyme","Confirmatory",""
38877,163336631,9822830,"Active",1636,"IC50","=",0.04,"Inhibition of Angiotensin I converting enzyme","Confirmatory",""
38878,103312201,44329534,"Inconclusive",1636,"","","","Inhibition of Angiotensin I converting enzyme (ND)","Other",""
39018,103170762,99978,"Active",1636,"IC50","=",0.19953,"Inhibitory activity against angiotensin converting enzyme (ACE)","Confirmatory",8360884
39018,103170762,99978,"Unspecified",1636,"IC50","=",16.9824,"Inhibitory activity against angiotensin converting enzyme (ACE)","Confirmatory",8360884
39018,103179355,13136852,"Active",1636,"IC50","=",0.003981,"Inhibitory activity against angiotensin converting enzyme (ACE)","Confirmatory",8360884
39018,103202323,156271,"Active",1636,"IC50","=",0.01202,"Inhibitory activity against angiotensin converting enzyme (ACE)","Confirmatory",8360884
39018,103205181,83525,"Unspecified",1636,"IC50","=",229.087,"Inhibitory activity against angiotensin converting enzyme (ACE)","Confirmatory",8360884
39018,103208843,14630755,"Active",1636,"IC50","=",0.0005248,"Inhibitory activity against angiotensin converting enzyme (ACE)","Confirmatory",8360884
39018,103208846,14630751,"Active",1636,"IC50","=",0.0005248,"Inhibitory activity against angiotensin converting enzyme (ACE)","Confirmatory",8360884
39018,103208913,14630757,"Active",1636,"IC50","=",0.001905,"Inhibitory activity against angiotensin converting enzyme (ACE)","Confirmatory",8360884
39018,103208953,14630801,"Active",1636,"IC50","=",0.0001148,"Inhibitory activity against angiotensin converting enzyme (ACE)","Confirmatory",8360884
39018,103209328,14630771,"Active",1636,"IC50","=",0.01585,"Inhibitory activity against angiotensin converting enzyme (ACE)","Confirmatory",8360884
39018,103209351,14630769,"Active",1636,"IC50","=",0.000871,"Inhibitory activity against angiotensin converting enzyme (ACE)","Confirmatory",8360884
39018,103209376,14630765,"Active",1636,"IC50","=",0.000631,"Inhibitory activity against angiotensin converting enzyme (ACE)","Confirmatory",8360884
39018,103209381,14630761,"Active",1636,"IC50","=",0.00257,"Inhibitory activity against angiotensin converting enzyme (ACE)","Confirmatory",8360884
39018,103209401,14630749,"Active",1636,"IC50","=",0.0007762,"Inhibitory activity against angiotensin converting enzyme (ACE)","Confirmatory",8360884
39018,103209469,14630741,"Active",1636,"IC50","=",0.33884,"Inhibitory activity against angiotensin converting enzyme (ACE)","Confirmatory",8360884
39018,103209475,14630734,"Active",1636,"IC50","=",0.003236,"Inhibitory activity against angiotensin converting enzyme (ACE)","Confirmatory",8360884
39018,103209487,14630782,"Active",1636,"IC50","=",0.0002951,"Inhibitory activity against angiotensin converting enzyme (ACE)","Confirmatory",8360884
39018,103209510,14630789,"Active",1636,"IC50","=",0.001072,"Inhibitory activity against angiotensin converting enzyme (ACE)","Confirmatory",8360884
39018,103209522,14630797,"Active",1636,"IC50","=",0.0002884,"Inhibitory activity against angiotensin converting enzyme (ACE)","Confirmatory",8360884
39018,103209532,14630745,"Active",1636,"IC50","=",0.0008913,"Inhibitory activity against angiotensin converting enzyme (ACE)","Confirmatory",8360884
39018,103209911,189729,"Active",1636,"IC50","=",0.03631,"Inhibitory activity against angiotensin converting enzyme (ACE)","Confirmatory",8360884
39018,103209937,3082827,"Active",1636,"IC50","=",0.0002951,"Inhibitory activity against angiotensin converting enzyme (ACE)","Confirmatory",8360884
39018,103209939,14630735,"Active",1636,"IC50","=",0.0004898,"Inhibitory activity against angiotensin converting enzyme (ACE)","Confirmatory",8360884
39018,103210009,14630739,"Active",1636,"IC50","=",0.0001318,"Inhibitory activity against angiotensin converting enzyme (ACE)","Confirmatory",8360884
39018,103214496,13105154,"Active",1636,"IC50","=",0.001202,"Inhibitory activity against angiotensin converting enzyme (ACE)","Confirmatory",8360884
39018,103239670,92953,"Unspecified",1636,"IC50","=",602.56,"Inhibitory activity against angiotensin converting enzyme (ACE)","Confirmatory",8360884
39018,103257635,44306009,"Active",1636,"IC50","=",2.39883,"Inhibitory activity against angiotensin converting enzyme (ACE)","Confirmatory",8360884
39018,103279679,44316498,"Unspecified",1636,"IC50","=",30.903,"Inhibitory activity against angiotensin converting enzyme (ACE)","Confirmatory",8360884
39018,103279714,12190925,"Unspecified",1636,"IC50","=",1348.96,"Inhibitory activity against angiotensin converting enzyme (ACE)","Confirmatory",8360884
39018,103279716,14954082,"Unspecified",1636,"IC50","=",1995.26,"Inhibitory activity against angiotensin converting enzyme (ACE)","Confirmatory",8360884
39018,103279717,44316511,"Active",1636,"IC50","=",0.64565,"Inhibitory activity against angiotensin converting enzyme (ACE)","Confirmatory",8360884
39018,103280043,21152492,"Active",1636,"IC50","=",7.94328,"Inhibitory activity against angiotensin converting enzyme (ACE)","Confirmatory",8360884
39018,103280043,21152492,"Unspecified",1636,"IC50","=",537.032,"Inhibitory activity against angiotensin converting enzyme (ACE)","Confirmatory",8360884
39018,103280052,11119038,"Active",1636,"IC50","=",0.45709,"Inhibitory activity against angiotensin converting enzyme (ACE)","Confirmatory",8360884
39018,103280082,13144525,"Active",1636,"IC50","=",0.001,"Inhibitory activity against angiotensin converting enzyme (ACE)","Confirmatory",8360884
39018,103280113,7039484,"Unspecified",1636,"IC50","=",549.541,"Inhibitory activity against angiotensin converting enzyme (ACE)","Confirmatory",8360884
39018,103280120,44316726,"Unspecified",1636,"IC50","=",1047.13,"Inhibitory activity against angiotensin converting enzyme (ACE)","Confirmatory",8360884
39018,103280121,44316727,"Active",1636,"IC50","=",4.57088,"Inhibitory activity against angiotensin converting enzyme (ACE)","Confirmatory",8360884
39018,103280121,44316727,"Unspecified",1636,"IC50",">",1000,"Inhibitory activity against angiotensin converting enzyme (ACE)","Confirmatory",8360884
39018,103280131,13687301,"Active",1636,"IC50","=",0.70795,"Inhibitory activity against angiotensin converting enzyme (ACE)","Confirmatory",8360884
39018,103280133,14212864,"Active",1636,"IC50","=",0.007079,"Inhibitory activity against angiotensin converting enzyme (ACE)","Confirmatory",8360884
39018,103280145,44316742,"Active",1636,"IC50","=",0.38905,"Inhibitory activity against angiotensin converting enzyme (ACE)","Confirmatory",8360884
39018,103280146,9837272,"Unspecified",1636,"IC50","=",416.869,"Inhibitory activity against angiotensin converting enzyme (ACE)","Confirmatory",8360884
39018,103280166,44316752,"Unspecified",1636,"IC50","=",239.883,"Inhibitory activity against angiotensin converting enzyme (ACE)","Confirmatory",8360884
39018,103280167,13036940,"Active",1636,"IC50","=",0.85114,"Inhibitory activity against angiotensin converting enzyme (ACE)","Confirmatory",8360884
39018,103280168,165505,"Active",1636,"IC50","=",2.81838,"Inhibitory activity against angiotensin converting enzyme (ACE)","Confirmatory",8360884
39018,103280170,44316753,"Active",1636,"IC50","=",0.00302,"Inhibitory activity against angiotensin converting enzyme (ACE)","Confirmatory",8360884
39018,103280206,44316769,"Active",1636,"IC50","=",0.002884,"Inhibitory activity against angiotensin converting enzyme (ACE)","Confirmatory",8360884
39018,103280230,44316777,"Unspecified",1636,"IC50","=",47.863,"Inhibitory activity against angiotensin converting enzyme (ACE)","Confirmatory",8360884
39018,103280231,44316778,"Active",1636,"IC50","=",8.31764,"Inhibitory activity against angiotensin converting enzyme (ACE)","Confirmatory",8360884
39018,103280248,13104362,"Active",1636,"IC50","=",0.07244,"Inhibitory activity against angiotensin converting enzyme (ACE)","Confirmatory",8360884
39018,103280266,44316798,"Active",1636,"IC50","=",0.002884,"Inhibitory activity against angiotensin converting enzyme (ACE)","Confirmatory",8360884
39018,103280267,44316799,"Active",1636,"IC50","=",0.1,"Inhibitory activity against angiotensin converting enzyme (ACE)","Confirmatory",8360884
39018,103280276,22805094,"Unspecified",1636,"IC50","=",229.087,"Inhibitory activity against angiotensin converting enzyme (ACE)","Confirmatory",8360884
39018,103280304,10900407,"Unspecified",1636,"IC50","=",257.04,"Inhibitory activity against angiotensin converting enzyme (ACE)","Confirmatory",8360884
39018,103280330,44316829,"Active",1636,"IC50","=",0.32359,"Inhibitory activity against angiotensin converting enzyme (ACE)","Confirmatory",8360884
39018,103280335,12876150,"Unspecified",1636,"IC50","=",19.0546,"Inhibitory activity against angiotensin converting enzyme (ACE)","Confirmatory",8360884
39018,103280336,44316833,"Unspecified",1636,"IC50","=",77.6247,"Inhibitory activity against angiotensin converting enzyme (ACE)","Confirmatory",8360884
39018,103280337,44316834,"Unspecified",1636,"IC50","=",3467.37,"Inhibitory activity against angiotensin converting enzyme (ACE)","Confirmatory",8360884
39018,103280360,44316848,"Active",1636,"IC50","=",2.51189,"Inhibitory activity against angiotensin converting enzyme (ACE)","Confirmatory",8360884
39018,103280362,44316849,"Active",1636,"IC50","=",0.01202,"Inhibitory activity against angiotensin converting enzyme (ACE)","Confirmatory",8360884
39018,103280363,44316850,"Active",1636,"IC50","=",0.05129,"Inhibitory activity against angiotensin converting enzyme (ACE)","Confirmatory",8360884
39018,103280364,44316851,"Active",1636,"IC50","=",0.002188,"Inhibitory activity against angiotensin converting enzyme (ACE)","Confirmatory",8360884
39018,103280368,22824107,"Active",1636,"IC50","=",0.03467,"Inhibitory activity against angiotensin converting enzyme (ACE)","Confirmatory",8360884
39018,103280368,22824107,"Unspecified",1636,"IC50","=",33.1131,"Inhibitory activity against angiotensin converting enzyme (ACE)","Confirmatory",8360884
39018,103280392,44316862,"Active",1636,"IC50","=",0.002188,"Inhibitory activity against angiotensin converting enzyme (ACE)","Confirmatory",8360884
39018,103280393,44316863,"Active",1636,"IC50","=",0.001096,"Inhibitory activity against angiotensin converting enzyme (ACE)","Confirmatory",8360884
39018,103280451,3013625,"Unspecified",1636,"IC50","=",446.684,"Inhibitory activity against angiotensin converting enzyme (ACE)","Confirmatory",8360884
39018,103280505,656604,"Unspecified",1636,"IC50","=",7244.36,"Inhibitory activity against angiotensin converting enzyme (ACE)","Confirmatory",8360884
39018,103280575,13588381,"Active",1636,"IC50","=",0.01,"Inhibitory activity against angiotensin converting enzyme (ACE)","Confirmatory",8360884
39018,103280588,22799800,"Active",1636,"IC50","=",0.06457,"Inhibitory activity against angiotensin converting enzyme (ACE)","Confirmatory",8360884
39018,103280588,22799800,"Active",1636,"IC50","=",0.36308,"Inhibitory activity against angiotensin converting enzyme (ACE)","Confirmatory",8360884
39018,103280589,12785186,"Unspecified",1636,"IC50","=",67.6083,"Inhibitory activity against angiotensin converting enzyme (ACE)","Confirmatory",8360884
39018,103280602,44316995,"Active",1636,"IC50","=",0.21878,"Inhibitory activity against angiotensin converting enzyme (ACE)","Confirmatory",8360884
39018,103280603,44316996,"Active",1636,"IC50","=",0.1,"Inhibitory activity against angiotensin converting enzyme (ACE)","Confirmatory",8360884
39018,103280618,44317006,"Unspecified",1636,"IC50","=",1819.7,"Inhibitory activity against angiotensin converting enzyme (ACE)","Confirmatory",8360884
39018,103280619,446549,"Unspecified",1636,"IC50","=",10.9648,"Inhibitory activity against angiotensin converting enzyme (ACE)","Confirmatory",8360884
39018,103280622,44317007,"Active",1636,"IC50","=",0.75858,"Inhibitory activity against angiotensin converting enzyme (ACE)","Confirmatory",8360884
39018,103280646,44317014,"Active",1636,"IC50","=",0.0006026,"Inhibitory activity against angiotensin converting enzyme (ACE)","Confirmatory",8360884
39018,103280651,13036947,"Active",1636,"IC50","=",3.01995,"Inhibitory activity against angiotensin converting enzyme (ACE)","Confirmatory",8360884
39018,103280663,40458146,"Unspecified",1636,"IC50","=",616.595,"Inhibitory activity against angiotensin converting enzyme (ACE)","Confirmatory",8360884
39018,103280666,44317022,"Active",1636,"IC50","=",0.01514,"Inhibitory activity against angiotensin converting enzyme (ACE)","Confirmatory",8360884
39018,103280667,44317023,"Active",1636,"IC50","=",0.003467,"Inhibitory activity against angiotensin converting enzyme (ACE)","Confirmatory",8360884
39018,103280668,44317024,"Active",1636,"IC50","=",0.0002512,"Inhibitory activity against angiotensin converting enzyme (ACE)","Confirmatory",8360884
39018,103280705,44317041,"Unspecified",1636,"IC50","=",38.0189,"Inhibitory activity against angiotensin converting enzyme (ACE)","Confirmatory",8360884
39018,103280719,40532589,"Unspecified",1636,"IC50","=",1096.48,"Inhibitory activity against angiotensin converting enzyme (ACE)","Confirmatory",8360884
39018,103280736,194156,"Unspecified",1636,"IC50","=",33.1131,"Inhibitory activity against angiotensin converting enzyme (ACE)","Confirmatory",8360884
39018,103280759,44317066,"Active",1636,"IC50","=",2.51189,"Inhibitory activity against angiotensin converting enzyme (ACE)","Confirmatory",8360884
39018,103280791,44317085,"Unspecified",1636,"IC50","=",25.704,"Inhibitory activity against angiotensin converting enzyme (ACE)","Confirmatory",8360884
39018,103280821,44317098,"Active",1636,"IC50","=",0.01202,"Inhibitory activity against angiotensin converting enzyme (ACE)","Confirmatory",8360884
39018,103280822,44280449,"Active",1636,"IC50","=",0.04074,"Inhibitory activity against angiotensin converting enzyme (ACE)","Confirmatory",8360884
39018,103280823,44317099,"Active",1636,"IC50","=",2.5704,"Inhibitory activity against angiotensin converting enzyme (ACE)","Confirmatory",8360884
39018,103280824,20834249,"Active",1636,"IC50","=",0.005248,"Inhibitory activity against angiotensin converting enzyme (ACE)","Confirmatory",8360884
39018,103280831,13036944,"Active",1636,"IC50","=",0.42658,"Inhibitory activity against angiotensin converting enzyme (ACE)","Confirmatory",8360884
39018,103280874,44317115,"Active",1636,"IC50","=",1.58489,"Inhibitory activity against angiotensin converting enzyme (ACE)","Confirmatory",8360884
39018,103280889,44317122,"Active",1636,"IC50","=",0.05248,"Inhibitory activity against angiotensin converting enzyme (ACE)","Confirmatory",8360884
39018,103280891,44317123,"Active",1636,"IC50","=",0.004786,"Inhibitory activity against angiotensin converting enzyme (ACE)","Confirmatory",8360884
39018,103280892,44317124,"Active",1636,"IC50","=",0.0002291,"Inhibitory activity against angiotensin converting enzyme (ACE)","Confirmatory",8360884
39018,103280893,44317125,"Active",1636,"IC50","=",0.00302,"Inhibitory activity against angiotensin converting enzyme (ACE)","Confirmatory",8360884
39018,103280914,5490790,"Active",1636,"IC50","=",0.77625,"Inhibitory activity against angiotensin converting enzyme (ACE)","Confirmatory",8360884
39018,103280915,71244,"Active",1636,"IC50","=",0.003715,"Inhibitory activity against angiotensin converting enzyme (ACE)","Confirmatory",8360884
39018,103280925,44317140,"Active",1636,"IC50","=",0.05623,"Inhibitory activity against angiotensin converting enzyme (ACE)","Confirmatory",8360884
39018,103280926,44317141,"Active",1636,"IC50","=",0.43652,"Inhibitory activity against angiotensin converting enzyme (ACE)","Confirmatory",8360884
39018,103280933,44317145,"Active",1636,"IC50","=",0.05012,"Inhibitory activity against angiotensin converting enzyme (ACE)","Confirmatory",8360884
39018,103280981,15615011,"Active",1636,"IC50","=",2.5704,"Inhibitory activity against angiotensin converting enzyme (ACE)","Confirmatory",8360884
39018,103280982,10475845,"Active",1636,"IC50","=",0.001698,"Inhibitory activity against angiotensin converting enzyme (ACE)","Confirmatory",8360884
39018,103281017,13135337,"Active",1636,"IC50","=",0.03981,"Inhibitory activity against angiotensin converting enzyme (ACE)","Confirmatory",8360884
39018,103281018,12942868,"Active",1636,"IC50","=",0.01995,"Inhibitory activity against angiotensin converting enzyme (ACE)","Confirmatory",8360884
39018,103281019,22823240,"Active",1636,"IC50","=",0.04898,"Inhibitory activity against angiotensin converting enzyme (ACE)","Confirmatory",8360884
39018,103281036,44317192,"Active",1636,"IC50","=",4.89779,"Inhibitory activity against angiotensin converting enzyme (ACE)","Confirmatory",8360884
39018,103281037,44317193,"Unspecified",1636,"IC50","=",10.2329,"Inhibitory activity against angiotensin converting enzyme (ACE)","Confirmatory",8360884
39018,103281055,44317202,"Active",1636,"IC50","=",0.06457,"Inhibitory activity against angiotensin converting enzyme (ACE)","Confirmatory",8360884
39018,103281056,44317203,"Active",1636,"IC50","=",0.008913,"Inhibitory activity against angiotensin converting enzyme (ACE)","Confirmatory",8360884
39018,103281100,6992396,"Unspecified",1636,"IC50","=",52.4808,"Inhibitory activity against angiotensin converting enzyme (ACE)","Confirmatory",8360884
39018,103281100,6992396,"Unspecified",1636,"IC50","=",190.546,"Inhibitory activity against angiotensin converting enzyme (ACE)","Confirmatory",8360884
39018,103281111,44317220,"Active",1636,"IC50","=",0.00257,"Inhibitory activity against angiotensin converting enzyme (ACE)","Confirmatory",8360884
39018,103281112,44317221,"Active",1636,"IC50","=",0.0631,"Inhibitory activity against angiotensin converting enzyme (ACE)","Confirmatory",8360884
39018,103281143,20336735,"Active",1636,"IC50","=",2.39883,"Inhibitory activity against angiotensin converting enzyme (ACE)","Confirmatory",8360884
39018,103281184,44317244,"Active",1636,"IC50","=",0.002818,"Inhibitory activity against angiotensin converting enzyme (ACE)","Confirmatory",8360884
39018,103281185,44317245,"Unspecified",1636,"IC50","=",645.654,"Inhibitory activity against angiotensin converting enzyme (ACE)","Confirmatory",8360884
39018,103281223,44317255,"Active",1636,"IC50","=",5.7544,"Inhibitory activity against angiotensin converting enzyme (ACE)","Confirmatory",8360884
39018,103281224,329113,"Unspecified",1636,"IC50","=",1096.48,"Inhibitory activity against angiotensin converting enzyme (ACE)","Confirmatory",8360884
39018,103281253,44317265,"Unspecified",1636,"IC50","=",489.779,"Inhibitory activity against angiotensin converting enzyme (ACE)","Confirmatory",8360884
39018,103281289,44317282,"Unspecified",1636,"IC50","=",933.254,"Inhibitory activity against angiotensin converting enzyme (ACE)","Confirmatory",8360884
39018,103281354,13208321,"Unspecified",1636,"IC50","=",38.9045,"Inhibitory activity against angiotensin converting enzyme (ACE)","Confirmatory",8360884
39018,103281462,44317350,"Active",1636,"IC50","=",0.07079,"Inhibitory activity against angiotensin converting enzyme (ACE)","Confirmatory",8360884
39018,103281498,44317359,"Active",1636,"IC50","=",0.70795,"Inhibitory activity against angiotensin converting enzyme (ACE)","Confirmatory",8360884
39018,103281533,44317367,"Active",1636,"IC50","=",0.006457,"Inhibitory activity against angiotensin converting enzyme (ACE)","Confirmatory",8360884
39018,103378026,5362119,"Active",1636,"IC50","=",0.001202,"Inhibitory activity against angiotensin converting enzyme (ACE)","Confirmatory",8360884
39018,103581295,44093,"Active",1636,"IC50","=",0.02291,"Inhibitory activity against angiotensin converting enzyme (ACE)","Confirmatory",8360884
39018,103581295,44093,"Unspecified",1636,"IC50","=",239.883,"Inhibitory activity against angiotensin converting enzyme (ACE)","Confirmatory",8360884
39018,103734870,22818650,"Active",1636,"IC50","=",0.006026,"Inhibitory activity against angiotensin converting enzyme (ACE)","Confirmatory",8360884
39018,134444871,444876,"Unspecified",1636,"IC50","=",128.825,"Inhibitory activity against angiotensin converting enzyme (ACE)","Confirmatory",8360884
39610,160698592,10426368,"Unspecified",1636,"IC50","=",16.1,"Inhibitory concentration was evaluated by inhibiting 50% of Angiotensin I Converting Enzyme activity using 50 micro M N-Cbz-Phe-His-Leu as substrate","Confirmatory",8421293
39611,103241492,44298353,"Active",1636,"IC50","=",4,"Inhibitory concentration was evaluated by inhibiting 50% of Angiotensin I Converting Enzyme activity using 50 uM N-Cbz-Phe-His-Leu as substrate","Confirmatory",8421293
39611,103241494,9905282,"Unspecified",1636,"IC50","=",12,"Inhibitory concentration was evaluated by inhibiting 50% of Angiotensin I Converting Enzyme activity using 50 uM N-Cbz-Phe-His-Leu as substrate","Confirmatory",8421293
39611,103431656,44384017,"Active",1636,"IC50","=",10,"Inhibitory concentration was evaluated by inhibiting 50% of Angiotensin I Converting Enzyme activity using 50 uM N-Cbz-Phe-His-Leu as substrate","Confirmatory",8421293
39611,103432064,44384213,"Active",1636,"IC50","=",4,"Inhibitory concentration was evaluated by inhibiting 50% of Angiotensin I Converting Enzyme activity using 50 uM N-Cbz-Phe-His-Leu as substrate","Confirmatory",8421293
39611,103432170,44384274,"Active",1636,"IC50","=",4.5,"Inhibitory concentration was evaluated by inhibiting 50% of Angiotensin I Converting Enzyme activity using 50 uM N-Cbz-Phe-His-Leu as substrate","Confirmatory",8421293
39611,103432229,44384300,"Active",1636,"IC50","=",0.71,"Inhibitory concentration was evaluated by inhibiting 50% of Angiotensin I Converting Enzyme activity using 50 uM N-Cbz-Phe-His-Leu as substrate","Confirmatory",8421293
39611,103432273,10381547,"Active",1636,"IC50","=",5,"Inhibitory concentration was evaluated by inhibiting 50% of Angiotensin I Converting Enzyme activity using 50 uM N-Cbz-Phe-His-Leu as substrate","Confirmatory",8421293
39611,103434347,44385237,"Active",1636,"IC50","=",1.6,"Inhibitory concentration was evaluated by inhibiting 50% of Angiotensin I Converting Enzyme activity using 50 uM N-Cbz-Phe-His-Leu as substrate","Confirmatory",8421293
39611,160671763,10336328,"Active",1636,"IC50","=",10,"Inhibitory concentration was evaluated by inhibiting 50% of Angiotensin I Converting Enzyme activity using 50 uM N-Cbz-Phe-His-Leu as substrate","Confirmatory",8421293
39612,103241118,44298205,"Active",1636,"IC50","=",2.9,"Tested for inhibitory potency against Angiotensin I Converting Enzyme","Confirmatory",8021926
39612,103241119,10014925,"Active",1636,"IC50","=",2.3,"Tested for inhibitory potency against Angiotensin I Converting Enzyme","Confirmatory",8021926
39612,103241495,44298355,"Active",1636,"IC50","=",3.6,"Tested for inhibitory potency against Angiotensin I Converting Enzyme","Confirmatory",8021926
39612,103241577,44298400,"Active",1636,"IC50","=",4.4,"Tested for inhibitory potency against Angiotensin I Converting Enzyme","Confirmatory",8021926
39612,103241578,44298401,"Active",1636,"IC50","=",4,"Tested for inhibitory potency against Angiotensin I Converting Enzyme","Confirmatory",8021926
39612,103241580,44298402,"Active",1636,"IC50","=",3.4,"Tested for inhibitory potency against Angiotensin I Converting Enzyme","Confirmatory",8021926
39612,103241581,44298403,"Active",1636,"IC50","=",0.8,"Tested for inhibitory potency against Angiotensin I Converting Enzyme","Confirmatory",8021926
39612,103241630,44298425,"Active",1636,"IC50","=",2.4,"Tested for inhibitory potency against Angiotensin I Converting Enzyme","Confirmatory",8021926
39612,103241631,44298426,"Active",1636,"IC50","=",3.5,"Tested for inhibitory potency against Angiotensin I Converting Enzyme","Confirmatory",8021926
39612,103241868,44298529,"Active",1636,"IC50","=",8,"Tested for inhibitory potency against Angiotensin I Converting Enzyme","Confirmatory",8021926
39613,103241914,44298544,"Active",1636,"IC50","=",3.8,"Tested for inhibitory potency against Angiotensin I converting enzyme","Confirmatory",8021926
39614,103241426,44298316,"Active",1636,"IC50","=",4,"Tested for inhibitory potency against Angiotensin I Converting Enzyme","Confirmatory",8021926
39614,103241492,44298353,"Active",1636,"IC50","=",4,"Tested for inhibitory potency against Angiotensin I Converting Enzyme","Confirmatory",8021926
39614,103241634,44298428,"Active",1636,"IC50","=",3.5,"Tested for inhibitory potency against Angiotensin I Converting Enzyme","Confirmatory",8021926
39614,103241638,44298431,"Active",1636,"IC50","=",2.8,"Tested for inhibitory potency against Angiotensin I Converting Enzyme","Confirmatory",8021926
39614,103241707,44298467,"Active",1636,"IC50","=",3.5,"Tested for inhibitory potency against Angiotensin I Converting Enzyme","Confirmatory",8021926
39616,103179234,5462501,"Active",1636,"IC50","=",0.0012,"Inhibition of Angiotensin I converting enzyme","Confirmatory",8340909
39616,103255357,21319418,"Unspecified",1636,"IC50","=",260,"Inhibition of Angiotensin I converting enzyme","Confirmatory",8340909
39616,103255589,44305060,"Active",1636,"IC50","=",4.9,"Inhibition of Angiotensin I converting enzyme","Confirmatory",8340909
39616,103255614,44305071,"Unspecified",1636,"IC50","=",50,"Inhibition of Angiotensin I converting enzyme","Confirmatory",8340909
39616,103378026,5362119,"Active",1636,"IC50","=",0.0012,"Inhibition of Angiotensin I converting enzyme","Confirmatory",8340909
39616,103400013,44368279,"Active",1636,"IC50","=",2.4,"Inhibition of Angiotensin I converting enzyme","Confirmatory",8340909
39616,103400417,44368523,"Active",1636,"IC50","=",0.09,"Inhibition of Angiotensin I converting enzyme","Confirmatory",8340909
39617,103255317,4389,"Unspecified",1636,"","","","Inhibition of Angiotensin I converting enzyme at 3.3 x 10 E -4M concentration","Other",8340909
39622,103179234,5462501,"Active",1636,"IC50","=",0.0012,"Inhibition of Angiotensin I converting enzyme (ACE) in Bothrops jararaca venom","Confirmatory",12477342
39622,103179319,5388962,"Active",1636,"IC50","=",1.2,"Inhibition of Angiotensin I converting enzyme (ACE) in Bothrops jararaca venom","Confirmatory",12477342
39622,103191861,44459080,"Unspecified",1636,"IC50","=",70,"Inhibition of Angiotensin I converting enzyme (ACE) in Bothrops jararaca venom","Confirmatory",12477342
39622,103281036,44317192,"Active",1636,"IC50","=",4.9,"Inhibition of Angiotensin I converting enzyme (ACE) in Bothrops jararaca venom","Confirmatory",12477342
39622,103301394,44324530,"Active",1636,"IC50","=",0.06,"Inhibition of Angiotensin I converting enzyme (ACE) in Bothrops jararaca venom","Confirmatory",12477342
39622,103378026,5362119,"Active",1636,"IC50","=",0.0012,"Inhibition of Angiotensin I converting enzyme (ACE) in Bothrops jararaca venom","Confirmatory",12477342
39622,103400013,44368279,"Active",1636,"IC50","=",2.4,"Inhibition of Angiotensin I converting enzyme (ACE) in Bothrops jararaca venom","Confirmatory",12477342
39622,103400417,44368523,"Active",1636,"IC50","=",0.09,"Inhibition of Angiotensin I converting enzyme (ACE) in Bothrops jararaca venom","Confirmatory",12477342
39622,103400424,44368529,"Unspecified",1636,"IC50","=",260,"Inhibition of Angiotensin I converting enzyme (ACE) in Bothrops jararaca venom","Confirmatory",12477342
39622,103400461,44368554,"Active",1636,"IC50","=",0.0006,"Inhibition of Angiotensin I converting enzyme (ACE) in Bothrops jararaca venom","Confirmatory",12477342
39622,103410642,448982,"Active",1636,"IC50","=",0.023,"Inhibition of Angiotensin I converting enzyme (ACE) in Bothrops jararaca venom","Confirmatory",12477342
39623,103280736,194156,"Unspecified",1636,"","","","The compound was evaluated for the (%) inhibition of Angiotensin I converting enzyme in venom of Bothrops jararaca at the dose of 10e-4 M","Other",12477342
39624,103400425,44368530,"Unspecified",1636,"Ki","=",50,"Inhibitory activity against Angiotensin I converting enzyme (ACE) in venom of Bothrops jararaca","Confirmatory",12477342
39625,103335751,2828749,"Unspecified",1636,"IC50","=",500,"Inhibitory activity against Angiotensin I converting enzyme (ACE) from bovine kidney","Confirmatory",12852763
39625,103335828,2834684,"Active",1636,"IC50","=",0.001,"Inhibitory activity against Angiotensin I converting enzyme (ACE) from bovine kidney","Confirmatory",12852763
39625,103336523,2828746,"Active",1636,"IC50","=",0.3,"Inhibitory activity against Angiotensin I converting enzyme (ACE) from bovine kidney","Confirmatory",12852763
39626,103335777,2252167,"Unspecified",1636,"","","","Inhibitory activity of compound at 1*10e-4 M against Angiotensin I converting enzyme (ACE) from bovine kidney","Other",12852763
39627,103179319,5388962,"Unspecified",1636,"","","","In vitro inhibitory activity against Angiotensin I converting enzyme in dog","Other",2342054
39627,103581295,44093,"Unspecified",1636,"","","","In vitro inhibitory activity against Angiotensin I converting enzyme in dog","Other",2342054
39628,103179421,3033702,"Unspecified",1636,"","","","Compound was tested for inhibitory activity against Angiotensin I converting enzyme when administered intraperitoneally to anesthetized dogs","Other",2544729
39629,174489421,73346598,"Unspecified",1636,"","","","In vitro inhibitory activity against Angiotensin I converting enzyme(ACE) in dog","Other",2342054
39630,103219859,14632290,"Unspecified",1636,"","","","Inhibition of Angiotensin I converting enzyme(ACE) at the dose of 100 mg/kg (ip) in dog","Other",2342054
39630,174509982,14632298,"Unspecified",1636,"","","","Inhibition of Angiotensin I converting enzyme(ACE) at the dose of 100 mg/kg (ip) in dog","Other",2342054
39748,103165488,5311447,"Unspecified",1636,"","","","Compound was tested for inhibitory activity against Angiotensin I converting enzyme when administered intraperitoneally to anesthetized dogs","Other",2544729
39749,103165561,3639,"Unspecified",1636,"","","","In vitro inhibitory activity against angiotensin I converting enzyme (ACE) in dog","Other",2342054
39750,103179234,5462501,"Active",1636,"IC50","=",3.1,"In vitro inhibitory activity against Angiotensin I converting enzyme from unpurified guinea pig serum","Confirmatory",2993618
39750,103179319,5388962,"Active",1636,"IC50","=",0.14,"In vitro inhibitory activity against Angiotensin I converting enzyme from unpurified guinea pig serum","Confirmatory",2993618
39750,103192821,44459545,"Active",1636,"IC50","=",0.11,"In vitro inhibitory activity against Angiotensin I converting enzyme from unpurified guinea pig serum","Confirmatory",2993618
39750,103192933,44459614,"Active",1636,"IC50","=",0.086,"In vitro inhibitory activity against Angiotensin I converting enzyme from unpurified guinea pig serum","Confirmatory",2993618
39750,103193032,44459680,"Active",1636,"IC50","=",0.014,"In vitro inhibitory activity against Angiotensin I converting enzyme from unpurified guinea pig serum","Confirmatory",2993618
39750,103193335,44459870,"Active",1636,"IC50","=",2.9,"In vitro inhibitory activity against Angiotensin I converting enzyme from unpurified guinea pig serum","Confirmatory",2993618
39750,103193375,44459897,"Active",1636,"IC50","=",0.024,"In vitro inhibitory activity against Angiotensin I converting enzyme from unpurified guinea pig serum","Confirmatory",2993618
39750,103193398,44459908,"Active",1636,"IC50","=",0.22,"In vitro inhibitory activity against Angiotensin I converting enzyme from unpurified guinea pig serum","Confirmatory",2993618
39750,103581295,44093,"Active",1636,"IC50","=",1.3,"In vitro inhibitory activity against Angiotensin I converting enzyme from unpurified guinea pig serum","Confirmatory",2993618
39750,103590286,54892,"Active",1636,"IC50","=",0.0083,"In vitro inhibitory activity against Angiotensin I converting enzyme from unpurified guinea pig serum","Confirmatory",2993618
39750,103687918,107994,"Active",1636,"IC50","=",0.28,"In vitro inhibitory activity against Angiotensin I converting enzyme from unpurified guinea pig serum","Confirmatory",2993618
39750,136926286,57393223,"Active",1636,"IC50","=",0.58,"In vitro inhibitory activity against Angiotensin I converting enzyme from unpurified guinea pig serum","Confirmatory",2993618
39750,136929458,57394944,"Active",1636,"IC50","=",0.14,"In vitro inhibitory activity against Angiotensin I converting enzyme from unpurified guinea pig serum","Confirmatory",2993618
39750,136932712,57396692,"Active",1636,"IC50","=",0.22,"In vitro inhibitory activity against Angiotensin I converting enzyme from unpurified guinea pig serum","Confirmatory",2993618
39750,136932714,57396694,"Active",1636,"IC50","=",0.46,"In vitro inhibitory activity against Angiotensin I converting enzyme from unpurified guinea pig serum","Confirmatory",2993618
39750,136932715,57396695,"Active",1636,"IC50","=",4.8,"In vitro inhibitory activity against Angiotensin I converting enzyme from unpurified guinea pig serum","Confirmatory",2993618
39750,136936133,57398463,"Active",1636,"IC50","=",2,"In vitro inhibitory activity against Angiotensin I converting enzyme from unpurified guinea pig serum","Confirmatory",2993618
39750,160686192,9978465,"Active",1636,"IC50","=",0.26,"In vitro inhibitory activity against Angiotensin I converting enzyme from unpurified guinea pig serum","Confirmatory",2993618
39750,160702485,13069290,"Active",1636,"IC50","=",0.1,"In vitro inhibitory activity against Angiotensin I converting enzyme from unpurified guinea pig serum","Confirmatory",2993618
39751,103192916,44459603,"Unspecified",1636,"","","","In vitro inhibitory activity against Angiotensin I converting enzyme from unpurified guinea pig serum; No significant activity","Other",2993618
39751,103192921,44459608,"Unspecified",1636,"","","","In vitro inhibitory activity against Angiotensin I converting enzyme from unpurified guinea pig serum; No significant activity","Other",2993618
39751,136932711,57396691,"Unspecified",1636,"","","","In vitro inhibitory activity against Angiotensin I converting enzyme from unpurified guinea pig serum; No significant activity","Other",2993618
39751,136932713,57396693,"Unspecified",1636,"","","","In vitro inhibitory activity against Angiotensin I converting enzyme from unpurified guinea pig serum; No significant activity","Other",2993618
39752,103192965,44459635,"Active",1636,"IC50","=",6.5,"Inhibition of guinea pig serum Angiotensin I converting enzyme","Confirmatory",6292422
39752,103193222,12854268,"Active",1636,"IC50","=",0.21,"Inhibition of guinea pig serum Angiotensin I converting enzyme","Confirmatory",6292422
39752,103193360,44459887,"Active",1636,"IC50","=",0.047,"Inhibition of guinea pig serum Angiotensin I converting enzyme","Confirmatory",6292422
39752,103193377,12854269,"Active",1636,"IC50","=",0.029,"Inhibition of guinea pig serum Angiotensin I converting enzyme","Confirmatory",6292422
39752,103193379,44459899,"Active",1636,"IC50","=",0.65,"Inhibition of guinea pig serum Angiotensin I converting enzyme","Confirmatory",6292422
39752,103202323,156271,"Active",1636,"IC50","=",0.0032,"Inhibition of guinea pig serum Angiotensin I converting enzyme","Confirmatory",6292422
39752,103280170,44316753,"Active",1636,"IC50","=",0.0082,"Inhibition of guinea pig serum Angiotensin I converting enzyme","Confirmatory",6292422
39752,103310891,44328851,"Active",1636,"IC50","=",0.046,"Inhibition of guinea pig serum Angiotensin I converting enzyme","Confirmatory",6292422
39752,103310892,44328852,"Active",1636,"IC50","=",3.2,"Inhibition of guinea pig serum Angiotensin I converting enzyme","Confirmatory",6292422
39752,103311261,134166,"Active",1636,"IC50","=",0.001,"Inhibition of guinea pig serum Angiotensin I converting enzyme","Confirmatory",6292422
39752,103581295,44093,"Active",1636,"IC50","=",0.009,"Inhibition of guinea pig serum Angiotensin I converting enzyme","Confirmatory",6292422
39753,103172420,12698996,"Unspecified","","","","","Compound was tested for the inhibition of Angiotensin I converting enzyme","Other",6259352
39754,103202323,156271,"Active","","IC50","=",0.0032,"Concentration required to inhibit the activity of Angiotensin I converting enzyme by 50%","Confirmatory",6173481
39754,103432764,44384569,"Active","","IC50","=",0.046,"Concentration required to inhibit the activity of Angiotensin I converting enzyme by 50%","Confirmatory",6173481
39754,103433133,44384727,"Active","","IC50","=",0.01,"Concentration required to inhibit the activity of Angiotensin I converting enzyme by 50%","Confirmatory",6173481
39754,103433139,44384730,"Active","","IC50","=",0.015,"Concentration required to inhibit the activity of Angiotensin I converting enzyme by 50%","Confirmatory",6173481
39754,103433267,44384776,"Active","","IC50","=",0.3,"Concentration required to inhibit the activity of Angiotensin I converting enzyme by 50%","Confirmatory",6173481
39754,103433317,44384800,"Active","","IC50","=",0.042,"Concentration required to inhibit the activity of Angiotensin I converting enzyme by 50%","Confirmatory",6173481
39754,103433460,44384859,"Active","","IC50","=",0.54,"Concentration required to inhibit the activity of Angiotensin I converting enzyme by 50%","Confirmatory",6173481
39754,103433550,44384897,"Active","","IC50","=",0.0014,"Concentration required to inhibit the activity of Angiotensin I converting enzyme by 50%","Confirmatory",6173481
39754,103433814,44384992,"Active","","IC50","=",0.24,"Concentration required to inhibit the activity of Angiotensin I converting enzyme by 50%","Confirmatory",6173481
39754,103433815,44384993,"Active","","IC50","=",0.0057,"Concentration required to inhibit the activity of Angiotensin I converting enzyme by 50%","Confirmatory",6173481
39754,103434797,44385438,"Active","","IC50","=",0.028,"Concentration required to inhibit the activity of Angiotensin I converting enzyme by 50%","Confirmatory",6173481
39754,103434865,44385469,"Active","","IC50","=",0.0014,"Concentration required to inhibit the activity of Angiotensin I converting enzyme by 50%","Confirmatory",6173481
39754,103434866,44385470,"Active","","IC50","=",0.33,"Concentration required to inhibit the activity of Angiotensin I converting enzyme by 50%","Confirmatory",6173481
39754,103434985,12854279,"Active","","IC50","=",0.086,"Concentration required to inhibit the activity of Angiotensin I converting enzyme by 50%","Confirmatory",6173481
39754,103434986,44385527,"Active","","IC50","=",0.18,"Concentration required to inhibit the activity of Angiotensin I converting enzyme by 50%","Confirmatory",6173481
39754,103435121,44385582,"Active","","IC50","=",1.6,"Concentration required to inhibit the activity of Angiotensin I converting enzyme by 50%","Confirmatory",6173481
39754,103435245,44385628,"Active","","IC50","=",0.02,"Concentration required to inhibit the activity of Angiotensin I converting enzyme by 50%","Confirmatory",6173481
39754,103435542,44385749,"Active","","IC50","=",8.6,"Concentration required to inhibit the activity of Angiotensin I converting enzyme by 50%","Confirmatory",6173481
39754,103435777,44385857,"Active","","IC50","=",1.2,"Concentration required to inhibit the activity of Angiotensin I converting enzyme by 50%","Confirmatory",6173481
39754,103435778,44385858,"Unspecified","","IC50","","","Concentration required to inhibit the activity of Angiotensin I converting enzyme by 50%","Confirmatory",6173481
39754,103436673,44386281,"Active","","IC50","=",0.082,"Concentration required to inhibit the activity of Angiotensin I converting enzyme by 50%","Confirmatory",6173481
39754,103436684,44386286,"Active","","IC50","=",0.15,"Concentration required to inhibit the activity of Angiotensin I converting enzyme by 50%","Confirmatory",6173481
39754,103436685,44386287,"Active","","IC50","=",0.0047,"Concentration required to inhibit the activity of Angiotensin I converting enzyme by 50%","Confirmatory",6173481
39754,103581295,44093,"Active","","IC50","=",0.009,"Concentration required to inhibit the activity of Angiotensin I converting enzyme by 50%","Confirmatory",6173481
39754,103674987,45263109,"Unspecified","","IC50","=",25,"Concentration required to inhibit the activity of Angiotensin I converting enzyme by 50%","Confirmatory",6173481
39755,103172419,133560,"Active","","IC50","=",1,"Concentration required for 50% inhibition of Angiotensin I converting enzyme","Confirmatory",6259352
39755,103172421,12698995,"Unspecified","","IC50","","","Concentration required for 50% inhibition of Angiotensin I converting enzyme","Confirmatory",6259352
39755,103172473,12698983,"Unspecified","","IC50","=",33,"Concentration required for 50% inhibition of Angiotensin I converting enzyme","Confirmatory",6259352
39755,103172474,12698999,"Unspecified","","IC50","=",100,"Concentration required for 50% inhibition of Angiotensin I converting enzyme","Confirmatory",6259352
39755,103172510,12698990,"Unspecified","","IC50","=",35,"Concentration required for 50% inhibition of Angiotensin I converting enzyme","Confirmatory",6259352
39755,103172511,12698992,"Unspecified","","IC50","=",19,"Concentration required for 50% inhibition of Angiotensin I converting enzyme","Confirmatory",6259352
39755,103172517,12698991,"Unspecified","","IC50","=",30,"Concentration required for 50% inhibition of Angiotensin I converting enzyme","Confirmatory",6259352
39755,103172518,12698984,"Active","","IC50","=",3.7,"Concentration required for 50% inhibition of Angiotensin I converting enzyme","Confirmatory",6259352
39755,103581295,44093,"Active","","IC50","=",0.012,"Concentration required for 50% inhibition of Angiotensin I converting enzyme","Confirmatory",6259352
39756,103202323,156271,"Active",1636,"IC50","=",0.0032,"Concentration required for 50% inhibition of Angiotensin I converting enzyme","Confirmatory",6288947
39756,103436918,44386400,"Active",1636,"IC50","=",0.96,"Concentration required for 50% inhibition of Angiotensin I converting enzyme","Confirmatory",6288947
39756,103437675,44386763,"Unspecified",1636,"IC50","","","Concentration required for 50% inhibition of Angiotensin I converting enzyme","Confirmatory",6288947
39756,103437845,44386845,"Active",1636,"IC50","=",0.012,"Concentration required for 50% inhibition of Angiotensin I converting enzyme","Confirmatory",6288947
39756,103438180,44387004,"Active",1636,"IC50","=",0.042,"Concentration required for 50% inhibition of Angiotensin I converting enzyme","Confirmatory",6288947
39756,103438181,44387005,"Unspecified",1636,"IC50","","","Concentration required for 50% inhibition of Angiotensin I converting enzyme","Confirmatory",6288947
39756,103438300,44387064,"Unspecified",1636,"IC50","=",22,"Concentration required for 50% inhibition of Angiotensin I converting enzyme","Confirmatory",6288947
39756,103438633,44386764,"Active",1636,"IC50","=",0.0044,"Concentration required for 50% inhibition of Angiotensin I converting enzyme","Confirmatory",6288947
39757,103437752,44386808,"Inconclusive",1636,"","","","Concentration required for 50% inhibition of Angiotensin I converting enzyme; NT is Not Tested","Other",6288947
39757,103437994,44386917,"Inconclusive",1636,"","","","Concentration required for 50% inhibition of Angiotensin I converting enzyme; NT is Not Tested","Other",6288947
39757,103438335,44387084,"Inconclusive",1636,"","","","Concentration required for 50% inhibition of Angiotensin I converting enzyme; NT is Not Tested","Other",6288947
39757,103438447,44387147,"Inconclusive",1636,"","","","Concentration required for 50% inhibition of Angiotensin I converting enzyme; NT is Not Tested","Other",6288947
39757,103438452,44387150,"Inconclusive",1636,"","","","Concentration required for 50% inhibition of Angiotensin I converting enzyme; NT is Not Tested","Other",6288947
39758,103179234,5462501,"Active",1636,"IC50","=",0.0024,"Inhibition of guinea pig angiotensin I converting enzyme","Confirmatory",3020249
39758,103179319,5388962,"Active",1636,"IC50","=",0.14,"Inhibition of guinea pig angiotensin I converting enzyme","Confirmatory",3020249
39758,103191027,12942866,"Active",1636,"IC50","=",0.018,"Inhibition of guinea pig angiotensin I converting enzyme","Confirmatory",3020249
39758,103248003,44301378,"Unspecified",1636,"IC50","","","Inhibition of guinea pig angiotensin I converting enzyme","Confirmatory",3020249
39758,103248037,44301397,"Unspecified",1636,"IC50","=",22,"Inhibition of guinea pig angiotensin I converting enzyme","Confirmatory",3020249
39758,103248059,44301408,"Unspecified",1636,"IC50","=",24,"Inhibition of guinea pig angiotensin I converting enzyme","Confirmatory",3020249
39758,103248060,44301409,"Unspecified",1636,"IC50",">",100,"Inhibition of guinea pig angiotensin I converting enzyme","Confirmatory",3020249
39758,103248061,44301410,"Unspecified",1636,"IC50","=",49,"Inhibition of guinea pig angiotensin I converting enzyme","Confirmatory",3020249
39758,103248115,13044267,"Active",1636,"IC50","=",0.3,"Inhibition of guinea pig angiotensin I converting enzyme","Confirmatory",3020249
39758,103248155,12883918,"Active",1636,"IC50","=",0.13,"Inhibition of guinea pig angiotensin I converting enzyme","Confirmatory",3020249
39758,103248185,13044278,"Active",1636,"IC50","=",0.003,"Inhibition of guinea pig angiotensin I converting enzyme","Confirmatory",3020249
39758,103248213,44301492,"Unspecified",1636,"IC50","=",58,"Inhibition of guinea pig angiotensin I converting enzyme","Confirmatory",3020249
39758,103248215,44301493,"Unspecified",1636,"IC50","=",14,"Inhibition of guinea pig angiotensin I converting enzyme","Confirmatory",3020249
39758,103248277,44301514,"Active",1636,"IC50","=",0.52,"Inhibition of guinea pig angiotensin I converting enzyme","Confirmatory",3020249
39758,103248374,44301544,"Active",1636,"IC50","=",0.0058,"Inhibition of guinea pig angiotensin I converting enzyme","Confirmatory",3020249
39758,103248377,20285352,"Unspecified",1636,"IC50","=",48,"Inhibition of guinea pig angiotensin I converting enzyme","Confirmatory",3020249
39758,103248389,44301552,"Active",1636,"IC50","=",0.0031,"Inhibition of guinea pig angiotensin I converting enzyme","Confirmatory",3020249
39758,103248390,44301553,"Unspecified",1636,"IC50",">",10,"Inhibition of guinea pig angiotensin I converting enzyme","Confirmatory",3020249
39758,103248401,44301557,"Unspecified",1636,"IC50","=",58,"Inhibition of guinea pig angiotensin I converting enzyme","Confirmatory",3020249
39758,103248509,44301623,"Active",1636,"IC50","=",0.44,"Inhibition of guinea pig angiotensin I converting enzyme","Confirmatory",3020249
39758,103339306,91270,"Active",1636,"IC50","=",0.056,"Inhibition of guinea pig angiotensin I converting enzyme","Confirmatory",3020249
39758,103581295,44093,"Active",1636,"IC50","=",0.013,"Inhibition of guinea pig angiotensin I converting enzyme","Confirmatory",3020249
39758,103590286,54892,"Active",1636,"IC50","=",0.0083,"Inhibition of guinea pig angiotensin I converting enzyme","Confirmatory",3020249
39758,103687918,107994,"Active",1636,"IC50","=",0.0028,"Inhibition of guinea pig angiotensin I converting enzyme","Confirmatory",3020249
39758,163312840,54468999,"Active",1636,"IC50","=",0.044,"Inhibition of guinea pig angiotensin I converting enzyme","Confirmatory",3020249
39758,163326502,36688130,"Active",1636,"IC50","=",6.1,"Inhibition of guinea pig angiotensin I converting enzyme","Confirmatory",3020249
39758,163333499,71459996,"Unspecified",1636,"IC50",">",1,"Inhibition of guinea pig angiotensin I converting enzyme","Confirmatory",3020249
39758,163336853,24721360,"Active",1636,"IC50","=",0.2,"Inhibition of guinea pig angiotensin I converting enzyme","Confirmatory",3020249
39758,163336898,71461712,"Active",1636,"IC50","=",1.1,"Inhibition of guinea pig angiotensin I converting enzyme","Confirmatory",3020249
39758,312365810,71750764,"Unspecified",1636,"IC50","=",90,"Inhibition of guinea pig angiotensin I converting enzyme","Confirmatory",3020249
39759,103179234,5462501,"Unspecified",1636,"","","","Time during which Angiotensin I converting enzyme inhibition is greater than or equal to 30% in Hog plasma","Other",2160536
39759,103179319,5388962,"Unspecified",1636,"","","","Time during which Angiotensin I converting enzyme inhibition is greater than or equal to 30% in Hog plasma","Other",2160536
39759,103581295,44093,"Unspecified",1636,"","","","Time during which Angiotensin I converting enzyme inhibition is greater than or equal to 30% in Hog plasma","Other",2160536
39760,103221164,14654601,"Unspecified",1636,"","","","Time during which angiotensin I converting enzyme inhibition is greater than or equal to 30% in Hog plasma","Other",2160536
39761,103179234,5462501,"Active",1636,"IC50","=",0.0012,"In vitro inhibition of Angiotensin I converting enzyme in Hog plasma","Confirmatory",2160536
39761,103179319,5388962,"Active",1636,"IC50","=",1.2,"In vitro inhibition of Angiotensin I converting enzyme in Hog plasma","Confirmatory",2160536
39761,103581295,44093,"Active",1636,"IC50","=",0.025,"In vitro inhibition of Angiotensin I converting enzyme in Hog plasma","Confirmatory",2160536
39762,103179319,5388962,"Unspecified",1636,"","","","In vivo inhibition of Angiotensin I converting enzyme in hog plasma after (po) administration of a dose of 0.3(mg/kg)","Other",2160536
39762,103581295,44093,"Unspecified",1636,"","","","In vivo inhibition of Angiotensin I converting enzyme in hog plasma after (po) administration of a dose of 0.3(mg/kg)","Other",2160536
39763,103179234,5462501,"Unspecified",1636,"","","","Time to inhibit maximum Angiotensin I converting enzyme in Hog plasma","Other",2160536
39763,103179319,5388962,"Unspecified",1636,"","","","Time to inhibit maximum Angiotensin I converting enzyme in Hog plasma","Other",2160536
39763,103581295,44093,"Unspecified",1636,"","","","Time to inhibit maximum Angiotensin I converting enzyme in Hog plasma","Other",2160536
39764,103221164,14654601,"Unspecified",1636,"","","","Time to inhibit maximum angiotensin I converting enzyme in Hog plasma","Other",2160536
39765,103239809,10467565,"Unspecified",1636,"IC50","=",90,"Inhibition against angiotensin I converting enzyme","Confirmatory",11384231
39765,103240036,10732349,"Unspecified",1636,"IC50",">",100,"Inhibition against angiotensin I converting enzyme","Confirmatory",11384231
39766,103276086,10565532,"Unspecified",1636,"IC50",">",100,"Inhibitory activity against angiotensin I converting enzyme (ACE)","Confirmatory",10882358
39766,103276129,10854279,"Unspecified",1636,"IC50","=",12.4,"Inhibitory activity against angiotensin I converting enzyme (ACE)","Confirmatory",10882358
39766,103276206,9816867,"Unspecified",1636,"IC50",">",100,"Inhibitory activity against angiotensin I converting enzyme (ACE)","Confirmatory",10882358
39766,103276396,9838786,"Unspecified",1636,"IC50","=",81,"Inhibitory activity against angiotensin I converting enzyme (ACE)","Confirmatory",10882358
39766,131277843,10493383,"Unspecified",1636,"IC50","=",34,"Inhibitory activity against angiotensin I converting enzyme (ACE)","Confirmatory",10882358
39766,160670722,10613145,"Unspecified",1636,"IC50",">",100,"Inhibitory activity against angiotensin I converting enzyme (ACE)","Confirmatory",10882358
39767,103169954,3132,"Active",1636,"IC50","=",0.86,"Inhibitory activity against angiotensin I converting enzyme (ACE)","Confirmatory",10669559
39767,103179319,5388962,"Active",1636,"IC50","=",0.0045,"Inhibitory activity against angiotensin I converting enzyme (ACE)","Confirmatory",10669559
39767,103220490,5362124,"Active",1636,"IC50","=",0.0017,"Inhibitory activity against angiotensin I converting enzyme (ACE)","Confirmatory",10669559
39767,103339020,44342229,"Unspecified",1636,"IC50",">",10,"Inhibitory activity against angiotensin I converting enzyme (ACE)","Confirmatory",10669559
39767,103339209,44342309,"Active",1636,"IC50","=",0.012,"Inhibitory activity against angiotensin I converting enzyme (ACE)","Confirmatory",10669559
39767,103339210,44342310,"Active",1636,"IC50","=",0.005,"Inhibitory activity against angiotensin I converting enzyme (ACE)","Confirmatory",10669559
39767,103339305,92400,"Active",1636,"IC50","=",0.0004,"Inhibitory activity against angiotensin I converting enzyme (ACE)","Confirmatory",10669559
39767,103339306,91270,"Active",1636,"IC50","=",0.0026,"Inhibitory activity against angiotensin I converting enzyme (ACE)","Confirmatory",10669559
39767,103339774,5362129,"Active",1636,"IC50","=",0.004,"Inhibitory activity against angiotensin I converting enzyme (ACE)","Confirmatory",10669559
39767,103378026,5362119,"Active",1636,"IC50","=",0.0047,"Inhibitory activity against angiotensin I converting enzyme (ACE)","Confirmatory",10669559
39767,103546496,3961,"Active",1636,"IC50","=",0.019,"Inhibitory activity against angiotensin I converting enzyme (ACE)","Confirmatory",10669559
39767,103558689,5484727,"Active",1636,"IC50","=",0.00093,"Inhibitory activity against angiotensin I converting enzyme (ACE)","Confirmatory",10669559
39767,103581295,44093,"Active",1636,"IC50","=",0.023,"Inhibitory activity against angiotensin I converting enzyme (ACE)","Confirmatory",10669559
39767,103590286,54892,"Active",1636,"IC50","=",0.0083,"Inhibitory activity against angiotensin I converting enzyme (ACE)","Confirmatory",10669559
39767,174510196,9601226,"Active",1636,"IC50","=",0.001,"Inhibitory activity against angiotensin I converting enzyme (ACE)","Confirmatory",10669559
39768,103241740,10436816,"Unspecified",1636,"IC50",">",100,"Inhibitory activity against ACE human, expressed as IC50","Confirmatory",""
39769,103335751,2828749,"Unspecified",1636,"IC50","=",200,"Inhibitory activity against Angiotensin I converting enzyme (ACE) from human blood serum","Confirmatory",12852763
39769,103335777,2252167,"Unspecified",1636,"IC50","=",100,"Inhibitory activity against Angiotensin I converting enzyme (ACE) from human blood serum","Confirmatory",12852763
39769,103335828,2834684,"Active",1636,"IC50","=",0.02,"Inhibitory activity against Angiotensin I converting enzyme (ACE) from human blood serum","Confirmatory",12852763
39769,103336523,2828746,"Active",1636,"IC50","=",2,"Inhibitory activity against Angiotensin I converting enzyme (ACE) from human blood serum","Confirmatory",12852763
39769,103378026,5362119,"Active",1636,"IC50","=",0.0001,"Inhibitory activity against Angiotensin I converting enzyme (ACE) from human blood serum","Confirmatory",12852763
39770,103169954,3132,"Active",1636,"IC50","=",0.14,"Inhibitory concentration was evaluated by Inhibiting 50% of Angiotensin I converting enzyme activity using 50 uM N-Cbz-Phe-His-Leu as substrate","Confirmatory",8421293
39770,103430965,44383695,"Active",1636,"IC50","=",6.1,"Inhibitory concentration was evaluated by Inhibiting 50% of Angiotensin I converting enzyme activity using 50 uM N-Cbz-Phe-His-Leu as substrate","Confirmatory",8421293
39770,103431058,44383743,"Active",1636,"IC50","=",2.8,"Inhibitory concentration was evaluated by Inhibiting 50% of Angiotensin I converting enzyme activity using 50 uM N-Cbz-Phe-His-Leu as substrate","Confirmatory",8421293
39770,103432391,44384394,"Active",1636,"IC50","=",0.3,"Inhibitory concentration was evaluated by Inhibiting 50% of Angiotensin I converting enzyme activity using 50 uM N-Cbz-Phe-His-Leu as substrate","Confirmatory",8421293
39770,103432609,10107034,"Unspecified",1636,"IC50","=",11,"Inhibitory concentration was evaluated by Inhibiting 50% of Angiotensin I converting enzyme activity using 50 uM N-Cbz-Phe-His-Leu as substrate","Confirmatory",8421293
39770,103434239,44385190,"Active",1636,"IC50","=",1.3,"Inhibitory concentration was evaluated by Inhibiting 50% of Angiotensin I converting enzyme activity using 50 uM N-Cbz-Phe-His-Leu as substrate","Confirmatory",8421293
39771,103241740,10436816,"Unspecified",1636,"","","","Percent Inhibitory activity against angiotensin-converting enzyme (ACE) human at the concentration of 100000 nM","Other",""
39772,103339641,44342481,"Active",1636,"Ki","=",0.0098,"Inhibitory activity against angiotensin I converting enzyme (ACE)","Confirmatory",10669559
39773,103192711,9829503,"Inactive",1636,"","","","Inhibitory activity against human angiotensin I converting enzyme (10 uM); No inhibition","Other",11312927
39773,103193136,9938207,"Inactive",1636,"","","","Inhibitory activity against human angiotensin I converting enzyme (10 uM); No inhibition","Other",11312927
39774,103193863,9916581,"Inactive",1636,"","","","Inhibitory activity against human angiotensin I converting enzyme (10 uM); No inhibition","Other",11312928
39775,103368903,7020447,"Unspecified",1636,"Ki","=",65,"Inhibition of hydrolysis of N-[3-(2-furyl)acryloyll-Phe-Gly-Gly7 by angiotensin I converting enzyme","Confirmatory",1331459
39776,103368903,7020447,"Unspecified",1636,"Km","=",10500,"Km for angiotensin I converting enzyme","Confirmatory",1331459
39776,103368925,15931083,"Unspecified",1636,"Km","=",4190,"Km for angiotensin I converting enzyme","Confirmatory",1331459
39777,103368903,7020447,"Unspecified",1636,"","","","First order rate constant for angiotensin I converting enzyme","Other",1331459
39777,103368904,15931084,"Unspecified",1636,"","","","First order rate constant for angiotensin I converting enzyme","Other",1331459
39777,103369568,15931086,"Unspecified",1636,"","","","First order rate constant for angiotensin I converting enzyme","Other",1331459
39778,103368903,7020447,"Unspecified",1636,"K obs","=",4600,"Pseudo first order rate constant for angiotensin I converting enzyme; 4.6-18.6","Confirmatory",1331459
39779,103368903,7020447,"Unspecified",1636,"","","","kinact for angiotensin I converting enzyme","Other",1331459
39779,103368925,15931083,"Unspecified",1636,"","","","kinact for angiotensin I converting enzyme","Other",1331459
56381,103220490,5362124,"Unspecified",1636,"","","","In vivo inhibitory activity against Angiotensin I pressor response in normotensive dog after peroral administration","Other",2999394
227950,103280796,44317087,"Unspecified",1636,"","","","Partition ratio expressed as ratio of catalytic constant to that of inactivation constant for angiotensin converting enzyme (ACE)","Other",8360886
229787,103184640,44272614,"Unspecified",1636,"","","","Ratio of Ki (ACE) to that of Ki (enkephalinase).","Other",2993614
229787,103184696,44272640,"Unspecified",1636,"","","","Ratio of Ki (ACE) to that of Ki (enkephalinase).","Other",2993614
229787,103184844,44272708,"Unspecified",1636,"","","","Ratio of Ki (ACE) to that of Ki (enkephalinase).","Other",2993614
229787,103185311,44272956,"Unspecified",1636,"","","","Ratio of Ki (ACE) to that of Ki (enkephalinase).","Other",2993614
229787,103185312,44272958,"Unspecified",1636,"","","","Ratio of Ki (ACE) to that of Ki (enkephalinase).","Other",2993614
229787,103185319,44272962,"Unspecified",1636,"","","","Ratio of Ki (ACE) to that of Ki (enkephalinase).","Other",2993614
229787,103185320,44272964,"Unspecified",1636,"","","","Ratio of Ki (ACE) to that of Ki (enkephalinase).","Other",2993614
229787,103185788,44273194,"Unspecified",1636,"","","","Ratio of Ki (ACE) to that of Ki (enkephalinase).","Other",2993614
229787,131274123,54581084,"Unspecified",1636,"","","","Ratio of Ki (ACE) to that of Ki (enkephalinase).","Other",2993614
234094,103250320,10198171,"Unspecified",1636,"","","","Selectivity for zinc metalloprotease over angiotensin converting enzyme(ACE) for >=50% inhibition","Other",12723961
234095,103250320,10198171,"Unspecified",1636,"","","","Selectivity for zinc metalloprotease over angiotensin converting enzyme(ACE) for >=50% stimulation","Other",12723961
241822,103431341,131255,"Unspecified",1636,"IC50","=",13.4,"Inhibitory concentration against human angiotensin I converting enzyme","Confirmatory",15658862
241822,103440481,44388021,"Unspecified",1636,"IC50","=",36.6,"Inhibitory concentration against human angiotensin I converting enzyme","Confirmatory",15658862
241822,103464731,44400757,"Unspecified",1636,"IC50","=",14.6,"Inhibitory concentration against human angiotensin I converting enzyme","Confirmatory",15658862
241822,103464918,10141595,"Unspecified",1636,"IC50",">",100,"Inhibitory concentration against human angiotensin I converting enzyme","Confirmatory",15658862
241822,103464919,44400838,"Unspecified",1636,"IC50",">",100,"Inhibitory concentration against human angiotensin I converting enzyme","Confirmatory",15658862
241822,103465183,11192220,"Unspecified",1636,"IC50",">",100,"Inhibitory concentration against human angiotensin I converting enzyme","Confirmatory",15658862
241822,103465482,44401169,"Unspecified",1636,"IC50","=",31.5,"Inhibitory concentration against human angiotensin I converting enzyme","Confirmatory",15658862
254288,103251352,44303110,"Active",1636,"Ki","=",0.0013,"Inhibition constant against angiotensin I converting enzyme","Confirmatory",16220969
254756,103218773,9998020,"Active",1636,"IC50","=",0.03,"Inhibitory concentration against angiotensin I converting enzyme","Confirmatory",16220969
254756,103472298,123742,"Unspecified",1636,"IC50","=",32,"Inhibitory concentration against angiotensin I converting enzyme","Confirmatory",16220969
254756,103472314,44404945,"Active",1636,"IC50","=",0.00011,"Inhibitory concentration against angiotensin I converting enzyme","Confirmatory",16220969
254756,103472395,44404953,"Active",1636,"IC50","=",0.005,"Inhibitory concentration against angiotensin I converting enzyme","Confirmatory",16220969
254756,103581295,44093,"Active",1636,"IC50","=",0.023,"Inhibitory concentration against angiotensin I converting enzyme","Confirmatory",16220969
260601,103480025,4369384,"Unspecified",1636,"","","","Inhibition of ACE at 10 uM","Other",16338135
263523,103484973,44409992,"Unspecified",1636,"","","","Activity against ACE in bovine kidney","Other",16464585
263523,103485128,11774785,"Unspecified",1636,"","","","Activity against ACE in bovine kidney","Other",16464585
263523,103485140,11383434,"Unspecified",1636,"","","","Activity against ACE in bovine kidney","Other",16464585
263523,103485148,11383916,"Unspecified",1636,"","","","Activity against ACE in bovine kidney","Other",16464585
263523,103485149,44410074,"Unspecified",1636,"","","","Activity against ACE in bovine kidney","Other",16464585
263523,103485197,44410101,"Unspecified",1636,"","","","Activity against ACE in bovine kidney","Other",16464585
263523,103485198,9910508,"Unspecified",1636,"","","","Activity against ACE in bovine kidney","Other",16464585
263523,103485208,44410103,"Unspecified",1636,"","","","Activity against ACE in bovine kidney","Other",16464585
263523,103485506,44410209,"Unspecified",1636,"","","","Activity against ACE in bovine kidney","Other",16464585
263523,103485513,44410214,"Unspecified",1636,"","","","Activity against ACE in bovine kidney","Other",16464585
263523,103485514,11280929,"Unspecified",1636,"","","","Activity against ACE in bovine kidney","Other",16464585
263523,103485521,11773488,"Unspecified",1636,"","","","Activity against ACE in bovine kidney","Other",16464585
263523,103485522,44410216,"Unspecified",1636,"","","","Activity against ACE in bovine kidney","Other",16464585
263523,103485595,11442130,"Unspecified",1636,"","","","Activity against ACE in bovine kidney","Other",16464585
263523,103485605,44410243,"Unspecified",1636,"","","","Activity against ACE in bovine kidney","Other",16464585
263523,103485606,44410244,"Unspecified",1636,"","","","Activity against ACE in bovine kidney","Other",16464585
263523,103485616,11176510,"Unspecified",1636,"","","","Activity against ACE in bovine kidney","Other",16464585
263523,103485617,11187708,"Unspecified",1636,"","","","Activity against ACE in bovine kidney","Other",16464585
263523,174500482,73350216,"Unspecified",1636,"","","","Activity against ACE in bovine kidney","Other",16464585
263523,174510804,73353197,"Unspecified",1636,"","","","Activity against ACE in bovine kidney","Other",16464585
263524,103484973,44409992,"Active",1636,"IC50","=",10,"Inhibition of ACE in bovine kidney","Confirmatory",16464585
263524,103484973,44409992,"Unspecified",1636,"Inhibition","=","","Inhibition of ACE in bovine kidney","Confirmatory",16464585
263524,103485128,11774785,"Active",1636,"IC50","=",4,"Inhibition of ACE in bovine kidney","Confirmatory",16464585
263524,103485128,11774785,"Unspecified",1636,"Inhibition","=","","Inhibition of ACE in bovine kidney","Confirmatory",16464585
263524,103485140,11383434,"Unspecified",1636,"Inhibition","=","","Inhibition of ACE in bovine kidney","Confirmatory",16464585
263524,103485148,11383916,"Unspecified",1636,"Inhibition","=","","Inhibition of ACE in bovine kidney","Confirmatory",16464585
263524,103485149,44410074,"Unspecified",1636,"Inhibition","=","","Inhibition of ACE in bovine kidney","Confirmatory",16464585
263524,103485197,44410101,"Unspecified",1636,"Inhibition","=","","Inhibition of ACE in bovine kidney","Confirmatory",16464585
263524,103485198,9910508,"Active",1636,"IC50","=",10,"Inhibition of ACE in bovine kidney","Confirmatory",16464585
263524,103485198,9910508,"Unspecified",1636,"Inhibition","=","","Inhibition of ACE in bovine kidney","Confirmatory",16464585
263524,103485208,44410103,"Unspecified",1636,"Inhibition","=","","Inhibition of ACE in bovine kidney","Confirmatory",16464585
263524,103485506,44410209,"Unspecified",1636,"Inhibition","=","","Inhibition of ACE in bovine kidney","Confirmatory",16464585
263524,103485513,44410214,"Unspecified",1636,"Inhibition","=","","Inhibition of ACE in bovine kidney","Confirmatory",16464585
263524,103485514,11280929,"Unspecified",1636,"Inhibition","=","","Inhibition of ACE in bovine kidney","Confirmatory",16464585
263524,103485521,11773488,"Unspecified",1636,"Inhibition","=","","Inhibition of ACE in bovine kidney","Confirmatory",16464585
263524,103485522,44410216,"Unspecified",1636,"Inhibition","=","","Inhibition of ACE in bovine kidney","Confirmatory",16464585
263524,103485595,11442130,"Unspecified",1636,"Inhibition","=","","Inhibition of ACE in bovine kidney","Confirmatory",16464585
263524,103485605,44410243,"Unspecified",1636,"Inhibition","=","","Inhibition of ACE in bovine kidney","Confirmatory",16464585
263524,103485606,44410244,"Unspecified",1636,"Inhibition","=","","Inhibition of ACE in bovine kidney","Confirmatory",16464585
263524,103485616,11176510,"Active",1636,"IC50","=",0.6,"Inhibition of ACE in bovine kidney","Confirmatory",16464585
263524,103485616,11176510,"Unspecified",1636,"Inhibition","=","","Inhibition of ACE in bovine kidney","Confirmatory",16464585
263524,103485617,11187708,"Unspecified",1636,"Inhibition","=","","Inhibition of ACE in bovine kidney","Confirmatory",16464585
263524,174500482,73350216,"Unspecified",1636,"Inhibition","=","","Inhibition of ACE in bovine kidney","Confirmatory",16464585
263524,174510804,73353197,"Unspecified",1636,"Inhibition","=","","Inhibition of ACE in bovine kidney","Confirmatory",16464585
267405,103493230,9930121,"Unspecified",1636,"","","","Inhibition of ACE at 1 uM","Other",16821801
270069,103581295,44093,"Unspecified",1636,"EC50","=",21.208,"Inhibition of human ACE C domain","Confirmatory",16889963
270070,103581295,44093,"Unspecified",1636,"EC50","=",1422.66,"Inhibition of human ACE Y1096F mutant","Confirmatory",16889963
270071,103581295,44093,"Unspecified",1636,"EC50","=",18.5396,"Inhibition of human ACE K1087A mutant","Confirmatory",16889963
271448,103378026,5362119,"Active",1636,"Ki","=",0.051,"Inhibition of testis ACE C domain","Confirmatory",16784843
271448,103497263,16007169,"Active",1636,"Ki","=",7,"Inhibition of testis ACE C domain","Confirmatory",16784843
271448,103497264,44415488,"Unspecified",1636,"Ki","=",26.3,"Inhibition of testis ACE C domain","Confirmatory",16784843
271449,103378026,5362119,"Active",1636,"Ki","=",0.1315,"Inhibition of somatic ACE N domain","Confirmatory",16784843
271450,103497263,16007169,"Unspecified","","","","","Inhibition of somatic ACE N domain upto 500 uM","Other",16784843
271450,103497264,44415488,"Unspecified","","","","","Inhibition of somatic ACE N domain upto 500 uM","Other",16784843
271451,103378026,5362119,"Unspecified",1636,"","","","Selectivity for ACE C domain over ACE N domain","Other",16784843
271451,103497263,16007169,"Unspecified",1636,"","","","Selectivity for ACE C domain over ACE N domain","Other",16784843
271451,103497264,44415488,"Unspecified",1636,"","","","Selectivity for ACE C domain over ACE N domain","Other",16784843
271475,103202323,156271,"Unspecified",1636,"Ki","=",45.2,"Inhibition of recombinant ACE N domain","Confirmatory",16784850
271475,103378026,5362119,"Active",1636,"Ki","=",0.1315,"Inhibition of recombinant ACE N domain","Confirmatory",16784850
271475,103496933,11992410,"Unspecified",1636,"Ki","=",195.7,"Inhibition of recombinant ACE N domain","Confirmatory",16784850
271475,103497482,11992491,"Unspecified",1636,"Ki","=",84.3,"Inhibition of recombinant ACE N domain","Confirmatory",16784850
271475,103497517,11992492,"Unspecified",1636,"Ki","=",33.6,"Inhibition of recombinant ACE N domain","Confirmatory",16784850
271475,103497865,11992493,"Unspecified",1636,"Ki","=",13.3,"Inhibition of recombinant ACE N domain","Confirmatory",16784850
271475,103497891,11992494,"Unspecified",1636,"Ki","=",43,"Inhibition of recombinant ACE N domain","Confirmatory",16784850
314425,103560468,44446952,"Active",1636,"Ki","=",0.49,"Inhibition of human recombinant ACE by fluorescence assay","Confirmatory",18243695
314425,103560470,44446953,"Active",1636,"Ki","=",0.25,"Inhibition of human recombinant ACE by fluorescence assay","Confirmatory",18243695
314425,103560471,44446954,"Active",1636,"Ki","=",0.18,"Inhibition of human recombinant ACE by fluorescence assay","Confirmatory",18243695
314425,103560473,44446956,"Active",1636,"Ki","=",0.57,"Inhibition of human recombinant ACE by fluorescence assay","Confirmatory",18243695
314425,103560474,44446957,"Active",1636,"Ki","=",0.41,"Inhibition of human recombinant ACE by fluorescence assay","Confirmatory",18243695
314425,103560476,44446959,"Active",1636,"Ki","=",1.8,"Inhibition of human recombinant ACE by fluorescence assay","Confirmatory",18243695
314425,103560477,44446960,"Active",1636,"Ki","=",0.31,"Inhibition of human recombinant ACE by fluorescence assay","Confirmatory",18243695
314425,103560480,44446963,"Unspecified",1636,"Ki","=",20,"Inhibition of human recombinant ACE by fluorescence assay","Confirmatory",18243695
314425,103560482,44446965,"Active",1636,"Ki","=",1,"Inhibition of human recombinant ACE by fluorescence assay","Confirmatory",18243695
314425,103560484,44446967,"Active",1636,"Ki","=",5,"Inhibition of human recombinant ACE by fluorescence assay","Confirmatory",18243695
314425,103560485,44446968,"Active",1636,"Ki","=",1.1,"Inhibition of human recombinant ACE by fluorescence assay","Confirmatory",18243695
314425,103560486,44446969,"Active",1636,"Ki","=",0.25,"Inhibition of human recombinant ACE by fluorescence assay","Confirmatory",18243695
314425,103560487,44446970,"Active",1636,"Ki","=",0.77,"Inhibition of human recombinant ACE by fluorescence assay","Confirmatory",18243695
314425,103560491,44446972,"Active",1636,"Ki","=",0.75,"Inhibition of human recombinant ACE by fluorescence assay","Confirmatory",18243695
314425,103560494,44446974,"Active",1636,"Ki","=",0.57,"Inhibition of human recombinant ACE by fluorescence assay","Confirmatory",18243695
314425,103560498,44446975,"Active",1636,"Ki","=",4,"Inhibition of human recombinant ACE by fluorescence assay","Confirmatory",18243695
314425,103560500,44446976,"Active",1636,"Ki","=",0.95,"Inhibition of human recombinant ACE by fluorescence assay","Confirmatory",18243695
314425,103560503,44446979,"Active",1636,"Ki","=",1.8,"Inhibition of human recombinant ACE by fluorescence assay","Confirmatory",18243695
314425,103560504,44446980,"Active",1636,"Ki","=",2.6,"Inhibition of human recombinant ACE by fluorescence assay","Confirmatory",18243695
314425,103560509,44446984,"Unspecified",1636,"Ki","=",25,"Inhibition of human recombinant ACE by fluorescence assay","Confirmatory",18243695
317219,103416919,44377126,"Active",1636,"Ki","=",0.03,"Inhibition of human recombinant ACE by fluorescence assay","Confirmatory",18078750
317219,103416944,44377139,"Active",1636,"Ki","=",0.52,"Inhibition of human recombinant ACE by fluorescence assay","Confirmatory",18078750
317219,103560468,44446952,"Active",1636,"Ki","=",0.49,"Inhibition of human recombinant ACE by fluorescence assay","Confirmatory",18078750
317219,103573781,44454957,"Unspecified",1636,"Ki","=",13,"Inhibition of human recombinant ACE by fluorescence assay","Confirmatory",18078750
317219,103573783,44454959,"Active",1636,"Ki","=",0.62,"Inhibition of human recombinant ACE by fluorescence assay","Confirmatory",18078750
317219,103573784,44454960,"Active",1636,"Ki","=",0.7,"Inhibition of human recombinant ACE by fluorescence assay","Confirmatory",18078750
317219,103573824,44454987,"Active",1636,"Ki","=",0.2,"Inhibition of human recombinant ACE by fluorescence assay","Confirmatory",18078750
317219,103573825,25033280,"Active",1636,"Ki","=",0.2,"Inhibition of human recombinant ACE by fluorescence assay","Confirmatory",18078750
317219,103573865,44455013,"Active",1636,"Ki","=",0.0093,"Inhibition of human recombinant ACE by fluorescence assay","Confirmatory",18078750
317219,103573867,44455015,"Active",1636,"Ki","=",3.4,"Inhibition of human recombinant ACE by fluorescence assay","Confirmatory",18078750
317219,103573868,44455016,"Active",1636,"Ki","=",0.0086,"Inhibition of human recombinant ACE by fluorescence assay","Confirmatory",18078750
317219,103573870,44455018,"Active",1636,"Ki","=",0.021,"Inhibition of human recombinant ACE by fluorescence assay","Confirmatory",18078750
317219,103573910,44455047,"Active",1636,"Ki","=",0.016,"Inhibition of human recombinant ACE by fluorescence assay","Confirmatory",18078750
317219,103574439,44455406,"Active",1636,"Ki","=",0.093,"Inhibition of human recombinant ACE by fluorescence assay","Confirmatory",18078750
317219,103574440,44455407,"Active",1636,"Ki","=",0.21,"Inhibition of human recombinant ACE by fluorescence assay","Confirmatory",18078750
317219,103574474,25033281,"Active",1636,"Ki","=",2.7,"Inhibition of human recombinant ACE by fluorescence assay","Confirmatory",18078750
317219,103574475,44455428,"Active",1636,"Ki","=",0.84,"Inhibition of human recombinant ACE by fluorescence assay","Confirmatory",18078750
317219,103574476,44455429,"Unspecified",1636,"Ki",">",10,"Inhibition of human recombinant ACE by fluorescence assay","Confirmatory",18078750
317219,103574477,44455430,"Active",1636,"Ki","=",0.0032,"Inhibition of human recombinant ACE by fluorescence assay","Confirmatory",18078750
320030,103573109,44454536,"Active",1636,"IC50","=",0.04,"Inhibition of ACE","Confirmatory",18160283
320030,103573201,44454596,"Active",1636,"IC50","=",0.039,"Inhibition of ACE","Confirmatory",18160283
320030,103573285,44454648,"Active",1636,"IC50","=",0.191,"Inhibition of ACE","Confirmatory",18160283
320030,103573331,44454674,"Active",1636,"IC50","=",0.023,"Inhibition of ACE","Confirmatory",18160283
320030,103573373,44454700,"Active",1636,"IC50","=",0.06,"Inhibition of ACE","Confirmatory",18160283
320030,103573418,9932329,"Active",1636,"IC50","=",0.035,"Inhibition of ACE","Confirmatory",18160283
320030,103573424,44454730,"Active",1636,"IC50","=",0.11,"Inhibition of ACE","Confirmatory",18160283
320030,103573522,44454780,"Active",1636,"IC50","=",0.103,"Inhibition of ACE","Confirmatory",18160283
320030,103573609,44454833,"Active",1636,"IC50","=",0.029,"Inhibition of ACE","Confirmatory",18160283
320030,103573660,24882714,"Active",1636,"IC50","=",1.98,"Inhibition of ACE","Confirmatory",18160283
320030,103573661,9844054,"Active",1636,"IC50","=",0.052,"Inhibition of ACE","Confirmatory",18160283
320030,103573709,44454905,"Active",1636,"IC50","=",0.15,"Inhibition of ACE","Confirmatory",18160283
335366,103453494,5281656,"Unspecified",1636,"IC50","=",530.8,"Inhibition of ACE","Confirmatory",1517742
335366,103618116,5479774,"Unspecified",1636,"IC50","=",69.2,"Inhibition of ACE","Confirmatory",1517742
335366,103638730,10355232,"Unspecified",1636,"IC50","=",35.4,"Inhibition of ACE","Confirmatory",1517742
335366,103638731,10015450,"Unspecified",1636,"IC50","=",238.5,"Inhibition of ACE","Confirmatory",1517742
335366,103638732,10355231,"Unspecified",1636,"IC50","=",769,"Inhibition of ACE","Confirmatory",1517742
335367,103453494,5281656,"Unspecified",1636,"","","","Inhibition of ACE at 100 uM","Other",1517742
335367,103618116,5479774,"Unspecified",1636,"","","","Inhibition of ACE at 100 uM","Other",1517742
335367,103638730,10355232,"Unspecified",1636,"","","","Inhibition of ACE at 100 uM","Other",1517742
335367,103638731,10015450,"Unspecified",1636,"","","","Inhibition of ACE at 100 uM","Other",1517742
335367,103638732,10355231,"Unspecified",1636,"","","","Inhibition of ACE at 100 uM","Other",1517742
335367,103638733,10365247,"Unspecified",1636,"","","","Inhibition of ACE at 100 uM","Other",1517742
335367,103638762,44584695,"Unspecified",1636,"","","","Inhibition of ACE at 100 uM","Other",1517742
335367,103638763,44584696,"Unspecified",1636,"","","","Inhibition of ACE at 100 uM","Other",1517742
335367,103638764,44584697,"Unspecified",1636,"","","","Inhibition of ACE at 100 uM","Other",1517742
335367,103638765,10071226,"Unspecified",1636,"","","","Inhibition of ACE at 100 uM","Other",1517742
335368,103453494,5281656,"Unspecified",1636,"","","","Inhibition of ACE at 200 uM","Other",1517742
335368,103618116,5479774,"Unspecified",1636,"","","","Inhibition of ACE at 200 uM","Other",1517742
335368,103638730,10355232,"Unspecified",1636,"","","","Inhibition of ACE at 200 uM","Other",1517742
335368,103638731,10015450,"Unspecified",1636,"","","","Inhibition of ACE at 200 uM","Other",1517742
335368,103638732,10355231,"Unspecified",1636,"","","","Inhibition of ACE at 200 uM","Other",1517742
335369,103453494,5281656,"Unspecified",1636,"","","","Inhibition of ACE at 400 uM","Other",1517742
335369,103618116,5479774,"Unspecified",1636,"","","","Inhibition of ACE at 400 uM","Other",1517742
335369,103638730,10355232,"Unspecified",1636,"","","","Inhibition of ACE at 400 uM","Other",1517742
335369,103638731,10015450,"Unspecified",1636,"","","","Inhibition of ACE at 400 uM","Other",1517742
335369,103638732,10355231,"Unspecified",1636,"","","","Inhibition of ACE at 400 uM","Other",1517742
335370,103453494,5281656,"Unspecified",1636,"Ki","=",250.2,"Inhibition of ACE by Lineweaver-Burke plot","Confirmatory",1517742
335370,103618116,5479774,"Unspecified",1636,"Ki","=",34.2,"Inhibition of ACE by Lineweaver-Burke plot","Confirmatory",1517742
335370,103638730,10355232,"Unspecified",1636,"Ki","=",14.2,"Inhibition of ACE by Lineweaver-Burke plot","Confirmatory",1517742
335370,103638731,10015450,"Unspecified",1636,"Ki","=",126,"Inhibition of ACE by Lineweaver-Burke plot","Confirmatory",1517742
338980,103163815,5281855,"Unspecified",1636,"IC50","=",5000,"Inhibition of ACE by fluorometric assay","Confirmatory",3379417
338980,103217472,370,"Unspecified",1636,"IC50","=",7700,"Inhibition of ACE by fluorometric assay","Confirmatory",3379417
338980,103581295,44093,"Active",1636,"IC50","=",0.005,"Inhibition of ACE by fluorometric assay","Confirmatory",3379417
338980,103582352,3001497,"Unspecified",1636,"IC50","=",400,"Inhibition of ACE by fluorometric assay","Confirmatory",3379417
338980,103582353,73568,"Unspecified",1636,"IC50","=",3700,"Inhibition of ACE by fluorometric assay","Confirmatory",3379417
340316,103581295,44093,"Active",1636,"IC50","=",0.00063,"Inhibition of human ACE","Confirmatory",18588282
340377,103602982,24901595,"Unspecified",1636,"","","","Inhibition of human ACE at 10 uM","Other",18588282
349386,103627400,44580458,"Unspecified",1636,"Ki",">",100,"Inhibition of ACE","Confirmatory",18790648
362193,103581295,44093,"Active",1636,"IC50","=",0.023,"Inhibition of ACE","Confirmatory",18674901
362193,103642477,44586759,"Active",1636,"IC50","=",0.0024,"Inhibition of ACE","Confirmatory",18674901
362193,103642478,44586760,"Active",1636,"IC50","=",0.00018,"Inhibition of ACE","Confirmatory",18674901
362193,103642479,44586761,"Active",1636,"IC50","=",2.9e-05,"Inhibition of ACE","Confirmatory",18674901
362193,103642552,44586792,"Active",1636,"IC50","=",0.0032,"Inhibition of ACE","Confirmatory",18674901
362193,103642617,44586816,"Active",1636,"IC50","=",0.0042,"Inhibition of ACE","Confirmatory",18674901
362193,103642618,44586817,"Active",1636,"IC50","=",0.0084,"Inhibition of ACE","Confirmatory",18674901
362193,103642619,44586818,"Active",1636,"IC50","=",0.019,"Inhibition of ACE","Confirmatory",18674901
362193,103642620,44586819,"Active",1636,"IC50","=",0.015,"Inhibition of ACE","Confirmatory",18674901
362193,103642621,44586820,"Active",1636,"IC50","=",0.0009,"Inhibition of ACE","Confirmatory",18674901
362193,103642703,44586856,"Active",1636,"IC50","=",0.0023,"Inhibition of ACE","Confirmatory",18674901
362193,103642704,44586857,"Active",1636,"IC50","=",0.0041,"Inhibition of ACE","Confirmatory",18674901
362193,103642705,44586858,"Active",1636,"IC50","=",0.41,"Inhibition of ACE","Confirmatory",18674901
362193,103642706,44586859,"Active",1636,"IC50","=",0.28,"Inhibition of ACE","Confirmatory",18674901
362193,103642707,44586860,"Active",1636,"IC50","=",0.0033,"Inhibition of ACE","Confirmatory",18674901
364624,103586789,44561891,"Unspecified",1636,"IC50",">",100,"Inhibition of human ACE","Confirmatory",18701300
364624,103586790,44561892,"Unspecified",1636,"IC50",">",100,"Inhibition of human ACE","Confirmatory",18701300
364624,103586791,44561893,"Unspecified",1636,"IC50",">",100,"Inhibition of human ACE","Confirmatory",18701300
364624,103586854,25141405,"Unspecified",1636,"IC50",">",100,"Inhibition of human ACE","Confirmatory",18701300
364624,103586855,44561930,"Unspecified",1636,"IC50",">",100,"Inhibition of human ACE","Confirmatory",18701300
364624,103586856,44561931,"Unspecified",1636,"IC50",">",100,"Inhibition of human ACE","Confirmatory",18701300
364624,103586857,44561932,"Unspecified",1636,"IC50",">",100,"Inhibition of human ACE","Confirmatory",18701300
364624,103586858,49797481,"Unspecified",1636,"IC50",">",100,"Inhibition of human ACE","Confirmatory",18701300
364624,103586859,555078,"Unspecified",1636,"IC50",">",100,"Inhibition of human ACE","Confirmatory",18701300
365942,103623083,11257380,"Unspecified","","","","","Binding affinity to angiotensin converting enzyme at <3 uM","Other",18639455
365942,103623145,11475469,"Unspecified","","","","","Binding affinity to angiotensin converting enzyme at <3 uM","Other",18639455
396487,103629558,9906720,"Active",1636,"IC50","=",0.52,"Inhibition of angiotensin-converting enzyme in whole blood by HPLC","Confirmatory",19042128
396487,103629559,10448308,"Active",1636,"IC50","=",0.034,"Inhibition of angiotensin-converting enzyme in whole blood by HPLC","Confirmatory",19042128
396487,103629706,44581551,"Active",1636,"IC50","=",0.1,"Inhibition of angiotensin-converting enzyme in whole blood by HPLC","Confirmatory",19042128
396487,103629707,44581552,"Active",1636,"IC50","=",0.25,"Inhibition of angiotensin-converting enzyme in whole blood by HPLC","Confirmatory",19042128
396487,103629708,44581553,"Active",1636,"IC50","=",0.28,"Inhibition of angiotensin-converting enzyme in whole blood by HPLC","Confirmatory",19042128
396487,103629709,9803222,"Active",1636,"IC50","=",0.14,"Inhibition of angiotensin-converting enzyme in whole blood by HPLC","Confirmatory",19042128
396487,103629710,44581554,"Active",1636,"IC50","=",0.24,"Inhibition of angiotensin-converting enzyme in whole blood by HPLC","Confirmatory",19042128
396487,103629711,44581555,"Active",1636,"IC50","=",0.34,"Inhibition of angiotensin-converting enzyme in whole blood by HPLC","Confirmatory",19042128
396487,103629769,44581584,"Active",1636,"IC50","=",0.021,"Inhibition of angiotensin-converting enzyme in whole blood by HPLC","Confirmatory",19042128
396487,103629770,44581585,"Active",1636,"IC50","=",0.21,"Inhibition of angiotensin-converting enzyme in whole blood by HPLC","Confirmatory",19042128
396487,103629771,44581586,"Active",1636,"IC50","=",0.3,"Inhibition of angiotensin-converting enzyme in whole blood by HPLC","Confirmatory",19042128
396487,103629772,44581587,"Active",1636,"IC50","=",0.13,"Inhibition of angiotensin-converting enzyme in whole blood by HPLC","Confirmatory",19042128
396487,103629773,44581588,"Active",1636,"IC50","=",0.28,"Inhibition of angiotensin-converting enzyme in whole blood by HPLC","Confirmatory",19042128
396487,103629774,44581589,"Active",1636,"IC50","=",4,"Inhibition of angiotensin-converting enzyme in whole blood by HPLC","Confirmatory",19042128
396487,103629833,44581623,"Active",1636,"IC50","=",0.1,"Inhibition of angiotensin-converting enzyme in whole blood by HPLC","Confirmatory",19042128
396487,103629834,44581624,"Active",1636,"IC50","=",0.26,"Inhibition of angiotensin-converting enzyme in whole blood by HPLC","Confirmatory",19042128
396487,103629835,44581625,"Active",1636,"IC50","=",0.34,"Inhibition of angiotensin-converting enzyme in whole blood by HPLC","Confirmatory",19042128
396487,103629836,44581626,"Active",1636,"IC50","=",0.37,"Inhibition of angiotensin-converting enzyme in whole blood by HPLC","Confirmatory",19042128
396487,103629837,44581627,"Active",1636,"IC50","=",4.6,"Inhibition of angiotensin-converting enzyme in whole blood by HPLC","Confirmatory",19042128
396487,103629838,44581628,"Active",1636,"IC50","=",0.3,"Inhibition of angiotensin-converting enzyme in whole blood by HPLC","Confirmatory",19042128
396487,103629894,44581658,"Active",1636,"IC50","=",0.32,"Inhibition of angiotensin-converting enzyme in whole blood by HPLC","Confirmatory",19042128
396487,103629895,44581659,"Active",1636,"IC50","=",0.3,"Inhibition of angiotensin-converting enzyme in whole blood by HPLC","Confirmatory",19042128
396487,103629896,44581660,"Active",1636,"IC50","=",0.3,"Inhibition of angiotensin-converting enzyme in whole blood by HPLC","Confirmatory",19042128
396487,103629897,44581661,"Unspecified",1636,"IC50",">",10,"Inhibition of angiotensin-converting enzyme in whole blood by HPLC","Confirmatory",19042128
396487,103629898,44581662,"Active",1636,"IC50","=",0.2,"Inhibition of angiotensin-converting enzyme in whole blood by HPLC","Confirmatory",19042128
396487,103629899,44581663,"Active",1636,"IC50","=",0.34,"Inhibition of angiotensin-converting enzyme in whole blood by HPLC","Confirmatory",19042128
396487,103629950,21967881,"Active",1636,"IC50","=",0.42,"Inhibition of angiotensin-converting enzyme in whole blood by HPLC","Confirmatory",19042128
396487,103629951,44581700,"Active",1636,"IC50","=",0.43,"Inhibition of angiotensin-converting enzyme in whole blood by HPLC","Confirmatory",19042128
396487,103629952,44581701,"Active",1636,"IC50","=",3.6,"Inhibition of angiotensin-converting enzyme in whole blood by HPLC","Confirmatory",19042128
396487,103629953,44581702,"Active",1636,"IC50","=",1.7,"Inhibition of angiotensin-converting enzyme in whole blood by HPLC","Confirmatory",19042128
396487,103629954,44581703,"Active",1636,"IC50","=",0.26,"Inhibition of angiotensin-converting enzyme in whole blood by HPLC","Confirmatory",19042128
396487,103630021,44581746,"Unspecified",1636,"IC50",">",10,"Inhibition of angiotensin-converting enzyme in whole blood by HPLC","Confirmatory",19042128
396487,103630022,21967878,"Active",1636,"IC50","=",3,"Inhibition of angiotensin-converting enzyme in whole blood by HPLC","Confirmatory",19042128
402582,103581272,10326741,"Unspecified",1636,"","","","Inhibition of ACE at 1 mg/ml","Other",15217277
402582,103581273,44593361,"Unspecified",1636,"","","","Inhibition of ACE at 1 mg/ml","Other",15217277
402582,103581274,44559534,"Unspecified",1636,"","","","Inhibition of ACE at 1 mg/ml","Other",15217277
402583,103581272,10326741,"Unspecified",1636,"","","","Inhibition of ACE at 0.01 mg/ml","Other",15217277
402583,103581273,44593361,"Unspecified",1636,"","","","Inhibition of ACE at 0.01 mg/ml","Other",15217277
402583,103581274,44559534,"Unspecified",1636,"","","","Inhibition of ACE at 0.01 mg/ml","Other",15217277
402583,103581295,44093,"Unspecified",1636,"","","","Inhibition of ACE at 0.01 mg/ml","Other",15217277
402586,103581272,10326741,"Unspecified",1636,"","","","Inhibition of ACE at 0.1 mg/ml","Other",15217277
402586,103581273,44593361,"Unspecified",1636,"","","","Inhibition of ACE at 0.1 mg/ml","Other",15217277
402586,103581274,44559534,"Unspecified",1636,"","","","Inhibition of ACE at 0.1 mg/ml","Other",15217277
433785,103431058,44383743,"Active",1636,"IC50","=",2.8,"Inhibition of human recombinant ACE by fluorimetry","Confirmatory",19596577
433785,103431656,44384017,"Unspecified",1636,"IC50",">",10,"Inhibition of human recombinant ACE by fluorimetry","Confirmatory",19596577
433785,103581295,44093,"Active",1636,"IC50","=",0.00012,"Inhibition of human recombinant ACE by fluorimetry","Confirmatory",19596577
433785,103681973,45267758,"Active",1636,"IC50","=",0.83,"Inhibition of human recombinant ACE by fluorimetry","Confirmatory",19596577
433785,103681983,45267767,"Active",1636,"IC50","=",0.16,"Inhibition of human recombinant ACE by fluorimetry","Confirmatory",19596577
433785,103685391,45269496,"Active",1636,"IC50","=",0.28,"Inhibition of human recombinant ACE by fluorimetry","Confirmatory",19596577
433785,103687203,45270333,"Active",1636,"IC50","=",0.4,"Inhibition of human recombinant ACE by fluorimetry","Confirmatory",19596577
433785,103690691,45272068,"Active",1636,"IC50","=",0.3,"Inhibition of human recombinant ACE by fluorimetry","Confirmatory",19596577
433785,103694272,45273826,"Active",1636,"IC50","=",1.01,"Inhibition of human recombinant ACE by fluorimetry","Confirmatory",19596577
441110,103697688,11391583,"Unspecified",1636,"IC50",">",250,"Inhibition of human recombinant ACE","Confirmatory",19703773
444546,103218648,656629,"Active",1636,"Ki","=",0.006,"Inhibition of human somatic ACE C-terminal domain","Confirmatory",19899765
444546,103222016,9810328,"Active",1636,"IC50","=",0.0025,"Inhibition of human somatic ACE C-terminal domain","Confirmatory",19899765
444546,103703091,44627959,"Active",1636,"Ki","=",0.013,"Inhibition of human somatic ACE C-terminal domain","Confirmatory",19899765
444546,103703092,44627960,"Active",1636,"Ki","=",0.005,"Inhibition of human somatic ACE C-terminal domain","Confirmatory",19899765
444546,103703093,44628063,"Active",1636,"Ki","=",0.02,"Inhibition of human somatic ACE C-terminal domain","Confirmatory",19899765
444546,103703094,44628064,"Active",1636,"Ki","=",0.025,"Inhibition of human somatic ACE C-terminal domain","Confirmatory",19899765
444546,103703095,45485236,"Active",1636,"Ki","=",0.016,"Inhibition of human somatic ACE C-terminal domain","Confirmatory",19899765
444546,103703096,44628065,"Active",1636,"Ki","=",0.012,"Inhibition of human somatic ACE C-terminal domain","Confirmatory",19899765
444546,103703097,44626604,"Active",1636,"Ki","=",0.0014,"Inhibition of human somatic ACE C-terminal domain","Confirmatory",19899765
444546,103703098,44626708,"Active",1636,"Ki","=",0.0036,"Inhibition of human somatic ACE C-terminal domain","Confirmatory",19899765
444546,103703099,44626709,"Active",1636,"Ki","=",0.0004,"Inhibition of human somatic ACE C-terminal domain","Confirmatory",19899765
444546,103703100,44626710,"Active",1636,"Ki","=",0.0038,"Inhibition of human somatic ACE C-terminal domain","Confirmatory",19899765
444546,103703101,44626711,"Active",1636,"Ki","=",0.00041,"Inhibition of human somatic ACE C-terminal domain","Confirmatory",19899765
444546,103703114,11556698,"Active",1636,"Ki","=",0.00065,"Inhibition of human somatic ACE C-terminal domain","Confirmatory",19899765
444546,103703195,45485266,"Active",1636,"Ki","=",0.003,"Inhibition of human somatic ACE C-terminal domain","Confirmatory",19899765
444550,103703098,44626708,"Active",1636,"Ki","=",1.52,"Inhibition of human somatic ACE in presence of 1:50 diluted SHR rat plasma","Confirmatory",19899765
444550,103703100,44626710,"Active",1636,"Ki","=",0.34,"Inhibition of human somatic ACE in presence of 1:50 diluted SHR rat plasma","Confirmatory",19899765
444550,103703114,11556698,"Active",1636,"Ki","=",0.008,"Inhibition of human somatic ACE in presence of 1:50 diluted SHR rat plasma","Confirmatory",19899765
444551,103703098,44626708,"Active",1636,"Ki","=",0.5,"Inhibition of human somatic ACE in presence of 1:100 diluted SHR rat plasma","Confirmatory",19899765
444551,103703100,44626710,"Active",1636,"Ki","=",0.032,"Inhibition of human somatic ACE in presence of 1:100 diluted SHR rat plasma","Confirmatory",19899765
444551,103703114,11556698,"Active",1636,"Ki","=",0.004,"Inhibition of human somatic ACE in presence of 1:100 diluted SHR rat plasma","Confirmatory",19899765
444552,103703098,44626708,"Active",1636,"Ki","=",1.51,"Inhibition of human somatic ACE in presence of 1:100 diluted SHR rat plasma complemented with 5 uM serum albumin","Confirmatory",19899765
444552,103703100,44626710,"Active",1636,"Ki","=",0.11,"Inhibition of human somatic ACE in presence of 1:100 diluted SHR rat plasma complemented with 5 uM serum albumin","Confirmatory",19899765
444552,103703114,11556698,"Active",1636,"Ki","=",0.02,"Inhibition of human somatic ACE in presence of 1:100 diluted SHR rat plasma complemented with 5 uM serum albumin","Confirmatory",19899765
444555,103703098,44626708,"Active",1636,"Ki","=",0.036,"Inhibition of human somatic ACE in presence of buffer","Confirmatory",19899765
444555,103703100,44626710,"Active",1636,"Ki","=",0.0038,"Inhibition of human somatic ACE in presence of buffer","Confirmatory",19899765
444555,103703114,11556698,"Active",1636,"Ki","=",0.00068,"Inhibition of human somatic ACE in presence of buffer","Confirmatory",19899765
444556,103703195,45485266,"Active",1636,"Ki","=",2.5,"Inhibition of human somatic ACE N-terminal domain","Confirmatory",19899765
448235,103704733,44255320,"Unspecified",1636,"","","","Inhibition of ACE1 assessed as residual activity at 10 uM after 10 to 15 mins by fluorescence assay relative to control","Other",19715320
448854,103704733,44255320,"Active",1636,"IC50","=",10,"Inhibition of ACE1 after 10 to 15 mins by fluorescence assay","Confirmatory",19715320
509133,123096842,11718722,"Active",1636,"IC50","=",0.193,"Inhibition of ACE","Confirmatory",19949058
575642,123099410,42601552,"Unspecified",1636,"","","","Inhibition of human ACE at 10 uM","Other",20823284
646630,136938495,24894028,"Unspecified",1636,"","","","Activity of human ACE at 10 uM","Other",22284817
689966,103703114,11556698,"Active",1636,"Ki","=",0.15,"Inhibition of human ACE N-terminal domain expressed in CHO cells after 90 mins by fluorescence assay","Confirmatory",21780776
689966,104251912,9827219,"Active",1636,"Ki","=",0.007,"Inhibition of human ACE N-terminal domain expressed in CHO cells after 90 mins by fluorescence assay","Confirmatory",21780776
689966,163327134,71456660,"Active",1636,"Ki","=",10,"Inhibition of human ACE N-terminal domain expressed in CHO cells after 90 mins by fluorescence assay","Confirmatory",21780776
689967,103703114,11556698,"Active",1636,"Ki","=",0.00065,"Inhibition of human ACE C-terminal domain expressed in CHO cells after 90 mins by fluorescence assay","Confirmatory",21780776
689967,104251912,9827219,"Active",1636,"Ki","=",7.5,"Inhibition of human ACE C-terminal domain expressed in CHO cells after 90 mins by fluorescence assay","Confirmatory",21780776
689967,163327134,71456660,"Active",1636,"Ki","=",0.003,"Inhibition of human ACE C-terminal domain expressed in CHO cells after 90 mins by fluorescence assay","Confirmatory",21780776
689997,103179429,62956,"Active",1636,"Ki","=",0.0015,"Inhibition of ACE","Confirmatory",21780776
689997,163337539,71462052,"Active",1636,"IC50","=",0.012,"Inhibition of ACE","Confirmatory",21780776
706163,163322718,11191083,"Active",1636,"IC50","=",0.0038,"Inhibition of ACE","Confirmatory",22882079
711508,103392249,10496022,"Active",1636,"IC50","=",8,"Inhibition of ACE","Confirmatory",21381769
711508,103393166,10710922,"Active",1636,"IC50","=",0.004,"Inhibition of ACE","Confirmatory",21381769
711569,103310269,11442784,"Active",1636,"IC50","=",0.072,"Inhibition of ACE","Confirmatory",21413808
711569,103310892,44328852,"Active",1636,"IC50","=",3.2,"Inhibition of ACE","Confirmatory",21413808
711569,103311261,134166,"Active",1636,"IC50","=",0.001,"Inhibition of ACE","Confirmatory",21413808
711569,163322718,11191083,"Active",1636,"IC50","=",0.0038,"Inhibition of ACE","Confirmatory",21413808
722045,163322718,11191083,"Active",1636,"IC50","=",0.0038,"Inhibition of angiotensin converting enzyme (unknown origin)","Confirmatory",23061607
729327,164142788,71601334,"Unspecified","","","","","Inhibition of ACE (unknown origin)-mediated omniMMP degradation up to 10 uM","Other",23437776
732124,164135583,71711730,"Unspecified",1636,"","","","Inhibition of ACE1 (unknown origin) using MCA-RPPGFSAFK(Dnp) substrate assessed as residual activity at 10 uM incubated for 15 mins prior to substrate addition measured for 2 hrs","Other",23350733
775830,103174146,5311,"Unspecified","","","","","Inhibition of human recombinant ACE/CD143 somatic form using Mca-Pro-Leu-Gly-Leu-Dpa-Ala-Arg-NH2.AcOH as substrate at 10 uM preincubated for 10 mins prior to substrate addition measured for 30 mins by spectrophotometric analysis","Other",24074025
775830,103408590,44372530,"Unspecified","","","","","Inhibition of human recombinant ACE/CD143 somatic form using Mca-Pro-Leu-Gly-Leu-Dpa-Ala-Arg-NH2.AcOH as substrate at 10 uM preincubated for 10 mins prior to substrate addition measured for 30 mins by spectrophotometric analysis","Other",24074025
775830,103589753,9888897,"Unspecified","","","","","Inhibition of human recombinant ACE/CD143 somatic form using Mca-Pro-Leu-Gly-Leu-Dpa-Ala-Arg-NH2.AcOH as substrate at 10 uM preincubated for 10 mins prior to substrate addition measured for 30 mins by spectrophotometric analysis","Other",24074025
775830,174504147,24857924,"Unspecified","","","","","Inhibition of human recombinant ACE/CD143 somatic form using Mca-Pro-Leu-Gly-Leu-Dpa-Ala-Arg-NH2.AcOH as substrate at 10 uM preincubated for 10 mins prior to substrate addition measured for 30 mins by spectrophotometric analysis","Other",24074025
775844,103581295,44093,"Active",1636,"IC50","=",0.021,"Inhibition of human recombinant ACE/CD143 somatic form using Mca-Pro-Leu-Gly-Leu-Dpa-Ala-Arg-NH2.AcOH as substrate preincubated for 10 mins prior to substrate addition measured for 30 mins by spectrophotometric analysis","Confirmatory",24074025
780570,174494335,72697595,"Active",1636,"IC50","=",0.04,"Inhibition of recombinant human ACE using (7-methoxycoumarin-4-yl)acetyl-Arg-Pro-Pro-Gly-Phe-Ser-Ala-Phe-Lys(2,4-dinitrophenyle)-OH as substrate after 30 mins by fluorescence assay","Confirmatory",24095015
780570,174525327,72697596,"Active",1636,"IC50","=",0.03,"Inhibition of recombinant human ACE using (7-methoxycoumarin-4-yl)acetyl-Arg-Pro-Pro-Gly-Phe-Ser-Ala-Phe-Lys(2,4-dinitrophenyle)-OH as substrate after 30 mins by fluorescence assay","Confirmatory",24095015
780571,103589744,107807,"Active",1636,"IC50","=",0.0015,"Inhibition of ACE (unknown origin)","Confirmatory",24095015
780572,103378026,5362119,"Active",1636,"IC50","=",0.0001,"Inhibition of human serum ACE","Confirmatory",24095015
1053270,103208531,54675769,"Unspecified",1636,"Inhibition","","","Inhibition of ACE (unknown origin) assessed as 3-Hydroxybutyril-glycil-glycil-glycine conversion to 3-hydroxybutyric acid after 60 mins by WST assay","Confirmatory",24088053
1053270,103208531,54675769,"Unspecified",1636,"Ki","=",167,"Inhibition of ACE (unknown origin) assessed as 3-Hydroxybutyril-glycil-glycil-glycine conversion to 3-hydroxybutyric acid after 60 mins by WST assay","Confirmatory",24088053
1053270,103241620,145742,"Unspecified",1636,"Inhibition","","","Inhibition of ACE (unknown origin) assessed as 3-Hydroxybutyril-glycil-glycil-glycine conversion to 3-hydroxybutyric acid after 60 mins by WST assay","Confirmatory",24088053
1053270,103241620,145742,"Unspecified",1636,"Ki","=",86,"Inhibition of ACE (unknown origin) assessed as 3-Hydroxybutyril-glycil-glycil-glycine conversion to 3-hydroxybutyric acid after 60 mins by WST assay","Confirmatory",24088053
1053270,103271997,65999,"Active",1636,"Ki","=",6,"Inhibition of ACE (unknown origin) assessed as 3-Hydroxybutyril-glycil-glycil-glycine conversion to 3-hydroxybutyric acid after 60 mins by WST assay","Confirmatory",24088053
1053270,103271997,65999,"Unspecified",1636,"Inhibition","","","Inhibition of ACE (unknown origin) assessed as 3-Hydroxybutyril-glycil-glycil-glycine conversion to 3-hydroxybutyric acid after 60 mins by WST assay","Confirmatory",24088053
1053270,103581295,44093,"Active",1636,"Ki","=",0.002,"Inhibition of ACE (unknown origin) assessed as 3-Hydroxybutyril-glycil-glycil-glycine conversion to 3-hydroxybutyric acid after 60 mins by WST assay","Confirmatory",24088053
1053270,504815221,11540687,"Unspecified",1636,"Inhibition","","","Inhibition of ACE (unknown origin) assessed as 3-Hydroxybutyril-glycil-glycil-glycine conversion to 3-hydroxybutyric acid after 60 mins by WST assay","Confirmatory",24088053
1053270,504815221,11540687,"Unspecified",1636,"Ki","=",715,"Inhibition of ACE (unknown origin) assessed as 3-Hydroxybutyril-glycil-glycil-glycine conversion to 3-hydroxybutyric acid after 60 mins by WST assay","Confirmatory",24088053
1053271,103208531,54675769,"Unspecified",1636,"","","","Inhibition of ACE (unknown origin) assessed as 3-Hydroxybutyril-glycil-glycil-glycine conversion to 3-hydroxybutyric acid at 500 uM after 60 mins by WST assay relative to control","Other",24088053
1053271,103241620,145742,"Unspecified",1636,"","","","Inhibition of ACE (unknown origin) assessed as 3-Hydroxybutyril-glycil-glycil-glycine conversion to 3-hydroxybutyric acid at 500 uM after 60 mins by WST assay relative to control","Other",24088053
1053271,103271997,65999,"Unspecified",1636,"","","","Inhibition of ACE (unknown origin) assessed as 3-Hydroxybutyril-glycil-glycil-glycine conversion to 3-hydroxybutyric acid at 500 uM after 60 mins by WST assay relative to control","Other",24088053
1053271,104234156,64143,"Unspecified",1636,"","","","Inhibition of ACE (unknown origin) assessed as 3-Hydroxybutyril-glycil-glycil-glycine conversion to 3-hydroxybutyric acid at 500 uM after 60 mins by WST assay relative to control","Other",24088053
1053271,504815221,11540687,"Unspecified",1636,"","","","Inhibition of ACE (unknown origin) assessed as 3-Hydroxybutyril-glycil-glycil-glycine conversion to 3-hydroxybutyric acid at 500 uM after 60 mins by WST assay relative to control","Other",24088053
1053272,103511444,54682461,"Unspecified",1636,"","","","Inhibition of ACE (unknown origin) assessed as 3-Hydroxybutyril-glycil-glycil-glycine conversion to 3-hydroxybutyric acid at 128 uM after 60 mins by WST assay relative to control","Other",24088053
1117253,194137466,76309480,"Unspecified","","","","","Inhibition of ACE (unknown origin) using Hippuryl-His-Leu as substrate at 1 to 10 ug incubated for 10 min prior to substrate addition measured after 45 min by spectrophotometric analysis relative to control","Other",""
1117253,194137467,76309481,"Unspecified","","","","","Inhibition of ACE (unknown origin) using Hippuryl-His-Leu as substrate at 1 to 10 ug incubated for 10 min prior to substrate addition measured after 45 min by spectrophotometric analysis relative to control","Other",""
1117253,194144311,76313145,"Unspecified","","","","","Inhibition of ACE (unknown origin) using Hippuryl-His-Leu as substrate at 1 to 10 ug incubated for 10 min prior to substrate addition measured after 45 min by spectrophotometric analysis relative to control","Other",""
1117253,194144312,76313146,"Unspecified","","","","","Inhibition of ACE (unknown origin) using Hippuryl-His-Leu as substrate at 1 to 10 ug incubated for 10 min prior to substrate addition measured after 45 min by spectrophotometric analysis relative to control","Other",""
1117253,194151158,76316685,"Unspecified","","","","","Inhibition of ACE (unknown origin) using Hippuryl-His-Leu as substrate at 1 to 10 ug incubated for 10 min prior to substrate addition measured after 45 min by spectrophotometric analysis relative to control","Other",""
1117253,194158171,76320405,"Unspecified","","","","","Inhibition of ACE (unknown origin) using Hippuryl-His-Leu as substrate at 1 to 10 ug incubated for 10 min prior to substrate addition measured after 45 min by spectrophotometric analysis relative to control","Other",""
1117253,194165110,76324041,"Unspecified","","","","","Inhibition of ACE (unknown origin) using Hippuryl-His-Leu as substrate at 1 to 10 ug incubated for 10 min prior to substrate addition measured after 45 min by spectrophotometric analysis relative to control","Other",""
1117253,194165111,76324042,"Unspecified","","","","","Inhibition of ACE (unknown origin) using Hippuryl-His-Leu as substrate at 1 to 10 ug incubated for 10 min prior to substrate addition measured after 45 min by spectrophotometric analysis relative to control","Other",""
1117253,194165112,76324043,"Unspecified","","","","","Inhibition of ACE (unknown origin) using Hippuryl-His-Leu as substrate at 1 to 10 ug incubated for 10 min prior to substrate addition measured after 45 min by spectrophotometric analysis relative to control","Other",""
1117253,194178805,76331268,"Unspecified","","","","","Inhibition of ACE (unknown origin) using Hippuryl-His-Leu as substrate at 1 to 10 ug incubated for 10 min prior to substrate addition measured after 45 min by spectrophotometric analysis relative to control","Other",""
1117253,194185635,76334848,"Unspecified","","","","","Inhibition of ACE (unknown origin) using Hippuryl-His-Leu as substrate at 1 to 10 ug incubated for 10 min prior to substrate addition measured after 45 min by spectrophotometric analysis relative to control","Other",""
1117253,194185636,76334849,"Unspecified","","","","","Inhibition of ACE (unknown origin) using Hippuryl-His-Leu as substrate at 1 to 10 ug incubated for 10 min prior to substrate addition measured after 45 min by spectrophotometric analysis relative to control","Other",""
1117254,194137464,53976170,"Unspecified",1636,"","","","Inhibition of ACE (unknown origin) using Hippuryl-His-Leu as substrate at 10 ug incubated for 10 min prior to substrate addition measured after 45 min by spectrophotometric analysis relative to control","Other",""
1117254,194137465,76309479,"Unspecified",1636,"","","","Inhibition of ACE (unknown origin) using Hippuryl-His-Leu as substrate at 10 ug incubated for 10 min prior to substrate addition measured after 45 min by spectrophotometric analysis relative to control","Other",""
1117254,194171947,76327595,"Unspecified",1636,"","","","Inhibition of ACE (unknown origin) using Hippuryl-His-Leu as substrate at 10 ug incubated for 10 min prior to substrate addition measured after 45 min by spectrophotometric analysis relative to control","Other",""
1117254,194178806,76331269,"Unspecified",1636,"","","","Inhibition of ACE (unknown origin) using Hippuryl-His-Leu as substrate at 10 ug incubated for 10 min prior to substrate addition measured after 45 min by spectrophotometric analysis relative to control","Other",""
1119530,242616633,90668209,"Unspecified",1636,"IC50",">",31.6228,"Inhibition of human ACE-1 using Abz-Gly-p-nitro-Phe-Pro-OH as substrate preincubated for 10 mins followed by substrate addition measured after 17 hrs by spectrophotometric analysis","Confirmatory",""
1119530,242616634,90668210,"Unspecified",1636,"IC50",">",31.6228,"Inhibition of human ACE-1 using Abz-Gly-p-nitro-Phe-Pro-OH as substrate preincubated for 10 mins followed by substrate addition measured after 17 hrs by spectrophotometric analysis","Confirmatory",""
1119530,242616635,90668211,"Unspecified",1636,"IC50",">",31.6228,"Inhibition of human ACE-1 using Abz-Gly-p-nitro-Phe-Pro-OH as substrate preincubated for 10 mins followed by substrate addition measured after 17 hrs by spectrophotometric analysis","Confirmatory",""
1119530,242616783,90668278,"Unspecified",1636,"IC50",">",31.6228,"Inhibition of human ACE-1 using Abz-Gly-p-nitro-Phe-Pro-OH as substrate preincubated for 10 mins followed by substrate addition measured after 17 hrs by spectrophotometric analysis","Confirmatory",""
1120970,103581295,44093,"Active",1636,"IC50","=",0.02291,"Inhibition of angiotensin-converting enzyme (unknown origin)","Confirmatory",""
1127284,103581295,44093,"Active",1636,"IC50","=",0.011,"Inhibition of human ACE-mediated amyloid beta hydrolysis","Confirmatory",24735644
1127284,242622194,54589400,"Unspecified",1636,"IC50",">",100,"Inhibition of human ACE-mediated amyloid beta hydrolysis","Confirmatory",24735644
1137670,104249963,18608377,"Active",1636,"IC50","=",0.011,"Inhibition of human ACE N-terminal domain using Cbz-Phe-His-Leu-OH substrate","Confirmatory",24900839
1137670,104249963,18608377,"Active",1636,"Ki","=",0.011,"Inhibition of human ACE N-terminal domain using Cbz-Phe-His-Leu-OH substrate","Confirmatory",24900839
1137670,242637246,90655800,"Active",1636,"IC50","=",0.59,"Inhibition of human ACE N-terminal domain using Cbz-Phe-His-Leu-OH substrate","Confirmatory",24900839
1137670,242637246,90655800,"Inconclusive",1636,"Ki","","","Inhibition of human ACE N-terminal domain using Cbz-Phe-His-Leu-OH substrate","Confirmatory",24900839
1137670,242637247,90655799,"Active",1636,"IC50","=",0.054,"Inhibition of human ACE N-terminal domain using Cbz-Phe-His-Leu-OH substrate","Confirmatory",24900839
1137670,242637247,90655799,"Inconclusive",1636,"Ki","","","Inhibition of human ACE N-terminal domain using Cbz-Phe-His-Leu-OH substrate","Confirmatory",24900839
1137670,242637248,90655798,"Active",1636,"IC50","=",0.012,"Inhibition of human ACE N-terminal domain using Cbz-Phe-His-Leu-OH substrate","Confirmatory",24900839
1137670,242637248,90655798,"Active",1636,"Ki","=",0.021,"Inhibition of human ACE N-terminal domain using Cbz-Phe-His-Leu-OH substrate","Confirmatory",24900839
1137670,242637249,18608376,"Active",1636,"IC50","=",0.007,"Inhibition of human ACE N-terminal domain using Cbz-Phe-His-Leu-OH substrate","Confirmatory",24900839
1137670,242637249,18608376,"Active",1636,"Ki","=",0.012,"Inhibition of human ACE N-terminal domain using Cbz-Phe-His-Leu-OH substrate","Confirmatory",24900839
1137670,242637599,90655801,"Inconclusive",1636,"IC50","","","Inhibition of human ACE N-terminal domain using Cbz-Phe-His-Leu-OH substrate","Confirmatory",24900839
1137670,242637599,90655801,"Inconclusive",1636,"Ki","","","Inhibition of human ACE N-terminal domain using Cbz-Phe-His-Leu-OH substrate","Confirmatory",24900839
1137671,104249963,18608377,"Active",1636,"IC50","=",0.11,"Inhibition of human ACE C-terminal domain using Cbz-Phe-His-Leu-OH substrate","Confirmatory",24900839
1137671,104249963,18608377,"Active",1636,"Ki","=",0.075,"Inhibition of human ACE C-terminal domain using Cbz-Phe-His-Leu-OH substrate","Confirmatory",24900839
1137671,242637246,90655800,"Active",1636,"IC50","=",0.22,"Inhibition of human ACE C-terminal domain using Cbz-Phe-His-Leu-OH substrate","Confirmatory",24900839
1137671,242637246,90655800,"Inconclusive",1636,"Ki","","","Inhibition of human ACE C-terminal domain using Cbz-Phe-His-Leu-OH substrate","Confirmatory",24900839
1137671,242637247,90655799,"Active",1636,"IC50","=",0.052,"Inhibition of human ACE C-terminal domain using Cbz-Phe-His-Leu-OH substrate","Confirmatory",24900839
1137671,242637247,90655799,"Inconclusive",1636,"Ki","","","Inhibition of human ACE C-terminal domain using Cbz-Phe-His-Leu-OH substrate","Confirmatory",24900839
1137671,242637248,90655798,"Active",1636,"IC50","=",0.076,"Inhibition of human ACE C-terminal domain using Cbz-Phe-His-Leu-OH substrate","Confirmatory",24900839
1137671,242637248,90655798,"Active",1636,"Ki","=",0.033,"Inhibition of human ACE C-terminal domain using Cbz-Phe-His-Leu-OH substrate","Confirmatory",24900839
1137671,242637249,18608376,"Active",1636,"IC50","=",0.088,"Inhibition of human ACE C-terminal domain using Cbz-Phe-His-Leu-OH substrate","Confirmatory",24900839
1137671,242637249,18608376,"Active",1636,"Ki","=",0.17,"Inhibition of human ACE C-terminal domain using Cbz-Phe-His-Leu-OH substrate","Confirmatory",24900839
1137671,242637599,90655801,"Inconclusive",1636,"IC50","","","Inhibition of human ACE C-terminal domain using Cbz-Phe-His-Leu-OH substrate","Confirmatory",24900839
1137671,242637599,90655801,"Inconclusive",1636,"Ki","","","Inhibition of human ACE C-terminal domain using Cbz-Phe-His-Leu-OH substrate","Confirmatory",24900839
1137672,104249963,18608377,"Unspecified",1636,"","","","Selectivity ratio of Ki for human ACE N-terminal domain to Ki for human ACE C-terminal domain","Other",24900839
1137672,242637249,18608376,"Unspecified",1636,"","","","Selectivity ratio of Ki for human ACE N-terminal domain to Ki for human ACE C-terminal domain","Other",24900839
1137673,242637600,10900068,"Unspecified",1636,"IC50",">",1,"Inhibition of ACE (unknown origin)","Confirmatory",24900839
1169674,103591739,135412054,"Unspecified",1636,"","","","Inhibition of recombinant human ACE using RPFNYLAK substrate up to 20 uM","Other",25330343
1169674,136920443,135412231,"Unspecified",1636,"","","","Inhibition of recombinant human ACE using RPFNYLAK substrate up to 20 uM","Other",25330343
1169674,136927019,135546884,"Unspecified",1636,"","","","Inhibition of recombinant human ACE using RPFNYLAK substrate up to 20 uM","Other",25330343
1183271,103167246,6993120,"Unspecified",1636,"","","","Inhibition of ACE (unknown origin)","Other",25016232
1183271,103201712,9840601,"Unspecified",1636,"","","","Inhibition of ACE (unknown origin)","Other",25016232
1183271,103205181,83525,"Unspecified",1636,"","","","Inhibition of ACE (unknown origin)","Other",25016232
1183271,103234134,151003,"Unspecified",1636,"","","","Inhibition of ACE (unknown origin)","Other",25016232
1183271,103239670,92953,"Unspecified",1636,"","","","Inhibition of ACE (unknown origin)","Other",25016232
1183271,103241522,70410,"Unspecified",1636,"","","","Inhibition of ACE (unknown origin)","Other",25016232
1183271,103241523,6992319,"Unspecified",1636,"","","","Inhibition of ACE (unknown origin)","Other",25016232
1183271,103241794,515709,"Unspecified",1636,"","","","Inhibition of ACE (unknown origin)","Other",25016232
1183271,103241864,7019085,"Unspecified",1636,"","","","Inhibition of ACE (unknown origin)","Other",25016232
1183271,103241906,92829,"Unspecified",1636,"","","","Inhibition of ACE (unknown origin)","Other",25016232
1183271,103241907,92181,"Unspecified",1636,"","","","Inhibition of ACE (unknown origin)","Other",25016232
1183271,103242343,96814,"Unspecified",1636,"","","","Inhibition of ACE (unknown origin)","Other",25016232
1183271,103280146,9837272,"Unspecified",1636,"","","","Inhibition of ACE (unknown origin)","Other",25016232
1183271,103280451,3013625,"Unspecified",1636,"","","","Inhibition of ACE (unknown origin)","Other",25016232
1183271,103301164,150964,"Unspecified",1636,"","","","Inhibition of ACE (unknown origin)","Other",25016232
1183271,103301192,85362,"Unspecified",1636,"","","","Inhibition of ACE (unknown origin)","Other",25016232
1183271,103301641,92946,"Unspecified",1636,"","","","Inhibition of ACE (unknown origin)","Other",25016232
1183271,103301732,7009555,"Unspecified",1636,"","","","Inhibition of ACE (unknown origin)","Other",25016232
1183271,103301843,7408195,"Unspecified",1636,"","","","Inhibition of ACE (unknown origin)","Other",25016232
1183271,103301948,7009653,"Unspecified",1636,"","","","Inhibition of ACE (unknown origin)","Other",25016232
1183271,103301949,168182,"Unspecified",1636,"","","","Inhibition of ACE (unknown origin)","Other",25016232
1183271,103429443,93078,"Unspecified",1636,"","","","Inhibition of ACE (unknown origin)","Other",25016232
1183271,103429897,152455,"Unspecified",1636,"","","","Inhibition of ACE (unknown origin)","Other",25016232
1183271,103459475,9929972,"Unspecified",1636,"","","","Inhibition of ACE (unknown origin)","Other",25016232
1183271,103526557,11902986,"Unspecified",1636,"","","","Inhibition of ACE (unknown origin)","Other",25016232
1183271,104242232,11358480,"Unspecified",1636,"","","","Inhibition of ACE (unknown origin)","Other",25016232
1183271,104242656,7021866,"Unspecified",1636,"","","","Inhibition of ACE (unknown origin)","Other",25016232
1183271,134437192,9921908,"Unspecified",1636,"","","","Inhibition of ACE (unknown origin)","Other",25016232
1183271,134441124,7020642,"Unspecified",1636,"","","","Inhibition of ACE (unknown origin)","Other",25016232
1183271,134444871,444876,"Unspecified",1636,"","","","Inhibition of ACE (unknown origin)","Other",25016232
1183271,134444872,9795637,"Unspecified",1636,"","","","Inhibition of ACE (unknown origin)","Other",25016232
1183271,134448822,9835925,"Unspecified",1636,"","","","Inhibition of ACE (unknown origin)","Other",25016232
1183271,134456481,56676985,"Unspecified",1636,"","","","Inhibition of ACE (unknown origin)","Other",25016232
1183271,134464101,10473477,"Unspecified",1636,"","","","Inhibition of ACE (unknown origin)","Other",25016232
1183271,174510625,7021820,"Unspecified",1636,"","","","Inhibition of ACE (unknown origin)","Other",25016232
1183271,312351911,9834371,"Unspecified",1636,"","","","Inhibition of ACE (unknown origin)","Other",25016232
1183271,312351912,171204,"Unspecified",1636,"","","","Inhibition of ACE (unknown origin)","Other",25016232
1183271,312351913,7021456,"Unspecified",1636,"","","","Inhibition of ACE (unknown origin)","Other",25016232
1183271,312351914,515713,"Unspecified",1636,"","","","Inhibition of ACE (unknown origin)","Other",25016232
1183271,312351915,9900771,"Unspecified",1636,"","","","Inhibition of ACE (unknown origin)","Other",25016232
1183271,312351916,6992350,"Unspecified",1636,"","","","Inhibition of ACE (unknown origin)","Other",25016232
1183271,312351917,7009598,"Unspecified",1636,"","","","Inhibition of ACE (unknown origin)","Other",25016232
1183271,312351918,11471482,"Unspecified",1636,"","","","Inhibition of ACE (unknown origin)","Other",25016232
1183271,312351919,3080870,"Unspecified",1636,"","","","Inhibition of ACE (unknown origin)","Other",25016232
1183271,312351920,7010580,"Unspecified",1636,"","","","Inhibition of ACE (unknown origin)","Other",25016232
1183271,312351921,151410,"Unspecified",1636,"","","","Inhibition of ACE (unknown origin)","Other",25016232
1183271,312351922,118709850,"Unspecified",1636,"","","","Inhibition of ACE (unknown origin)","Other",25016232
1183271,312351923,9839270,"Unspecified",1636,"","","","Inhibition of ACE (unknown origin)","Other",25016232
1183271,312351924,118709851,"Unspecified",1636,"","","","Inhibition of ACE (unknown origin)","Other",25016232
1183271,312351925,71423370,"Unspecified",1636,"","","","Inhibition of ACE (unknown origin)","Other",25016232
1183271,312351926,9922884,"Unspecified",1636,"","","","Inhibition of ACE (unknown origin)","Other",25016232
1183271,312351927,10133149,"Unspecified",1636,"","","","Inhibition of ACE (unknown origin)","Other",25016232
1183271,312351928,118709852,"Unspecified",1636,"","","","Inhibition of ACE (unknown origin)","Other",25016232
1183271,312351929,10268410,"Unspecified",1636,"","","","Inhibition of ACE (unknown origin)","Other",25016232
1183271,312351930,118709853,"Unspecified",1636,"","","","Inhibition of ACE (unknown origin)","Other",25016232
1183271,312351931,14889713,"Unspecified",1636,"","","","Inhibition of ACE (unknown origin)","Other",25016232
1183271,312351932,14889702,"Unspecified",1636,"","","","Inhibition of ACE (unknown origin)","Other",25016232
1183271,312351933,14889717,"Unspecified",1636,"","","","Inhibition of ACE (unknown origin)","Other",25016232
1183271,312351934,11990217,"Unspecified",1636,"","","","Inhibition of ACE (unknown origin)","Other",25016232
1183271,312351935,53308269,"Unspecified",1636,"","","","Inhibition of ACE (unknown origin)","Other",25016232
1183271,312351936,102005744,"Unspecified",1636,"","","","Inhibition of ACE (unknown origin)","Other",25016232
1183271,312351937,24805288,"Unspecified",1636,"","","","Inhibition of ACE (unknown origin)","Other",25016232
1183271,312351938,9930366,"Unspecified",1636,"","","","Inhibition of ACE (unknown origin)","Other",25016232
1183271,312351939,101177241,"Unspecified",1636,"","","","Inhibition of ACE (unknown origin)","Other",25016232
1183271,312351940,11937730,"Unspecified",1636,"","","","Inhibition of ACE (unknown origin)","Other",25016232
1183271,312351941,9843380,"Unspecified",1636,"","","","Inhibition of ACE (unknown origin)","Other",25016232
1183271,312351942,42641527,"Unspecified",1636,"","","","Inhibition of ACE (unknown origin)","Other",25016232
1183271,312351943,9922397,"Unspecified",1636,"","","","Inhibition of ACE (unknown origin)","Other",25016232
1183271,312351944,14889706,"Unspecified",1636,"","","","Inhibition of ACE (unknown origin)","Other",25016232
1183271,312351945,118709854,"Unspecified",1636,"","","","Inhibition of ACE (unknown origin)","Other",25016232
1183271,312351946,102124380,"Unspecified",1636,"","","","Inhibition of ACE (unknown origin)","Other",25016232
1183271,312351947,102211596,"Unspecified",1636,"","","","Inhibition of ACE (unknown origin)","Other",25016232
1183271,312351948,118709855,"Unspecified",1636,"","","","Inhibition of ACE (unknown origin)","Other",25016232
1183271,312351949,9822837,"Unspecified",1636,"","","","Inhibition of ACE (unknown origin)","Other",25016232
1183271,312352034,118709883,"Unspecified",1636,"","","","Inhibition of ACE (unknown origin)","Other",25016232
1183271,312352035,118709884,"Unspecified",1636,"","","","Inhibition of ACE (unknown origin)","Other",25016232
1183271,312352036,102386692,"Unspecified",1636,"","","","Inhibition of ACE (unknown origin)","Other",25016232
1183271,312352037,118709885,"Unspecified",1636,"","","","Inhibition of ACE (unknown origin)","Other",25016232
1183271,312352038,10071851,"Unspecified",1636,"","","","Inhibition of ACE (unknown origin)","Other",25016232
1183271,312352039,118709886,"Unspecified",1636,"","","","Inhibition of ACE (unknown origin)","Other",25016232
1183271,312352040,10075569,"Unspecified",1636,"","","","Inhibition of ACE (unknown origin)","Other",25016232
1183271,312352041,118709887,"Unspecified",1636,"","","","Inhibition of ACE (unknown origin)","Other",25016232
1183271,312352042,118709888,"Unspecified",1636,"","","","Inhibition of ACE (unknown origin)","Other",25016232
1183271,312352043,118709889,"Unspecified",1636,"","","","Inhibition of ACE (unknown origin)","Other",25016232
1183271,312352044,118709890,"Unspecified",1636,"","","","Inhibition of ACE (unknown origin)","Other",25016232
1183271,312352045,25004380,"Unspecified",1636,"","","","Inhibition of ACE (unknown origin)","Other",25016232
1183271,312352046,3078465,"Unspecified",1636,"","","","Inhibition of ACE (unknown origin)","Other",25016232
1183271,312352047,118709891,"Unspecified",1636,"","","","Inhibition of ACE (unknown origin)","Other",25016232
1183271,312352048,25003678,"Unspecified",1636,"","","","Inhibition of ACE (unknown origin)","Other",25016232
1183271,312352049,118709892,"Unspecified",1636,"","","","Inhibition of ACE (unknown origin)","Other",25016232
1183271,312352050,16101422,"Unspecified",1636,"","","","Inhibition of ACE (unknown origin)","Other",25016232
1183271,312352051,13372253,"Unspecified",1636,"","","","Inhibition of ACE (unknown origin)","Other",25016232
1183271,312352052,71352622,"Unspecified",1636,"","","","Inhibition of ACE (unknown origin)","Other",25016232
1183271,312352053,118709893,"Unspecified",1636,"","","","Inhibition of ACE (unknown origin)","Other",25016232
1183271,312352054,11541760,"Unspecified",1636,"","","","Inhibition of ACE (unknown origin)","Other",25016232
1183271,312352055,91974175,"Unspecified",1636,"","","","Inhibition of ACE (unknown origin)","Other",25016232
1183271,312352056,118709894,"Unspecified",1636,"","","","Inhibition of ACE (unknown origin)","Other",25016232
1183271,312352057,101097718,"Unspecified",1636,"","","","Inhibition of ACE (unknown origin)","Other",25016232
1183271,312352058,25004716,"Unspecified",1636,"","","","Inhibition of ACE (unknown origin)","Other",25016232
1183271,312352059,46240591,"Unspecified",1636,"","","","Inhibition of ACE (unknown origin)","Other",25016232
1183271,312352060,194075,"Unspecified",1636,"","","","Inhibition of ACE (unknown origin)","Other",25016232
1183271,312352061,118709895,"Unspecified",1636,"","","","Inhibition of ACE (unknown origin)","Other",25016232
1183271,312352062,9939842,"Unspecified",1636,"","","","Inhibition of ACE (unknown origin)","Other",25016232
1183271,312352063,72793652,"Unspecified",1636,"","","","Inhibition of ACE (unknown origin)","Other",25016232
1183271,312352064,118709896,"Unspecified",1636,"","","","Inhibition of ACE (unknown origin)","Other",25016232
1183271,312352065,118709897,"Unspecified",1636,"","","","Inhibition of ACE (unknown origin)","Other",25016232
1183271,312352066,118709898,"Unspecified",1636,"","","","Inhibition of ACE (unknown origin)","Other",25016232
1183271,312352067,118709899,"Unspecified",1636,"","","","Inhibition of ACE (unknown origin)","Other",25016232
1183271,312352068,101117666,"Unspecified",1636,"","","","Inhibition of ACE (unknown origin)","Other",25016232
1183272,103612279,44572829,"Unspecified",1636,"","","","Inhibition of ACE (unknown origin) relative to peptide Bac2A RLARIVVIRVAR sequence","Other",25016232
1183272,103612286,44572836,"Unspecified",1636,"","","","Inhibition of ACE (unknown origin) relative to peptide Bac2A RLARIVVIRVAR sequence","Other",25016232
1183272,103612313,44572862,"Unspecified",1636,"","","","Inhibition of ACE (unknown origin) relative to peptide Bac2A RLARIVVIRVAR sequence","Other",25016232
1183272,103612315,44572864,"Unspecified",1636,"","","","Inhibition of ACE (unknown origin) relative to peptide Bac2A RLARIVVIRVAR sequence","Other",25016232
1183272,103612317,44572866,"Unspecified",1636,"","","","Inhibition of ACE (unknown origin) relative to peptide Bac2A RLARIVVIRVAR sequence","Other",25016232
1183272,103612321,44572870,"Unspecified",1636,"","","","Inhibition of ACE (unknown origin) relative to peptide Bac2A RLARIVVIRVAR sequence","Other",25016232
1183272,103612328,44572877,"Unspecified",1636,"","","","Inhibition of ACE (unknown origin) relative to peptide Bac2A RLARIVVIRVAR sequence","Other",25016232
1183272,103612331,44572880,"Unspecified",1636,"","","","Inhibition of ACE (unknown origin) relative to peptide Bac2A RLARIVVIRVAR sequence","Other",25016232
1183272,103612332,44572881,"Unspecified",1636,"","","","Inhibition of ACE (unknown origin) relative to peptide Bac2A RLARIVVIRVAR sequence","Other",25016232
1183272,103612333,44572882,"Unspecified",1636,"","","","Inhibition of ACE (unknown origin) relative to peptide Bac2A RLARIVVIRVAR sequence","Other",25016232
1183272,103612334,44572883,"Unspecified",1636,"","","","Inhibition of ACE (unknown origin) relative to peptide Bac2A RLARIVVIRVAR sequence","Other",25016232
1183272,103612339,44572888,"Unspecified",1636,"","","","Inhibition of ACE (unknown origin) relative to peptide Bac2A RLARIVVIRVAR sequence","Other",25016232
1183272,103612342,44572891,"Unspecified",1636,"","","","Inhibition of ACE (unknown origin) relative to peptide Bac2A RLARIVVIRVAR sequence","Other",25016232
1183272,103612343,44572892,"Unspecified",1636,"","","","Inhibition of ACE (unknown origin) relative to peptide Bac2A RLARIVVIRVAR sequence","Other",25016232
1183272,103612344,44572893,"Unspecified",1636,"","","","Inhibition of ACE (unknown origin) relative to peptide Bac2A RLARIVVIRVAR sequence","Other",25016232
1183272,103612350,44572899,"Unspecified",1636,"","","","Inhibition of ACE (unknown origin) relative to peptide Bac2A RLARIVVIRVAR sequence","Other",25016232
1183272,103612354,44572903,"Unspecified",1636,"","","","Inhibition of ACE (unknown origin) relative to peptide Bac2A RLARIVVIRVAR sequence","Other",25016232
1183272,103612357,44572906,"Unspecified",1636,"","","","Inhibition of ACE (unknown origin) relative to peptide Bac2A RLARIVVIRVAR sequence","Other",25016232
1183272,103612362,44572911,"Unspecified",1636,"","","","Inhibition of ACE (unknown origin) relative to peptide Bac2A RLARIVVIRVAR sequence","Other",25016232
1183272,103612364,44572913,"Unspecified",1636,"","","","Inhibition of ACE (unknown origin) relative to peptide Bac2A RLARIVVIRVAR sequence","Other",25016232
1183272,103612371,44572920,"Unspecified",1636,"","","","Inhibition of ACE (unknown origin) relative to peptide Bac2A RLARIVVIRVAR sequence","Other",25016232
1183272,103612380,44572929,"Unspecified",1636,"","","","Inhibition of ACE (unknown origin) relative to peptide Bac2A RLARIVVIRVAR sequence","Other",25016232
1183272,103612386,44572935,"Unspecified",1636,"","","","Inhibition of ACE (unknown origin) relative to peptide Bac2A RLARIVVIRVAR sequence","Other",25016232
1183272,103612492,44573035,"Unspecified",1636,"","","","Inhibition of ACE (unknown origin) relative to peptide Bac2A RLARIVVIRVAR sequence","Other",25016232
1183273,103612279,44572829,"Unspecified",1636,"","","","Ratio of compound IC50 to peptide Bac2A RLARIVVIRVAR IC50 for ACE (unknown origin)","Other",25016232
1183273,103612286,44572836,"Unspecified",1636,"","","","Ratio of compound IC50 to peptide Bac2A RLARIVVIRVAR IC50 for ACE (unknown origin)","Other",25016232
1183273,103612313,44572862,"Unspecified",1636,"","","","Ratio of compound IC50 to peptide Bac2A RLARIVVIRVAR IC50 for ACE (unknown origin)","Other",25016232
1183273,103612315,44572864,"Unspecified",1636,"","","","Ratio of compound IC50 to peptide Bac2A RLARIVVIRVAR IC50 for ACE (unknown origin)","Other",25016232
1183273,103612317,44572866,"Unspecified",1636,"","","","Ratio of compound IC50 to peptide Bac2A RLARIVVIRVAR IC50 for ACE (unknown origin)","Other",25016232
1183273,103612321,44572870,"Unspecified",1636,"","","","Ratio of compound IC50 to peptide Bac2A RLARIVVIRVAR IC50 for ACE (unknown origin)","Other",25016232
1183273,103612328,44572877,"Unspecified",1636,"","","","Ratio of compound IC50 to peptide Bac2A RLARIVVIRVAR IC50 for ACE (unknown origin)","Other",25016232
1183273,103612331,44572880,"Unspecified",1636,"","","","Ratio of compound IC50 to peptide Bac2A RLARIVVIRVAR IC50 for ACE (unknown origin)","Other",25016232
1183273,103612332,44572881,"Unspecified",1636,"","","","Ratio of compound IC50 to peptide Bac2A RLARIVVIRVAR IC50 for ACE (unknown origin)","Other",25016232
1183273,103612333,44572882,"Unspecified",1636,"","","","Ratio of compound IC50 to peptide Bac2A RLARIVVIRVAR IC50 for ACE (unknown origin)","Other",25016232
1183273,103612334,44572883,"Unspecified",1636,"","","","Ratio of compound IC50 to peptide Bac2A RLARIVVIRVAR IC50 for ACE (unknown origin)","Other",25016232
1183273,103612339,44572888,"Unspecified",1636,"","","","Ratio of compound IC50 to peptide Bac2A RLARIVVIRVAR IC50 for ACE (unknown origin)","Other",25016232
1183273,103612342,44572891,"Unspecified",1636,"","","","Ratio of compound IC50 to peptide Bac2A RLARIVVIRVAR IC50 for ACE (unknown origin)","Other",25016232
1183273,103612343,44572892,"Unspecified",1636,"","","","Ratio of compound IC50 to peptide Bac2A RLARIVVIRVAR IC50 for ACE (unknown origin)","Other",25016232
1183273,103612344,44572893,"Unspecified",1636,"","","","Ratio of compound IC50 to peptide Bac2A RLARIVVIRVAR IC50 for ACE (unknown origin)","Other",25016232
1183273,103612350,44572899,"Unspecified",1636,"","","","Ratio of compound IC50 to peptide Bac2A RLARIVVIRVAR IC50 for ACE (unknown origin)","Other",25016232
1183273,103612354,44572903,"Unspecified",1636,"","","","Ratio of compound IC50 to peptide Bac2A RLARIVVIRVAR IC50 for ACE (unknown origin)","Other",25016232
1183273,103612357,44572906,"Unspecified",1636,"","","","Ratio of compound IC50 to peptide Bac2A RLARIVVIRVAR IC50 for ACE (unknown origin)","Other",25016232
1183273,103612362,44572911,"Unspecified",1636,"","","","Ratio of compound IC50 to peptide Bac2A RLARIVVIRVAR IC50 for ACE (unknown origin)","Other",25016232
1183273,103612364,44572913,"Unspecified",1636,"","","","Ratio of compound IC50 to peptide Bac2A RLARIVVIRVAR IC50 for ACE (unknown origin)","Other",25016232
1183273,103612371,44572920,"Unspecified",1636,"","","","Ratio of compound IC50 to peptide Bac2A RLARIVVIRVAR IC50 for ACE (unknown origin)","Other",25016232
1183273,103612380,44572929,"Unspecified",1636,"","","","Ratio of compound IC50 to peptide Bac2A RLARIVVIRVAR IC50 for ACE (unknown origin)","Other",25016232
1183273,103612386,44572935,"Unspecified",1636,"","","","Ratio of compound IC50 to peptide Bac2A RLARIVVIRVAR IC50 for ACE (unknown origin)","Other",25016232
1183273,103612492,44573035,"Unspecified",1636,"","","","Ratio of compound IC50 to peptide Bac2A RLARIVVIRVAR IC50 for ACE (unknown origin)","Other",25016232
1202225,312387551,118732860,"Unspecified",1636,"","","","Inhibition of ACE (unknown origin) at 1 uM using synthetic peptide hippuryl-histidyl-leucine substrate by high-throughput colorimetric screening method","Other",25874328
1202225,312387552,118732861,"Unspecified",1636,"","","","Inhibition of ACE (unknown origin) at 1 uM using synthetic peptide hippuryl-histidyl-leucine substrate by high-throughput colorimetric screening method","Other",25874328
1202225,312387553,118732862,"Unspecified",1636,"","","","Inhibition of ACE (unknown origin) at 1 uM using synthetic peptide hippuryl-histidyl-leucine substrate by high-throughput colorimetric screening method","Other",25874328
1202225,312387554,118732863,"Unspecified",1636,"","","","Inhibition of ACE (unknown origin) at 1 uM using synthetic peptide hippuryl-histidyl-leucine substrate by high-throughput colorimetric screening method","Other",25874328
1202225,312387555,118732864,"Unspecified",1636,"","","","Inhibition of ACE (unknown origin) at 1 uM using synthetic peptide hippuryl-histidyl-leucine substrate by high-throughput colorimetric screening method","Other",25874328
1202225,312387556,118732865,"Unspecified",1636,"","","","Inhibition of ACE (unknown origin) at 1 uM using synthetic peptide hippuryl-histidyl-leucine substrate by high-throughput colorimetric screening method","Other",25874328
1202225,312387557,118732866,"Unspecified",1636,"","","","Inhibition of ACE (unknown origin) at 1 uM using synthetic peptide hippuryl-histidyl-leucine substrate by high-throughput colorimetric screening method","Other",25874328
1202226,312387552,118732861,"Unspecified",1636,"","","","Inhibition of ACE (unknown origin) at 1 uM using synthetic peptide hippuryl-histidyl-leucine substrate by high-throughput colorimetric screening method relative to lisinopril","Other",25874328
1202226,312387553,118732862,"Unspecified",1636,"","","","Inhibition of ACE (unknown origin) at 1 uM using synthetic peptide hippuryl-histidyl-leucine substrate by high-throughput colorimetric screening method relative to lisinopril","Other",25874328
1202226,312387555,118732864,"Unspecified",1636,"","","","Inhibition of ACE (unknown origin) at 1 uM using synthetic peptide hippuryl-histidyl-leucine substrate by high-throughput colorimetric screening method relative to lisinopril","Other",25874328
1202227,312387552,118732861,"Unspecified","","","","","Inhibition of ACE (unknown origin) at 0.5 uM to 10 uM uM using synthetic peptide hippuryl-histidyl-leucine substrate by high-throughput colorimetric screening method","Other",25874328
1202227,312387553,118732862,"Unspecified","","","","","Inhibition of ACE (unknown origin) at 0.5 uM to 10 uM uM using synthetic peptide hippuryl-histidyl-leucine substrate by high-throughput colorimetric screening method","Other",25874328
1202227,312387555,118732864,"Unspecified","","","","","Inhibition of ACE (unknown origin) at 0.5 uM to 10 uM uM using synthetic peptide hippuryl-histidyl-leucine substrate by high-throughput colorimetric screening method","Other",25874328
1228660,103172284,5960,"Unspecified","","IC50","","","Inhibition of ACE (unknown origin) using 3-Hydroxybutylyl-Gly-Gly-Gly substrate assessed as reduction in 3-Hyroxybutylic acid generation incubated for 1 hr by colorimetric assay","Confirmatory",25922884
1228660,103280736,194156,"Unspecified","","IC50","=",14.5,"Inhibition of ACE (unknown origin) using 3-Hydroxybutylyl-Gly-Gly-Gly substrate assessed as reduction in 3-Hyroxybutylic acid generation incubated for 1 hr by colorimetric assay","Confirmatory",25922884
1228660,103496596,71070,"Unspecified","","IC50","","","Inhibition of ACE (unknown origin) using 3-Hydroxybutylyl-Gly-Gly-Gly substrate assessed as reduction in 3-Hyroxybutylic acid generation incubated for 1 hr by colorimetric assay","Confirmatory",25922884
1228660,103549060,6322,"Unspecified","","IC50","","","Inhibition of ACE (unknown origin) using 3-Hydroxybutylyl-Gly-Gly-Gly substrate assessed as reduction in 3-Hyroxybutylic acid generation incubated for 1 hr by colorimetric assay","Confirmatory",25922884
1228660,103581295,44093,"Active","","IC50","=",0.00161,"Inhibition of ACE (unknown origin) using 3-Hydroxybutylyl-Gly-Gly-Gly substrate assessed as reduction in 3-Hyroxybutylic acid generation incubated for 1 hr by colorimetric assay","Confirmatory",25922884
1228660,318373795,9882882,"Unspecified","","IC50","=",18.7,"Inhibition of ACE (unknown origin) using 3-Hydroxybutylyl-Gly-Gly-Gly substrate assessed as reduction in 3-Hyroxybutylic acid generation incubated for 1 hr by colorimetric assay","Confirmatory",25922884
1228660,318373796,122179189,"Unspecified","","IC50","=",113,"Inhibition of ACE (unknown origin) using 3-Hydroxybutylyl-Gly-Gly-Gly substrate assessed as reduction in 3-Hyroxybutylic acid generation incubated for 1 hr by colorimetric assay","Confirmatory",25922884
1228660,318373797,122179190,"Unspecified","","IC50","=",347,"Inhibition of ACE (unknown origin) using 3-Hydroxybutylyl-Gly-Gly-Gly substrate assessed as reduction in 3-Hyroxybutylic acid generation incubated for 1 hr by colorimetric assay","Confirmatory",25922884
1228660,318373798,16682,"Unspecified","","IC50","","","Inhibition of ACE (unknown origin) using 3-Hydroxybutylyl-Gly-Gly-Gly substrate assessed as reduction in 3-Hyroxybutylic acid generation incubated for 1 hr by colorimetric assay","Confirmatory",25922884
1280725,336872017,124203831,"Unspecified","","","","","Inhibition of ACE1 (unknown origin)","Other",26734723
1350116,103224342,6049,"Unspecified",1636,"IC50","=",14,"Inhibition of ACE (unknown origin) using hippuryl-L-histidyl-L-leucine as substrate preincubated with substrate for 30 mins followed by enzyme addition measured after 30 mins by LC/MS analysis","Confirmatory",29405714
1350116,103581295,44093,"Active",1636,"IC50","=",0.025,"Inhibition of ACE (unknown origin) using hippuryl-L-histidyl-L-leucine as substrate preincubated with substrate for 30 mins followed by enzyme addition measured after 30 mins by LC/MS analysis","Confirmatory",29405714
1350116,404651657,145949262,"Unspecified",1636,"IC50","=",460,"Inhibition of ACE (unknown origin) using hippuryl-L-histidyl-L-leucine as substrate preincubated with substrate for 30 mins followed by enzyme addition measured after 30 mins by LC/MS analysis","Confirmatory",29405714
1350116,404662436,25108825,"Unspecified",1636,"IC50","=",31,"Inhibition of ACE (unknown origin) using hippuryl-L-histidyl-L-leucine as substrate preincubated with substrate for 30 mins followed by enzyme addition measured after 30 mins by LC/MS analysis","Confirmatory",29405714
1365858,404680738,118540795,"Unspecified",1636,"","","","Inhibition of ACE (unknown origin) at 10 uM by radioligand binding assay relative to control","Other",29029933
1372997,404693888,67042254,"Unspecified",1636,"","","","Binding affinity to ACE (unknown origin) at 10 uM relative to control","Other",29288071
1393305,103581295,44093,"Active",1636,"IC50","=",0.0063,"Inhibition of human ACE using Hip-His-Leu-OH as substrate after 1 hr by fluorimetric method","Confirmatory",29039662
1393305,404703114,145984090,"Active",1636,"IC50","=",0.043,"Inhibition of human ACE using Hip-His-Leu-OH as substrate after 1 hr by fluorimetric method","Confirmatory",29039662
1423283,103218648,656629,"Active",1636,"IC50","=",0.002,"Inhibition of human fully glycosylated ACE N-terminal domain expressed in CHO cells using Cbz-Phe-His-Leu as substrate preincubated for 15 mins followed by substrate addition measured after 10 mins by fluorescence spectrophotometric analysis","Confirmatory",30372620
1423283,404718482,145994098,"Active",1636,"IC50","=",2.2,"Inhibition of human fully glycosylated ACE N-terminal domain expressed in CHO cells using Cbz-Phe-His-Leu as substrate preincubated for 15 mins followed by substrate addition measured after 10 mins by fluorescence spectrophotometric analysis","Confirmatory",30372620
1423284,103218648,656629,"Active",1636,"IC50","=",0.001,"Inhibition of human fully glycosylated ACE C-terminal domain expressed in CHO cells using Cbz-Phe-His-Leu as substrate preincubated for 15 mins followed by substrate addition measured after 10 mins by fluorescence spectrophotometric analysis","Confirmatory",30372620
1423284,404718482,145994098,"Active",1636,"IC50","=",2.8,"Inhibition of human fully glycosylated ACE C-terminal domain expressed in CHO cells using Cbz-Phe-His-Leu as substrate preincubated for 15 mins followed by substrate addition measured after 10 mins by fluorescence spectrophotometric analysis","Confirmatory",30372620
1423285,404718482,145994098,"Active",1636,"IC50","=",2.1,"Inhibition of human fully glycosylated ACE N-terminal domain expressed in CHO cells using MCA-RPPGFSAFK(Dnp)-OH as substrate preincubated for 15 mins followed by substrate addition measured after 10 mins by fluorescence spectrophotometric analysis","Confirmatory",30372620
1423286,404718482,145994098,"Active",1636,"IC50","=",1.8,"Inhibition of human fully glycosylated ACE C-terminal domain expressed in CHO cells using MCA-RPPGFSAFK(Dnp)-OH as substrate preincubated for 15 mins followed by substrate addition measured after 10 mins by fluorescence spectrophotometric analysis","Confirmatory",30372620
1423287,103218648,656629,"Active",1636,"Ki","=",1.5e-05,"Inhibition of human fully glycosylated ACE N-terminal domain expressed in CHO cells using Cbz-Phe-His-Leu as substrate preincubated for 15 mins followed by substrate addition measured after 10 mins by Morrison's plot analysis","Confirmatory",30372620
1423288,103218648,656629,"Active",1636,"Ki","=",1.6e-05,"Inhibition of human fully glycosylated ACE C-terminal domain expressed in CHO cells using Cbz-Phe-His-Leu as substrate preincubated for 15 mins followed by substrate addition measured after 10 mins by Morrison's plot analysis","Confirmatory",30372620
1449600,381859581,137646865,"Unspecified",1636,"","","","Inhibition of ACE (unknown origin) at 1 uM relative to control","Other",28653849
1449600,381862455,135567320,"Unspecified",1636,"","","","Inhibition of ACE (unknown origin) at 1 uM relative to control","Other",28653849
1466507,103179234,5462501,"Active",1636,"IC50","=",0.0025,"Inhibition of human plasma ACE","Confirmatory",28442252
1466507,103502876,4369359,"Unspecified",1636,"IC50","=",11,"Inhibition of human plasma ACE","Confirmatory",28442252
1466507,381837865,53353383,"Active",1636,"IC50","=",0.158,"Inhibition of human plasma ACE","Confirmatory",28442252
1466507,381853665,53354369,"Active",1636,"IC50","=",0.279,"Inhibition of human plasma ACE","Confirmatory",28442252
1466507,381854090,53354470,"Active",1636,"IC50","=",0.0086,"Inhibition of human plasma ACE","Confirmatory",28442252
1466507,381863247,53354365,"Active",1636,"IC50","=",0.051,"Inhibition of human plasma ACE","Confirmatory",28442252
1488474,103581295,44093,"Unspecified",1636,"","","","Inhibition of recombinant human ACE at 1 uM using Mca-R-P-PG-F-S-A-F-K(Dnp)-OH as substrate measured every 2 mins for 8 mins by fluorescence assay","Other",28712707
1488475,103176119,1183,"Unspecified",1636,"","","","Inhibition of recombinant human ACE at 100 uM using Mca-R-P-PG-F-S-A-F-K(Dnp)-OH as substrate measured every 2 mins for 8 mins by fluorescence assay","Other",28712707
1488475,103226312,65064,"Unspecified",1636,"","","","Inhibition of recombinant human ACE at 100 uM using Mca-R-P-PG-F-S-A-F-K(Dnp)-OH as substrate measured every 2 mins for 8 mins by fluorescence assay","Other",28712707
1488475,103333094,637213,"Unspecified",1636,"","","","Inhibition of recombinant human ACE at 100 uM using Mca-R-P-PG-F-S-A-F-K(Dnp)-OH as substrate measured every 2 mins for 8 mins by fluorescence assay","Other",28712707
1488475,103379335,5318998,"Unspecified",1636,"","","","Inhibition of recombinant human ACE at 100 uM using Mca-R-P-PG-F-S-A-F-K(Dnp)-OH as substrate measured every 2 mins for 8 mins by fluorescence assay","Other",28712707
1488475,103379375,6442675,"Unspecified",1636,"","","","Inhibition of recombinant human ACE at 100 uM using Mca-R-P-PG-F-S-A-F-K(Dnp)-OH as substrate measured every 2 mins for 8 mins by fluorescence assay","Other",28712707
1488475,103383455,5281718,"Unspecified",1636,"","","","Inhibition of recombinant human ACE at 100 uM using Mca-R-P-PG-F-S-A-F-K(Dnp)-OH as substrate measured every 2 mins for 8 mins by fluorescence assay","Other",28712707
1488475,103602202,5281408,"Unspecified",1636,"","","","Inhibition of recombinant human ACE at 100 uM using Mca-R-P-PG-F-S-A-F-K(Dnp)-OH as substrate measured every 2 mins for 8 mins by fluorescence assay","Other",28712707
1488475,160693248,68827,"Unspecified",1636,"","","","Inhibition of recombinant human ACE at 100 uM using Mca-R-P-PG-F-S-A-F-K(Dnp)-OH as substrate measured every 2 mins for 8 mins by fluorescence assay","Other",28712707
1488475,336851485,93045,"Unspecified",1636,"","","","Inhibition of recombinant human ACE at 100 uM using Mca-R-P-PG-F-S-A-F-K(Dnp)-OH as substrate measured every 2 mins for 8 mins by fluorescence assay","Other",28712707
1488475,381864123,137649950,"Unspecified",1636,"","","","Inhibition of recombinant human ACE at 100 uM using Mca-R-P-PG-F-S-A-F-K(Dnp)-OH as substrate measured every 2 mins for 8 mins by fluorescence assay","Other",28712707
1488475,381886433,21626477,"Unspecified",1636,"","","","Inhibition of recombinant human ACE at 100 uM using Mca-R-P-PG-F-S-A-F-K(Dnp)-OH as substrate measured every 2 mins for 8 mins by fluorescence assay","Other",28712707
1495815,404669406,75815419,"Unspecified",1636,"","","","Inhibition of human angiotensin converting enzyme at 10 uM relative to control","Other",29718668
1495816,404669406,75815419,"Unspecified",1636,"","","","Inhibition of recombinant human Acetylcholinesterase using acetylthiocholine as substrate at 10 uM after 30 mins by spectrophotometric method relative to control","Other",29718668
1503699,103378026,5362119,"Active",1636,"IC50","=",0.00792,"Inhibition of ACE (unknown origin) using Hippuryl-L-Histidyl-L-Leucine as substrate after 60 mins by colorimetric method","Confirmatory",29032034
1503699,404652375,145949765,"Active",1636,"IC50","=",0.002846,"Inhibition of ACE (unknown origin) using Hippuryl-L-Histidyl-L-Leucine as substrate after 60 mins by colorimetric method","Confirmatory",29032034
1503699,404654490,145951239,"Active",1636,"IC50","=",0.00764,"Inhibition of ACE (unknown origin) using Hippuryl-L-Histidyl-L-Leucine as substrate after 60 mins by colorimetric method","Confirmatory",29032034
1503699,404655523,145951970,"Active",1636,"IC50","=",0.00982,"Inhibition of ACE (unknown origin) using Hippuryl-L-Histidyl-L-Leucine as substrate after 60 mins by colorimetric method","Confirmatory",29032034
1503699,404656181,145952431,"Active",1636,"IC50","=",0.0118,"Inhibition of ACE (unknown origin) using Hippuryl-L-Histidyl-L-Leucine as substrate after 60 mins by colorimetric method","Confirmatory",29032034
1503699,404657305,145953190,"Active",1636,"IC50","=",0.01067,"Inhibition of ACE (unknown origin) using Hippuryl-L-Histidyl-L-Leucine as substrate after 60 mins by colorimetric method","Confirmatory",29032034
1503699,404657511,145953329,"Active",1636,"IC50","=",0.02422,"Inhibition of ACE (unknown origin) using Hippuryl-L-Histidyl-L-Leucine as substrate after 60 mins by colorimetric method","Confirmatory",29032034
1503699,404657919,145953611,"Active",1636,"IC50","=",0.01897,"Inhibition of ACE (unknown origin) using Hippuryl-L-Histidyl-L-Leucine as substrate after 60 mins by colorimetric method","Confirmatory",29032034
1503699,404662883,145957046,"Active",1636,"IC50","=",0.0223,"Inhibition of ACE (unknown origin) using Hippuryl-L-Histidyl-L-Leucine as substrate after 60 mins by colorimetric method","Confirmatory",29032034
1503699,404664305,145958042,"Active",1636,"IC50","=",0.01511,"Inhibition of ACE (unknown origin) using Hippuryl-L-Histidyl-L-Leucine as substrate after 60 mins by colorimetric method","Confirmatory",29032034
1503699,404664749,145958358,"Active",1636,"IC50","=",0.112,"Inhibition of ACE (unknown origin) using Hippuryl-L-Histidyl-L-Leucine as substrate after 60 mins by colorimetric method","Confirmatory",29032034
1503699,404666988,145959902,"Active",1636,"IC50","=",0.00411,"Inhibition of ACE (unknown origin) using Hippuryl-L-Histidyl-L-Leucine as substrate after 60 mins by colorimetric method","Confirmatory",29032034
1503699,404671984,145963315,"Active",1636,"IC50","=",0.008841,"Inhibition of ACE (unknown origin) using Hippuryl-L-Histidyl-L-Leucine as substrate after 60 mins by colorimetric method","Confirmatory",29032034
1503700,103378026,5362119,"Unspecified",1636,"","","","Inhibition of ACE (unknown origin) at IC50 using Hippuryl-L-Histidyl-L-Leucine as substrate after 60 mins by colorimetric method relative to control","Other",29032034
1503700,404652375,145949765,"Unspecified",1636,"","","","Inhibition of ACE (unknown origin) at IC50 using Hippuryl-L-Histidyl-L-Leucine as substrate after 60 mins by colorimetric method relative to control","Other",29032034
1503700,404654490,145951239,"Unspecified",1636,"","","","Inhibition of ACE (unknown origin) at IC50 using Hippuryl-L-Histidyl-L-Leucine as substrate after 60 mins by colorimetric method relative to control","Other",29032034
1503700,404655523,145951970,"Unspecified",1636,"","","","Inhibition of ACE (unknown origin) at IC50 using Hippuryl-L-Histidyl-L-Leucine as substrate after 60 mins by colorimetric method relative to control","Other",29032034
1503700,404656181,145952431,"Unspecified",1636,"","","","Inhibition of ACE (unknown origin) at IC50 using Hippuryl-L-Histidyl-L-Leucine as substrate after 60 mins by colorimetric method relative to control","Other",29032034
1503700,404657305,145953190,"Unspecified",1636,"","","","Inhibition of ACE (unknown origin) at IC50 using Hippuryl-L-Histidyl-L-Leucine as substrate after 60 mins by colorimetric method relative to control","Other",29032034
1503700,404657511,145953329,"Unspecified",1636,"","","","Inhibition of ACE (unknown origin) at IC50 using Hippuryl-L-Histidyl-L-Leucine as substrate after 60 mins by colorimetric method relative to control","Other",29032034
1503700,404657919,145953611,"Unspecified",1636,"","","","Inhibition of ACE (unknown origin) at IC50 using Hippuryl-L-Histidyl-L-Leucine as substrate after 60 mins by colorimetric method relative to control","Other",29032034
1503700,404662883,145957046,"Unspecified",1636,"","","","Inhibition of ACE (unknown origin) at IC50 using Hippuryl-L-Histidyl-L-Leucine as substrate after 60 mins by colorimetric method relative to control","Other",29032034
1503700,404664305,145958042,"Unspecified",1636,"","","","Inhibition of ACE (unknown origin) at IC50 using Hippuryl-L-Histidyl-L-Leucine as substrate after 60 mins by colorimetric method relative to control","Other",29032034
1503700,404664749,145958358,"Unspecified",1636,"","","","Inhibition of ACE (unknown origin) at IC50 using Hippuryl-L-Histidyl-L-Leucine as substrate after 60 mins by colorimetric method relative to control","Other",29032034
1503700,404666988,145959902,"Unspecified",1636,"","","","Inhibition of ACE (unknown origin) at IC50 using Hippuryl-L-Histidyl-L-Leucine as substrate after 60 mins by colorimetric method relative to control","Other",29032034
1503700,404671984,145963315,"Unspecified",1636,"","","","Inhibition of ACE (unknown origin) at IC50 using Hippuryl-L-Histidyl-L-Leucine as substrate after 60 mins by colorimetric method relative to control","Other",29032034
1515583,103218648,656629,"Active",1636,"IC50","=",0.0001,"Inhibition of recombinant human ACE using Mca-BK2 as substrate preincubated for 10 mins followed by fluorogenic substrate addition and measured after 20 mins by fluorescence assay","Confirmatory",30655952
1515583,103292815,60846,"Inconclusive",1636,"pIC50","","","Inhibition of recombinant human ACE using Mca-BK2 as substrate preincubated for 10 mins followed by fluorogenic substrate addition and measured after 20 mins by fluorescence assay","Confirmatory",30655952
1515583,440111474,45102601,"Unspecified",1636,"IC50",">",10,"Inhibition of recombinant human ACE using Mca-BK2 as substrate preincubated for 10 mins followed by fluorogenic substrate addition and measured after 20 mins by fluorescence assay","Confirmatory",30655952
1584848,440152843,24424330,"Active",1636,"IC50","=",0.0007,"Inhibition of human recombinant ACE using Abz-FRK(Dnp)-P-OH as substrate after 30 mins by fluorimetric analysis","Confirmatory",30300845
1584870,440152843,24424330,"Unspecified",1636,"","","","Inhibition of human recombinant ACE at 10 uM using Abz-FRK(Dnp)-P-OH as substrate after 30 mins by fluorimetric analysis relative to control","Other",30300845
1600453,103166802,461776,"Unspecified",1636,"","","","Drug metabolism assessed as angiotensin converting enzyme (unknown origin)-mediated Gly3-Phe4 cleavage by measuring half life","Other",31377035
1607324,103222196,6324648,"Active",1636,"Ki","=",0.172,"Inhibition of human somatic ACE N-domain soluble form (1 to 629 residues) expressed in CHO cells using Z-FHL as substrate preincubated with enzyme followed by substrate addition by fluorescence based assay","Confirmatory",32337993
1607324,440138547,132451821,"Unspecified",1636,"Ki","=",10.6,"Inhibition of human somatic ACE N-domain soluble form (1 to 629 residues) expressed in CHO cells using Z-FHL as substrate preincubated with enzyme followed by substrate addition by fluorescence based assay","Confirmatory",32337993
1607325,103222196,6324648,"Active",1636,"Ki","=",0.0138,"Inhibition of human testis ACE C-domain lacking unique O-glycosylated region, transmembrane anchor and cytoplasmic tail expressed in CHO cells using Z-FHL as substrate by fluorescence based assay","Confirmatory",32337993
1607325,440138547,132451821,"Active",1636,"Ki","=",7.4,"Inhibition of human testis ACE C-domain lacking unique O-glycosylated region, transmembrane anchor and cytoplasmic tail expressed in CHO cells using Z-FHL as substrate by fluorescence based assay","Confirmatory",32337993
1607326,103222196,6324648,"Unspecified",1636,"","","","Selectivity index, ratio of Ki for human ACE N-domain soluble form (1 to 629 residues) expressed in CHO cells to Ki for human testis ACE C-domain lacking unique O-glycosylated region, transmembrane anchor and cytoplasmic tail expressed in CHO cells","Other",32337993
1607327,103279772,439201,"Active",1636,"Km","=",0.18,"Substrate activity at human ACE expressed in CHO cells by HPLC analysis","Confirmatory",32337993
1607330,103378026,5362119,"Unspecified",1636,"","","","Selectivity index, ratio of Ki for human wild type ACE N-domain to Ki for human testis ACE C-domain (unknown origin) using Abz-FRK(Dnp)P-OH as substrate by fluorescence based analysis","Other",32337993
1607330,104252902,45480144,"Unspecified",1636,"","","","Selectivity index, ratio of Ki for human wild type ACE N-domain to Ki for human testis ACE C-domain (unknown origin) using Abz-FRK(Dnp)P-OH as substrate by fluorescence based analysis","Other",32337993
1607332,103169954,3132,"Unspecified",1636,"IC50","=",10.2,"Inhibition of human ACE using MCA-RPPGFSAFK-Dnp-OH as substrate by fluorescence based analysis","Confirmatory",32337993
1607332,103227773,10430040,"Unspecified",1636,"IC50",">",100,"Inhibition of human ACE using MCA-RPPGFSAFK-Dnp-OH as substrate by fluorescence based analysis","Confirmatory",32337993
1607333,103703195,45485266,"Unspecified",1636,"","","","Selectivity index, ratio of Ki for human somatic ACE N-terminal domain to human somatic ACE C-terminal domain using MCA-RPPGFSAFK-Dnp-OH as substrate by fluorescence based analysis","Other",32337993
1637690,174507462,5311161,"Unspecified",1636,"IC50",">",100,"Inhibition of ACE (unknown origin) using Mca-RPPGFSAFK (Dnp) as substrate preincubated for 20 mins followed by substrate addition by fluorescence plate reader analysis","Confirmatory",27563406
1637690,440160682,127020966,"Unspecified",1636,"IC50",">",100,"Inhibition of ACE (unknown origin) using Mca-RPPGFSAFK (Dnp) as substrate preincubated for 20 mins followed by substrate addition by fluorescence plate reader analysis","Confirmatory",27563406
1637690,440225694,155567829,"Unspecified",1636,"IC50",">",100,"Inhibition of ACE (unknown origin) using Mca-RPPGFSAFK (Dnp) as substrate preincubated for 20 mins followed by substrate addition by fluorescence plate reader analysis","Confirmatory",27563406
1686965,461523063,124203826,"Unspecified",1636,"","","","Inhibition of Angiotensin-converting enzyme (unknown origin) at 10 uM relative to control","Other",29570292
1786651,318398468,46853762,"Inactive",1636,"","","","ACE(HU) Eurofins SafetyScreen44 (BI)","Other",""
1786652,318398468,46853762,"Inactive",1636,"","","","ACE(HU_AMTCH400) Eurofins SafetyScreen44 (BI)","Other",""
1787835,442052377,11706381,"Inactive",1636,"","","","ACE(HU_AMTCH400) Eurofins SafetyScreen44 (BI)","Other",""
1787882,174492112,56948249,"Inactive",1636,"","","","ACE(HU_AMTCH400) Eurofins SafetyScreen44 (BI)","Other",""
1788475,404696611,118958122,"Inactive",1636,"","","","ACE (h) CEREP ligand profiling","Other",""
1788680,440177378,137332060,"Inactive",1636,"","","","ACE (h) CEREP ligand profiling","Other",""
1788771,103349868,5310991,"Unspecified",1636,"","","","ACE (h) Eurofins-Cerep enzyme and uptake assay","Other",""
1788771,440174202,101933292,"Unspecified",1636,"","","","ACE (h) Eurofins-Cerep enzyme and uptake assay","Other",""
1788853,381872584,121301295,"Unspecified",1636,"","","","ACE (h) Eurofins-Cerep enzyme and uptake assay","Other",""
1788928,381840647,121301422,"Unspecified",1636,"","","","ACE (h) Eurofins-Cerep enzyme and uptake assay","Other",""
1789848,404661187,131953432,"Inactive",1636,"","","","ACE(HU_AMTCH400) Cerep selectivity data (BI)","Other",""
1789903,312390293,66764813,"Inactive",1636,"","","","ACE(HU) Cerep selectivity data (BI)","Other",""
1790817,440225117,59126962,"Unspecified",1636,"","","","ACE (h) Eurofins-Cerep enzyme and uptake assay","Other",""
1791323,124963756,24771824,"Inactive",1636,"","","","ACE (h) CEREP ligand profiling","Other",""
1791352,242645573,25114442,"Inactive",1636,"","","","ACE (h) CEREP ligand profiling","Other",""
1791980,404679711,49846946,"Unspecified",1636,"","","","ACE (h) Eurofins-Cerep enzyme and uptake assay","Other",""
1791980,440193399,155555047,"Unspecified",1636,"","","","ACE (h) Eurofins-Cerep enzyme and uptake assay","Other",""
1792061,312361547,46836243,"Unspecified",1636,"","","","ACE (h) Eurofins-Cerep enzyme and uptake assay","Other",""
1792061,312361687,59447577,"Unspecified",1636,"","","","ACE (h) Eurofins-Cerep enzyme and uptake assay","Other",""
1794539,160701240,11203294,"Inactive","","","","","Inhibition of Peptidase, Angiotensin Converting Enzyme at compound concentration of 10.0 uM in the Eurofins-Panlabs enzyme assay (Eurofins_assay_107300)","Other",""
1794539,440175888,85469632,"Inactive","","","","","Inhibition of Peptidase, Angiotensin Converting Enzyme at compound concentration of 10.0 uM in the Eurofins-Panlabs enzyme assay (Eurofins_assay_107300)","Other",""
1794539,440200569,121301508,"Inactive","","","","","Inhibition of Peptidase, Angiotensin Converting Enzyme at compound concentration of 10.0 uM in the Eurofins-Panlabs enzyme assay (Eurofins_assay_107300)","Other",""
1794539,461563592,155884467,"Inactive","","","","","Inhibition of Peptidase, Angiotensin Converting Enzyme at compound concentration of 10.0 uM in the Eurofins-Panlabs enzyme assay (Eurofins_assay_107300)","Other",""
1794539,475995198,118958833,"Inactive","","","","","Inhibition of Peptidase, Angiotensin Converting Enzyme at compound concentration of 10.0 uM in the Eurofins-Panlabs enzyme assay (Eurofins_assay_107300)","Other",""
1794539,504805814,153534231,"Inactive","","","","","Inhibition of Peptidase, Angiotensin Converting Enzyme at compound concentration of 10.0 uM in the Eurofins-Panlabs enzyme assay (Eurofins_assay_107300)","Other",""
1794539,528386524,176516508,"Inactive","","","","","Inhibition of Peptidase, Angiotensin Converting Enzyme at compound concentration of 10.0 uM in the Eurofins-Panlabs enzyme assay (Eurofins_assay_107300)","Other",""
1798086,49700578,91895986,"Inactive",1636,"Ki",">",10,"Enzyme Inhibition Assay from Article 10.1021/jm701275z: ""Development of Potent and Selective Phosphinic Peptide Inhibitors of Angiotensin-Converting Enzyme 2.""","Confirmatory",18324760
1798086,49700584,91895992,"Inactive",1636,"Ki",">",10,"Enzyme Inhibition Assay from Article 10.1021/jm701275z: ""Development of Potent and Selective Phosphinic Peptide Inhibitors of Angiotensin-Converting Enzyme 2.""","Confirmatory",18324760
1798086,49700587,91895993,"Inactive",1636,"Ki",">",10,"Enzyme Inhibition Assay from Article 10.1021/jm701275z: ""Development of Potent and Selective Phosphinic Peptide Inhibitors of Angiotensin-Converting Enzyme 2.""","Confirmatory",18324760
1798086,49700588,91895994,"Inactive",1636,"Ki",">",10,"Enzyme Inhibition Assay from Article 10.1021/jm701275z: ""Development of Potent and Selective Phosphinic Peptide Inhibitors of Angiotensin-Converting Enzyme 2.""","Confirmatory",18324760
1799790,160844938,70701992,"Inactive",1636,"Ki",">",10,"Enzyme Assay from Article 10.1074/jbc.M110.139634: ""Insights from selective non-phosphinic inhibitors of MMP-12 tailored to fit with an S1&#39; loop canonical conformation.""","Confirmatory",20817735
1799790,160844940,50991679,"Inactive",1636,"Ki",">",10,"Enzyme Assay from Article 10.1074/jbc.M110.139634: ""Insights from selective non-phosphinic inhibitors of MMP-12 tailored to fit with an S1&#39; loop canonical conformation.""","Confirmatory",20817735
1802026,318472237,102514730,"Inactive",1636,"IC50","",68,"Enzyme Assay from US Patent US9212206: ""4-Fluoro-Thio-containing inhibitors of APP2, compositions thereof and method of use""","Confirmatory",""
1802026,318472238,118579583,"Inactive",1636,"IC50","",49,"Enzyme Assay from US Patent US9212206: ""4-Fluoro-Thio-containing inhibitors of APP2, compositions thereof and method of use""","Confirmatory",""
1802026,318472239,118579586,"Inactive",1636,"IC50","",12,"Enzyme Assay from US Patent US9212206: ""4-Fluoro-Thio-containing inhibitors of APP2, compositions thereof and method of use""","Confirmatory",""
1802026,318472240,118579584,"Active",1636,"IC50","",0.64,"Enzyme Assay from US Patent US9212206: ""4-Fluoro-Thio-containing inhibitors of APP2, compositions thereof and method of use""","Confirmatory",""
1804988,441610708,72203605,"Active",1636,"Ki","<",0.001,"Enzyme Inhibition Assay from US Patent US10829438: ""Neprilysin inhibitors""","Confirmatory",""
1804988,441610712,72700307,"Active",1636,"Ki","",0.0355,"Enzyme Inhibition Assay from US Patent US10829438: ""Neprilysin inhibitors""","Confirmatory",""
1804988,441610713,86705146,"Active",1636,"Ki","<",0.001,"Enzyme Inhibition Assay from US Patent US10829438: ""Neprilysin inhibitors""","Confirmatory",""
1804988,441610714,118311593,"Active",1636,"Ki","",0.00355,"Enzyme Inhibition Assay from US Patent US10829438: ""Neprilysin inhibitors""","Confirmatory",""
1804988,441610715,86705149,"Active",1636,"Ki","<",0.001,"Enzyme Inhibition Assay from US Patent US10829438: ""Neprilysin inhibitors""","Confirmatory",""
1804988,441610716,86705152,"Active",1636,"Ki","<",0.001,"Enzyme Inhibition Assay from US Patent US10829438: ""Neprilysin inhibitors""","Confirmatory",""
1804988,441610717,86705154,"Active",1636,"Ki","<",0.001,"Enzyme Inhibition Assay from US Patent US10829438: ""Neprilysin inhibitors""","Confirmatory",""
1806096,441610708,72203605,"Active",1636,"Ki","<",0.001,"Enzyme Inhibition Assay from US Patent US11174219: ""Neprilysin inhibitors""","Confirmatory",""
1806096,441610712,72700307,"Active",1636,"Ki","",0.0355,"Enzyme Inhibition Assay from US Patent US11174219: ""Neprilysin inhibitors""","Confirmatory",""
1806096,441610713,86705146,"Active",1636,"Ki","<",0.001,"Enzyme Inhibition Assay from US Patent US11174219: ""Neprilysin inhibitors""","Confirmatory",""
1806096,441610714,118311593,"Active",1636,"Ki","",0.00355,"Enzyme Inhibition Assay from US Patent US11174219: ""Neprilysin inhibitors""","Confirmatory",""
1806096,441610715,86705149,"Active",1636,"Ki","<",0.001,"Enzyme Inhibition Assay from US Patent US11174219: ""Neprilysin inhibitors""","Confirmatory",""
1806096,441610716,86705152,"Active",1636,"Ki","<",0.001,"Enzyme Inhibition Assay from US Patent US11174219: ""Neprilysin inhibitors""","Confirmatory",""
1806096,441610717,86705154,"Active",1636,"Ki","<",0.001,"Enzyme Inhibition Assay from US Patent US11174219: ""Neprilysin inhibitors""","Confirmatory",""
1819416,103378026,5362119,"Active",1636,"Ki","=",0.0012,"Inhibition of recombinant human ACE C-domain expressed in CHO cells using Cbz-Phe-His-Leu as substrate preincubated for 15 mins followed by substrate addition and measured after 10 mins by fluorescence spectrophotometric analysis","Confirmatory",35113565
1819416,103497263,16007169,"Active",1636,"Ki","=",0.009,"Inhibition of recombinant human ACE C-domain expressed in CHO cells using Cbz-Phe-His-Leu as substrate preincubated for 15 mins followed by substrate addition and measured after 10 mins by fluorescence spectrophotometric analysis","Confirmatory",35113565
1819416,475979446,162624757,"Active",1636,"Ki","=",0.44,"Inhibition of recombinant human ACE C-domain expressed in CHO cells using Cbz-Phe-His-Leu as substrate preincubated for 15 mins followed by substrate addition and measured after 10 mins by fluorescence spectrophotometric analysis","Confirmatory",35113565
1819416,475980088,162624755,"Active",1636,"Ki","=",0.1,"Inhibition of recombinant human ACE C-domain expressed in CHO cells using Cbz-Phe-His-Leu as substrate preincubated for 15 mins followed by substrate addition and measured after 10 mins by fluorescence spectrophotometric analysis","Confirmatory",35113565
1819416,475981217,162624756,"Active",1636,"Ki","=",0.035,"Inhibition of recombinant human ACE C-domain expressed in CHO cells using Cbz-Phe-His-Leu as substrate preincubated for 15 mins followed by substrate addition and measured after 10 mins by fluorescence spectrophotometric analysis","Confirmatory",35113565
1819417,103378026,5362119,"Active",1636,"Ki","=",0.0048,"Inhibition of recombinant human ACE N-domain expressed in CHO cells using Cbz-Phe-His-Leu as substrate preincubated for 15 mins followed by substrate addition and measured after 10 mins by fluorescence spectrophotometric analysis","Confirmatory",35113565
1819417,103497263,16007169,"Active",1636,"Ki","=",1.7,"Inhibition of recombinant human ACE N-domain expressed in CHO cells using Cbz-Phe-His-Leu as substrate preincubated for 15 mins followed by substrate addition and measured after 10 mins by fluorescence spectrophotometric analysis","Confirmatory",35113565
1819417,475979446,162624757,"Active",1636,"Ki","=",3.4,"Inhibition of recombinant human ACE N-domain expressed in CHO cells using Cbz-Phe-His-Leu as substrate preincubated for 15 mins followed by substrate addition and measured after 10 mins by fluorescence spectrophotometric analysis","Confirmatory",35113565
1819417,475980088,162624755,"Active",1636,"Ki","=",3.79,"Inhibition of recombinant human ACE N-domain expressed in CHO cells using Cbz-Phe-His-Leu as substrate preincubated for 15 mins followed by substrate addition and measured after 10 mins by fluorescence spectrophotometric analysis","Confirmatory",35113565
1819417,475981217,162624756,"Active",1636,"Ki","=",0.12,"Inhibition of recombinant human ACE N-domain expressed in CHO cells using Cbz-Phe-His-Leu as substrate preincubated for 15 mins followed by substrate addition and measured after 10 mins by fluorescence spectrophotometric analysis","Confirmatory",35113565
1828416,475985132,435685,"Unspecified",1636,"","","","Inhibition of recombinant C-terminal 10His-tagged human ACE at 300 uM using Mca-Arg-Pro-Pro-Gly-Phe-Ser-Ala-Phe-Lys(Dnp)-OH as substrate and measured by fluorescence based assay relative to control","Other",""
1828416,475991983,101638,"Unspecified",1636,"","","","Inhibition of recombinant C-terminal 10His-tagged human ACE at 300 uM using Mca-Arg-Pro-Pro-Gly-Phe-Ser-Ala-Phe-Lys(Dnp)-OH as substrate and measured by fluorescence based assay relative to control","Other",""
1830822,124974065,36314,"Unspecified","","Kd","","","Binding affinity to human recombinant ACE protein assessed as dissociation constant incubated for 15 mins by MTS binding analysis","Confirmatory",34699215
1830822,475994286,166633386,"Active","","Kd","=",0.38,"Binding affinity to human recombinant ACE protein assessed as dissociation constant incubated for 15 mins by MTS binding analysis","Confirmatory",34699215
1834697,475993602,89809012,"Inactive",1636,"","","","ACE(HU_AMTCH400) Eurofins SafetyScreen44 (BI)","Other",""
1853826,482057466,168276629,"Unspecified",1636,"IC50","=",11.28,"Inhibition of ACE (unknown origin) using hippuryl-histidyl-leucine as substrate pre-incubated with compound for 10 mins followed by substrate addition measured after 60 mins by HPLC analysis","Confirmatory",35063731
1853826,482085883,168296574,"Active",1636,"IC50","=",3.1,"Inhibition of ACE (unknown origin) using hippuryl-histidyl-leucine as substrate pre-incubated with compound for 10 mins followed by substrate addition measured after 60 mins by HPLC analysis","Confirmatory",35063731
1865368,482058490,163388532,"Unspecified",1636,"","","","Inhibition of angiotensin converting enzyme (unknown origin) at 10 uM relative to control","Other",36178776
1865369,482058490,163388532,"Unspecified",1636,"IC50",">",3,"Inhibition of angiotensin-converting enzyme (unknown origin)","Confirmatory",36178776
1895844,103378026,5362119,"Active",1636,"IC50","=",0.0001,"Inhibition of angiotensin converting enzyme (unknown origin)","Confirmatory",34624823
1895844,103581295,44093,"Active",1636,"IC50","=",0.42,"Inhibition of angiotensin converting enzyme (unknown origin)","Confirmatory",34624823
1916551,103560567,448281,"Unspecified",1636,"","","","Inhibition of recombinant human ACE assessed as maximum inhibition using Mca-RPGFSAFK (Dnp)-OH as substrate by fluorescence plate reader assay relative to control","Other",34543844
1916551,482090369,58580621,"Unspecified",1636,"","","","Inhibition of recombinant human ACE assessed as maximum inhibition using Mca-RPGFSAFK (Dnp)-OH as substrate by fluorescence plate reader assay relative to control","Other",34543844
1916551,482090398,25174133,"Unspecified",1636,"","","","Inhibition of recombinant human ACE assessed as maximum inhibition using Mca-RPGFSAFK (Dnp)-OH as substrate by fluorescence plate reader assay relative to control","Other",34543844
1916553,103560567,448281,"Active",1636,"IC50","=",10,"Inhibition of recombinant human ACE using Mca-RPGFSAFK (Dnp)- OH as substrate by fluorescence plate reader assay","Confirmatory",34543844
1916553,482090369,58580621,"Unspecified",1636,"IC50","=",39.8107,"Inhibition of recombinant human ACE using Mca-RPGFSAFK (Dnp)- OH as substrate by fluorescence plate reader assay","Confirmatory",34543844
1916553,482090398,25174133,"Unspecified",1636,"IC50","=",39.8107,"Inhibition of recombinant human ACE using Mca-RPGFSAFK (Dnp)- OH as substrate by fluorescence plate reader assay","Confirmatory",34543844
1916555,103560567,448281,"Unspecified",1636,"","","","Inhibition of ACE in human MNCs assessed as maximum inhibition using substrate Mca-RPGFSAFK (Dnp)-OH as substrate by fluorescence plate reader assay relative to control","Other",34543844
1916555,482090369,58580621,"Unspecified",1636,"","","","Inhibition of ACE in human MNCs assessed as maximum inhibition using substrate Mca-RPGFSAFK (Dnp)-OH as substrate by fluorescence plate reader assay relative to control","Other",34543844
1916555,482090398,25174133,"Unspecified",1636,"","","","Inhibition of ACE in human MNCs assessed as maximum inhibition using substrate Mca-RPGFSAFK (Dnp)-OH as substrate by fluorescence plate reader assay relative to control","Other",34543844
1919202,103942968,10430040,"Active",1636,"Ki","",0.00631,"Enzyme Inhibition Assay from US Patent US11547687: ""Neprilysin inhibitors""","Confirmatory",""
1919202,381621112,89530065,"Active",1636,"Ki","",0.0126,"Enzyme Inhibition Assay from US Patent US11547687: ""Neprilysin inhibitors""","Confirmatory",""
1919202,381621113,71521072,"Active",1636,"Ki","",0.0002,"Enzyme Inhibition Assay from US Patent US11547687: ""Neprilysin inhibitors""","Confirmatory",""
1919202,381621113,71521072,"Active",1636,"Ki","<",0.001,"Enzyme Inhibition Assay from US Patent US11547687: ""Neprilysin inhibitors""","Confirmatory",""
1919202,381621114,71525865,"Active",1636,"Ki","<",0.001,"Enzyme Inhibition Assay from US Patent US11547687: ""Neprilysin inhibitors""","Confirmatory",""
1919202,381621115,71525866,"Active",1636,"Ki","",0.00355,"Enzyme Inhibition Assay from US Patent US11547687: ""Neprilysin inhibitors""","Confirmatory",""
1919202,381621116,71525953,"Active",1636,"Ki","<",0.001,"Enzyme Inhibition Assay from US Patent US11547687: ""Neprilysin inhibitors""","Confirmatory",""
1919202,381621117,71525954,"Active",1636,"Ki","",0.00355,"Enzyme Inhibition Assay from US Patent US11547687: ""Neprilysin inhibitors""","Confirmatory",""
1919202,381621118,89522632,"Active",1636,"Ki","",0.0355,"Enzyme Inhibition Assay from US Patent US11547687: ""Neprilysin inhibitors""","Confirmatory",""
1919202,381621119,86682257,"Active",1636,"Ki","<",0.001,"Enzyme Inhibition Assay from US Patent US11547687: ""Neprilysin inhibitors""","Confirmatory",""
1919202,381621120,89522943,"Active",1636,"Ki","<",0.001,"Enzyme Inhibition Assay from US Patent US11547687: ""Neprilysin inhibitors""","Confirmatory",""
1919202,381621121,89522824,"Active",1636,"Ki","<",0.001,"Enzyme Inhibition Assay from US Patent US11547687: ""Neprilysin inhibitors""","Confirmatory",""
1919202,381621122,71526139,"Active",1636,"Ki","<",0.001,"Enzyme Inhibition Assay from US Patent US11547687: ""Neprilysin inhibitors""","Confirmatory",""
1919202,381621123,89523124,"Active",1636,"Ki","<",0.001,"Enzyme Inhibition Assay from US Patent US11547687: ""Neprilysin inhibitors""","Confirmatory",""
1919202,381621124,89522653,"Active",1636,"Ki","",0.00355,"Enzyme Inhibition Assay from US Patent US11547687: ""Neprilysin inhibitors""","Confirmatory",""
1919202,381621132,89523260,"Active",1636,"Ki","",0.000631,"Enzyme Inhibition Assay from US Patent US11547687: ""Neprilysin inhibitors""","Confirmatory",""
1919202,381621132,89523260,"Active",1636,"Ki","<",0.001,"Enzyme Inhibition Assay from US Patent US11547687: ""Neprilysin inhibitors""","Confirmatory",""
1919202,381621133,89530026,"Active",1636,"Ki","<",0.001,"Enzyme Inhibition Assay from US Patent US11547687: ""Neprilysin inhibitors""","Confirmatory",""
1919202,381621139,89523070,"Active",1636,"Ki","",0.00355,"Enzyme Inhibition Assay from US Patent US11547687: ""Neprilysin inhibitors""","Confirmatory",""
1919202,381621140,89530027,"Active",1636,"Ki","",0.00355,"Enzyme Inhibition Assay from US Patent US11547687: ""Neprilysin inhibitors""","Confirmatory",""
1919202,381621145,89522579,"Active",1636,"Ki","",0.0355,"Enzyme Inhibition Assay from US Patent US11547687: ""Neprilysin inhibitors""","Confirmatory",""
1919202,381621147,89530106,"Active",1636,"Ki","",0.00355,"Enzyme Inhibition Assay from US Patent US11547687: ""Neprilysin inhibitors""","Confirmatory",""
1919202,381621148,89522922,"Active",1636,"Ki","",0.0355,"Enzyme Inhibition Assay from US Patent US11547687: ""Neprilysin inhibitors""","Confirmatory",""
1919202,381621149,89523071,"Active",1636,"Ki","",0.00355,"Enzyme Inhibition Assay from US Patent US11547687: ""Neprilysin inhibitors""","Confirmatory",""
1919202,441289662,89522546,"Active",1636,"Ki","",0.0355,"Enzyme Inhibition Assay from US Patent US11547687: ""Neprilysin inhibitors""","Confirmatory",""
1919202,441289682,89530128,"Active",1636,"Ki","<",0.001,"Enzyme Inhibition Assay from US Patent US11547687: ""Neprilysin inhibitors""","Confirmatory",""
1919202,441289684,89522645,"Active",1636,"Ki","",0.00355,"Enzyme Inhibition Assay from US Patent US11547687: ""Neprilysin inhibitors""","Confirmatory",""
1919202,441289685,89522742,"Active",1636,"Ki","",0.0355,"Enzyme Inhibition Assay from US Patent US11547687: ""Neprilysin inhibitors""","Confirmatory",""
1919202,441289692,89522607,"Active",1636,"Ki","<",0.001,"Enzyme Inhibition Assay from US Patent US11547687: ""Neprilysin inhibitors""","Confirmatory",""
1919202,441289694,89530107,"Active",1636,"Ki","",0.00355,"Enzyme Inhibition Assay from US Patent US11547687: ""Neprilysin inhibitors""","Confirmatory",""
1919202,476023767,166638693,"Active",1636,"IC50","",0.092,"Enzyme Inhibition Assay from US Patent US11547687: ""Neprilysin inhibitors""","Confirmatory",""
1919202,476023768,166638694,"Active",1636,"IC50","",0.005,"Enzyme Inhibition Assay from US Patent US11547687: ""Neprilysin inhibitors""","Confirmatory",""
1919202,476023769,166638695,"Active",1636,"IC50","",0.19,"Enzyme Inhibition Assay from US Patent US11547687: ""Neprilysin inhibitors""","Confirmatory",""
1919202,476023770,166638696,"Active",1636,"IC50","",0.7,"Enzyme Inhibition Assay from US Patent US11547687: ""Neprilysin inhibitors""","Confirmatory",""
1919202,476023771,166638697,"Active",1636,"IC50","",0.027,"Enzyme Inhibition Assay from US Patent US11547687: ""Neprilysin inhibitors""","Confirmatory",""
1919202,476023772,166638698,"Active",1636,"IC50","",0.09,"Enzyme Inhibition Assay from US Patent US11547687: ""Neprilysin inhibitors""","Confirmatory",""
1919202,476023773,166638699,"Active",1636,"IC50","",0.324,"Enzyme Inhibition Assay from US Patent US11547687: ""Neprilysin inhibitors""","Confirmatory",""
1919202,476023775,166638700,"Active",1636,"Ki","<",0.001,"Enzyme Inhibition Assay from US Patent US11547687: ""Neprilysin inhibitors""","Confirmatory",""
1919202,476023777,166638701,"Active",1636,"Ki","<",0.001,"Enzyme Inhibition Assay from US Patent US11547687: ""Neprilysin inhibitors""","Confirmatory",""
1919202,476023778,166638702,"Active",1636,"Ki","<",0.001,"Enzyme Inhibition Assay from US Patent US11547687: ""Neprilysin inhibitors""","Confirmatory",""
1919202,476023779,166638703,"Active",1636,"Ki","<",0.001,"Enzyme Inhibition Assay from US Patent US11547687: ""Neprilysin inhibitors""","Confirmatory",""
1919202,476023787,166638708,"Active",1636,"Ki","<",0.001,"Enzyme Inhibition Assay from US Patent US11547687: ""Neprilysin inhibitors""","Confirmatory",""
1919202,476023790,166638709,"Active",1636,"Ki","",0.00355,"Enzyme Inhibition Assay from US Patent US11547687: ""Neprilysin inhibitors""","Confirmatory",""
1919202,476023796,166638710,"Active",1636,"Ki","<",0.001,"Enzyme Inhibition Assay from US Patent US11547687: ""Neprilysin inhibitors""","Confirmatory",""
1919202,476023798,166638711,"Active",1636,"Ki","",0.0355,"Enzyme Inhibition Assay from US Patent US11547687: ""Neprilysin inhibitors""","Confirmatory",""
1919202,476023800,166638712,"Active",1636,"Ki","",0.00355,"Enzyme Inhibition Assay from US Patent US11547687: ""Neprilysin inhibitors""","Confirmatory",""
1919202,476023803,123594929,"Active",1636,"Ki","",0.00355,"Enzyme Inhibition Assay from US Patent US11547687: ""Neprilysin inhibitors""","Confirmatory",""
1919202,476023807,166638715,"Active",1636,"Ki","<",0.001,"Enzyme Inhibition Assay from US Patent US11547687: ""Neprilysin inhibitors""","Confirmatory",""
1919202,476023809,166638716,"Active",1636,"Ki","<",0.001,"Enzyme Inhibition Assay from US Patent US11547687: ""Neprilysin inhibitors""","Confirmatory",""
1919202,476023810,166638717,"Active",1636,"Ki","<",0.001,"Enzyme Inhibition Assay from US Patent US11547687: ""Neprilysin inhibitors""","Confirmatory",""
1919202,476023813,89522599,"Active",1636,"Ki","",0.00631,"Enzyme Inhibition Assay from US Patent US11547687: ""Neprilysin inhibitors""","Confirmatory",""
1919202,476023816,166638719,"Active",1636,"Ki","",0.2,"Enzyme Inhibition Assay from US Patent US11547687: ""Neprilysin inhibitors""","Confirmatory",""
1919202,476023817,166638720,"Active",1636,"Ki","",0.0398,"Enzyme Inhibition Assay from US Patent US11547687: ""Neprilysin inhibitors""","Confirmatory",""
1919202,476023818,166638721,"Active",1636,"Ki","",0.0501,"Enzyme Inhibition Assay from US Patent US11547687: ""Neprilysin inhibitors""","Confirmatory",""
1919202,476023820,89522747,"Active",1636,"Ki","",0.00631,"Enzyme Inhibition Assay from US Patent US11547687: ""Neprilysin inhibitors""","Confirmatory",""
1919202,476023821,89522781,"Active",1636,"Ki","",0.001,"Enzyme Inhibition Assay from US Patent US11547687: ""Neprilysin inhibitors""","Confirmatory",""
1919202,476023822,89522654,"Active",1636,"Ki","",0.00251,"Enzyme Inhibition Assay from US Patent US11547687: ""Neprilysin inhibitors""","Confirmatory",""
1919202,476023824,89523773,"Active",1636,"Ki","",0.00398,"Enzyme Inhibition Assay from US Patent US11547687: ""Neprilysin inhibitors""","Confirmatory",""
1919202,476023825,89522534,"Active",1636,"Ki","",0.000316,"Enzyme Inhibition Assay from US Patent US11547687: ""Neprilysin inhibitors""","Confirmatory",""
1919202,476023826,89522637,"Active",1636,"Ki","",0.000501,"Enzyme Inhibition Assay from US Patent US11547687: ""Neprilysin inhibitors""","Confirmatory",""
1919202,483767237,71525863,"Active",1636,"Ki","<",0.001,"Enzyme Inhibition Assay from US Patent US11547687: ""Neprilysin inhibitors""","Confirmatory",""
1919722,103942968,10430040,"Active",1636,"IC50","",0.19,"Neprilysin Inhibition Assay from US Patent US20230285340: ""NEPRILYSIN INHIBITORS""","Confirmatory",""
1919722,103942969,10474239,"Active",1636,"IC50","",0.092,"Neprilysin Inhibition Assay from US Patent US20230285340: ""NEPRILYSIN INHIBITORS""","Confirmatory",""
1919722,103942972,9977260,"Active",1636,"IC50","",0.7,"Neprilysin Inhibition Assay from US Patent US20230285340: ""NEPRILYSIN INHIBITORS""","Confirmatory",""
1919722,103942983,10386927,"Active",1636,"IC50","",0.324,"Neprilysin Inhibition Assay from US Patent US20230285340: ""NEPRILYSIN INHIBITORS""","Confirmatory",""
1919722,103942991,10068537,"Active",1636,"IC50","",0.027,"Neprilysin Inhibition Assay from US Patent US20230285340: ""NEPRILYSIN INHIBITORS""","Confirmatory",""
1919722,103942994,9977261,"Active",1636,"IC50","",0.005,"Neprilysin Inhibition Assay from US Patent US20230285340: ""NEPRILYSIN INHIBITORS""","Confirmatory",""
1919722,484206650,168679345,"Active",1636,"IC50","",0.09,"Neprilysin Inhibition Assay from US Patent US20230285340: ""NEPRILYSIN INHIBITORS""","Confirmatory",""
1919723,381621112,89530065,"Active",1636,"Ki","",0.055,"Enzyme Inhibition Assays (Assay 1) from US Patent US20230285340: ""NEPRILYSIN INHIBITORS""","Confirmatory",""
1919723,381621113,71521072,"Active",1636,"Ki","<",0.001,"Enzyme Inhibition Assays (Assay 1) from US Patent US20230285340: ""NEPRILYSIN INHIBITORS""","Confirmatory",""
1919723,381621114,71525865,"Active",1636,"Ki","<",0.001,"Enzyme Inhibition Assays (Assay 1) from US Patent US20230285340: ""NEPRILYSIN INHIBITORS""","Confirmatory",""
1919723,381621115,71525866,"Active",1636,"Ki","",0.0055,"Enzyme Inhibition Assays (Assay 1) from US Patent US20230285340: ""NEPRILYSIN INHIBITORS""","Confirmatory",""
1919723,381621116,71525953,"Active",1636,"Ki","<",0.001,"Enzyme Inhibition Assays (Assay 1) from US Patent US20230285340: ""NEPRILYSIN INHIBITORS""","Confirmatory",""
1919723,381621117,71525954,"Active",1636,"Ki","",0.0055,"Enzyme Inhibition Assays (Assay 1) from US Patent US20230285340: ""NEPRILYSIN INHIBITORS""","Confirmatory",""
1919723,381621118,89522632,"Active",1636,"Ki","",0.055,"Enzyme Inhibition Assays (Assay 1) from US Patent US20230285340: ""NEPRILYSIN INHIBITORS""","Confirmatory",""
1919723,381621119,86682257,"Active",1636,"Ki","<",0.001,"Enzyme Inhibition Assays (Assay 1) from US Patent US20230285340: ""NEPRILYSIN INHIBITORS""","Confirmatory",""
1919723,381621120,89522943,"Active",1636,"Ki","<",0.001,"Enzyme Inhibition Assays (Assay 1) from US Patent US20230285340: ""NEPRILYSIN INHIBITORS""","Confirmatory",""
1919723,381621121,89522824,"Active",1636,"Ki","<",0.001,"Enzyme Inhibition Assays (Assay 1) from US Patent US20230285340: ""NEPRILYSIN INHIBITORS""","Confirmatory",""
1919723,381621122,71526139,"Active",1636,"Ki","<",0.001,"Enzyme Inhibition Assays (Assay 1) from US Patent US20230285340: ""NEPRILYSIN INHIBITORS""","Confirmatory",""
1919723,381621123,89523124,"Active",1636,"Ki","<",0.001,"Enzyme Inhibition Assays (Assay 1) from US Patent US20230285340: ""NEPRILYSIN INHIBITORS""","Confirmatory",""
1919723,381621124,89522653,"Active",1636,"Ki","",0.0055,"Enzyme Inhibition Assays (Assay 1) from US Patent US20230285340: ""NEPRILYSIN INHIBITORS""","Confirmatory",""
1919723,381621127,137529934,"Active",1636,"Ki","<",0.001,"Enzyme Inhibition Assays (Assay 1) from US Patent US20230285340: ""NEPRILYSIN INHIBITORS""","Confirmatory",""
1919723,381621128,137529935,"Active",1636,"Ki","<",0.001,"Enzyme Inhibition Assays (Assay 1) from US Patent US20230285340: ""NEPRILYSIN INHIBITORS""","Confirmatory",""
1919723,381621131,137529938,"Active",1636,"Ki","<",0.001,"Enzyme Inhibition Assays (Assay 1) from US Patent US20230285340: ""NEPRILYSIN INHIBITORS""","Confirmatory",""
1919723,381621132,89523260,"Active",1636,"Ki","<",0.001,"Enzyme Inhibition Assays (Assay 1) from US Patent US20230285340: ""NEPRILYSIN INHIBITORS""","Confirmatory",""
1919723,381621134,123888705,"Active",1636,"Ki","<",0.001,"Enzyme Inhibition Assays (Assay 1) from US Patent US20230285340: ""NEPRILYSIN INHIBITORS""","Confirmatory",""
1919723,381621135,137529939,"Active",1636,"Ki","<",0.001,"Enzyme Inhibition Assays (Assay 1) from US Patent US20230285340: ""NEPRILYSIN INHIBITORS""","Confirmatory",""
1919723,381621136,137529940,"Active",1636,"Ki","",0.0055,"Enzyme Inhibition Assays (Assay 1) from US Patent US20230285340: ""NEPRILYSIN INHIBITORS""","Confirmatory",""
1919723,381621139,89523070,"Active",1636,"Ki","",0.0055,"Enzyme Inhibition Assays (Assay 1) from US Patent US20230285340: ""NEPRILYSIN INHIBITORS""","Confirmatory",""
1919723,381621140,89530027,"Active",1636,"Ki","",0.0055,"Enzyme Inhibition Assays (Assay 1) from US Patent US20230285340: ""NEPRILYSIN INHIBITORS""","Confirmatory",""
1919723,381621141,89523073,"Active",1636,"Ki","",0.0055,"Enzyme Inhibition Assays (Assay 1) from US Patent US20230285340: ""NEPRILYSIN INHIBITORS""","Confirmatory",""
1919723,381621143,89522710,"Active",1636,"Ki","",0.055,"Enzyme Inhibition Assays (Assay 1) from US Patent US20230285340: ""NEPRILYSIN INHIBITORS""","Confirmatory",""
1919723,381621144,89522908,"Active",1636,"Ki","",0.0055,"Enzyme Inhibition Assays (Assay 1) from US Patent US20230285340: ""NEPRILYSIN INHIBITORS""","Confirmatory",""
1919723,381621145,89522579,"Active",1636,"Ki","",0.055,"Enzyme Inhibition Assays (Assay 1) from US Patent US20230285340: ""NEPRILYSIN INHIBITORS""","Confirmatory",""
1919723,381621146,89522769,"Active",1636,"Ki","",0.0055,"Enzyme Inhibition Assays (Assay 1) from US Patent US20230285340: ""NEPRILYSIN INHIBITORS""","Confirmatory",""
1919723,381621147,89530106,"Active",1636,"Ki","",0.0055,"Enzyme Inhibition Assays (Assay 1) from US Patent US20230285340: ""NEPRILYSIN INHIBITORS""","Confirmatory",""
1919723,381621148,89522922,"Active",1636,"Ki","",0.055,"Enzyme Inhibition Assays (Assay 1) from US Patent US20230285340: ""NEPRILYSIN INHIBITORS""","Confirmatory",""
1919723,381621149,89523071,"Active",1636,"Ki","",0.0055,"Enzyme Inhibition Assays (Assay 1) from US Patent US20230285340: ""NEPRILYSIN INHIBITORS""","Confirmatory",""
1919723,441289673,89522840,"Active",1636,"Ki","<",0.001,"Enzyme Inhibition Assays (Assay 1) from US Patent US20230285340: ""NEPRILYSIN INHIBITORS""","Confirmatory",""
1919723,441289675,155903302,"Active",1636,"Ki","<",0.001,"Enzyme Inhibition Assays (Assay 1) from US Patent US20230285340: ""NEPRILYSIN INHIBITORS""","Confirmatory",""
1919723,441289678,89543641,"Active",1636,"Ki","<",0.001,"Enzyme Inhibition Assays (Assay 1) from US Patent US20230285340: ""NEPRILYSIN INHIBITORS""","Confirmatory",""
1919723,441289682,89530128,"Active",1636,"Ki","<",0.001,"Enzyme Inhibition Assays (Assay 1) from US Patent US20230285340: ""NEPRILYSIN INHIBITORS""","Confirmatory",""
1919723,441289687,86292749,"Active",1636,"Ki","<",0.001,"Enzyme Inhibition Assays (Assay 1) from US Patent US20230285340: ""NEPRILYSIN INHIBITORS""","Confirmatory",""
1919723,441289692,89522607,"Active",1636,"Ki","<",0.001,"Enzyme Inhibition Assays (Assay 1) from US Patent US20230285340: ""NEPRILYSIN INHIBITORS""","Confirmatory",""
1919723,441289694,89530107,"Active",1636,"Ki","",0.0055,"Enzyme Inhibition Assays (Assay 1) from US Patent US20230285340: ""NEPRILYSIN INHIBITORS""","Confirmatory",""
1919723,484206666,89543708,"Active",1636,"Ki","<",0.001,"Enzyme Inhibition Assays (Assay 1) from US Patent US20230285340: ""NEPRILYSIN INHIBITORS""","Confirmatory",""
1919723,484206671,168679346,"Active",1636,"Ki","<",0.001,"Enzyme Inhibition Assays (Assay 1) from US Patent US20230285340: ""NEPRILYSIN INHIBITORS""","Confirmatory",""
1919723,484206678,168679347,"Active",1636,"Ki","",0.0055,"Enzyme Inhibition Assays (Assay 1) from US Patent US20230285340: ""NEPRILYSIN INHIBITORS""","Confirmatory",""
1919723,484206679,168679348,"Active",1636,"Ki","",0.055,"Enzyme Inhibition Assays (Assay 1) from US Patent US20230285340: ""NEPRILYSIN INHIBITORS""","Confirmatory",""
1926205,103280915,71244,"Active",1636,"IC50","=",0.006,"Inhibition of ACE (unknown origin)","Confirmatory",36096342
1926205,103280915,71244,"Active",1636,"IC50","=",0.02818,"Inhibition of ACE (unknown origin)","Confirmatory",36096342
1926205,103280915,71244,"Active",1636,"Ki","=",0.0022,"Inhibition of ACE (unknown origin)","Confirmatory",36096342
1926205,103581295,44093,"Active",1636,"IC50","=",0.03,"Inhibition of ACE (unknown origin)","Confirmatory",36096342
1926205,103581295,44093,"Active",1636,"IC50","=",0.20893,"Inhibition of ACE (unknown origin)","Confirmatory",36096342
1926205,103590445,171857,"Active",1636,"IC50","=",0.37154,"Inhibition of ACE (unknown origin)","Confirmatory",36096342
1926205,494399693,93516962,"Active",1636,"IC50","=",0.83176,"Inhibition of ACE (unknown origin)","Confirmatory",36096342
1926232,103581295,44093,"Active",1636,"IC50","=",0.0063,"Inhibition of ACE (unknown origin) using tripeptide Hip-His-Leu-OH as substrate incubated for 4 mins by fluorimetric method","Confirmatory",36096342
1933950,475984014,146440141,"Unspecified","","","","","Inhibition of recombinant human ACE catalytic activity measured up to 150 uM","Other",34436882
1933950,475996337,146440161,"Unspecified","","","","","Inhibition of recombinant human ACE catalytic activity measured up to 150 uM","Other",34436882
1933950,494399891,171345631,"Unspecified","","","","","Inhibition of recombinant human ACE catalytic activity measured up to 150 uM","Other",34436882
1954024,103179234,5462501,"Active",1636,"IC50","=",0.0012,"Inhibition of angiotensin-converting enzyme (unknown origin)","Confirmatory",27690430
1954024,103191325,44458805,"Active",1636,"IC50","=",0.62,"Inhibition of angiotensin-converting enzyme (unknown origin)","Confirmatory",27690430
1954024,103191386,146389,"Active",1636,"IC50","=",1.8,"Inhibition of angiotensin-converting enzyme (unknown origin)","Confirmatory",27690430
1954024,103218773,9998020,"Active",1636,"IC50","=",0.03,"Inhibition of angiotensin-converting enzyme (unknown origin)","Confirmatory",27690430
1954024,103234918,44295542,"Active",1636,"IC50","=",0.0078,"Inhibition of angiotensin-converting enzyme (unknown origin)","Confirmatory",27690430
1954024,103235092,44295650,"Active",1636,"IC50","=",0.014,"Inhibition of angiotensin-converting enzyme (unknown origin)","Confirmatory",27690430
1954024,103235123,9801007,"Active",1636,"IC50","=",0.012,"Inhibition of angiotensin-converting enzyme (unknown origin)","Confirmatory",27690430
1954024,103235279,15838528,"Active",1636,"IC50","=",0.033,"Inhibition of angiotensin-converting enzyme (unknown origin)","Confirmatory",27690430
1954024,103248213,44301492,"Unspecified",1636,"IC50","=",58,"Inhibition of angiotensin-converting enzyme (unknown origin)","Confirmatory",27690430
1954024,103248215,44301493,"Unspecified",1636,"IC50","=",14,"Inhibition of angiotensin-converting enzyme (unknown origin)","Confirmatory",27690430
1954024,103281018,12942868,"Active",1636,"IC50","=",0.018,"Inhibition of angiotensin-converting enzyme (unknown origin)","Confirmatory",27690430
1954024,103339774,5362129,"Active",1636,"IC50","=",0.0042,"Inhibition of angiotensin-converting enzyme (unknown origin)","Confirmatory",27690430
1954024,103378026,5362119,"Active",1636,"IC50","=",0.0012,"Inhibition of angiotensin-converting enzyme (unknown origin)","Confirmatory",27690430
1954024,103581295,44093,"Active",1636,"IC50","=",0.012,"Inhibition of angiotensin-converting enzyme (unknown origin)","Confirmatory",27690430
1954024,103589744,107807,"Active",1636,"IC50","=",0.0036,"Inhibition of angiotensin-converting enzyme (unknown origin)","Confirmatory",27690430
1954024,103687918,107994,"Active",1636,"IC50","=",0.0028,"Inhibition of angiotensin-converting enzyme (unknown origin)","Confirmatory",27690430
1954024,124968855,55331,"Active",1636,"IC50","=",0.003,"Inhibition of angiotensin-converting enzyme (unknown origin)","Confirmatory",27690430
1954024,160687810,5463984,"Active",1636,"IC50","=",0.0017,"Inhibition of angiotensin-converting enzyme (unknown origin)","Confirmatory",27690430
1954024,164130407,132919,"Active",1636,"IC50","=",0.0026,"Inhibition of angiotensin-converting enzyme (unknown origin)","Confirmatory",27690430
1954024,494399135,59994867,"Active",1636,"IC50","=",0.0058,"Inhibition of angiotensin-converting enzyme (unknown origin)","Confirmatory",27690430
1954024,494401565,171346642,"Active",1636,"IC50","=",0.54,"Inhibition of angiotensin-converting enzyme (unknown origin)","Confirmatory",27690430
1954024,494406767,171349783,"Active",1636,"IC50","=",0.044,"Inhibition of angiotensin-converting enzyme (unknown origin)","Confirmatory",27690430
1954024,494414850,171354325,"Active",1636,"IC50","=",0.025,"Inhibition of angiotensin-converting enzyme (unknown origin)","Confirmatory",27690430
1954026,494414555,171354223,"Active",1636,"Km","=",0.01,"Binding affinity to angiotensin-converting enzyme (unknown origin) assessed as Km","Confirmatory",27690430
1954028,103241499,4369380,"Active",1636,"Ki","=",0.13,"Binding affinity to angiotensin-converting enzyme (unknown origin) assessed as inhibition constant","Confirmatory",27690430
1954028,494399224,5489408,"Active",1636,"Ki","=",4e-06,"Binding affinity to angiotensin-converting enzyme (unknown origin) assessed as inhibition constant","Confirmatory",27690430
1954028,494406423,171349582,"Unspecified",1636,"Ki","=",50,"Binding affinity to angiotensin-converting enzyme (unknown origin) assessed as inhibition constant","Confirmatory",27690430
1954028,494413854,9841245,"Active",1636,"Ki","=",0.002,"Binding affinity to angiotensin-converting enzyme (unknown origin) assessed as inhibition constant","Confirmatory",27690430
1954028,494418380,171356353,"Active",1636,"Ki","=",0.01,"Binding affinity to angiotensin-converting enzyme (unknown origin) assessed as inhibition constant","Confirmatory",27690430
1962032,494422421,167312378,"Inactive",1636,"","","","ACE(HU_AMTCH400) Eurofins SafetyScreen44 (BI)","Other",""
1962076,494421799,168446849,"Inactive",1636,"","","","ACE(HU_AMTCH400) Eurofins SafetyScreen44 (BI)","Other",""
1962116,494408481,163183769,"Inactive",1636,"","","","ACE(HU_AMTCH400) Eurofins SafetyScreen44 (BI)","Other",""
1962116,494408481,163183769,"Unspecified",1636,"","","","ACE(HU_AMTCH400) Eurofins SafetyScreen44 (BI)","Other",""
1962172,494417999,171356143,"Unspecified",1636,"","","","ACE(HU_AMTCH400) Eurofins SafetyScreen44 (BI)","Other",""
1962217,442055135,131632978,"Inactive",1636,"","","","ACE(HU_AMTCH400) Eurofins SafetyScreen44 (BI)","Other",""
1962317,494407614,171350269,"Inactive",1636,"","","","ACE(HU_AMTCH400) Eurofins SafetyScreen44 (BI)","Other",""
1962366,461530711,134691741,"Inactive",1636,"","","","ACE(HU_AMTCH400) Eurofins SafetyScreen44 (BI)","Other",""
1985710,504829149,172463487,"Unspecified","","","","","Inhibition of C-terminal 10-His-tagged recombinant human ACE (30 to 1261 residues) expressed in mouse myeloma cells","Other",38628788
1985714,504797912,172441895,"Unspecified",1636,"","","","Inhibition of C-terminal 10-His-tagged recombinant human ACE (30 to 1261 residues) expressed in mouse myeloma cells relative to control","Other",38628788
1997769,504793711,172438947,"Unspecified",1636,"IC50",">",0.04,"Inhibition of human ACE (30 to 1261 residues) using MCA-RPPGFSAFK-Dnp-OH as substrate by fluorescence based analysis","Confirmatory",37433017
1997769,504795142,172439930,"Unspecified",1636,"IC50",">",0.04,"Inhibition of human ACE (30 to 1261 residues) using MCA-RPPGFSAFK-Dnp-OH as substrate by fluorescence based analysis","Confirmatory",37433017
1997769,504795573,172440218,"Active",1636,"IC50","=",0.022,"Inhibition of human ACE (30 to 1261 residues) using MCA-RPPGFSAFK-Dnp-OH as substrate by fluorescence based analysis","Confirmatory",37433017
1997769,504796787,172441087,"Unspecified",1636,"IC50",">",0.04,"Inhibition of human ACE (30 to 1261 residues) using MCA-RPPGFSAFK-Dnp-OH as substrate by fluorescence based analysis","Confirmatory",37433017
1997769,504797930,172441904,"Unspecified",1636,"IC50",">",0.04,"Inhibition of human ACE (30 to 1261 residues) using MCA-RPPGFSAFK-Dnp-OH as substrate by fluorescence based analysis","Confirmatory",37433017
1997769,504798078,172442003,"Unspecified",1636,"IC50",">",0.04,"Inhibition of human ACE (30 to 1261 residues) using MCA-RPPGFSAFK-Dnp-OH as substrate by fluorescence based analysis","Confirmatory",37433017
1997769,504798587,172442357,"Unspecified",1636,"IC50",">",0.04,"Inhibition of human ACE (30 to 1261 residues) using MCA-RPPGFSAFK-Dnp-OH as substrate by fluorescence based analysis","Confirmatory",37433017
1997769,504802167,172444806,"Unspecified",1636,"IC50",">",0.04,"Inhibition of human ACE (30 to 1261 residues) using MCA-RPPGFSAFK-Dnp-OH as substrate by fluorescence based analysis","Confirmatory",37433017
1997769,504805835,172447355,"Unspecified",1636,"IC50",">",0.04,"Inhibition of human ACE (30 to 1261 residues) using MCA-RPPGFSAFK-Dnp-OH as substrate by fluorescence based analysis","Confirmatory",37433017
1997769,504806295,172447686,"Unspecified",1636,"IC50",">",0.04,"Inhibition of human ACE (30 to 1261 residues) using MCA-RPPGFSAFK-Dnp-OH as substrate by fluorescence based analysis","Confirmatory",37433017
1997769,504807028,172448200,"Unspecified",1636,"IC50",">",0.04,"Inhibition of human ACE (30 to 1261 residues) using MCA-RPPGFSAFK-Dnp-OH as substrate by fluorescence based analysis","Confirmatory",37433017
1997769,504814365,172453277,"Unspecified",1636,"IC50",">",0.04,"Inhibition of human ACE (30 to 1261 residues) using MCA-RPPGFSAFK-Dnp-OH as substrate by fluorescence based analysis","Confirmatory",37433017
1997769,504816595,172454810,"Unspecified",1636,"IC50",">",0.04,"Inhibition of human ACE (30 to 1261 residues) using MCA-RPPGFSAFK-Dnp-OH as substrate by fluorescence based analysis","Confirmatory",37433017
1997769,504818558,172456187,"Active",1636,"IC50","=",0.033,"Inhibition of human ACE (30 to 1261 residues) using MCA-RPPGFSAFK-Dnp-OH as substrate by fluorescence based analysis","Confirmatory",37433017
1997769,504821856,172458480,"Unspecified",1636,"IC50",">",0.04,"Inhibition of human ACE (30 to 1261 residues) using MCA-RPPGFSAFK-Dnp-OH as substrate by fluorescence based analysis","Confirmatory",37433017
1997769,504823204,172459389,"Unspecified",1636,"IC50",">",0.04,"Inhibition of human ACE (30 to 1261 residues) using MCA-RPPGFSAFK-Dnp-OH as substrate by fluorescence based analysis","Confirmatory",37433017
1997769,504823739,172459781,"Unspecified",1636,"IC50",">",0.04,"Inhibition of human ACE (30 to 1261 residues) using MCA-RPPGFSAFK-Dnp-OH as substrate by fluorescence based analysis","Confirmatory",37433017
1997769,504829099,172463453,"Unspecified",1636,"IC50",">",0.04,"Inhibition of human ACE (30 to 1261 residues) using MCA-RPPGFSAFK-Dnp-OH as substrate by fluorescence based analysis","Confirmatory",37433017
1997769,504830015,172464122,"Unspecified",1636,"IC50",">",0.04,"Inhibition of human ACE (30 to 1261 residues) using MCA-RPPGFSAFK-Dnp-OH as substrate by fluorescence based analysis","Confirmatory",37433017
1997769,504830050,172464145,"Unspecified",1636,"IC50",">",0.04,"Inhibition of human ACE (30 to 1261 residues) using MCA-RPPGFSAFK-Dnp-OH as substrate by fluorescence based analysis","Confirmatory",37433017
1997769,504830692,172464583,"Unspecified",1636,"IC50",">",0.04,"Inhibition of human ACE (30 to 1261 residues) using MCA-RPPGFSAFK-Dnp-OH as substrate by fluorescence based analysis","Confirmatory",37433017
1997769,504830749,172464618,"Unspecified",1636,"IC50",">",0.04,"Inhibition of human ACE (30 to 1261 residues) using MCA-RPPGFSAFK-Dnp-OH as substrate by fluorescence based analysis","Confirmatory",37433017
1997769,504830917,172464740,"Unspecified",1636,"IC50",">",0.04,"Inhibition of human ACE (30 to 1261 residues) using MCA-RPPGFSAFK-Dnp-OH as substrate by fluorescence based analysis","Confirmatory",37433017
1997769,504836028,172468358,"Unspecified",1636,"IC50",">",0.04,"Inhibition of human ACE (30 to 1261 residues) using MCA-RPPGFSAFK-Dnp-OH as substrate by fluorescence based analysis","Confirmatory",37433017
1997769,504838313,172469980,"Unspecified",1636,"IC50",">",0.04,"Inhibition of human ACE (30 to 1261 residues) using MCA-RPPGFSAFK-Dnp-OH as substrate by fluorescence based analysis","Confirmatory",37433017
1997772,504793711,172438947,"Unspecified",1636,"Kd",">",10,"Binding affinity to human ACE assessed as binding constant by surface plasmon resonance analysis","Confirmatory",37433017
1997772,504795142,172439930,"Unspecified",1636,"Kd",">",10,"Binding affinity to human ACE assessed as binding constant by surface plasmon resonance analysis","Confirmatory",37433017
1997772,504795573,172440218,"Active",1636,"Kd","=",3.8,"Binding affinity to human ACE assessed as binding constant by surface plasmon resonance analysis","Confirmatory",37433017
1997772,504796787,172441087,"Unspecified",1636,"Kd",">",10,"Binding affinity to human ACE assessed as binding constant by surface plasmon resonance analysis","Confirmatory",37433017
1997772,504797930,172441904,"Unspecified",1636,"Kd",">",10,"Binding affinity to human ACE assessed as binding constant by surface plasmon resonance analysis","Confirmatory",37433017
1997772,504798078,172442003,"Unspecified",1636,"Kd",">",10,"Binding affinity to human ACE assessed as binding constant by surface plasmon resonance analysis","Confirmatory",37433017
1997772,504798587,172442357,"Unspecified",1636,"Kd",">",10,"Binding affinity to human ACE assessed as binding constant by surface plasmon resonance analysis","Confirmatory",37433017
1997772,504802167,172444806,"Unspecified",1636,"Kd",">",10,"Binding affinity to human ACE assessed as binding constant by surface plasmon resonance analysis","Confirmatory",37433017
1997772,504805835,172447355,"Unspecified",1636,"Kd",">",10,"Binding affinity to human ACE assessed as binding constant by surface plasmon resonance analysis","Confirmatory",37433017
1997772,504806295,172447686,"Unspecified",1636,"Kd",">",10,"Binding affinity to human ACE assessed as binding constant by surface plasmon resonance analysis","Confirmatory",37433017
1997772,504807028,172448200,"Unspecified",1636,"Kd",">",10,"Binding affinity to human ACE assessed as binding constant by surface plasmon resonance analysis","Confirmatory",37433017
1997772,504814365,172453277,"Active",1636,"Kd","=",5.1,"Binding affinity to human ACE assessed as binding constant by surface plasmon resonance analysis","Confirmatory",37433017
1997772,504816595,172454810,"Unspecified",1636,"Kd",">",10,"Binding affinity to human ACE assessed as binding constant by surface plasmon resonance analysis","Confirmatory",37433017
1997772,504818558,172456187,"Active",1636,"Kd","=",0.35,"Binding affinity to human ACE assessed as binding constant by surface plasmon resonance analysis","Confirmatory",37433017
1997772,504821856,172458480,"Unspecified",1636,"Kd",">",10,"Binding affinity to human ACE assessed as binding constant by surface plasmon resonance analysis","Confirmatory",37433017
1997772,504823204,172459389,"Unspecified",1636,"Kd",">",10,"Binding affinity to human ACE assessed as binding constant by surface plasmon resonance analysis","Confirmatory",37433017
1997772,504823739,172459781,"Unspecified",1636,"Kd",">",10,"Binding affinity to human ACE assessed as binding constant by surface plasmon resonance analysis","Confirmatory",37433017
1997772,504829099,172463453,"Unspecified",1636,"Kd",">",10,"Binding affinity to human ACE assessed as binding constant by surface plasmon resonance analysis","Confirmatory",37433017
1997772,504830015,172464122,"Unspecified",1636,"Kd",">",10,"Binding affinity to human ACE assessed as binding constant by surface plasmon resonance analysis","Confirmatory",37433017
1997772,504830050,172464145,"Unspecified",1636,"Kd",">",10,"Binding affinity to human ACE assessed as binding constant by surface plasmon resonance analysis","Confirmatory",37433017
1997772,504830692,172464583,"Unspecified",1636,"Kd",">",10,"Binding affinity to human ACE assessed as binding constant by surface plasmon resonance analysis","Confirmatory",37433017
1997772,504830749,172464618,"Unspecified",1636,"Kd",">",10,"Binding affinity to human ACE assessed as binding constant by surface plasmon resonance analysis","Confirmatory",37433017
1997772,504830917,172464740,"Active",1636,"Kd","=",9.5,"Binding affinity to human ACE assessed as binding constant by surface plasmon resonance analysis","Confirmatory",37433017
1997772,504836028,172468358,"Unspecified",1636,"Kd",">",10,"Binding affinity to human ACE assessed as binding constant by surface plasmon resonance analysis","Confirmatory",37433017
1997772,504838313,172469980,"Unspecified",1636,"Kd",">",10,"Binding affinity to human ACE assessed as binding constant by surface plasmon resonance analysis","Confirmatory",37433017
2003693,504801028,39870159,"Unspecified",1636,"IC50",">",1000,"Inhibition of angiotensin-converting enzyme (unknown origin)","Confirmatory",37360393
2041436,103186311,65889,"Inactive",1636,"","","","Activity against ACE(HU_AMTCH400) in the  Eurofins Cerep SafetyScreen44 (BI) by Photometry (Cerep_3441)","Other",""
2041436,131286821,5311022,"Inactive",1636,"","","","Activity against ACE(HU_AMTCH400) in the  Eurofins Cerep SafetyScreen44 (BI) by Photometry (Cerep_3441)","Other",""
2041436,163315495,10409137,"Inactive",1636,"","","","Activity against ACE(HU_AMTCH400) in the  Eurofins Cerep SafetyScreen44 (BI) by Photometry (Cerep_3441)","Other",""
2041436,374296696,90311548,"Inactive",1636,"","","","Activity against ACE(HU_AMTCH400) in the  Eurofins Cerep SafetyScreen44 (BI) by Photometry (Cerep_3441)","Other",""
2041436,494403111,59598091,"Inactive",1636,"","","","Activity against ACE(HU_AMTCH400) in the  Eurofins Cerep SafetyScreen44 (BI) by Photometry (Cerep_3441)","Other",""
2041436,494407845,171350399,"Inactive",1636,"","","","Activity against ACE(HU_AMTCH400) in the  Eurofins Cerep SafetyScreen44 (BI) by Photometry (Cerep_3441)","Other",""
2041436,494408483,14071229,"Inactive",1636,"","","","Activity against ACE(HU_AMTCH400) in the  Eurofins Cerep SafetyScreen44 (BI) by Photometry (Cerep_3441)","Other",""
2091355,103581449,64982,"Unspecified","","IC50","=",2240,"Inhibition of ACE (unknown origin) using Hippuryo-histidyl-leucine as substrate incubated for 40 mins by absorbance based assay","Confirmatory",37437351
2147488,404696611,118958122,"Unspecified","","","","","Inhibition of human ACE at 10 uM by radioligand binding assay relative to control","Other",28953875
2147488,440177378,137332060,"Unspecified","","","","","Inhibition of human ACE at 10 uM by radioligand binding assay relative to control","Other",28953875
2187114,312387362,71300326,"Unspecified","","","","","Inhibition of human ACE at 10 uM relative to control","Other",25136132
2201260,520052930,170836223,"Unspecified","","","","","Inhibition of Peptidase, Angiotensin Converting Enzyme  at 10.0 µM in the Eurofins-Panlabs selectivity screen","Other",""
2213724,528352218,178296490,"Unspecified","","IC50",">",50,"Inhibition of ACE (unknown origin)","Confirmatory",39158077
2246723,103218648,656629,"Active","","IC50","=",0.002,"Inhibition of human glycosylated N-terminal catalytic ACE domain using Cbz-Phe-His-Leu substrate by fluorogenic end point activity assay","Confirmatory",40168649
2246723,103295170,44321610,"Active","","IC50","=",0.019,"Inhibition of human glycosylated N-terminal catalytic ACE domain using Cbz-Phe-His-Leu substrate by fluorogenic end point activity assay","Confirmatory",40168649
2246723,103295451,9846306,"Active","","IC50","=",0.02,"Inhibition of human glycosylated N-terminal catalytic ACE domain using Cbz-Phe-His-Leu substrate by fluorogenic end point activity assay","Confirmatory",40168649
2246723,103497263,16007169,"Active","","IC50","=",3.1,"Inhibition of human glycosylated N-terminal catalytic ACE domain using Cbz-Phe-His-Leu substrate by fluorogenic end point activity assay","Confirmatory",40168649
2246723,475979446,162624757,"Active","","IC50","=",6,"Inhibition of human glycosylated N-terminal catalytic ACE domain using Cbz-Phe-His-Leu substrate by fluorogenic end point activity assay","Confirmatory",40168649
2246723,528379498,172916372,"Active","","IC50","=",0.15,"Inhibition of human glycosylated N-terminal catalytic ACE domain using Cbz-Phe-His-Leu substrate by fluorogenic end point activity assay","Confirmatory",40168649
2246724,103218648,656629,"Active","","IC50","=",0.001,"Inhibition of human glycosylated C-terminal catalytic ACE domain using Cbz-Phe-His-Leu substrate by fluorogenic end point activity assay","Confirmatory",40168649
2246724,103295170,44321610,"Active","","IC50","=",0.001,"Inhibition of human glycosylated C-terminal catalytic ACE domain using Cbz-Phe-His-Leu substrate by fluorogenic end point activity assay","Confirmatory",40168649
2246724,103295451,9846306,"Active","","IC50","=",0.009,"Inhibition of human glycosylated C-terminal catalytic ACE domain using Cbz-Phe-His-Leu substrate by fluorogenic end point activity assay","Confirmatory",40168649
2246724,103497263,16007169,"Active","","IC50","=",0.08,"Inhibition of human glycosylated C-terminal catalytic ACE domain using Cbz-Phe-His-Leu substrate by fluorogenic end point activity assay","Confirmatory",40168649
2246724,475979446,162624757,"Active","","IC50","=",4.1,"Inhibition of human glycosylated C-terminal catalytic ACE domain using Cbz-Phe-His-Leu substrate by fluorogenic end point activity assay","Confirmatory",40168649
2246724,528379498,172916372,"Active","","IC50","=",0.007,"Inhibition of human glycosylated C-terminal catalytic ACE domain using Cbz-Phe-His-Leu substrate by fluorogenic end point activity assay","Confirmatory",40168649
2246935,103259583,445154,"Unspecified","","","","","Inhibition of ACE (unknown origin) at 90 uM preincubated for 5 mins followed by substrate addition and measured immediately by fluorescence plate reader analysis relative to control","Other",40331971
2246935,103383453,44361591,"Unspecified","","","","","Inhibition of ACE (unknown origin) at 90 uM preincubated for 5 mins followed by substrate addition and measured immediately by fluorescence plate reader analysis relative to control","Other",40331971
2246935,104245663,5281728,"Unspecified","","","","","Inhibition of ACE (unknown origin) at 90 uM preincubated for 5 mins followed by substrate addition and measured immediately by fluorescence plate reader analysis relative to control","Other",40331971
2246935,528362033,178303813,"Unspecified","","","","","Inhibition of ACE (unknown origin) at 90 uM preincubated for 5 mins followed by substrate addition and measured immediately by fluorescence plate reader analysis relative to control","Other",40331971
2246935,528363657,178305089,"Unspecified","","","","","Inhibition of ACE (unknown origin) at 90 uM preincubated for 5 mins followed by substrate addition and measured immediately by fluorescence plate reader analysis relative to control","Other",40331971
2246935,528367267,178307810,"Unspecified","","","","","Inhibition of ACE (unknown origin) at 90 uM preincubated for 5 mins followed by substrate addition and measured immediately by fluorescence plate reader analysis relative to control","Other",40331971
2246935,528369435,102468809,"Unspecified","","","","","Inhibition of ACE (unknown origin) at 90 uM preincubated for 5 mins followed by substrate addition and measured immediately by fluorescence plate reader analysis relative to control","Other",40331971
2246935,528375096,178313838,"Unspecified","","","","","Inhibition of ACE (unknown origin) at 90 uM preincubated for 5 mins followed by substrate addition and measured immediately by fluorescence plate reader analysis relative to control","Other",40331971
2246935,528375195,178313909,"Unspecified","","","","","Inhibition of ACE (unknown origin) at 90 uM preincubated for 5 mins followed by substrate addition and measured immediately by fluorescence plate reader analysis relative to control","Other",40331971
2246935,528377246,178315309,"Unspecified","","","","","Inhibition of ACE (unknown origin) at 90 uM preincubated for 5 mins followed by substrate addition and measured immediately by fluorescence plate reader analysis relative to control","Other",40331971
2246935,528381137,636845,"Unspecified","","","","","Inhibition of ACE (unknown origin) at 90 uM preincubated for 5 mins followed by substrate addition and measured immediately by fluorescence plate reader analysis relative to control","Other",40331971
2246935,528381452,178317549,"Unspecified","","","","","Inhibition of ACE (unknown origin) at 90 uM preincubated for 5 mins followed by substrate addition and measured immediately by fluorescence plate reader analysis relative to control","Other",40331971
2246935,528381510,178317602,"Unspecified","","","","","Inhibition of ACE (unknown origin) at 90 uM preincubated for 5 mins followed by substrate addition and measured immediately by fluorescence plate reader analysis relative to control","Other",40331971
2246935,528382634,178318419,"Unspecified","","","","","Inhibition of ACE (unknown origin) at 90 uM preincubated for 5 mins followed by substrate addition and measured immediately by fluorescence plate reader analysis relative to control","Other",40331971
2246935,528382690,178318458,"Unspecified","","","","","Inhibition of ACE (unknown origin) at 90 uM preincubated for 5 mins followed by substrate addition and measured immediately by fluorescence plate reader analysis relative to control","Other",40331971
2246935,528382849,11487842,"Unspecified","","","","","Inhibition of ACE (unknown origin) at 90 uM preincubated for 5 mins followed by substrate addition and measured immediately by fluorescence plate reader analysis relative to control","Other",40331971
2246935,528384507,178319769,"Unspecified","","","","","Inhibition of ACE (unknown origin) at 90 uM preincubated for 5 mins followed by substrate addition and measured immediately by fluorescence plate reader analysis relative to control","Other",40331971
2246935,528388676,178322799,"Unspecified","","","","","Inhibition of ACE (unknown origin) at 90 uM preincubated for 5 mins followed by substrate addition and measured immediately by fluorescence plate reader analysis relative to control","Other",40331971
2246935,528389370,102468811,"Unspecified","","","","","Inhibition of ACE (unknown origin) at 90 uM preincubated for 5 mins followed by substrate addition and measured immediately by fluorescence plate reader analysis relative to control","Other",40331971
2246937,103581295,44093,"Unspecified","","","","","Inhibition of ACE (unknown origin) at 10 uM preincubated for 5 mins followed by substrate addition and measured immediately by fluorescence plate reader analysis relative to control","Other",40331971
2246938,103259583,445154,"Unspecified","","IC50","=",185.8,"Inhibition of ACE (unknown origin) preincubated for 5 mins followed by substrate addition and measured immediately by fluorescence plate reader analysis","Confirmatory",40331971
2246938,103383453,44361591,"Unspecified","","IC50","=",20.4,"Inhibition of ACE (unknown origin) preincubated for 5 mins followed by substrate addition and measured immediately by fluorescence plate reader analysis","Confirmatory",40331971
2246938,103581295,44093,"Active","","IC50","=",0.12,"Inhibition of ACE (unknown origin) preincubated for 5 mins followed by substrate addition and measured immediately by fluorescence plate reader analysis","Confirmatory",40331971
2246938,103616162,10095474,"Unspecified","","IC50","=",12.1,"Inhibition of ACE (unknown origin) preincubated for 5 mins followed by substrate addition and measured immediately by fluorescence plate reader analysis","Confirmatory",40331971
2246938,104245663,5281728,"Unspecified","","IC50","=",31.8,"Inhibition of ACE (unknown origin) preincubated for 5 mins followed by substrate addition and measured immediately by fluorescence plate reader analysis","Confirmatory",40331971
2246938,404676244,637098,"Active","","IC50","=",8.7,"Inhibition of ACE (unknown origin) preincubated for 5 mins followed by substrate addition and measured immediately by fluorescence plate reader analysis","Confirmatory",40331971
2246938,528362033,178303813,"Unspecified","","IC50",">",1000,"Inhibition of ACE (unknown origin) preincubated for 5 mins followed by substrate addition and measured immediately by fluorescence plate reader analysis","Confirmatory",40331971
2246938,528363657,178305089,"Unspecified","","IC50","=",17.1,"Inhibition of ACE (unknown origin) preincubated for 5 mins followed by substrate addition and measured immediately by fluorescence plate reader analysis","Confirmatory",40331971
2246938,528367267,178307810,"Unspecified","","IC50",">",1000,"Inhibition of ACE (unknown origin) preincubated for 5 mins followed by substrate addition and measured immediately by fluorescence plate reader analysis","Confirmatory",40331971
2246938,528369435,102468809,"Unspecified","","IC50","=",192.4,"Inhibition of ACE (unknown origin) preincubated for 5 mins followed by substrate addition and measured immediately by fluorescence plate reader analysis","Confirmatory",40331971
2246938,528375096,178313838,"Unspecified","","IC50",">",1000,"Inhibition of ACE (unknown origin) preincubated for 5 mins followed by substrate addition and measured immediately by fluorescence plate reader analysis","Confirmatory",40331971
2246938,528375195,178313909,"Unspecified","","IC50","=",33.3,"Inhibition of ACE (unknown origin) preincubated for 5 mins followed by substrate addition and measured immediately by fluorescence plate reader analysis","Confirmatory",40331971
2246938,528377246,178315309,"Unspecified","","IC50","=",61.6,"Inhibition of ACE (unknown origin) preincubated for 5 mins followed by substrate addition and measured immediately by fluorescence plate reader analysis","Confirmatory",40331971
2246938,528381137,636845,"Unspecified","","IC50","=",41.6,"Inhibition of ACE (unknown origin) preincubated for 5 mins followed by substrate addition and measured immediately by fluorescence plate reader analysis","Confirmatory",40331971
2246938,528381452,178317549,"Unspecified","","IC50","=",106.4,"Inhibition of ACE (unknown origin) preincubated for 5 mins followed by substrate addition and measured immediately by fluorescence plate reader analysis","Confirmatory",40331971
2246938,528381510,178317602,"Unspecified","","IC50","=",36.5,"Inhibition of ACE (unknown origin) preincubated for 5 mins followed by substrate addition and measured immediately by fluorescence plate reader analysis","Confirmatory",40331971
2246938,528382634,178318419,"Unspecified","","IC50","=",17.5,"Inhibition of ACE (unknown origin) preincubated for 5 mins followed by substrate addition and measured immediately by fluorescence plate reader analysis","Confirmatory",40331971
2246938,528382690,178318458,"Unspecified","","IC50","=",38.8,"Inhibition of ACE (unknown origin) preincubated for 5 mins followed by substrate addition and measured immediately by fluorescence plate reader analysis","Confirmatory",40331971
2246938,528382849,11487842,"Active","","IC50","=",9.2,"Inhibition of ACE (unknown origin) preincubated for 5 mins followed by substrate addition and measured immediately by fluorescence plate reader analysis","Confirmatory",40331971
2246938,528384507,178319769,"Unspecified","","IC50","=",15.1,"Inhibition of ACE (unknown origin) preincubated for 5 mins followed by substrate addition and measured immediately by fluorescence plate reader analysis","Confirmatory",40331971
2246938,528388676,178322799,"Unspecified","","IC50","=",16.2,"Inhibition of ACE (unknown origin) preincubated for 5 mins followed by substrate addition and measured immediately by fluorescence plate reader analysis","Confirmatory",40331971
2246938,528389370,102468811,"Unspecified","","IC50","=",277.7,"Inhibition of ACE (unknown origin) preincubated for 5 mins followed by substrate addition and measured immediately by fluorescence plate reader analysis","Confirmatory",40331971
2246939,528382849,11487842,"Unspecified","","","","","Competitive inhibition of ACE (unknown origin) using Abz-Gly-Phe(NO2)-Pro as substrate at 5 to 20 uM preincubated for 5 mins followed by substrate addition and measured immediately by Lineweaver-Burk plot analysis","Other",40331971
2246940,528384507,178319769,"Unspecified","","","","","Mixed-type inhibition of ACE (unknown origin) using Abz-Gly-Phe(NO2)-Pro as substrate at 7.5 to 30 uM preincubated for 5 mins followed by substrate addition and measured immediately by Lineweaver-Burk plot analysis","Other",40331971
2246941,528375959,10374107,"Unspecified","","","","","Inhibition of ACE N-domain (unknown origin) using Abz-SDK(Dnp)P-OH as substrate at 200 nM preincubated with substrate for 10 mins followed by ACE addition and measured after 30 mins by FRET analysis relative to control","Other",40331971
2246941,528382849,11487842,"Unspecified","","","","","Inhibition of ACE N-domain (unknown origin) using Abz-SDK(Dnp)P-OH as substrate at 200 nM preincubated with substrate for 10 mins followed by ACE addition and measured after 30 mins by FRET analysis relative to control","Other",40331971
2246941,528384507,178319769,"Unspecified","","","","","Inhibition of ACE N-domain (unknown origin) using Abz-SDK(Dnp)P-OH as substrate at 200 nM preincubated with substrate for 10 mins followed by ACE addition and measured after 30 mins by FRET analysis relative to control","Other",40331971
2246942,160704000,172198,"Unspecified","","","","","Inhibition of ACE N-domain (unknown origin) using Abz-SDK(Dnp)P-OH as substrate at 10 uM preincubated with substrate for 10 mins followed by ACE addition and measured after 30 mins by FRET analysis relative to control","Other",40331971
2246943,160704000,172198,"Unspecified","","IC50","","","Inhibition of ACE N-domain (unknown origin) using Abz-SDK(Dnp)P-OH as substrate preincubated with substrate for 10 mins followed by ACE addition and measured after 30 mins by FRET analysis","Confirmatory",40331971
2246943,528375959,10374107,"Unspecified","","IC50","","","Inhibition of ACE N-domain (unknown origin) using Abz-SDK(Dnp)P-OH as substrate preincubated with substrate for 10 mins followed by ACE addition and measured after 30 mins by FRET analysis","Confirmatory",40331971
2246943,528382849,11487842,"Unspecified","","IC50","=",56.4,"Inhibition of ACE N-domain (unknown origin) using Abz-SDK(Dnp)P-OH as substrate preincubated with substrate for 10 mins followed by ACE addition and measured after 30 mins by FRET analysis","Confirmatory",40331971
2246943,528382849,11487842,"Unspecified","","Inhibition","","","Inhibition of ACE N-domain (unknown origin) using Abz-SDK(Dnp)P-OH as substrate preincubated with substrate for 10 mins followed by ACE addition and measured after 30 mins by FRET analysis","Confirmatory",40331971
2246943,528384507,178319769,"Unspecified","","IC50","=",104.8,"Inhibition of ACE N-domain (unknown origin) using Abz-SDK(Dnp)P-OH as substrate preincubated with substrate for 10 mins followed by ACE addition and measured after 30 mins by FRET analysis","Confirmatory",40331971
2246943,528384507,178319769,"Unspecified","","Inhibition","","","Inhibition of ACE N-domain (unknown origin) using Abz-SDK(Dnp)P-OH as substrate preincubated with substrate for 10 mins followed by ACE addition and measured after 30 mins by FRET analysis","Confirmatory",40331971
2246944,528375959,10374107,"Unspecified","","","","","Inhibition of ACE C-domain (unknown origin) using Abz-LFK(Dnp)-OH as substrate at 200 nM preincubated with substrate for 10 mins followed by ACE addition and measured after 30 mins by FRET analysis relative to control","Other",40331971
2246944,528382849,11487842,"Unspecified","","","","","Inhibition of ACE C-domain (unknown origin) using Abz-LFK(Dnp)-OH as substrate at 200 nM preincubated with substrate for 10 mins followed by ACE addition and measured after 30 mins by FRET analysis relative to control","Other",40331971
2246944,528384507,178319769,"Unspecified","","","","","Inhibition of ACE C-domain (unknown origin) using Abz-LFK(Dnp)-OH as substrate at 200 nM preincubated with substrate for 10 mins followed by ACE addition and measured after 30 mins by FRET analysis relative to control","Other",40331971
2246945,160704000,172198,"Unspecified","","","","","Inhibition of ACE C-domain (unknown origin) using Abz-LFK(Dnp)-OH as substrate at 10 uM preincubated with substrate for 10 mins followed by ACE addition and measured after 30 mins by FRET analysis relative to control","Other",40331971
2246946,160704000,172198,"Unspecified","","IC50","","","Inhibition of ACE C-domain (unknown origin) using Abz-LFK(Dnp)-OH as substrate preincubated with substrate for 10 mins followed by ACE addition and measured after 30 mins by FRET analysis","Confirmatory",40331971
2246946,528375959,10374107,"Unspecified","","IC50","","","Inhibition of ACE C-domain (unknown origin) using Abz-LFK(Dnp)-OH as substrate preincubated with substrate for 10 mins followed by ACE addition and measured after 30 mins by FRET analysis","Confirmatory",40331971
2246946,528382849,11487842,"Unspecified","","IC50","=",17.1,"Inhibition of ACE C-domain (unknown origin) using Abz-LFK(Dnp)-OH as substrate preincubated with substrate for 10 mins followed by ACE addition and measured after 30 mins by FRET analysis","Confirmatory",40331971
2246946,528382849,11487842,"Unspecified","","Inhibition","","","Inhibition of ACE C-domain (unknown origin) using Abz-LFK(Dnp)-OH as substrate preincubated with substrate for 10 mins followed by ACE addition and measured after 30 mins by FRET analysis","Confirmatory",40331971
2246946,528384507,178319769,"Unspecified","","IC50","=",35.1,"Inhibition of ACE C-domain (unknown origin) using Abz-LFK(Dnp)-OH as substrate preincubated with substrate for 10 mins followed by ACE addition and measured after 30 mins by FRET analysis","Confirmatory",40331971
2246946,528384507,178319769,"Unspecified","","Inhibition","","","Inhibition of ACE C-domain (unknown origin) using Abz-LFK(Dnp)-OH as substrate preincubated with substrate for 10 mins followed by ACE addition and measured after 30 mins by FRET analysis","Confirmatory",40331971
2246947,528382849,11487842,"Unspecified","","Ki","=",27,"Binding affinity to ACE N-domain (unknown origin) using Abz-SDK(Dnp)P-OH as substrate assessed as inhibition constant preincubated with substrate for 10 mins followed by ACE addition by fluorescence based analysis","Confirmatory",40331971
2246948,528382849,11487842,"Active","","Ki","=",9.9,"Binding affinity to ACE C-domain (unknown origin) using Abz-LFK(Dnp)-OH as substrate assessed as inhibition constant preincubated with substrate for 10 mins followed by ACE addition by fluorescence based analysis","Confirmatory",40331971
2246950,103616162,10095474,"Unspecified","","","","","Inhibition of ACE (unknown origin) at 50 uM preincubated for 5 mins followed by substrate addition and measured immediately by fluorescence plate reader analysis relative to control","Other",40331971
2246950,404676244,637098,"Unspecified","","","","","Inhibition of ACE (unknown origin) at 50 uM preincubated for 5 mins followed by substrate addition and measured immediately by fluorescence plate reader analysis relative to control","Other",40331971
2246950,528382849,11487842,"Unspecified","","","","","Inhibition of ACE (unknown origin) at 50 uM preincubated for 5 mins followed by substrate addition and measured immediately by fluorescence plate reader analysis relative to control","Other",40331971
2272420,103311259,10071726,"Active","","IC50","=",3.04,"Inhibition of ACE (unknown origin) using N-[3-(2-furyl)-acryloyl]- L -phenylalanylglycylglycin as substrate incubated for 5 mins","Confirmatory",39430101
2272420,528387895,11070126,"Active","","IC50","=",0.014,"Inhibition of ACE (unknown origin) using N-[3-(2-furyl)-acryloyl]- L -phenylalanylglycylglycin as substrate incubated for 5 mins","Confirmatory",39430101
2272421,103311261,134166,"Active","","IC50","=",0.001,"Inhibition of ACE (unknown origin)","Confirmatory",39430101
2272421,163322718,11191083,"Active","","IC50","=",0.0038,"Inhibition of ACE (unknown origin)","Confirmatory",39430101
2272422,528386978,178321563,"Active","","Ki","=",0.01,"Binding affinity to ACE (unknown origin) assessed as inhibition constant","Confirmatory",39430101
2272423,103581295,44093,"Active","","IC50","=",0.0063,"Inhibition of ACE (unknown origin) using Hip-His-Leu-OH peptide as substrate by fluorimetric analysis","Confirmatory",39430101
2272423,528383731,178319197,"Active","","IC50","=",0.043,"Inhibition of ACE (unknown origin) using Hip-His-Leu-OH peptide as substrate by fluorimetric analysis","Confirmatory",39430101
2273245,103378026,5362119,"Unspecified","","","","","Binding affinity to ACE (unknown origin) assessed as change in entropy (-TdeltaS) at 800 to 1400 nM by isothermal titration calorimetric analysis","Other",40153927
2273245,528346683,175769251,"Unspecified","","","","","Binding affinity to ACE (unknown origin) assessed as change in entropy (-TdeltaS) at 800 to 1400 nM by isothermal titration calorimetric analysis","Other",40153927
2273245,528348958,175757615,"Unspecified","","","","","Binding affinity to ACE (unknown origin) assessed as change in entropy (-TdeltaS) at 800 to 1400 nM by isothermal titration calorimetric analysis","Other",40153927
2273246,103378026,5362119,"Unspecified","","","","","Binding affinity to ACE (unknown origin) assessed as change in enthalpy at 800 to 1400 nM by isothermal titration calorimetric analysis","Other",40153927
2273246,528346683,175769251,"Unspecified","","","","","Binding affinity to ACE (unknown origin) assessed as change in enthalpy at 800 to 1400 nM by isothermal titration calorimetric analysis","Other",40153927
2273246,528348958,175757615,"Unspecified","","","","","Binding affinity to ACE (unknown origin) assessed as change in enthalpy at 800 to 1400 nM by isothermal titration calorimetric analysis","Other",40153927
2273247,528346683,175769251,"Active","","IC50","=",7.23,"Inhibition of ACE (unknown origin) preincubated with compound for 5 mins and measured after 60 mins","Confirmatory",40153927
2273247,528346963,175769201,"Unspecified","","IC50","=",1453,"Inhibition of ACE (unknown origin) preincubated with compound for 5 mins and measured after 60 mins","Confirmatory",40153927
2273247,528348135,178293459,"Unspecified","","IC50","=",3051.01,"Inhibition of ACE (unknown origin) preincubated with compound for 5 mins and measured after 60 mins","Confirmatory",40153927
2273247,528348521,178293710,"Unspecified","","IC50","=",789,"Inhibition of ACE (unknown origin) preincubated with compound for 5 mins and measured after 60 mins","Confirmatory",40153927
2273247,528348958,175757615,"Active","","IC50","=",2.02,"Inhibition of ACE (unknown origin) preincubated with compound for 5 mins and measured after 60 mins","Confirmatory",40153927
2273247,528383996,175735226,"Unspecified","","IC50","=",2924,"Inhibition of ACE (unknown origin) preincubated with compound for 5 mins and measured after 60 mins","Confirmatory",40153927
2273247,528384341,175703983,"Unspecified","","IC50","=",667,"Inhibition of ACE (unknown origin) preincubated with compound for 5 mins and measured after 60 mins","Confirmatory",40153927
2273247,528384628,178319863,"Unspecified","","IC50","=",6891,"Inhibition of ACE (unknown origin) preincubated with compound for 5 mins and measured after 60 mins","Confirmatory",40153927
2273247,528385296,178320358,"Unspecified","","IC50","=",36.12,"Inhibition of ACE (unknown origin) preincubated with compound for 5 mins and measured after 60 mins","Confirmatory",40153927
2273247,528385940,178320820,"Unspecified","","IC50","=",12.48,"Inhibition of ACE (unknown origin) preincubated with compound for 5 mins and measured after 60 mins","Confirmatory",40153927
2273247,528387546,446461,"Unspecified","","IC50","=",1856,"Inhibition of ACE (unknown origin) preincubated with compound for 5 mins and measured after 60 mins","Confirmatory",40153927
2273247,528387863,88287477,"Unspecified","","IC50","=",2616,"Inhibition of ACE (unknown origin) preincubated with compound for 5 mins and measured after 60 mins","Confirmatory",40153927
2273247,528388799,178322899,"Unspecified","","IC50","=",73.3,"Inhibition of ACE (unknown origin) preincubated with compound for 5 mins and measured after 60 mins","Confirmatory",40153927
2273248,103378026,5362119,"Unspecified","","","","","Binding affinity to ACE (unknown origin) assessed as change in entropy (deltaS) at 800 to 1400 nM by isothermal titration calorimetric analysis","Other",40153927
2273248,528346683,175769251,"Unspecified","","","","","Binding affinity to ACE (unknown origin) assessed as change in entropy (deltaS) at 800 to 1400 nM by isothermal titration calorimetric analysis","Other",40153927
2273248,528348958,175757615,"Unspecified","","","","","Binding affinity to ACE (unknown origin) assessed as change in entropy (deltaS) at 800 to 1400 nM by isothermal titration calorimetric analysis","Other",40153927
2273249,103378026,5362119,"Unspecified","","","","","Binding affinity to ACE (unknown origin) assessed as change in Gibbs free energy at 800 to 1400 nM by isothermal titration calorimetric analysis","Other",40153927
2273249,528346683,175769251,"Unspecified","","","","","Binding affinity to ACE (unknown origin) assessed as change in Gibbs free energy at 800 to 1400 nM by isothermal titration calorimetric analysis","Other",40153927
2273249,528348958,175757615,"Unspecified","","","","","Binding affinity to ACE (unknown origin) assessed as change in Gibbs free energy at 800 to 1400 nM by isothermal titration calorimetric analysis","Other",40153927
2273250,103378026,5362119,"Active","","Kd","=",0.024,"Binding affinity to ACE (unknown origin) assessed as dissociation constant by isothermal titration calorimetric analysis","Confirmatory",40153927
2273250,528346683,175769251,"Active","","Kd","=",0.141,"Binding affinity to ACE (unknown origin) assessed as dissociation constant by isothermal titration calorimetric analysis","Confirmatory",40153927
2273250,528348958,175757615,"Active","","Kd","=",0.0577,"Binding affinity to ACE (unknown origin) assessed as dissociation constant by isothermal titration calorimetric analysis","Confirmatory",40153927
2273251,103378026,5362119,"Unspecified","","","","","Binding affinity to ACE (unknown origin) measured within 14 mins","Other",40153927
2273252,528346683,175769251,"Unspecified","","","","","Binding affinity to ACE (unknown origin) measured at 20 mins","Other",40153927
2273252,528348958,175757615,"Unspecified","","","","","Binding affinity to ACE (unknown origin) measured at 20 mins","Other",40153927
2273253,528348636,178293801,"Active","","IC50","=",5.42,"Binding affinity to ACE (unknown origin)","Confirmatory",40153927
2273288,103459071,9818200,"Active","","IC50","=",8,"Inhibition of ACE (unknown origin)","Confirmatory",40153927
2273288,103459170,9949212,"Active","","IC50","=",5,"Inhibition of ACE (unknown origin)","Confirmatory",40153927
2273288,528346599,178292350,"Active","","IC50","=",5,"Inhibition of ACE (unknown origin)","Confirmatory",40153927
2273288,528347927,178293311,"Active","","IC50","=",5.5,"Inhibition of ACE (unknown origin)","Confirmatory",40153927
2282176,528386518,156441547,"Unspecified","","","","","Inhibition of ACE at compound concentration of 10.0 uM using the Cerep panel","Other",""
